{"type":"FeatureCollection","metadata":{"generated_at":"2026-05-07T17:15:34.676Z","source":"build-corridor-groups","mode":"group-corridors-endpoints","family_visual_hash":"f13550de5b5783a3e47de07f674e99009b2480868d09e872ca13677c2a92f7a4","endpoint_count":156,"visual_feature_count":78},"features":[{"type":"Feature","properties":{"route_id":"1","visual_route_id":"1","visual_route_normalization_reason":"identity","display_route":"1","raw_route_ids":["1"],"raw_shape_ids":["1..N03R","1..N10R","1..N14R","1..S03R","1..S04R","1..S12R"],"visual_edge_ids":["1:139-142","1:138-139","1:137-138"],"edge_count":3,"from_stop_id":"142","to_stop_id":"137","from_stop_name":"South Ferry","to_stop_name":"Chambers St","edge_sequence":0,"representative_edge_geometry_sources":["1..N03R"],"edge_geometry_confidence":"high","canonical_direction_id":"mixed","canonical_direction_count":2,"collapsed_direction_count":2,"direction_collapse_reason":"visual-edge-direction-collapse","representative_shape_id":"1..N03R","visual_branch_id":"1-main","debug_id":"1:1-main:solo:0:a337a8655b14","endpoint_kind":"start","group_sequence":0,"group_id":null,"segment_kind":"solo","visual_lane_slot":0,"visual_z_order":180,"effective_render_key":"1|1-main|lane:0|z:180|color:#D82233|kind:solo|style:subway-ribbon-v1","neighbor_debug_id":null,"neighbor_group_id":null,"neighbor_lane_slot":null,"neighbor_effective_render_key":null,"handoff_node_id":"terminal-1-1-main-start","handoff_reason":"terminal","handoff_kind":"terminal","handoff_from_group_id":null,"handoff_to_group_id":null,"handoff_from_lane_slot":0,"handoff_to_lane_slot":0,"source":"group-corridors-endpoint","feature_length_m":1639.24,"bbox_name":"lower-manhattan-river-crossings"},"geometry":{"type":"Point","coordinates":[-74.013664,40.702068]}},{"type":"Feature","properties":{"route_id":"1","visual_route_id":"1","visual_route_normalization_reason":"identity","display_route":"1","raw_route_ids":["1"],"raw_shape_ids":["1..N03R","1..N10R","1..N14R","1..S03R","1..S04R","1..S12R"],"visual_edge_ids":["1:139-142","1:138-139","1:137-138"],"edge_count":3,"from_stop_id":"142","to_stop_id":"137","from_stop_name":"South Ferry","to_stop_name":"Chambers St","edge_sequence":0,"representative_edge_geometry_sources":["1..N03R"],"edge_geometry_confidence":"high","canonical_direction_id":"mixed","canonical_direction_count":2,"collapsed_direction_count":2,"direction_collapse_reason":"visual-edge-direction-collapse","representative_shape_id":"1..N03R","visual_branch_id":"1-main","debug_id":"1:1-main:solo:0:a337a8655b14","endpoint_kind":"end","group_sequence":0,"group_id":null,"segment_kind":"solo","visual_lane_slot":0,"visual_z_order":180,"effective_render_key":"1|1-main|lane:0|z:180|color:#D82233|kind:solo|style:subway-ribbon-v1","neighbor_debug_id":"1:1-main:group:1:4afa91f39703","neighbor_group_id":"group-1-2-3-1-2-3","neighbor_lane_slot":-1,"neighbor_effective_render_key":"1|1-main|lane:-1|z:179|color:#D82233|kind:group|style:subway-ribbon-v1","handoff_node_id":"handoff-1-1-main--74.00927,40.71548","handoff_reason":"detected-corridor-entry","handoff_kind":"merge","handoff_from_group_id":null,"handoff_to_group_id":"group-1-2-3-1-2-3","handoff_from_lane_slot":0,"handoff_to_lane_slot":-1,"source":"group-corridors-endpoint","feature_length_m":1639.24,"bbox_name":"canal-broadway-lafayette"},"geometry":{"type":"Point","coordinates":[-74.009266,40.715478]}},{"type":"Feature","properties":{"route_id":"1","visual_route_id":"1","visual_route_normalization_reason":"identity","display_route":"1","raw_route_ids":["1"],"raw_shape_ids":["1..N03R","1..N10R","1..N14R","1..S03R","1..S04R","1..S12R"],"visual_edge_ids":["1:136-137","1:135-136","1:134-135","1:133-134","1:132-133","1:131-132","1:130-131","1:129-130","1:128-129","1:127-128","1:126-127","1:125-126","1:124-125","1:123-124","1:122-123","1:121-122","1:120-121","1:119-120"],"edge_count":18,"from_stop_id":"137","to_stop_id":"119","from_stop_name":"Chambers St","to_stop_name":"103 St","edge_sequence":3,"representative_edge_geometry_sources":["1..N03R"],"edge_geometry_confidence":"high","canonical_direction_id":"mixed","canonical_direction_count":2,"collapsed_direction_count":2,"direction_collapse_reason":"visual-edge-direction-collapse","representative_shape_id":"1..N03R","visual_branch_id":"1-main","debug_id":"1:1-main:group:1:4afa91f39703","endpoint_kind":"start","group_sequence":1,"group_id":"group-1-2-3-1-2-3","segment_kind":"group","visual_lane_slot":-1,"visual_z_order":179,"effective_render_key":"1|1-main|lane:-1|z:179|color:#D82233|kind:group|style:subway-ribbon-v1","neighbor_debug_id":"1:1-main:solo:0:a337a8655b14","neighbor_group_id":null,"neighbor_lane_slot":0,"neighbor_effective_render_key":"1|1-main|lane:0|z:180|color:#D82233|kind:solo|style:subway-ribbon-v1","handoff_node_id":"handoff-1-1-main--74.00927,40.71548","handoff_reason":"detected-corridor-entry","handoff_kind":"merge","handoff_from_group_id":null,"handoff_to_group_id":"group-1-2-3-1-2-3","handoff_from_lane_slot":0,"handoff_to_lane_slot":-1,"source":"group-corridors-endpoint","feature_length_m":10150.22,"bbox_name":"canal-broadway-lafayette"},"geometry":{"type":"Point","coordinates":[-74.009266,40.715478]}},{"type":"Feature","properties":{"route_id":"1","visual_route_id":"1","visual_route_normalization_reason":"identity","display_route":"1","raw_route_ids":["1"],"raw_shape_ids":["1..N03R","1..N10R","1..N14R","1..S03R","1..S04R","1..S12R"],"visual_edge_ids":["1:136-137","1:135-136","1:134-135","1:133-134","1:132-133","1:131-132","1:130-131","1:129-130","1:128-129","1:127-128","1:126-127","1:125-126","1:124-125","1:123-124","1:122-123","1:121-122","1:120-121","1:119-120"],"edge_count":18,"from_stop_id":"137","to_stop_id":"119","from_stop_name":"Chambers St","to_stop_name":"103 St","edge_sequence":3,"representative_edge_geometry_sources":["1..N03R"],"edge_geometry_confidence":"high","canonical_direction_id":"mixed","canonical_direction_count":2,"collapsed_direction_count":2,"direction_collapse_reason":"visual-edge-direction-collapse","representative_shape_id":"1..N03R","visual_branch_id":"1-main","debug_id":"1:1-main:group:1:4afa91f39703","endpoint_kind":"end","group_sequence":1,"group_id":"group-1-2-3-1-2-3","segment_kind":"group","visual_lane_slot":-1,"visual_z_order":179,"effective_render_key":"1|1-main|lane:-1|z:179|color:#D82233|kind:group|style:subway-ribbon-v1","neighbor_debug_id":"1:1-main:solo:2:e8c80c4a9875","neighbor_group_id":null,"neighbor_lane_slot":0,"neighbor_effective_render_key":"1|1-main|lane:0|z:180|color:#D82233|kind:solo|style:subway-ribbon-v1","handoff_node_id":"handoff-1-1-main--73.96838,40.79945","handoff_reason":"detected-corridor-exit","handoff_kind":"divergence","handoff_from_group_id":"group-1-2-3-1-2-3","handoff_to_group_id":null,"handoff_from_lane_slot":-1,"handoff_to_lane_slot":0,"source":"group-corridors-endpoint","feature_length_m":10150.22,"bbox_name":null},"geometry":{"type":"Point","coordinates":[-73.968379,40.799446]}},{"type":"Feature","properties":{"route_id":"1","visual_route_id":"1","visual_route_normalization_reason":"identity","display_route":"1","raw_route_ids":["1"],"raw_shape_ids":["1..N03R","1..N10R","1..N14R","1..S03R","1..S04R","1..S12R"],"visual_edge_ids":["1:118-119","1:117-118","1:116-117","1:115-116","1:114-115","1:113-114","1:112-113","1:111-112","1:110-111","1:109-110","1:108-109","1:107-108","1:106-107","1:104-106","1:103-104","1:101-103"],"edge_count":16,"from_stop_id":"119","to_stop_id":"101","from_stop_name":"103 St","to_stop_name":"Van Cortlandt Park-242 St","edge_sequence":21,"representative_edge_geometry_sources":["1..N03R"],"edge_geometry_confidence":"high","canonical_direction_id":"mixed","canonical_direction_count":2,"collapsed_direction_count":2,"direction_collapse_reason":"visual-edge-direction-collapse","representative_shape_id":"1..N03R","visual_branch_id":"1-main","debug_id":"1:1-main:solo:2:e8c80c4a9875","endpoint_kind":"start","group_sequence":2,"group_id":null,"segment_kind":"solo","visual_lane_slot":0,"visual_z_order":180,"effective_render_key":"1|1-main|lane:0|z:180|color:#D82233|kind:solo|style:subway-ribbon-v1","neighbor_debug_id":"1:1-main:group:1:4afa91f39703","neighbor_group_id":"group-1-2-3-1-2-3","neighbor_lane_slot":-1,"neighbor_effective_render_key":"1|1-main|lane:-1|z:179|color:#D82233|kind:group|style:subway-ribbon-v1","handoff_node_id":"handoff-1-1-main--73.96838,40.79945","handoff_reason":"detected-corridor-exit","handoff_kind":"divergence","handoff_from_group_id":"group-1-2-3-1-2-3","handoff_to_group_id":null,"handoff_from_lane_slot":-1,"handoff_to_lane_slot":0,"source":"group-corridors-endpoint","feature_length_m":11727.07,"bbox_name":null},"geometry":{"type":"Point","coordinates":[-73.968379,40.799446]}},{"type":"Feature","properties":{"route_id":"1","visual_route_id":"1","visual_route_normalization_reason":"identity","display_route":"1","raw_route_ids":["1"],"raw_shape_ids":["1..N03R","1..N10R","1..N14R","1..S03R","1..S04R","1..S12R"],"visual_edge_ids":["1:118-119","1:117-118","1:116-117","1:115-116","1:114-115","1:113-114","1:112-113","1:111-112","1:110-111","1:109-110","1:108-109","1:107-108","1:106-107","1:104-106","1:103-104","1:101-103"],"edge_count":16,"from_stop_id":"119","to_stop_id":"101","from_stop_name":"103 St","to_stop_name":"Van Cortlandt Park-242 St","edge_sequence":21,"representative_edge_geometry_sources":["1..N03R"],"edge_geometry_confidence":"high","canonical_direction_id":"mixed","canonical_direction_count":2,"collapsed_direction_count":2,"direction_collapse_reason":"visual-edge-direction-collapse","representative_shape_id":"1..N03R","visual_branch_id":"1-main","debug_id":"1:1-main:solo:2:e8c80c4a9875","endpoint_kind":"end","group_sequence":2,"group_id":null,"segment_kind":"solo","visual_lane_slot":0,"visual_z_order":180,"effective_render_key":"1|1-main|lane:0|z:180|color:#D82233|kind:solo|style:subway-ribbon-v1","neighbor_debug_id":null,"neighbor_group_id":null,"neighbor_lane_slot":null,"neighbor_effective_render_key":null,"handoff_node_id":"terminal-1-1-main-end","handoff_reason":"terminal","handoff_kind":"terminal","handoff_from_group_id":null,"handoff_to_group_id":null,"handoff_from_lane_slot":0,"handoff_to_lane_slot":0,"source":"group-corridors-endpoint","feature_length_m":11727.07,"bbox_name":null},"geometry":{"type":"Point","coordinates":[-73.898583,40.889248]}},{"type":"Feature","properties":{"route_id":"2","visual_route_id":"2","visual_route_normalization_reason":"identity","display_route":"2","raw_route_ids":["2"],"raw_shape_ids":["2..N08R","2..S07R","2..S08R"],"visual_edge_ids":["2:246-247","2:245-246","2:244-245","2:243-244","2:242-243"],"edge_count":5,"from_stop_id":"247","to_stop_id":"242","from_stop_name":"Flatbush Av-Brooklyn College","to_stop_name":"Sterling St","edge_sequence":0,"representative_edge_geometry_sources":["2..N08R","2..N08R","2..N08R","2..N08R","2..N08R"],"edge_geometry_confidence":"high","canonical_direction_id":"mixed","canonical_direction_count":2,"collapsed_direction_count":2,"direction_collapse_reason":"route-2-local-edge-direction-collapse","representative_shape_id":"2..N08R","visual_branch_id":"2-main","debug_id":"2:2-main:solo:0:5435b6ed32d6","endpoint_kind":"start","group_sequence":0,"group_id":null,"segment_kind":"solo","visual_lane_slot":0,"visual_z_order":230,"effective_render_key":"2|2-main|lane:0|z:230|color:#D82233|kind:solo|style:subway-ribbon-v1","neighbor_debug_id":null,"neighbor_group_id":null,"neighbor_lane_slot":null,"neighbor_effective_render_key":null,"handoff_node_id":"terminal-2-2-main-start","handoff_reason":"terminal","handoff_kind":"terminal","handoff_from_group_id":null,"handoff_to_group_id":null,"handoff_from_lane_slot":0,"handoff_to_lane_slot":0,"source":"group-corridors-endpoint","feature_length_m":3336.39,"bbox_name":null},"geometry":{"type":"Point","coordinates":[-73.947642,40.632836]}},{"type":"Feature","properties":{"route_id":"2","visual_route_id":"2","visual_route_normalization_reason":"identity","display_route":"2","raw_route_ids":["2"],"raw_shape_ids":["2..N08R","2..S07R","2..S08R"],"visual_edge_ids":["2:246-247","2:245-246","2:244-245","2:243-244","2:242-243"],"edge_count":5,"from_stop_id":"247","to_stop_id":"242","from_stop_name":"Flatbush Av-Brooklyn College","to_stop_name":"Sterling St","edge_sequence":0,"representative_edge_geometry_sources":["2..N08R","2..N08R","2..N08R","2..N08R","2..N08R"],"edge_geometry_confidence":"high","canonical_direction_id":"mixed","canonical_direction_count":2,"collapsed_direction_count":2,"direction_collapse_reason":"route-2-local-edge-direction-collapse","representative_shape_id":"2..N08R","visual_branch_id":"2-main","debug_id":"2:2-main:solo:0:5435b6ed32d6","endpoint_kind":"end","group_sequence":0,"group_id":null,"segment_kind":"solo","visual_lane_slot":0,"visual_z_order":230,"effective_render_key":"2|2-main|lane:0|z:230|color:#D82233|kind:solo|style:subway-ribbon-v1","neighbor_debug_id":"2:2-main:group:1:1eed10301793","neighbor_group_id":"group-manual-eastern-pkwy-grand-army","neighbor_lane_slot":-1.5,"neighbor_effective_render_key":"2|2-main|lane:-1.5|z:285|color:#D82233|kind:group|style:subway-ribbon-v1","handoff_node_id":"handoff-2-2-main--73.95085,40.66274","handoff_reason":"detected-corridor-entry","handoff_kind":"merge","handoff_from_group_id":null,"handoff_to_group_id":"group-manual-eastern-pkwy-grand-army","handoff_from_lane_slot":0,"handoff_to_lane_slot":-1.5,"source":"group-corridors-endpoint","feature_length_m":3336.39,"bbox_name":"eastern-pkwy"},"geometry":{"type":"Point","coordinates":[-73.95085,40.662742]}},{"type":"Feature","properties":{"route_id":"2","visual_route_id":"2","visual_route_normalization_reason":"identity","display_route":"2","raw_route_ids":["2"],"raw_shape_ids":["2..N08R","2..S07R","2..S08R","2..N03R","2..S06R"],"visual_edge_ids":["2:241-242","2:239-241","2:238-239","2:237-238","2:236-237","2:235-236","2:234-235"],"edge_count":7,"from_stop_id":"242","to_stop_id":"234","from_stop_name":"Sterling St","to_stop_name":"Nevins St","edge_sequence":5,"representative_edge_geometry_sources":["2..N08R","2..N08R","2..N03R","2..N03R","2..N03R","2..N03R","2..N03R"],"edge_geometry_confidence":"high","canonical_direction_id":"mixed","canonical_direction_count":2,"collapsed_direction_count":2,"direction_collapse_reason":"route-2-local-edge-direction-collapse","representative_shape_id":"2..N08R","visual_branch_id":"2-main","debug_id":"2:2-main:group:1:1eed10301793","endpoint_kind":"start","group_sequence":1,"group_id":"group-manual-eastern-pkwy-grand-army","segment_kind":"group","visual_lane_slot":-1.5,"visual_z_order":285,"effective_render_key":"2|2-main|lane:-1.5|z:285|color:#D82233|kind:group|style:subway-ribbon-v1","neighbor_debug_id":"2:2-main:solo:0:5435b6ed32d6","neighbor_group_id":null,"neighbor_lane_slot":0,"neighbor_effective_render_key":"2|2-main|lane:0|z:230|color:#D82233|kind:solo|style:subway-ribbon-v1","handoff_node_id":"handoff-2-2-main--73.95085,40.66274","handoff_reason":"detected-corridor-entry","handoff_kind":"merge","handoff_from_group_id":null,"handoff_to_group_id":"group-manual-eastern-pkwy-grand-army","handoff_from_lane_slot":0,"handoff_to_lane_slot":-1.5,"source":"group-corridors-endpoint","feature_length_m":4314.47,"bbox_name":"eastern-pkwy"},"geometry":{"type":"Point","coordinates":[-73.95085,40.662742]}},{"type":"Feature","properties":{"route_id":"2","visual_route_id":"2","visual_route_normalization_reason":"identity","display_route":"2","raw_route_ids":["2"],"raw_shape_ids":["2..N08R","2..S07R","2..S08R","2..N03R","2..S06R"],"visual_edge_ids":["2:241-242","2:239-241","2:238-239","2:237-238","2:236-237","2:235-236","2:234-235"],"edge_count":7,"from_stop_id":"242","to_stop_id":"234","from_stop_name":"Sterling St","to_stop_name":"Nevins St","edge_sequence":5,"representative_edge_geometry_sources":["2..N08R","2..N08R","2..N03R","2..N03R","2..N03R","2..N03R","2..N03R"],"edge_geometry_confidence":"high","canonical_direction_id":"mixed","canonical_direction_count":2,"collapsed_direction_count":2,"direction_collapse_reason":"route-2-local-edge-direction-collapse","representative_shape_id":"2..N08R","visual_branch_id":"2-main","debug_id":"2:2-main:group:1:1eed10301793","endpoint_kind":"end","group_sequence":1,"group_id":"group-manual-eastern-pkwy-grand-army","segment_kind":"group","visual_lane_slot":-1.5,"visual_z_order":285,"effective_render_key":"2|2-main|lane:-1.5|z:285|color:#D82233|kind:group|style:subway-ribbon-v1","neighbor_debug_id":"2:2-main:group:2:1317d0ad40d8","neighbor_group_id":"group-1-2-3-2-3","neighbor_lane_slot":0,"neighbor_effective_render_key":"2|2-main|lane:0|z:230|color:#D82233|kind:group|style:subway-ribbon-v1","handoff_node_id":"handoff-2-2-main--73.98049,40.68825","handoff_reason":"station-adjacent-membership-change","handoff_kind":"membership-change","handoff_from_group_id":"group-manual-eastern-pkwy-grand-army","handoff_to_group_id":"group-1-2-3-2-3","handoff_from_lane_slot":-1.5,"handoff_to_lane_slot":0,"source":"group-corridors-endpoint","feature_length_m":4314.47,"bbox_name":"lower-manhattan-river-crossings"},"geometry":{"type":"Point","coordinates":[-73.980492,40.688246]}},{"type":"Feature","properties":{"route_id":"2","visual_route_id":"2","visual_route_normalization_reason":"identity","display_route":"2","raw_route_ids":["2"],"raw_shape_ids":["2..N03R","2..N08R","2..S06R","2..S07R","2..S08R"],"visual_edge_ids":["2:233-234","2:232-233","2:231-232","2:230-231","2:229-230","2:228-229"],"edge_count":6,"from_stop_id":"234","to_stop_id":"228","from_stop_name":"Nevins St","to_stop_name":"Park Place","edge_sequence":12,"representative_edge_geometry_sources":["2..N03R","2..N03R","2..N03R","2..N03R","2..N03R","2..N03R"],"edge_geometry_confidence":"high","canonical_direction_id":"mixed","canonical_direction_count":2,"collapsed_direction_count":2,"direction_collapse_reason":"route-2-local-edge-direction-collapse","representative_shape_id":"2..N03R","visual_branch_id":"2-main","debug_id":"2:2-main:group:2:1317d0ad40d8","endpoint_kind":"start","group_sequence":2,"group_id":"group-1-2-3-2-3","segment_kind":"group","visual_lane_slot":0,"visual_z_order":230,"effective_render_key":"2|2-main|lane:0|z:230|color:#D82233|kind:group|style:subway-ribbon-v1","neighbor_debug_id":"2:2-main:group:1:1eed10301793","neighbor_group_id":"group-manual-eastern-pkwy-grand-army","neighbor_lane_slot":-1.5,"neighbor_effective_render_key":"2|2-main|lane:-1.5|z:285|color:#D82233|kind:group|style:subway-ribbon-v1","handoff_node_id":"handoff-2-2-main--73.98049,40.68825","handoff_reason":"station-adjacent-membership-change","handoff_kind":"membership-change","handoff_from_group_id":"group-manual-eastern-pkwy-grand-army","handoff_to_group_id":"group-1-2-3-2-3","handoff_from_lane_slot":-1.5,"handoff_to_lane_slot":0,"source":"group-corridors-endpoint","feature_length_m":4386.24,"bbox_name":"lower-manhattan-river-crossings"},"geometry":{"type":"Point","coordinates":[-73.980492,40.688246]}},{"type":"Feature","properties":{"route_id":"2","visual_route_id":"2","visual_route_normalization_reason":"identity","display_route":"2","raw_route_ids":["2"],"raw_shape_ids":["2..N03R","2..N08R","2..S06R","2..S07R","2..S08R"],"visual_edge_ids":["2:233-234","2:232-233","2:231-232","2:230-231","2:229-230","2:228-229"],"edge_count":6,"from_stop_id":"234","to_stop_id":"228","from_stop_name":"Nevins St","to_stop_name":"Park Place","edge_sequence":12,"representative_edge_geometry_sources":["2..N03R","2..N03R","2..N03R","2..N03R","2..N03R","2..N03R"],"edge_geometry_confidence":"high","canonical_direction_id":"mixed","canonical_direction_count":2,"collapsed_direction_count":2,"direction_collapse_reason":"route-2-local-edge-direction-collapse","representative_shape_id":"2..N03R","visual_branch_id":"2-main","debug_id":"2:2-main:group:2:1317d0ad40d8","endpoint_kind":"end","group_sequence":2,"group_id":"group-1-2-3-2-3","segment_kind":"group","visual_lane_slot":0,"visual_z_order":230,"effective_render_key":"2|2-main|lane:0|z:230|color:#D82233|kind:group|style:subway-ribbon-v1","neighbor_debug_id":"2:2-main:group:3:c80a46b78708","neighbor_group_id":"group-1-2-3-1-2-3","neighbor_lane_slot":0,"neighbor_effective_render_key":"2|2-main|lane:0|z:230|color:#D82233|kind:group|style:subway-ribbon-v1","handoff_node_id":"handoff-2-2-main--74.00881,40.71305","handoff_reason":"station-adjacent-membership-change","handoff_kind":"membership-change","handoff_from_group_id":"group-1-2-3-2-3","handoff_to_group_id":"group-1-2-3-1-2-3","handoff_from_lane_slot":0,"handoff_to_lane_slot":0,"source":"group-corridors-endpoint","feature_length_m":4386.24,"bbox_name":"chambers-park-place-wtc"},"geometry":{"type":"Point","coordinates":[-74.008811,40.713051]}},{"type":"Feature","properties":{"route_id":"2","visual_route_id":"2","visual_route_normalization_reason":"identity","display_route":"2","raw_route_ids":["2"],"raw_shape_ids":["2..N03R","2..N08R","2..S06R","2..S07R","2..S08R"],"visual_edge_ids":["2:137-228","2:136-137","2:135-136","2:134-135","2:133-134","2:132-133","2:131-132","2:130-131","2:129-130","2:128-129","2:127-128","2:126-127","2:125-126","2:124-125","2:123-124","2:122-123","2:121-122","2:120-121"],"edge_count":18,"from_stop_id":"228","to_stop_id":"120","from_stop_name":"Park Place","to_stop_name":"96 St","edge_sequence":18,"representative_edge_geometry_sources":["2..N03R","2..N08R","2..N08R","2..N08R","2..N08R","2..N08R","2..N08R","2..N08R","2..N08R","2..N08R","2..N03R","2..N08R","2..N08R","2..N08R","2..N08R","2..N08R","2..N08R","2..N08R"],"edge_geometry_confidence":"high","canonical_direction_id":"mixed","canonical_direction_count":2,"collapsed_direction_count":2,"direction_collapse_reason":"route-2-local-edge-direction-collapse","representative_shape_id":"2..N03R","visual_branch_id":"2-main","debug_id":"2:2-main:group:3:c80a46b78708","endpoint_kind":"start","group_sequence":3,"group_id":"group-1-2-3-1-2-3","segment_kind":"group","visual_lane_slot":0,"visual_z_order":230,"effective_render_key":"2|2-main|lane:0|z:230|color:#D82233|kind:group|style:subway-ribbon-v1","neighbor_debug_id":"2:2-main:group:2:1317d0ad40d8","neighbor_group_id":"group-1-2-3-2-3","neighbor_lane_slot":0,"neighbor_effective_render_key":"2|2-main|lane:0|z:230|color:#D82233|kind:group|style:subway-ribbon-v1","handoff_node_id":"handoff-2-2-main--74.00881,40.71305","handoff_reason":"station-adjacent-membership-change","handoff_kind":"membership-change","handoff_from_group_id":"group-1-2-3-2-3","handoff_to_group_id":"group-1-2-3-1-2-3","handoff_from_lane_slot":0,"handoff_to_lane_slot":0,"source":"group-corridors-endpoint","feature_length_m":9815.62,"bbox_name":"chambers-park-place-wtc"},"geometry":{"type":"Point","coordinates":[-74.008811,40.713051]}},{"type":"Feature","properties":{"route_id":"2","visual_route_id":"2","visual_route_normalization_reason":"identity","display_route":"2","raw_route_ids":["2"],"raw_shape_ids":["2..N03R","2..N08R","2..S06R","2..S07R","2..S08R"],"visual_edge_ids":["2:137-228","2:136-137","2:135-136","2:134-135","2:133-134","2:132-133","2:131-132","2:130-131","2:129-130","2:128-129","2:127-128","2:126-127","2:125-126","2:124-125","2:123-124","2:122-123","2:121-122","2:120-121"],"edge_count":18,"from_stop_id":"228","to_stop_id":"120","from_stop_name":"Park Place","to_stop_name":"96 St","edge_sequence":18,"representative_edge_geometry_sources":["2..N03R","2..N08R","2..N08R","2..N08R","2..N08R","2..N08R","2..N08R","2..N08R","2..N08R","2..N08R","2..N03R","2..N08R","2..N08R","2..N08R","2..N08R","2..N08R","2..N08R","2..N08R"],"edge_geometry_confidence":"high","canonical_direction_id":"mixed","canonical_direction_count":2,"collapsed_direction_count":2,"direction_collapse_reason":"route-2-local-edge-direction-collapse","representative_shape_id":"2..N03R","visual_branch_id":"2-main","debug_id":"2:2-main:group:3:c80a46b78708","endpoint_kind":"end","group_sequence":3,"group_id":"group-1-2-3-1-2-3","segment_kind":"group","visual_lane_slot":0,"visual_z_order":230,"effective_render_key":"2|2-main|lane:0|z:230|color:#D82233|kind:group|style:subway-ribbon-v1","neighbor_debug_id":"2:2-main:group:4:993541abc693","neighbor_group_id":"group-1-2-3-2-3","neighbor_lane_slot":0,"neighbor_effective_render_key":"2|2-main|lane:0|z:230|color:#D82233|kind:group|style:subway-ribbon-v1","handoff_node_id":"handoff-2-2-main--73.97232,40.79392","handoff_reason":"station-adjacent-membership-change","handoff_kind":"membership-change","handoff_from_group_id":"group-1-2-3-1-2-3","handoff_to_group_id":"group-1-2-3-2-3","handoff_from_lane_slot":0,"handoff_to_lane_slot":0,"source":"group-corridors-endpoint","feature_length_m":9815.62,"bbox_name":null},"geometry":{"type":"Point","coordinates":[-73.972323,40.793919]}},{"type":"Feature","properties":{"route_id":"2","visual_route_id":"2","visual_route_normalization_reason":"identity","display_route":"2","raw_route_ids":["2"],"raw_shape_ids":["2..N03R","2..N08R","2..S06R","2..S07R","2..S08R"],"visual_edge_ids":["2:120-227","2:226-227","2:225-226","2:224-225"],"edge_count":4,"from_stop_id":"120","to_stop_id":"224","from_stop_name":"96 St","to_stop_name":"135 St","edge_sequence":36,"representative_edge_geometry_sources":["2..N03R","2..N03R","2..N03R","2..N03R"],"edge_geometry_confidence":"high","canonical_direction_id":"mixed","canonical_direction_count":2,"collapsed_direction_count":2,"direction_collapse_reason":"route-2-local-edge-direction-collapse","representative_shape_id":"2..N03R","visual_branch_id":"2-main","debug_id":"2:2-main:group:4:993541abc693","endpoint_kind":"start","group_sequence":4,"group_id":"group-1-2-3-2-3","segment_kind":"group","visual_lane_slot":0,"visual_z_order":230,"effective_render_key":"2|2-main|lane:0|z:230|color:#D82233|kind:group|style:subway-ribbon-v1","neighbor_debug_id":"2:2-main:group:3:c80a46b78708","neighbor_group_id":"group-1-2-3-1-2-3","neighbor_lane_slot":0,"neighbor_effective_render_key":"2|2-main|lane:0|z:230|color:#D82233|kind:group|style:subway-ribbon-v1","handoff_node_id":"handoff-2-2-main--73.97232,40.79392","handoff_reason":"station-adjacent-membership-change","handoff_kind":"membership-change","handoff_from_group_id":"group-1-2-3-1-2-3","handoff_to_group_id":"group-1-2-3-2-3","handoff_from_lane_slot":0,"handoff_to_lane_slot":0,"source":"group-corridors-endpoint","feature_length_m":4108.02,"bbox_name":null},"geometry":{"type":"Point","coordinates":[-73.972323,40.793919]}},{"type":"Feature","properties":{"route_id":"2","visual_route_id":"2","visual_route_normalization_reason":"identity","display_route":"2","raw_route_ids":["2"],"raw_shape_ids":["2..N03R","2..N08R","2..S06R","2..S07R","2..S08R"],"visual_edge_ids":["2:120-227","2:226-227","2:225-226","2:224-225"],"edge_count":4,"from_stop_id":"120","to_stop_id":"224","from_stop_name":"96 St","to_stop_name":"135 St","edge_sequence":36,"representative_edge_geometry_sources":["2..N03R","2..N03R","2..N03R","2..N03R"],"edge_geometry_confidence":"high","canonical_direction_id":"mixed","canonical_direction_count":2,"collapsed_direction_count":2,"direction_collapse_reason":"route-2-local-edge-direction-collapse","representative_shape_id":"2..N03R","visual_branch_id":"2-main","debug_id":"2:2-main:group:4:993541abc693","endpoint_kind":"end","group_sequence":4,"group_id":"group-1-2-3-2-3","segment_kind":"group","visual_lane_slot":0,"visual_z_order":230,"effective_render_key":"2|2-main|lane:0|z:230|color:#D82233|kind:group|style:subway-ribbon-v1","neighbor_debug_id":"2:2-main:solo:5:433548b1df73","neighbor_group_id":null,"neighbor_lane_slot":0,"neighbor_effective_render_key":"2|2-main|lane:0|z:230|color:#D82233|kind:solo|style:subway-ribbon-v1","handoff_node_id":"handoff-2-2-main--73.94077,40.81423","handoff_reason":"detected-corridor-exit","handoff_kind":"divergence","handoff_from_group_id":"group-1-2-3-2-3","handoff_to_group_id":null,"handoff_from_lane_slot":0,"handoff_to_lane_slot":0,"source":"group-corridors-endpoint","feature_length_m":4108.02,"bbox_name":null},"geometry":{"type":"Point","coordinates":[-73.94077,40.814229]}},{"type":"Feature","properties":{"route_id":"2","visual_route_id":"2","visual_route_normalization_reason":"identity","display_route":"2","raw_route_ids":["2"],"raw_shape_ids":["2..N03R","2..N08R","2..S06R","2..S07R","2..S08R"],"visual_edge_ids":["2:222-224","2:221-222","2:220-221","2:219-220","2:218-219","2:217-218","2:216-217","2:215-216","2:214-215","2:213-214","2:212-213","2:211-212","2:210-211","2:209-210","2:208-209","2:207-208","2:206-207","2:205-206","2:204-205","2:201-204"],"edge_count":20,"from_stop_id":"224","to_stop_id":"201","from_stop_name":"135 St","to_stop_name":"Wakefield-241 St","edge_sequence":40,"representative_edge_geometry_sources":["2..N03R","2..N03R","2..N03R","2..N03R","2..N03R","2..N03R","2..N03R","2..N03R","2..N03R","2..N03R","2..N03R","2..N03R","2..N03R","2..N03R","2..N03R","2..N03R","2..N03R","2..N03R","2..N03R","2..N03R"],"edge_geometry_confidence":"high","canonical_direction_id":"mixed","canonical_direction_count":2,"collapsed_direction_count":2,"direction_collapse_reason":"route-2-local-edge-direction-collapse","representative_shape_id":"2..N03R","visual_branch_id":"2-main","debug_id":"2:2-main:solo:5:433548b1df73","endpoint_kind":"start","group_sequence":5,"group_id":null,"segment_kind":"solo","visual_lane_slot":0,"visual_z_order":230,"effective_render_key":"2|2-main|lane:0|z:230|color:#D82233|kind:solo|style:subway-ribbon-v1","neighbor_debug_id":"2:2-main:group:4:993541abc693","neighbor_group_id":"group-1-2-3-2-3","neighbor_lane_slot":0,"neighbor_effective_render_key":"2|2-main|lane:0|z:230|color:#D82233|kind:group|style:subway-ribbon-v1","handoff_node_id":"handoff-2-2-main--73.94077,40.81423","handoff_reason":"detected-corridor-exit","handoff_kind":"divergence","handoff_from_group_id":"group-1-2-3-2-3","handoff_to_group_id":null,"handoff_from_lane_slot":0,"handoff_to_lane_slot":0,"source":"group-corridors-endpoint","feature_length_m":14915.18,"bbox_name":null},"geometry":{"type":"Point","coordinates":[-73.94077,40.814229]}},{"type":"Feature","properties":{"route_id":"2","visual_route_id":"2","visual_route_normalization_reason":"identity","display_route":"2","raw_route_ids":["2"],"raw_shape_ids":["2..N03R","2..N08R","2..S06R","2..S07R","2..S08R"],"visual_edge_ids":["2:222-224","2:221-222","2:220-221","2:219-220","2:218-219","2:217-218","2:216-217","2:215-216","2:214-215","2:213-214","2:212-213","2:211-212","2:210-211","2:209-210","2:208-209","2:207-208","2:206-207","2:205-206","2:204-205","2:201-204"],"edge_count":20,"from_stop_id":"224","to_stop_id":"201","from_stop_name":"135 St","to_stop_name":"Wakefield-241 St","edge_sequence":40,"representative_edge_geometry_sources":["2..N03R","2..N03R","2..N03R","2..N03R","2..N03R","2..N03R","2..N03R","2..N03R","2..N03R","2..N03R","2..N03R","2..N03R","2..N03R","2..N03R","2..N03R","2..N03R","2..N03R","2..N03R","2..N03R","2..N03R"],"edge_geometry_confidence":"high","canonical_direction_id":"mixed","canonical_direction_count":2,"collapsed_direction_count":2,"direction_collapse_reason":"route-2-local-edge-direction-collapse","representative_shape_id":"2..N03R","visual_branch_id":"2-main","debug_id":"2:2-main:solo:5:433548b1df73","endpoint_kind":"end","group_sequence":5,"group_id":null,"segment_kind":"solo","visual_lane_slot":0,"visual_z_order":230,"effective_render_key":"2|2-main|lane:0|z:230|color:#D82233|kind:solo|style:subway-ribbon-v1","neighbor_debug_id":null,"neighbor_group_id":null,"neighbor_lane_slot":null,"neighbor_effective_render_key":null,"handoff_node_id":"terminal-2-2-main-end","handoff_reason":"terminal","handoff_kind":"terminal","handoff_from_group_id":null,"handoff_to_group_id":null,"handoff_from_lane_slot":0,"handoff_to_lane_slot":0,"source":"group-corridors-endpoint","feature_length_m":14915.18,"bbox_name":null},"geometry":{"type":"Point","coordinates":[-73.85062,40.903125]}},{"type":"Feature","properties":{"route_id":"3","visual_route_id":"3","visual_route_normalization_reason":"identity","display_route":"3","raw_route_ids":["3"],"raw_shape_ids":["3..N01R","3..S01R"],"visual_edge_ids":["3:256-257","3:255-256","3:254-255","3:253-254","3:252-253","3:251-252","3:250-251"],"edge_count":7,"from_stop_id":"257","to_stop_id":"250","from_stop_name":"New Lots Av","to_stop_name":"Crown Hts-Utica Av","edge_sequence":0,"representative_edge_geometry_sources":["3..N01R"],"edge_geometry_confidence":"high","canonical_direction_id":"mixed","canonical_direction_count":2,"collapsed_direction_count":2,"direction_collapse_reason":"visual-edge-direction-collapse","representative_shape_id":"3..N01R","visual_branch_id":"3-main","debug_id":"3:3-main:solo:0:fccd9a9457c4","endpoint_kind":"start","group_sequence":0,"group_id":null,"segment_kind":"solo","visual_lane_slot":0,"visual_z_order":240,"effective_render_key":"3|3-main|lane:0|z:240|color:#D82233|kind:solo|style:subway-ribbon-v1","neighbor_debug_id":null,"neighbor_group_id":null,"neighbor_lane_slot":null,"neighbor_effective_render_key":null,"handoff_node_id":"terminal-3-3-main-start","handoff_reason":"terminal","handoff_kind":"terminal","handoff_from_group_id":null,"handoff_to_group_id":null,"handoff_from_lane_slot":0,"handoff_to_lane_slot":0,"source":"group-corridors-endpoint","feature_length_m":4585.11,"bbox_name":null},"geometry":{"type":"Point","coordinates":[-73.884079,40.666235]}},{"type":"Feature","properties":{"route_id":"3","visual_route_id":"3","visual_route_normalization_reason":"identity","display_route":"3","raw_route_ids":["3"],"raw_shape_ids":["3..N01R","3..S01R"],"visual_edge_ids":["3:256-257","3:255-256","3:254-255","3:253-254","3:252-253","3:251-252","3:250-251"],"edge_count":7,"from_stop_id":"257","to_stop_id":"250","from_stop_name":"New Lots Av","to_stop_name":"Crown Hts-Utica Av","edge_sequence":0,"representative_edge_geometry_sources":["3..N01R"],"edge_geometry_confidence":"high","canonical_direction_id":"mixed","canonical_direction_count":2,"collapsed_direction_count":2,"direction_collapse_reason":"visual-edge-direction-collapse","representative_shape_id":"3..N01R","visual_branch_id":"3-main","debug_id":"3:3-main:solo:0:fccd9a9457c4","endpoint_kind":"end","group_sequence":0,"group_id":null,"segment_kind":"solo","visual_lane_slot":0,"visual_z_order":240,"effective_render_key":"3|3-main|lane:0|z:240|color:#D82233|kind:solo|style:subway-ribbon-v1","neighbor_debug_id":"3:3-main:group:1:221e5ae7e382","neighbor_group_id":"group-manual-eastern-pkwy-grand-army","neighbor_lane_slot":-0.5,"neighbor_effective_render_key":"3|3-main|lane:-0.5|z:286|color:#D82233|kind:group|style:subway-ribbon-v1","handoff_node_id":"handoff-3-3-main--73.93294,40.66890","handoff_reason":"detected-corridor-entry","handoff_kind":"merge","handoff_from_group_id":null,"handoff_to_group_id":"group-manual-eastern-pkwy-grand-army","handoff_from_lane_slot":0,"handoff_to_lane_slot":-0.5,"source":"group-corridors-endpoint","feature_length_m":4585.11,"bbox_name":"eastern-pkwy"},"geometry":{"type":"Point","coordinates":[-73.932942,40.668897]}},{"type":"Feature","properties":{"route_id":"3","visual_route_id":"3","visual_route_normalization_reason":"identity","display_route":"3","raw_route_ids":["3"],"raw_shape_ids":["3..N01R","3..S01R"],"visual_edge_ids":["3:249-250","3:248-249","3:239-248","3:238-239","3:237-238","3:236-237","3:235-236","3:234-235"],"edge_count":8,"from_stop_id":"250","to_stop_id":"234","from_stop_name":"Crown Hts-Utica Av","to_stop_name":"Nevins St","edge_sequence":7,"representative_edge_geometry_sources":["3..N01R"],"edge_geometry_confidence":"high","canonical_direction_id":"mixed","canonical_direction_count":2,"collapsed_direction_count":2,"direction_collapse_reason":"visual-edge-direction-collapse","representative_shape_id":"3..N01R","visual_branch_id":"3-main","debug_id":"3:3-main:group:1:221e5ae7e382","endpoint_kind":"start","group_sequence":1,"group_id":"group-manual-eastern-pkwy-grand-army","segment_kind":"group","visual_lane_slot":-0.5,"visual_z_order":286,"effective_render_key":"3|3-main|lane:-0.5|z:286|color:#D82233|kind:group|style:subway-ribbon-v1","neighbor_debug_id":"3:3-main:solo:0:fccd9a9457c4","neighbor_group_id":null,"neighbor_lane_slot":0,"neighbor_effective_render_key":"3|3-main|lane:0|z:240|color:#D82233|kind:solo|style:subway-ribbon-v1","handoff_node_id":"handoff-3-3-main--73.93294,40.66890","handoff_reason":"detected-corridor-entry","handoff_kind":"merge","handoff_from_group_id":null,"handoff_to_group_id":"group-manual-eastern-pkwy-grand-army","handoff_from_lane_slot":0,"handoff_to_lane_slot":-0.5,"source":"group-corridors-endpoint","feature_length_m":5045.38,"bbox_name":"eastern-pkwy"},"geometry":{"type":"Point","coordinates":[-73.932942,40.668897]}},{"type":"Feature","properties":{"route_id":"3","visual_route_id":"3","visual_route_normalization_reason":"identity","display_route":"3","raw_route_ids":["3"],"raw_shape_ids":["3..N01R","3..S01R"],"visual_edge_ids":["3:249-250","3:248-249","3:239-248","3:238-239","3:237-238","3:236-237","3:235-236","3:234-235"],"edge_count":8,"from_stop_id":"250","to_stop_id":"234","from_stop_name":"Crown Hts-Utica Av","to_stop_name":"Nevins St","edge_sequence":7,"representative_edge_geometry_sources":["3..N01R"],"edge_geometry_confidence":"high","canonical_direction_id":"mixed","canonical_direction_count":2,"collapsed_direction_count":2,"direction_collapse_reason":"visual-edge-direction-collapse","representative_shape_id":"3..N01R","visual_branch_id":"3-main","debug_id":"3:3-main:group:1:221e5ae7e382","endpoint_kind":"end","group_sequence":1,"group_id":"group-manual-eastern-pkwy-grand-army","segment_kind":"group","visual_lane_slot":-0.5,"visual_z_order":286,"effective_render_key":"3|3-main|lane:-0.5|z:286|color:#D82233|kind:group|style:subway-ribbon-v1","neighbor_debug_id":"3:3-main:group:2:8829fadfe13c","neighbor_group_id":"group-1-2-3-2-3","neighbor_lane_slot":1,"neighbor_effective_render_key":"3|3-main|lane:1|z:241|color:#D82233|kind:group|style:subway-ribbon-v1","handoff_node_id":"handoff-3-3-main--73.98049,40.68825","handoff_reason":"station-adjacent-membership-change","handoff_kind":"membership-change","handoff_from_group_id":"group-manual-eastern-pkwy-grand-army","handoff_to_group_id":"group-1-2-3-2-3","handoff_from_lane_slot":-0.5,"handoff_to_lane_slot":1,"source":"group-corridors-endpoint","feature_length_m":5045.38,"bbox_name":"lower-manhattan-river-crossings"},"geometry":{"type":"Point","coordinates":[-73.980492,40.688246]}},{"type":"Feature","properties":{"route_id":"3","visual_route_id":"3","visual_route_normalization_reason":"identity","display_route":"3","raw_route_ids":["3"],"raw_shape_ids":["3..N01R","3..S01R","3..N90R","3..S88R","3..N42R"],"visual_edge_ids":["3:233-234","3:232-233","3:231-232","3:230-231","3:229-230","3:228-229","3:137-228","3:132-137","3:128-132","3:127-128","3:123-127","3:120-123","3:120-227","3:226-227","3:225-226","3:224-225","3:224-302"],"edge_count":17,"from_stop_id":"234","to_stop_id":"302","from_stop_name":"Nevins St","to_stop_name":"145 St","edge_sequence":15,"representative_edge_geometry_sources":["3..N01R"],"edge_geometry_confidence":"high","canonical_direction_id":"mixed","canonical_direction_count":2,"collapsed_direction_count":2,"direction_collapse_reason":"visual-edge-direction-collapse","representative_shape_id":"3..N01R","visual_branch_id":"3-main","debug_id":"3:3-main:group:2:8829fadfe13c","endpoint_kind":"start","group_sequence":2,"group_id":"group-1-2-3-2-3","segment_kind":"group","visual_lane_slot":1,"visual_z_order":241,"effective_render_key":"3|3-main|lane:1|z:241|color:#D82233|kind:group|style:subway-ribbon-v1","neighbor_debug_id":"3:3-main:group:1:221e5ae7e382","neighbor_group_id":"group-manual-eastern-pkwy-grand-army","neighbor_lane_slot":-0.5,"neighbor_effective_render_key":"3|3-main|lane:-0.5|z:286|color:#D82233|kind:group|style:subway-ribbon-v1","handoff_node_id":"handoff-3-3-main--73.98049,40.68825","handoff_reason":"station-adjacent-membership-change","handoff_kind":"membership-change","handoff_from_group_id":"group-manual-eastern-pkwy-grand-army","handoff_to_group_id":"group-1-2-3-2-3","handoff_from_lane_slot":-0.5,"handoff_to_lane_slot":1,"source":"group-corridors-endpoint","feature_length_m":19091.33,"bbox_name":"lower-manhattan-river-crossings"},"geometry":{"type":"Point","coordinates":[-73.980492,40.688246]}},{"type":"Feature","properties":{"route_id":"3","visual_route_id":"3","visual_route_normalization_reason":"identity","display_route":"3","raw_route_ids":["3"],"raw_shape_ids":["3..N01R","3..S01R","3..N90R","3..S88R","3..N42R"],"visual_edge_ids":["3:233-234","3:232-233","3:231-232","3:230-231","3:229-230","3:228-229","3:137-228","3:132-137","3:128-132","3:127-128","3:123-127","3:120-123","3:120-227","3:226-227","3:225-226","3:224-225","3:224-302"],"edge_count":17,"from_stop_id":"234","to_stop_id":"302","from_stop_name":"Nevins St","to_stop_name":"145 St","edge_sequence":15,"representative_edge_geometry_sources":["3..N01R"],"edge_geometry_confidence":"high","canonical_direction_id":"mixed","canonical_direction_count":2,"collapsed_direction_count":2,"direction_collapse_reason":"visual-edge-direction-collapse","representative_shape_id":"3..N01R","visual_branch_id":"3-main","debug_id":"3:3-main:group:2:8829fadfe13c","endpoint_kind":"end","group_sequence":2,"group_id":"group-1-2-3-2-3","segment_kind":"group","visual_lane_slot":1,"visual_z_order":241,"effective_render_key":"3|3-main|lane:1|z:241|color:#D82233|kind:group|style:subway-ribbon-v1","neighbor_debug_id":"3:3-main:solo:3:055a6284f866","neighbor_group_id":null,"neighbor_lane_slot":0,"neighbor_effective_render_key":"3|3-main|lane:0|z:240|color:#D82233|kind:solo|style:subway-ribbon-v1","handoff_node_id":"handoff-3-3-main--73.93624,40.82042","handoff_reason":"detected-corridor-exit","handoff_kind":"divergence","handoff_from_group_id":"group-1-2-3-2-3","handoff_to_group_id":null,"handoff_from_lane_slot":1,"handoff_to_lane_slot":0,"source":"group-corridors-endpoint","feature_length_m":19091.33,"bbox_name":null},"geometry":{"type":"Point","coordinates":[-73.936245,40.820421]}},{"type":"Feature","properties":{"route_id":"3","visual_route_id":"3","visual_route_normalization_reason":"identity","display_route":"3","raw_route_ids":["3"],"raw_shape_ids":["3..N01R","3..N42R","3..N90R","3..S01R","3..S88R"],"visual_edge_ids":["3:301-302"],"edge_count":1,"from_stop_id":"302","to_stop_id":"301","from_stop_name":"145 St","to_stop_name":"Harlem-148 St","edge_sequence":32,"representative_edge_geometry_sources":["3..N01R"],"edge_geometry_confidence":"high","canonical_direction_id":"mixed","canonical_direction_count":2,"collapsed_direction_count":2,"direction_collapse_reason":"visual-edge-direction-collapse","representative_shape_id":"3..N01R","visual_branch_id":"3-main","debug_id":"3:3-main:solo:3:055a6284f866","endpoint_kind":"start","group_sequence":3,"group_id":null,"segment_kind":"solo","visual_lane_slot":0,"visual_z_order":240,"effective_render_key":"3|3-main|lane:0|z:240|color:#D82233|kind:solo|style:subway-ribbon-v1","neighbor_debug_id":"3:3-main:group:2:8829fadfe13c","neighbor_group_id":"group-1-2-3-2-3","neighbor_lane_slot":1,"neighbor_effective_render_key":"3|3-main|lane:1|z:241|color:#D82233|kind:group|style:subway-ribbon-v1","handoff_node_id":"handoff-3-3-main--73.93624,40.82042","handoff_reason":"detected-corridor-exit","handoff_kind":"divergence","handoff_from_group_id":"group-1-2-3-2-3","handoff_to_group_id":null,"handoff_from_lane_slot":1,"handoff_to_lane_slot":0,"source":"group-corridors-endpoint","feature_length_m":498.79,"bbox_name":null},"geometry":{"type":"Point","coordinates":[-73.936245,40.820421]}},{"type":"Feature","properties":{"route_id":"3","visual_route_id":"3","visual_route_normalization_reason":"identity","display_route":"3","raw_route_ids":["3"],"raw_shape_ids":["3..N01R","3..N42R","3..N90R","3..S01R","3..S88R"],"visual_edge_ids":["3:301-302"],"edge_count":1,"from_stop_id":"302","to_stop_id":"301","from_stop_name":"145 St","to_stop_name":"Harlem-148 St","edge_sequence":32,"representative_edge_geometry_sources":["3..N01R"],"edge_geometry_confidence":"high","canonical_direction_id":"mixed","canonical_direction_count":2,"collapsed_direction_count":2,"direction_collapse_reason":"visual-edge-direction-collapse","representative_shape_id":"3..N01R","visual_branch_id":"3-main","debug_id":"3:3-main:solo:3:055a6284f866","endpoint_kind":"end","group_sequence":3,"group_id":null,"segment_kind":"solo","visual_lane_slot":0,"visual_z_order":240,"effective_render_key":"3|3-main|lane:0|z:240|color:#D82233|kind:solo|style:subway-ribbon-v1","neighbor_debug_id":null,"neighbor_group_id":null,"neighbor_lane_slot":null,"neighbor_effective_render_key":null,"handoff_node_id":"terminal-3-3-main-end","handoff_reason":"terminal","handoff_kind":"terminal","handoff_from_group_id":null,"handoff_to_group_id":null,"handoff_from_lane_slot":0,"handoff_to_lane_slot":0,"source":"group-corridors-endpoint","feature_length_m":498.79,"bbox_name":null},"geometry":{"type":"Point","coordinates":[-73.93647,40.82388]}},{"type":"Feature","properties":{"route_id":"4","visual_route_id":"4","visual_route_normalization_reason":"identity","display_route":"4","raw_route_ids":["4"],"raw_shape_ids":["4..N13R","4..S01R"],"visual_edge_ids":["4:256-257","4:255-256","4:254-255","4:253-254","4:252-253","4:251-252","4:250-251"],"edge_count":7,"from_stop_id":"257","to_stop_id":"250","from_stop_name":"New Lots Av","to_stop_name":"Crown Hts-Utica Av","edge_sequence":0,"representative_edge_geometry_sources":["4..N13R"],"edge_geometry_confidence":"high","canonical_direction_id":"mixed","canonical_direction_count":2,"collapsed_direction_count":2,"direction_collapse_reason":"visual-edge-direction-collapse","representative_shape_id":"4..N13R","visual_branch_id":"4-main","debug_id":"4:4-main:group:0:13f9fff4ebc0","endpoint_kind":"start","group_sequence":0,"group_id":"group-4-5-6-4-5","segment_kind":"group","visual_lane_slot":-1,"visual_z_order":189,"effective_render_key":"4|4-main|lane:-1|z:189|color:#009952|kind:group|style:subway-ribbon-v1","neighbor_debug_id":null,"neighbor_group_id":null,"neighbor_lane_slot":null,"neighbor_effective_render_key":null,"handoff_node_id":"terminal-4-4-main-start","handoff_reason":"terminal","handoff_kind":"terminal","handoff_from_group_id":null,"handoff_to_group_id":"group-4-5-6-4-5","handoff_from_lane_slot":0,"handoff_to_lane_slot":-1,"source":"group-corridors-endpoint","feature_length_m":4586.76,"bbox_name":null},"geometry":{"type":"Point","coordinates":[-73.884079,40.666235]}},{"type":"Feature","properties":{"route_id":"4","visual_route_id":"4","visual_route_normalization_reason":"identity","display_route":"4","raw_route_ids":["4"],"raw_shape_ids":["4..N13R","4..S01R"],"visual_edge_ids":["4:256-257","4:255-256","4:254-255","4:253-254","4:252-253","4:251-252","4:250-251"],"edge_count":7,"from_stop_id":"257","to_stop_id":"250","from_stop_name":"New Lots Av","to_stop_name":"Crown Hts-Utica Av","edge_sequence":0,"representative_edge_geometry_sources":["4..N13R"],"edge_geometry_confidence":"high","canonical_direction_id":"mixed","canonical_direction_count":2,"collapsed_direction_count":2,"direction_collapse_reason":"visual-edge-direction-collapse","representative_shape_id":"4..N13R","visual_branch_id":"4-main","debug_id":"4:4-main:group:0:13f9fff4ebc0","endpoint_kind":"end","group_sequence":0,"group_id":"group-4-5-6-4-5","segment_kind":"group","visual_lane_slot":-1,"visual_z_order":189,"effective_render_key":"4|4-main|lane:-1|z:189|color:#009952|kind:group|style:subway-ribbon-v1","neighbor_debug_id":"4:4-main:group:1:39d69124c5bd","neighbor_group_id":"group-manual-eastern-pkwy-grand-army","neighbor_lane_slot":0.5,"neighbor_effective_render_key":"4|4-main|lane:0.5|z:287|color:#009952|kind:group|style:subway-ribbon-v1","handoff_node_id":"handoff-4-4-main--73.93294,40.66890","handoff_reason":"station-adjacent-membership-change","handoff_kind":"membership-change","handoff_from_group_id":"group-4-5-6-4-5","handoff_to_group_id":"group-manual-eastern-pkwy-grand-army","handoff_from_lane_slot":-1,"handoff_to_lane_slot":0.5,"source":"group-corridors-endpoint","feature_length_m":4586.76,"bbox_name":"eastern-pkwy"},"geometry":{"type":"Point","coordinates":[-73.932942,40.668897]}},{"type":"Feature","properties":{"route_id":"4","visual_route_id":"4","visual_route_normalization_reason":"identity","display_route":"4","raw_route_ids":["4"],"raw_shape_ids":["4..N13R","4..S01R","4..N06R","4..N56R","4..N64R","4..S28R","4..S36R","4..S39R","4..S41R"],"visual_edge_ids":["4:249-250","4:248-249","4:239-248","4:238-239","4:237-238","4:236-237","4:235-236","4:234-235"],"edge_count":8,"from_stop_id":"250","to_stop_id":"234","from_stop_name":"Crown Hts-Utica Av","to_stop_name":"Nevins St","edge_sequence":7,"representative_edge_geometry_sources":["4..N13R"],"edge_geometry_confidence":"high","canonical_direction_id":"mixed","canonical_direction_count":2,"collapsed_direction_count":2,"direction_collapse_reason":"visual-edge-direction-collapse","representative_shape_id":"4..N13R","visual_branch_id":"4-main","debug_id":"4:4-main:group:1:39d69124c5bd","endpoint_kind":"start","group_sequence":1,"group_id":"group-manual-eastern-pkwy-grand-army","segment_kind":"group","visual_lane_slot":0.5,"visual_z_order":287,"effective_render_key":"4|4-main|lane:0.5|z:287|color:#009952|kind:group|style:subway-ribbon-v1","neighbor_debug_id":"4:4-main:group:0:13f9fff4ebc0","neighbor_group_id":"group-4-5-6-4-5","neighbor_lane_slot":-1,"neighbor_effective_render_key":"4|4-main|lane:-1|z:189|color:#009952|kind:group|style:subway-ribbon-v1","handoff_node_id":"handoff-4-4-main--73.93294,40.66890","handoff_reason":"station-adjacent-membership-change","handoff_kind":"membership-change","handoff_from_group_id":"group-4-5-6-4-5","handoff_to_group_id":"group-manual-eastern-pkwy-grand-army","handoff_from_lane_slot":-1,"handoff_to_lane_slot":0.5,"source":"group-corridors-endpoint","feature_length_m":5039.41,"bbox_name":"eastern-pkwy"},"geometry":{"type":"Point","coordinates":[-73.932942,40.668897]}},{"type":"Feature","properties":{"route_id":"4","visual_route_id":"4","visual_route_normalization_reason":"identity","display_route":"4","raw_route_ids":["4"],"raw_shape_ids":["4..N13R","4..S01R","4..N06R","4..N56R","4..N64R","4..S28R","4..S36R","4..S39R","4..S41R"],"visual_edge_ids":["4:249-250","4:248-249","4:239-248","4:238-239","4:237-238","4:236-237","4:235-236","4:234-235"],"edge_count":8,"from_stop_id":"250","to_stop_id":"234","from_stop_name":"Crown Hts-Utica Av","to_stop_name":"Nevins St","edge_sequence":7,"representative_edge_geometry_sources":["4..N13R"],"edge_geometry_confidence":"high","canonical_direction_id":"mixed","canonical_direction_count":2,"collapsed_direction_count":2,"direction_collapse_reason":"visual-edge-direction-collapse","representative_shape_id":"4..N13R","visual_branch_id":"4-main","debug_id":"4:4-main:group:1:39d69124c5bd","endpoint_kind":"end","group_sequence":1,"group_id":"group-manual-eastern-pkwy-grand-army","segment_kind":"group","visual_lane_slot":0.5,"visual_z_order":287,"effective_render_key":"4|4-main|lane:0.5|z:287|color:#009952|kind:group|style:subway-ribbon-v1","neighbor_debug_id":"4:4-main:group:2:c9dec0961d1f","neighbor_group_id":"group-4-5-6-4-5","neighbor_lane_slot":-1,"neighbor_effective_render_key":"4|4-main|lane:-1|z:189|color:#009952|kind:group|style:subway-ribbon-v1","handoff_node_id":"handoff-4-4-main--73.98049,40.68825","handoff_reason":"station-adjacent-membership-change","handoff_kind":"membership-change","handoff_from_group_id":"group-manual-eastern-pkwy-grand-army","handoff_to_group_id":"group-4-5-6-4-5","handoff_from_lane_slot":0.5,"handoff_to_lane_slot":-1,"source":"group-corridors-endpoint","feature_length_m":5039.41,"bbox_name":"lower-manhattan-river-crossings"},"geometry":{"type":"Point","coordinates":[-73.980492,40.688246]}},{"type":"Feature","properties":{"route_id":"4","visual_route_id":"4","visual_route_normalization_reason":"identity","display_route":"4","raw_route_ids":["4"],"raw_shape_ids":["4..N06R","4..N13R","4..N56R","4..N64R","4..S01R","4..S28R","4..S36R","4..S39R","4..S41R","4..N14R","4..S37R"],"visual_edge_ids":["4:234-423","4:420-423","4:419-420","4:418-419","4:418-640","4:639-640","4:638-639","4:637-638","4:636-637","4:635-636","4:634-635","4:633-634","4:632-633","4:631-632","4:630-631","4:629-630","4:628-629","4:627-628","4:626-627","4:625-626","4:624-625","4:623-624","4:622-623","4:621-622","4:416-621","4:415-416"],"edge_count":26,"from_stop_id":"234","to_stop_id":"415","from_stop_name":"Nevins St","to_stop_name":"149 St-Grand Concourse","edge_sequence":15,"representative_edge_geometry_sources":["4..N13R"],"edge_geometry_confidence":"high","canonical_direction_id":"mixed","canonical_direction_count":2,"collapsed_direction_count":2,"direction_collapse_reason":"visual-edge-direction-collapse","representative_shape_id":"4..N13R","visual_branch_id":"4-main","debug_id":"4:4-main:group:2:c9dec0961d1f","endpoint_kind":"start","group_sequence":2,"group_id":"group-4-5-6-4-5","segment_kind":"group","visual_lane_slot":-1,"visual_z_order":189,"effective_render_key":"4|4-main|lane:-1|z:189|color:#009952|kind:group|style:subway-ribbon-v1","neighbor_debug_id":"4:4-main:group:1:39d69124c5bd","neighbor_group_id":"group-manual-eastern-pkwy-grand-army","neighbor_lane_slot":0.5,"neighbor_effective_render_key":"4|4-main|lane:0.5|z:287|color:#009952|kind:group|style:subway-ribbon-v1","handoff_node_id":"handoff-4-4-main--73.98049,40.68825","handoff_reason":"station-adjacent-membership-change","handoff_kind":"membership-change","handoff_from_group_id":"group-manual-eastern-pkwy-grand-army","handoff_to_group_id":"group-4-5-6-4-5","handoff_from_lane_slot":0.5,"handoff_to_lane_slot":-1,"source":"group-corridors-endpoint","feature_length_m":18457.3,"bbox_name":"lower-manhattan-river-crossings"},"geometry":{"type":"Point","coordinates":[-73.980492,40.688246]}},{"type":"Feature","properties":{"route_id":"4","visual_route_id":"4","visual_route_normalization_reason":"identity","display_route":"4","raw_route_ids":["4"],"raw_shape_ids":["4..N06R","4..N13R","4..N56R","4..N64R","4..S01R","4..S28R","4..S36R","4..S39R","4..S41R","4..N14R","4..S37R"],"visual_edge_ids":["4:234-423","4:420-423","4:419-420","4:418-419","4:418-640","4:639-640","4:638-639","4:637-638","4:636-637","4:635-636","4:634-635","4:633-634","4:632-633","4:631-632","4:630-631","4:629-630","4:628-629","4:627-628","4:626-627","4:625-626","4:624-625","4:623-624","4:622-623","4:621-622","4:416-621","4:415-416"],"edge_count":26,"from_stop_id":"234","to_stop_id":"415","from_stop_name":"Nevins St","to_stop_name":"149 St-Grand Concourse","edge_sequence":15,"representative_edge_geometry_sources":["4..N13R"],"edge_geometry_confidence":"high","canonical_direction_id":"mixed","canonical_direction_count":2,"collapsed_direction_count":2,"direction_collapse_reason":"visual-edge-direction-collapse","representative_shape_id":"4..N13R","visual_branch_id":"4-main","debug_id":"4:4-main:group:2:c9dec0961d1f","endpoint_kind":"end","group_sequence":2,"group_id":"group-4-5-6-4-5","segment_kind":"group","visual_lane_slot":-1,"visual_z_order":189,"effective_render_key":"4|4-main|lane:-1|z:189|color:#009952|kind:group|style:subway-ribbon-v1","neighbor_debug_id":"4:4-main:solo:3:09e39d185998","neighbor_group_id":null,"neighbor_lane_slot":0,"neighbor_effective_render_key":"4|4-main|lane:0|z:190|color:#009952|kind:solo|style:subway-ribbon-v1","handoff_node_id":"handoff-4-4-main--73.92735,40.81838","handoff_reason":"detected-corridor-exit","handoff_kind":"divergence","handoff_from_group_id":"group-4-5-6-4-5","handoff_to_group_id":null,"handoff_from_lane_slot":-1,"handoff_to_lane_slot":0,"source":"group-corridors-endpoint","feature_length_m":18457.3,"bbox_name":null},"geometry":{"type":"Point","coordinates":[-73.927351,40.818375]}},{"type":"Feature","properties":{"route_id":"4","visual_route_id":"4","visual_route_normalization_reason":"identity","display_route":"4","raw_route_ids":["4"],"raw_shape_ids":["4..N06R","4..N13R","4..N14R","4..N56R","4..N64R","4..S01R","4..S28R","4..S36R","4..S37R","4..S39R","4..S41R"],"visual_edge_ids":["4:414-415","4:413-414","4:412-413","4:411-412","4:410-411","4:409-410","4:408-409","4:407-408","4:406-407","4:405-406","4:402-405","4:401-402"],"edge_count":12,"from_stop_id":"415","to_stop_id":"401","from_stop_name":"149 St-Grand Concourse","to_stop_name":"Woodlawn","edge_sequence":41,"representative_edge_geometry_sources":["4..N13R"],"edge_geometry_confidence":"high","canonical_direction_id":"mixed","canonical_direction_count":2,"collapsed_direction_count":2,"direction_collapse_reason":"visual-edge-direction-collapse","representative_shape_id":"4..N13R","visual_branch_id":"4-main","debug_id":"4:4-main:solo:3:09e39d185998","endpoint_kind":"start","group_sequence":3,"group_id":null,"segment_kind":"solo","visual_lane_slot":0,"visual_z_order":190,"effective_render_key":"4|4-main|lane:0|z:190|color:#009952|kind:solo|style:subway-ribbon-v1","neighbor_debug_id":"4:4-main:group:2:c9dec0961d1f","neighbor_group_id":"group-4-5-6-4-5","neighbor_lane_slot":-1,"neighbor_effective_render_key":"4|4-main|lane:-1|z:189|color:#009952|kind:group|style:subway-ribbon-v1","handoff_node_id":"handoff-4-4-main--73.92735,40.81838","handoff_reason":"detected-corridor-exit","handoff_kind":"divergence","handoff_from_group_id":"group-4-5-6-4-5","handoff_to_group_id":null,"handoff_from_lane_slot":-1,"handoff_to_lane_slot":0,"source":"group-corridors-endpoint","feature_length_m":8766.74,"bbox_name":null},"geometry":{"type":"Point","coordinates":[-73.927351,40.818375]}},{"type":"Feature","properties":{"route_id":"4","visual_route_id":"4","visual_route_normalization_reason":"identity","display_route":"4","raw_route_ids":["4"],"raw_shape_ids":["4..N06R","4..N13R","4..N14R","4..N56R","4..N64R","4..S01R","4..S28R","4..S36R","4..S37R","4..S39R","4..S41R"],"visual_edge_ids":["4:414-415","4:413-414","4:412-413","4:411-412","4:410-411","4:409-410","4:408-409","4:407-408","4:406-407","4:405-406","4:402-405","4:401-402"],"edge_count":12,"from_stop_id":"415","to_stop_id":"401","from_stop_name":"149 St-Grand Concourse","to_stop_name":"Woodlawn","edge_sequence":41,"representative_edge_geometry_sources":["4..N13R"],"edge_geometry_confidence":"high","canonical_direction_id":"mixed","canonical_direction_count":2,"collapsed_direction_count":2,"direction_collapse_reason":"visual-edge-direction-collapse","representative_shape_id":"4..N13R","visual_branch_id":"4-main","debug_id":"4:4-main:solo:3:09e39d185998","endpoint_kind":"end","group_sequence":3,"group_id":null,"segment_kind":"solo","visual_lane_slot":0,"visual_z_order":190,"effective_render_key":"4|4-main|lane:0|z:190|color:#009952|kind:solo|style:subway-ribbon-v1","neighbor_debug_id":null,"neighbor_group_id":null,"neighbor_lane_slot":null,"neighbor_effective_render_key":null,"handoff_node_id":"terminal-4-4-main-end","handoff_reason":"terminal","handoff_kind":"terminal","handoff_from_group_id":null,"handoff_to_group_id":null,"handoff_from_lane_slot":0,"handoff_to_lane_slot":0,"source":"group-corridors-endpoint","feature_length_m":8766.74,"bbox_name":null},"geometry":{"type":"Point","coordinates":[-73.878751,40.886037]}},{"type":"Feature","properties":{"route_id":"5","visual_route_id":"5","visual_route_normalization_reason":"identity","display_route":"5","raw_route_ids":["5"],"raw_shape_ids":["5..N60R"],"visual_edge_ids":["5:256-257","5:255-256","5:254-255","5:253-254","5:252-253","5:251-252","5:250-251"],"edge_count":7,"from_stop_id":"257","to_stop_id":"250","from_stop_name":"New Lots Av","to_stop_name":"Crown Hts-Utica Av","edge_sequence":0,"representative_edge_geometry_sources":["5..N60R"],"edge_geometry_confidence":"medium","canonical_direction_id":"N","canonical_direction_count":1,"collapsed_direction_count":1,"direction_collapse_reason":"single-edge-direction","representative_shape_id":"5..N60R","visual_branch_id":"5-main","debug_id":"5:5-main:group:0:d868881636a3","endpoint_kind":"start","group_sequence":0,"group_id":"group-4-5-6-4-5","segment_kind":"group","visual_lane_slot":0,"visual_z_order":200,"effective_render_key":"5|5-main|lane:0|z:200|color:#009952|kind:group|style:subway-ribbon-v1","neighbor_debug_id":null,"neighbor_group_id":null,"neighbor_lane_slot":null,"neighbor_effective_render_key":null,"handoff_node_id":"terminal-5-5-main-start","handoff_reason":"terminal","handoff_kind":"terminal","handoff_from_group_id":null,"handoff_to_group_id":"group-4-5-6-4-5","handoff_from_lane_slot":0,"handoff_to_lane_slot":0,"source":"group-corridors-endpoint","feature_length_m":4585.11,"bbox_name":null},"geometry":{"type":"Point","coordinates":[-73.884079,40.666235]}},{"type":"Feature","properties":{"route_id":"5","visual_route_id":"5","visual_route_normalization_reason":"identity","display_route":"5","raw_route_ids":["5"],"raw_shape_ids":["5..N60R"],"visual_edge_ids":["5:256-257","5:255-256","5:254-255","5:253-254","5:252-253","5:251-252","5:250-251"],"edge_count":7,"from_stop_id":"257","to_stop_id":"250","from_stop_name":"New Lots Av","to_stop_name":"Crown Hts-Utica Av","edge_sequence":0,"representative_edge_geometry_sources":["5..N60R"],"edge_geometry_confidence":"medium","canonical_direction_id":"N","canonical_direction_count":1,"collapsed_direction_count":1,"direction_collapse_reason":"single-edge-direction","representative_shape_id":"5..N60R","visual_branch_id":"5-main","debug_id":"5:5-main:group:0:d868881636a3","endpoint_kind":"end","group_sequence":0,"group_id":"group-4-5-6-4-5","segment_kind":"group","visual_lane_slot":0,"visual_z_order":200,"effective_render_key":"5|5-main|lane:0|z:200|color:#009952|kind:group|style:subway-ribbon-v1","neighbor_debug_id":"5:5-main:group:1:0b3a6212797c","neighbor_group_id":"group-manual-eastern-pkwy-grand-army","neighbor_lane_slot":1.5,"neighbor_effective_render_key":"5|5-main|lane:1.5|z:288|color:#009952|kind:group|style:subway-ribbon-v1","handoff_node_id":"handoff-5-5-main--73.93294,40.66890","handoff_reason":"station-adjacent-membership-change","handoff_kind":"membership-change","handoff_from_group_id":"group-4-5-6-4-5","handoff_to_group_id":"group-manual-eastern-pkwy-grand-army","handoff_from_lane_slot":0,"handoff_to_lane_slot":1.5,"source":"group-corridors-endpoint","feature_length_m":4585.11,"bbox_name":"eastern-pkwy"},"geometry":{"type":"Point","coordinates":[-73.932942,40.668897]}},{"type":"Feature","properties":{"route_id":"5","visual_route_id":"5","visual_route_normalization_reason":"identity","display_route":"5","raw_route_ids":["5"],"raw_shape_ids":["5..N60R","5..N65R","5..N71R","5..N76R","5..N84R","5..N86R","5..N87R","5..S02R","5..S03R","5..S06R","5..S09R","5..S15R","5..S21R","5..S44R"],"visual_edge_ids":["5:249-250","5:248-249","5:239-248","5:235-239","5:234-235"],"edge_count":5,"from_stop_id":"250","to_stop_id":"234","from_stop_name":"Crown Hts-Utica Av","to_stop_name":"Nevins St","edge_sequence":7,"representative_edge_geometry_sources":["5..N60R"],"edge_geometry_confidence":"medium","canonical_direction_id":"mixed","canonical_direction_count":2,"collapsed_direction_count":2,"direction_collapse_reason":"single-edge-direction","representative_shape_id":"5..N60R","visual_branch_id":"5-main","debug_id":"5:5-main:group:1:0b3a6212797c","endpoint_kind":"start","group_sequence":1,"group_id":"group-manual-eastern-pkwy-grand-army","segment_kind":"group","visual_lane_slot":1.5,"visual_z_order":288,"effective_render_key":"5|5-main|lane:1.5|z:288|color:#009952|kind:group|style:subway-ribbon-v1","neighbor_debug_id":"5:5-main:group:0:d868881636a3","neighbor_group_id":"group-4-5-6-4-5","neighbor_lane_slot":0,"neighbor_effective_render_key":"5|5-main|lane:0|z:200|color:#009952|kind:group|style:subway-ribbon-v1","handoff_node_id":"handoff-5-5-main--73.93294,40.66890","handoff_reason":"station-adjacent-membership-change","handoff_kind":"membership-change","handoff_from_group_id":"group-4-5-6-4-5","handoff_to_group_id":"group-manual-eastern-pkwy-grand-army","handoff_from_lane_slot":0,"handoff_to_lane_slot":1.5,"source":"group-corridors-endpoint","feature_length_m":5033.59,"bbox_name":"eastern-pkwy"},"geometry":{"type":"Point","coordinates":[-73.932942,40.668897]}},{"type":"Feature","properties":{"route_id":"5","visual_route_id":"5","visual_route_normalization_reason":"identity","display_route":"5","raw_route_ids":["5"],"raw_shape_ids":["5..N60R","5..N65R","5..N71R","5..N76R","5..N84R","5..N86R","5..N87R","5..S02R","5..S03R","5..S06R","5..S09R","5..S15R","5..S21R","5..S44R"],"visual_edge_ids":["5:249-250","5:248-249","5:239-248","5:235-239","5:234-235"],"edge_count":5,"from_stop_id":"250","to_stop_id":"234","from_stop_name":"Crown Hts-Utica Av","to_stop_name":"Nevins St","edge_sequence":7,"representative_edge_geometry_sources":["5..N60R"],"edge_geometry_confidence":"medium","canonical_direction_id":"mixed","canonical_direction_count":2,"collapsed_direction_count":2,"direction_collapse_reason":"single-edge-direction","representative_shape_id":"5..N60R","visual_branch_id":"5-main","debug_id":"5:5-main:group:1:0b3a6212797c","endpoint_kind":"end","group_sequence":1,"group_id":"group-manual-eastern-pkwy-grand-army","segment_kind":"group","visual_lane_slot":1.5,"visual_z_order":288,"effective_render_key":"5|5-main|lane:1.5|z:288|color:#009952|kind:group|style:subway-ribbon-v1","neighbor_debug_id":"5:5-main:group:2:bf92dffa10e7","neighbor_group_id":"group-4-5-6-4-5","neighbor_lane_slot":0,"neighbor_effective_render_key":"5|5-main|lane:0|z:200|color:#009952|kind:group|style:subway-ribbon-v1","handoff_node_id":"handoff-5-5-main--73.98049,40.68825","handoff_reason":"station-adjacent-membership-change","handoff_kind":"membership-change","handoff_from_group_id":"group-manual-eastern-pkwy-grand-army","handoff_to_group_id":"group-4-5-6-4-5","handoff_from_lane_slot":1.5,"handoff_to_lane_slot":0,"source":"group-corridors-endpoint","feature_length_m":5033.59,"bbox_name":"lower-manhattan-river-crossings"},"geometry":{"type":"Point","coordinates":[-73.980492,40.688246]}},{"type":"Feature","properties":{"route_id":"5","visual_route_id":"5","visual_route_normalization_reason":"identity","display_route":"5","raw_route_ids":["5"],"raw_shape_ids":["5..N60R","5..N65R","5..N71R","5..N76R","5..N84R","5..N86R","5..N87R","5..S02R","5..S03R","5..S06R","5..S09R","5..S15R","5..S21R","5..S44R","5..N67R","5..N70R","5..N75R","5..N85R","5..S08R","5..S11R","5..S12R","5..S42R"],"visual_edge_ids":["5:234-423","5:420-423","5:419-420","5:418-419","5:418-640","5:635-640","5:631-635","5:629-631","5:626-629","5:621-626","5:416-621","5:222-416"],"edge_count":12,"from_stop_id":"234","to_stop_id":"222","from_stop_name":"Nevins St","to_stop_name":"149 St-Grand Concourse","edge_sequence":12,"representative_edge_geometry_sources":["5..N60R"],"edge_geometry_confidence":"high","canonical_direction_id":"mixed","canonical_direction_count":2,"collapsed_direction_count":2,"direction_collapse_reason":"visual-edge-direction-collapse","representative_shape_id":"5..N60R","visual_branch_id":"5-main","debug_id":"5:5-main:group:2:bf92dffa10e7","endpoint_kind":"start","group_sequence":2,"group_id":"group-4-5-6-4-5","segment_kind":"group","visual_lane_slot":0,"visual_z_order":200,"effective_render_key":"5|5-main|lane:0|z:200|color:#009952|kind:group|style:subway-ribbon-v1","neighbor_debug_id":"5:5-main:group:1:0b3a6212797c","neighbor_group_id":"group-manual-eastern-pkwy-grand-army","neighbor_lane_slot":1.5,"neighbor_effective_render_key":"5|5-main|lane:1.5|z:288|color:#009952|kind:group|style:subway-ribbon-v1","handoff_node_id":"handoff-5-5-main--73.98049,40.68825","handoff_reason":"station-adjacent-membership-change","handoff_kind":"membership-change","handoff_from_group_id":"group-manual-eastern-pkwy-grand-army","handoff_to_group_id":"group-4-5-6-4-5","handoff_from_lane_slot":1.5,"handoff_to_lane_slot":0,"source":"group-corridors-endpoint","feature_length_m":18639.13,"bbox_name":"lower-manhattan-river-crossings"},"geometry":{"type":"Point","coordinates":[-73.980492,40.688246]}},{"type":"Feature","properties":{"route_id":"5","visual_route_id":"5","visual_route_normalization_reason":"identity","display_route":"5","raw_route_ids":["5"],"raw_shape_ids":["5..N60R","5..N65R","5..N71R","5..N76R","5..N84R","5..N86R","5..N87R","5..S02R","5..S03R","5..S06R","5..S09R","5..S15R","5..S21R","5..S44R","5..N67R","5..N70R","5..N75R","5..N85R","5..S08R","5..S11R","5..S12R","5..S42R"],"visual_edge_ids":["5:234-423","5:420-423","5:419-420","5:418-419","5:418-640","5:635-640","5:631-635","5:629-631","5:626-629","5:621-626","5:416-621","5:222-416"],"edge_count":12,"from_stop_id":"234","to_stop_id":"222","from_stop_name":"Nevins St","to_stop_name":"149 St-Grand Concourse","edge_sequence":12,"representative_edge_geometry_sources":["5..N60R"],"edge_geometry_confidence":"high","canonical_direction_id":"mixed","canonical_direction_count":2,"collapsed_direction_count":2,"direction_collapse_reason":"visual-edge-direction-collapse","representative_shape_id":"5..N60R","visual_branch_id":"5-main","debug_id":"5:5-main:group:2:bf92dffa10e7","endpoint_kind":"end","group_sequence":2,"group_id":"group-4-5-6-4-5","segment_kind":"group","visual_lane_slot":0,"visual_z_order":200,"effective_render_key":"5|5-main|lane:0|z:200|color:#009952|kind:group|style:subway-ribbon-v1","neighbor_debug_id":"5:5-main:solo:3:93f8163e4116","neighbor_group_id":null,"neighbor_lane_slot":0,"neighbor_effective_render_key":"5|5-main|lane:0|z:200|color:#009952|kind:solo|style:subway-ribbon-v1","handoff_node_id":"handoff-5-5-main--73.92672,40.81841","handoff_reason":"detected-corridor-exit","handoff_kind":"divergence","handoff_from_group_id":"group-4-5-6-4-5","handoff_to_group_id":null,"handoff_from_lane_slot":0,"handoff_to_lane_slot":0,"source":"group-corridors-endpoint","feature_length_m":18639.13,"bbox_name":null},"geometry":{"type":"Point","coordinates":[-73.926718,40.81841]}},{"type":"Feature","properties":{"route_id":"5","visual_route_id":"5","visual_route_normalization_reason":"identity","display_route":"5","raw_route_ids":["5"],"raw_shape_ids":["5..N60R","5..N65R","5..N67R","5..N70R","5..N71R","5..N75R","5..N76R","5..N84R","5..N85R","5..N86R","5..N87R","5..S02R","5..S03R","5..S06R","5..S08R","5..S09R","5..S11R","5..S12R","5..S15R","5..S21R","5..S42R","5..S44R","5..N32R","5..S32R"],"visual_edge_ids":["5:221-222","5:220-221","5:219-220","5:218-219","5:217-218","5:216-217","5:215-216","5:214-215","5:213-214","5:213-505","5:504-505","5:503-504","5:502-503","5:501-502"],"edge_count":14,"from_stop_id":"222","to_stop_id":"501","from_stop_name":"149 St-Grand Concourse","to_stop_name":"Eastchester-Dyre Av","edge_sequence":24,"representative_edge_geometry_sources":["5..N60R"],"edge_geometry_confidence":"high","canonical_direction_id":"mixed","canonical_direction_count":2,"collapsed_direction_count":2,"direction_collapse_reason":"visual-edge-direction-collapse","representative_shape_id":"5..N60R","visual_branch_id":"5-main","debug_id":"5:5-main:solo:3:93f8163e4116","endpoint_kind":"start","group_sequence":3,"group_id":null,"segment_kind":"solo","visual_lane_slot":0,"visual_z_order":200,"effective_render_key":"5|5-main|lane:0|z:200|color:#009952|kind:solo|style:subway-ribbon-v1","neighbor_debug_id":"5:5-main:group:2:bf92dffa10e7","neighbor_group_id":"group-4-5-6-4-5","neighbor_lane_slot":0,"neighbor_effective_render_key":"5|5-main|lane:0|z:200|color:#009952|kind:group|style:subway-ribbon-v1","handoff_node_id":"handoff-5-5-main--73.92672,40.81841","handoff_reason":"detected-corridor-exit","handoff_kind":"divergence","handoff_from_group_id":"group-4-5-6-4-5","handoff_to_group_id":null,"handoff_from_lane_slot":0,"handoff_to_lane_slot":0,"source":"group-corridors-endpoint","feature_length_m":12475.09,"bbox_name":null},"geometry":{"type":"Point","coordinates":[-73.926718,40.81841]}},{"type":"Feature","properties":{"route_id":"5","visual_route_id":"5","visual_route_normalization_reason":"identity","display_route":"5","raw_route_ids":["5"],"raw_shape_ids":["5..N60R","5..N65R","5..N67R","5..N70R","5..N71R","5..N75R","5..N76R","5..N84R","5..N85R","5..N86R","5..N87R","5..S02R","5..S03R","5..S06R","5..S08R","5..S09R","5..S11R","5..S12R","5..S15R","5..S21R","5..S42R","5..S44R","5..N32R","5..S32R"],"visual_edge_ids":["5:221-222","5:220-221","5:219-220","5:218-219","5:217-218","5:216-217","5:215-216","5:214-215","5:213-214","5:213-505","5:504-505","5:503-504","5:502-503","5:501-502"],"edge_count":14,"from_stop_id":"222","to_stop_id":"501","from_stop_name":"149 St-Grand Concourse","to_stop_name":"Eastchester-Dyre Av","edge_sequence":24,"representative_edge_geometry_sources":["5..N60R"],"edge_geometry_confidence":"high","canonical_direction_id":"mixed","canonical_direction_count":2,"collapsed_direction_count":2,"direction_collapse_reason":"visual-edge-direction-collapse","representative_shape_id":"5..N60R","visual_branch_id":"5-main","debug_id":"5:5-main:solo:3:93f8163e4116","endpoint_kind":"end","group_sequence":3,"group_id":null,"segment_kind":"solo","visual_lane_slot":0,"visual_z_order":200,"effective_render_key":"5|5-main|lane:0|z:200|color:#009952|kind:solo|style:subway-ribbon-v1","neighbor_debug_id":null,"neighbor_group_id":null,"neighbor_lane_slot":null,"neighbor_effective_render_key":null,"handoff_node_id":"terminal-5-5-main-end","handoff_reason":"terminal","handoff_kind":"terminal","handoff_from_group_id":null,"handoff_to_group_id":null,"handoff_from_lane_slot":0,"handoff_to_lane_slot":0,"source":"group-corridors-endpoint","feature_length_m":12475.09,"bbox_name":null},"geometry":{"type":"Point","coordinates":[-73.830834,40.8883]}},{"type":"Feature","properties":{"route_id":"6","visual_route_id":"6","visual_route_normalization_reason":"express-variant-collapse","display_route":"6","raw_route_ids":["6","6X"],"raw_shape_ids":["6..N01R","6..N02R","6..N03R","6..N06R","6..S01R","6..S02R","6..S03R","6..S06R"],"visual_edge_ids":["6:639-640","6:638-639","6:637-638","6:636-637","6:635-636","6:634-635","6:633-634","6:632-633","6:631-632","6:630-631","6:629-630","6:628-629","6:627-628","6:626-627","6:625-626","6:624-625","6:623-624","6:622-623","6:621-622","6:619-621"],"edge_count":20,"from_stop_id":"640","to_stop_id":"619","from_stop_name":"Brooklyn Bridge-City Hall","to_stop_name":"3 Av-138 St","edge_sequence":0,"representative_edge_geometry_sources":["6..N01R"],"edge_geometry_confidence":"high","canonical_direction_id":"mixed","canonical_direction_count":2,"collapsed_direction_count":2,"direction_collapse_reason":"visual-edge-direction-collapse","representative_shape_id":"6..N01R","visual_branch_id":"6-main","debug_id":"6:6-main:group:0:73d0d0a7be95","endpoint_kind":"start","group_sequence":0,"group_id":"group-4-5-6-4-5-6","segment_kind":"group","visual_lane_slot":1,"visual_z_order":211,"effective_render_key":"6|6-main|lane:1|z:211|color:#009952|kind:group|style:subway-ribbon-v1","neighbor_debug_id":null,"neighbor_group_id":null,"neighbor_lane_slot":null,"neighbor_effective_render_key":null,"handoff_node_id":"terminal-6-6-main-start","handoff_reason":"terminal","handoff_kind":"terminal","handoff_from_group_id":null,"handoff_to_group_id":"group-4-5-6-4-5-6","handoff_from_lane_slot":0,"handoff_to_lane_slot":1,"source":"group-corridors-endpoint","feature_length_m":13236.59,"bbox_name":"chambers-park-place-wtc"},"geometry":{"type":"Point","coordinates":[-74.004131,40.713065]}},{"type":"Feature","properties":{"route_id":"6","visual_route_id":"6","visual_route_normalization_reason":"express-variant-collapse","display_route":"6","raw_route_ids":["6","6X"],"raw_shape_ids":["6..N01R","6..N02R","6..N03R","6..N06R","6..S01R","6..S02R","6..S03R","6..S06R"],"visual_edge_ids":["6:639-640","6:638-639","6:637-638","6:636-637","6:635-636","6:634-635","6:633-634","6:632-633","6:631-632","6:630-631","6:629-630","6:628-629","6:627-628","6:626-627","6:625-626","6:624-625","6:623-624","6:622-623","6:621-622","6:619-621"],"edge_count":20,"from_stop_id":"640","to_stop_id":"619","from_stop_name":"Brooklyn Bridge-City Hall","to_stop_name":"3 Av-138 St","edge_sequence":0,"representative_edge_geometry_sources":["6..N01R"],"edge_geometry_confidence":"high","canonical_direction_id":"mixed","canonical_direction_count":2,"collapsed_direction_count":2,"direction_collapse_reason":"visual-edge-direction-collapse","representative_shape_id":"6..N01R","visual_branch_id":"6-main","debug_id":"6:6-main:group:0:73d0d0a7be95","endpoint_kind":"end","group_sequence":0,"group_id":"group-4-5-6-4-5-6","segment_kind":"group","visual_lane_slot":1,"visual_z_order":211,"effective_render_key":"6|6-main|lane:1|z:211|color:#009952|kind:group|style:subway-ribbon-v1","neighbor_debug_id":"6:6-main:solo:1:7c737da333ce","neighbor_group_id":null,"neighbor_lane_slot":0,"neighbor_effective_render_key":"6|6-main|lane:0|z:210|color:#009952|kind:solo|style:subway-ribbon-v1","handoff_node_id":"handoff-6-6-main--73.92614,40.81048","handoff_reason":"detected-corridor-exit","handoff_kind":"divergence","handoff_from_group_id":"group-4-5-6-4-5-6","handoff_to_group_id":null,"handoff_from_lane_slot":1,"handoff_to_lane_slot":0,"source":"group-corridors-endpoint","feature_length_m":13236.59,"bbox_name":null},"geometry":{"type":"Point","coordinates":[-73.926138,40.810476]}},{"type":"Feature","properties":{"route_id":"6","visual_route_id":"6","visual_route_normalization_reason":"express-variant-collapse","display_route":"6","raw_route_ids":["6","6X"],"raw_shape_ids":["6..N01R","6..N03R","6..S01R","6..S03R","6..N02R","6..S02R"],"visual_edge_ids":["6:618-619","6:617-618","6:616-617","6:615-616","6:614-615","6:613-614","6:612-613","6:611-612","6:610-611","6:609-610","6:608-609","6:607-608","6:606-607","6:604-606","6:603-604","6:602-603","6:601-602"],"edge_count":17,"from_stop_id":"619","to_stop_id":"601","from_stop_name":"3 Av-138 St","to_stop_name":"Pelham Bay Park","edge_sequence":20,"representative_edge_geometry_sources":["6..N01R"],"edge_geometry_confidence":"high","canonical_direction_id":"mixed","canonical_direction_count":2,"collapsed_direction_count":2,"direction_collapse_reason":"visual-edge-direction-collapse","representative_shape_id":"6..N01R","visual_branch_id":"6-main","debug_id":"6:6-main:solo:1:7c737da333ce","endpoint_kind":"start","group_sequence":1,"group_id":null,"segment_kind":"solo","visual_lane_slot":0,"visual_z_order":210,"effective_render_key":"6|6-main|lane:0|z:210|color:#009952|kind:solo|style:subway-ribbon-v1","neighbor_debug_id":"6:6-main:group:0:73d0d0a7be95","neighbor_group_id":"group-4-5-6-4-5-6","neighbor_lane_slot":1,"neighbor_effective_render_key":"6|6-main|lane:1|z:211|color:#009952|kind:group|style:subway-ribbon-v1","handoff_node_id":"handoff-6-6-main--73.92614,40.81048","handoff_reason":"detected-corridor-exit","handoff_kind":"divergence","handoff_from_group_id":"group-4-5-6-4-5-6","handoff_to_group_id":null,"handoff_from_lane_slot":1,"handoff_to_lane_slot":0,"source":"group-corridors-endpoint","feature_length_m":10851.55,"bbox_name":null},"geometry":{"type":"Point","coordinates":[-73.926138,40.810476]}},{"type":"Feature","properties":{"route_id":"6","visual_route_id":"6","visual_route_normalization_reason":"express-variant-collapse","display_route":"6","raw_route_ids":["6","6X"],"raw_shape_ids":["6..N01R","6..N03R","6..S01R","6..S03R","6..N02R","6..S02R"],"visual_edge_ids":["6:618-619","6:617-618","6:616-617","6:615-616","6:614-615","6:613-614","6:612-613","6:611-612","6:610-611","6:609-610","6:608-609","6:607-608","6:606-607","6:604-606","6:603-604","6:602-603","6:601-602"],"edge_count":17,"from_stop_id":"619","to_stop_id":"601","from_stop_name":"3 Av-138 St","to_stop_name":"Pelham Bay Park","edge_sequence":20,"representative_edge_geometry_sources":["6..N01R"],"edge_geometry_confidence":"high","canonical_direction_id":"mixed","canonical_direction_count":2,"collapsed_direction_count":2,"direction_collapse_reason":"visual-edge-direction-collapse","representative_shape_id":"6..N01R","visual_branch_id":"6-main","debug_id":"6:6-main:solo:1:7c737da333ce","endpoint_kind":"end","group_sequence":1,"group_id":null,"segment_kind":"solo","visual_lane_slot":0,"visual_z_order":210,"effective_render_key":"6|6-main|lane:0|z:210|color:#009952|kind:solo|style:subway-ribbon-v1","neighbor_debug_id":null,"neighbor_group_id":null,"neighbor_lane_slot":null,"neighbor_effective_render_key":null,"handoff_node_id":"terminal-6-6-main-end","handoff_reason":"terminal","handoff_kind":"terminal","handoff_from_group_id":null,"handoff_to_group_id":null,"handoff_from_lane_slot":0,"handoff_to_lane_slot":0,"source":"group-corridors-endpoint","feature_length_m":10851.55,"bbox_name":null},"geometry":{"type":"Point","coordinates":[-73.828121,40.852462]}},{"type":"Feature","properties":{"route_id":"7","visual_route_id":"7","visual_route_normalization_reason":"express-variant-collapse","display_route":"7","raw_route_ids":["7","7X"],"raw_shape_ids":["7..N26R","7..N96R","7..N97R","7..S35R","7..S36R","7..S37R","7..S38R"],"visual_edge_ids":["7:725-726","7:724-725","7:723-724","7:721-723","7:720-721","7:719-720","7:718-719","7:716-718","7:715-716","7:714-715","7:713-714","7:712-713","7:711-712","7:710-711","7:709-710","7:708-709","7:707-708","7:706-707","7:705-706","7:702-705","7:701-702"],"edge_count":21,"from_stop_id":"726","to_stop_id":"701","from_stop_name":"34 St-Hudson Yards","to_stop_name":"Flushing-Main St","edge_sequence":0,"representative_edge_geometry_sources":["7..N97R"],"edge_geometry_confidence":"high","canonical_direction_id":"mixed","canonical_direction_count":2,"collapsed_direction_count":2,"direction_collapse_reason":"visual-edge-direction-collapse","representative_shape_id":"7..N97R","visual_branch_id":"7-main","debug_id":"7:7-main:solo:0:c018f2f66ac6","endpoint_kind":"start","group_sequence":0,"group_id":null,"segment_kind":"solo","visual_lane_slot":0,"visual_z_order":250,"effective_render_key":"7|7-main|lane:0|z:250|color:#9A38A1|kind:solo|style:subway-ribbon-v1","neighbor_debug_id":null,"neighbor_group_id":null,"neighbor_lane_slot":null,"neighbor_effective_render_key":null,"handoff_node_id":"terminal-7-7-main-start","handoff_reason":"terminal","handoff_kind":"terminal","handoff_from_group_id":null,"handoff_to_group_id":null,"handoff_from_lane_slot":0,"handoff_to_lane_slot":0,"source":"group-corridors-endpoint","feature_length_m":16545.73,"bbox_name":null},"geometry":{"type":"Point","coordinates":[-74.00191,40.755882]}},{"type":"Feature","properties":{"route_id":"7","visual_route_id":"7","visual_route_normalization_reason":"express-variant-collapse","display_route":"7","raw_route_ids":["7","7X"],"raw_shape_ids":["7..N26R","7..N96R","7..N97R","7..S35R","7..S36R","7..S37R","7..S38R"],"visual_edge_ids":["7:725-726","7:724-725","7:723-724","7:721-723","7:720-721","7:719-720","7:718-719","7:716-718","7:715-716","7:714-715","7:713-714","7:712-713","7:711-712","7:710-711","7:709-710","7:708-709","7:707-708","7:706-707","7:705-706","7:702-705","7:701-702"],"edge_count":21,"from_stop_id":"726","to_stop_id":"701","from_stop_name":"34 St-Hudson Yards","to_stop_name":"Flushing-Main St","edge_sequence":0,"representative_edge_geometry_sources":["7..N97R"],"edge_geometry_confidence":"high","canonical_direction_id":"mixed","canonical_direction_count":2,"collapsed_direction_count":2,"direction_collapse_reason":"visual-edge-direction-collapse","representative_shape_id":"7..N97R","visual_branch_id":"7-main","debug_id":"7:7-main:solo:0:c018f2f66ac6","endpoint_kind":"end","group_sequence":0,"group_id":null,"segment_kind":"solo","visual_lane_slot":0,"visual_z_order":250,"effective_render_key":"7|7-main|lane:0|z:250|color:#9A38A1|kind:solo|style:subway-ribbon-v1","neighbor_debug_id":null,"neighbor_group_id":null,"neighbor_lane_slot":null,"neighbor_effective_render_key":null,"handoff_node_id":"terminal-7-7-main-end","handoff_reason":"terminal","handoff_kind":"terminal","handoff_from_group_id":null,"handoff_to_group_id":null,"handoff_from_lane_slot":0,"handoff_to_lane_slot":0,"source":"group-corridors-endpoint","feature_length_m":16545.73,"bbox_name":null},"geometry":{"type":"Point","coordinates":[-73.83003,40.7596]}},{"type":"Feature","properties":{"route_id":"A","visual_route_id":"A","visual_route_normalization_reason":"identity","display_route":"A","raw_route_ids":["A"],"raw_shape_ids":["A..N09R","A..N58R","A..N82R","A..N85R","A..S16R","A..S56R","A..S74R","A..N60R","A..N65R","A..S78R","A..S87R","A..N43R","A..N54R","A..S43R","A..S57R","A..S70R"],"visual_edge_ids":["a:H10-H11","a:H09-H10","a:H08-H09","a:H07-H08","a:H06-H07","a:H04-H06","a:H03-H04","a:H02-H03","a:H01-H02","a:A61-H01","a:A60-A61","a:A59-A60","a:A57-A59","a:A55-A57"],"edge_count":14,"from_stop_id":"H11","to_stop_id":"A55","from_stop_name":"Far Rockaway-Mott Av","to_stop_name":"Euclid Av","edge_sequence":0,"representative_edge_geometry_sources":["A..N09R"],"edge_geometry_confidence":"high","canonical_direction_id":"mixed","canonical_direction_count":2,"collapsed_direction_count":2,"direction_collapse_reason":"visual-edge-direction-collapse","representative_shape_id":"A..N09R","visual_branch_id":"a-main","debug_id":"A:a-main:solo:0:06f91ed52cce","endpoint_kind":"start","group_sequence":0,"group_id":null,"segment_kind":"solo","visual_lane_slot":0,"visual_z_order":70,"effective_render_key":"A|a-main|lane:0|z:70|color:#0062CF|kind:solo|style:subway-ribbon-v1","neighbor_debug_id":null,"neighbor_group_id":null,"neighbor_lane_slot":null,"neighbor_effective_render_key":null,"handoff_node_id":"terminal-a-a-main-start","handoff_reason":"terminal","handoff_kind":"terminal","handoff_from_group_id":null,"handoff_to_group_id":null,"handoff_from_lane_slot":0,"handoff_to_lane_slot":0,"source":"group-corridors-endpoint","feature_length_m":18104.85,"bbox_name":null},"geometry":{"type":"Point","coordinates":[-73.755405,40.603995]}},{"type":"Feature","properties":{"route_id":"A","visual_route_id":"A","visual_route_normalization_reason":"identity","display_route":"A","raw_route_ids":["A"],"raw_shape_ids":["A..N09R","A..N58R","A..N82R","A..N85R","A..S16R","A..S56R","A..S74R","A..N60R","A..N65R","A..S78R","A..S87R","A..N43R","A..N54R","A..S43R","A..S57R","A..S70R"],"visual_edge_ids":["a:H10-H11","a:H09-H10","a:H08-H09","a:H07-H08","a:H06-H07","a:H04-H06","a:H03-H04","a:H02-H03","a:H01-H02","a:A61-H01","a:A60-A61","a:A59-A60","a:A57-A59","a:A55-A57"],"edge_count":14,"from_stop_id":"H11","to_stop_id":"A55","from_stop_name":"Far Rockaway-Mott Av","to_stop_name":"Euclid Av","edge_sequence":0,"representative_edge_geometry_sources":["A..N09R"],"edge_geometry_confidence":"high","canonical_direction_id":"mixed","canonical_direction_count":2,"collapsed_direction_count":2,"direction_collapse_reason":"visual-edge-direction-collapse","representative_shape_id":"A..N09R","visual_branch_id":"a-main","debug_id":"A:a-main:solo:0:06f91ed52cce","endpoint_kind":"end","group_sequence":0,"group_id":null,"segment_kind":"solo","visual_lane_slot":0,"visual_z_order":70,"effective_render_key":"A|a-main|lane:0|z:70|color:#0062CF|kind:solo|style:subway-ribbon-v1","neighbor_debug_id":"A:a-main:group:1:c7538f60f339","neighbor_group_id":"group-a-c-e-a-c","neighbor_lane_slot":-1,"neighbor_effective_render_key":"A|a-main|lane:-1|z:69|color:#0062CF|kind:group|style:subway-ribbon-v1","handoff_node_id":"handoff-a-a-main--73.87211,40.67538","handoff_reason":"detected-corridor-entry","handoff_kind":"merge","handoff_from_group_id":null,"handoff_to_group_id":"group-a-c-e-a-c","handoff_from_lane_slot":0,"handoff_to_lane_slot":-1,"source":"group-corridors-endpoint","feature_length_m":18104.85,"bbox_name":null},"geometry":{"type":"Point","coordinates":[-73.872106,40.675377]}},{"type":"Feature","properties":{"route_id":"A","visual_route_id":"A","visual_route_normalization_reason":"identity","display_route":"A","raw_route_ids":["A"],"raw_shape_ids":["A..N09R","A..S74R","A..N54R","A..N60R","A..N65R","A..N82R","A..N85R","A..S51R","A..S56R","A..S57R","A..S70R","A..S78R","A..S87R"],"visual_edge_ids":["a:A54-A55","a:A53-A54","a:A52-A53","a:A51-A52","a:A50-A51","a:A49-A50","a:A48-A49","a:A47-A48","a:A46-A47","a:A45-A46","a:A44-A45","a:A43-A44","a:A42-A43","a:A41-A42","a:A40-A41","a:A38-A40","a:A36-A38","a:A34-A36","a:A33-A34","a:A32-A33","a:A31-A32","a:A30-A31","a:A28-A30","a:A27-A28","a:A25-A27","a:A24-A25","a:A22-A24","a:A21-A22","a:A20-A21","a:A19-A20","a:A18-A19","a:A17-A18","a:A16-A17","a:A15-A16","a:A14-A15","a:A12-A14","a:A11-A12","a:A10-A11","a:A09-A10"],"edge_count":39,"from_stop_id":"A55","to_stop_id":"A09","from_stop_name":"Euclid Av","to_stop_name":"168 St","edge_sequence":14,"representative_edge_geometry_sources":["A..N09R"],"edge_geometry_confidence":"high","canonical_direction_id":"mixed","canonical_direction_count":2,"collapsed_direction_count":2,"direction_collapse_reason":"visual-edge-direction-collapse","representative_shape_id":"A..N09R","visual_branch_id":"a-main","debug_id":"A:a-main:group:1:c7538f60f339","endpoint_kind":"start","group_sequence":1,"group_id":"group-a-c-e-a-c","segment_kind":"group","visual_lane_slot":-1,"visual_z_order":69,"effective_render_key":"A|a-main|lane:-1|z:69|color:#0062CF|kind:group|style:subway-ribbon-v1","neighbor_debug_id":"A:a-main:solo:0:06f91ed52cce","neighbor_group_id":null,"neighbor_lane_slot":0,"neighbor_effective_render_key":"A|a-main|lane:0|z:70|color:#0062CF|kind:solo|style:subway-ribbon-v1","handoff_node_id":"handoff-a-a-main--73.87211,40.67538","handoff_reason":"detected-corridor-entry","handoff_kind":"merge","handoff_from_group_id":null,"handoff_to_group_id":"group-a-c-e-a-c","handoff_from_lane_slot":0,"handoff_to_lane_slot":-1,"source":"group-corridors-endpoint","feature_length_m":29933.53,"bbox_name":null},"geometry":{"type":"Point","coordinates":[-73.872106,40.675377]}},{"type":"Feature","properties":{"route_id":"A","visual_route_id":"A","visual_route_normalization_reason":"identity","display_route":"A","raw_route_ids":["A"],"raw_shape_ids":["A..N09R","A..S74R","A..N54R","A..N60R","A..N65R","A..N82R","A..N85R","A..S51R","A..S56R","A..S57R","A..S70R","A..S78R","A..S87R"],"visual_edge_ids":["a:A54-A55","a:A53-A54","a:A52-A53","a:A51-A52","a:A50-A51","a:A49-A50","a:A48-A49","a:A47-A48","a:A46-A47","a:A45-A46","a:A44-A45","a:A43-A44","a:A42-A43","a:A41-A42","a:A40-A41","a:A38-A40","a:A36-A38","a:A34-A36","a:A33-A34","a:A32-A33","a:A31-A32","a:A30-A31","a:A28-A30","a:A27-A28","a:A25-A27","a:A24-A25","a:A22-A24","a:A21-A22","a:A20-A21","a:A19-A20","a:A18-A19","a:A17-A18","a:A16-A17","a:A15-A16","a:A14-A15","a:A12-A14","a:A11-A12","a:A10-A11","a:A09-A10"],"edge_count":39,"from_stop_id":"A55","to_stop_id":"A09","from_stop_name":"Euclid Av","to_stop_name":"168 St","edge_sequence":14,"representative_edge_geometry_sources":["A..N09R"],"edge_geometry_confidence":"high","canonical_direction_id":"mixed","canonical_direction_count":2,"collapsed_direction_count":2,"direction_collapse_reason":"visual-edge-direction-collapse","representative_shape_id":"A..N09R","visual_branch_id":"a-main","debug_id":"A:a-main:group:1:c7538f60f339","endpoint_kind":"end","group_sequence":1,"group_id":"group-a-c-e-a-c","segment_kind":"group","visual_lane_slot":-1,"visual_z_order":69,"effective_render_key":"A|a-main|lane:-1|z:69|color:#0062CF|kind:group|style:subway-ribbon-v1","neighbor_debug_id":"A:a-main:solo:2:ec50d6a4d931","neighbor_group_id":null,"neighbor_lane_slot":0,"neighbor_effective_render_key":"A|a-main|lane:0|z:70|color:#0062CF|kind:solo|style:subway-ribbon-v1","handoff_node_id":"handoff-a-a-main--73.93956,40.84072","handoff_reason":"detected-corridor-exit","handoff_kind":"divergence","handoff_from_group_id":"group-a-c-e-a-c","handoff_to_group_id":null,"handoff_from_lane_slot":-1,"handoff_to_lane_slot":0,"source":"group-corridors-endpoint","feature_length_m":29933.53,"bbox_name":null},"geometry":{"type":"Point","coordinates":[-73.939561,40.840719]}},{"type":"Feature","properties":{"route_id":"A","visual_route_id":"A","visual_route_normalization_reason":"identity","display_route":"A","raw_route_ids":["A"],"raw_shape_ids":["A..N09R","A..N54R","A..N60R","A..N65R","A..N82R","A..S51R","A..S56R","A..S57R","A..S70R","A..S74R","A..S78R"],"visual_edge_ids":["a:A07-A09","a:A06-A07","a:A05-A06","a:A03-A05","a:A02-A03"],"edge_count":5,"from_stop_id":"A09","to_stop_id":"A02","from_stop_name":"168 St","to_stop_name":"Inwood-207 St","edge_sequence":53,"representative_edge_geometry_sources":["A..N09R"],"edge_geometry_confidence":"high","canonical_direction_id":"mixed","canonical_direction_count":2,"collapsed_direction_count":2,"direction_collapse_reason":"visual-edge-direction-collapse","representative_shape_id":"A..N09R","visual_branch_id":"a-main","debug_id":"A:a-main:solo:2:ec50d6a4d931","endpoint_kind":"start","group_sequence":2,"group_id":null,"segment_kind":"solo","visual_lane_slot":0,"visual_z_order":70,"effective_render_key":"A|a-main|lane:0|z:70|color:#0062CF|kind:solo|style:subway-ribbon-v1","neighbor_debug_id":"A:a-main:group:1:c7538f60f339","neighbor_group_id":"group-a-c-e-a-c","neighbor_lane_slot":-1,"neighbor_effective_render_key":"A|a-main|lane:-1|z:69|color:#0062CF|kind:group|style:subway-ribbon-v1","handoff_node_id":"handoff-a-a-main--73.93956,40.84072","handoff_reason":"detected-corridor-exit","handoff_kind":"divergence","handoff_from_group_id":"group-a-c-e-a-c","handoff_to_group_id":null,"handoff_from_lane_slot":-1,"handoff_to_lane_slot":0,"source":"group-corridors-endpoint","feature_length_m":3790.6,"bbox_name":null},"geometry":{"type":"Point","coordinates":[-73.939561,40.840719]}},{"type":"Feature","properties":{"route_id":"A","visual_route_id":"A","visual_route_normalization_reason":"identity","display_route":"A","raw_route_ids":["A"],"raw_shape_ids":["A..N09R","A..N54R","A..N60R","A..N65R","A..N82R","A..S51R","A..S56R","A..S57R","A..S70R","A..S74R","A..S78R"],"visual_edge_ids":["a:A07-A09","a:A06-A07","a:A05-A06","a:A03-A05","a:A02-A03"],"edge_count":5,"from_stop_id":"A09","to_stop_id":"A02","from_stop_name":"168 St","to_stop_name":"Inwood-207 St","edge_sequence":53,"representative_edge_geometry_sources":["A..N09R"],"edge_geometry_confidence":"high","canonical_direction_id":"mixed","canonical_direction_count":2,"collapsed_direction_count":2,"direction_collapse_reason":"visual-edge-direction-collapse","representative_shape_id":"A..N09R","visual_branch_id":"a-main","debug_id":"A:a-main:solo:2:ec50d6a4d931","endpoint_kind":"end","group_sequence":2,"group_id":null,"segment_kind":"solo","visual_lane_slot":0,"visual_z_order":70,"effective_render_key":"A|a-main|lane:0|z:70|color:#0062CF|kind:solo|style:subway-ribbon-v1","neighbor_debug_id":null,"neighbor_group_id":null,"neighbor_lane_slot":null,"neighbor_effective_render_key":null,"handoff_node_id":"terminal-a-a-main-end","handoff_reason":"terminal","handoff_kind":"terminal","handoff_from_group_id":null,"handoff_to_group_id":null,"handoff_from_lane_slot":0,"handoff_to_lane_slot":0,"source":"group-corridors-endpoint","feature_length_m":3790.6,"bbox_name":null},"geometry":{"type":"Point","coordinates":[-73.919899,40.868072]}},{"type":"Feature","properties":{"route_id":"B","visual_route_id":"B","visual_route_normalization_reason":"identity","display_route":"B","raw_route_ids":["B"],"raw_shape_ids":["B..N60R","B..N65R","B..N66R","B..S65R","B..S66R"],"visual_edge_ids":["b:D39-D40","b:D35-D39","b:D31-D35","b:D28-D31","b:D26-D28","b:D25-D26"],"edge_count":6,"from_stop_id":"D40","to_stop_id":"D25","from_stop_name":"Brighton Beach","to_stop_name":"7 Av","edge_sequence":0,"representative_edge_geometry_sources":["B..N65R"],"edge_geometry_confidence":"high","canonical_direction_id":"mixed","canonical_direction_count":2,"collapsed_direction_count":2,"direction_collapse_reason":"visual-edge-direction-collapse","representative_shape_id":"B..N65R","visual_branch_id":"b-main","debug_id":"B:b-main:group:0:2d148b879097","endpoint_kind":"start","group_sequence":0,"group_id":"group-manual-brighton-bq-brooklyn","segment_kind":"group","visual_lane_slot":-0.5,"visual_z_order":295,"effective_render_key":"B|b-main|lane:-0.5|z:295|color:#EB6800|kind:group|style:subway-ribbon-v1","neighbor_debug_id":null,"neighbor_group_id":null,"neighbor_lane_slot":null,"neighbor_effective_render_key":null,"handoff_node_id":"terminal-b-b-main-start","handoff_reason":"terminal","handoff_kind":"terminal","handoff_from_group_id":null,"handoff_to_group_id":"group-manual-brighton-bq-brooklyn","handoff_from_lane_slot":0,"handoff_to_lane_slot":-0.5,"source":"group-corridors-endpoint","feature_length_m":11571.93,"bbox_name":null},"geometry":{"type":"Point","coordinates":[-73.961376,40.577621]}},{"type":"Feature","properties":{"route_id":"B","visual_route_id":"B","visual_route_normalization_reason":"identity","display_route":"B","raw_route_ids":["B"],"raw_shape_ids":["B..N60R","B..N65R","B..N66R","B..S65R","B..S66R"],"visual_edge_ids":["b:D39-D40","b:D35-D39","b:D31-D35","b:D28-D31","b:D26-D28","b:D25-D26"],"edge_count":6,"from_stop_id":"D40","to_stop_id":"D25","from_stop_name":"Brighton Beach","to_stop_name":"7 Av","edge_sequence":0,"representative_edge_geometry_sources":["B..N65R"],"edge_geometry_confidence":"high","canonical_direction_id":"mixed","canonical_direction_count":2,"collapsed_direction_count":2,"direction_collapse_reason":"visual-edge-direction-collapse","representative_shape_id":"B..N65R","visual_branch_id":"b-main","debug_id":"B:b-main:group:0:2d148b879097","endpoint_kind":"end","group_sequence":0,"group_id":"group-manual-brighton-bq-brooklyn","segment_kind":"group","visual_lane_slot":-0.5,"visual_z_order":295,"effective_render_key":"B|b-main|lane:-0.5|z:295|color:#EB6800|kind:group|style:subway-ribbon-v1","neighbor_debug_id":"B:b-main:group:1:c42b2a0b3067","neighbor_group_id":"group-manual-dekalb-atlantic","neighbor_lane_slot":-0.25,"neighbor_effective_render_key":"B|b-main|lane:-0.25|z:304|color:#EB6800|kind:group|style:subway-ribbon-v1","handoff_node_id":"handoff-b-b-main--73.97237,40.67705","handoff_reason":"station-adjacent-membership-change","handoff_kind":"membership-change","handoff_from_group_id":"group-manual-brighton-bq-brooklyn","handoff_to_group_id":"group-manual-dekalb-atlantic","handoff_from_lane_slot":-0.5,"handoff_to_lane_slot":-0.25,"source":"group-corridors-endpoint","feature_length_m":11571.93,"bbox_name":"dekalb-atlantic-barclays"},"geometry":{"type":"Point","coordinates":[-73.972367,40.67705]}},{"type":"Feature","properties":{"route_id":"B","visual_route_id":"B","visual_route_normalization_reason":"identity","display_route":"B","raw_route_ids":["B"],"raw_shape_ids":["B..N60R","B..N65R","B..N66R","B..S65R","B..S66R"],"visual_edge_ids":["b:D24-D25","b:D24-R30"],"edge_count":2,"from_stop_id":"D25","to_stop_id":"R30","from_stop_name":"7 Av","to_stop_name":"DeKalb Av","edge_sequence":6,"representative_edge_geometry_sources":["B..N65R"],"edge_geometry_confidence":"high","canonical_direction_id":"mixed","canonical_direction_count":2,"collapsed_direction_count":2,"direction_collapse_reason":"visual-edge-direction-collapse","representative_shape_id":"B..N65R","visual_branch_id":"b-main","debug_id":"B:b-main:group:1:c42b2a0b3067","endpoint_kind":"start","group_sequence":1,"group_id":"group-manual-dekalb-atlantic","segment_kind":"group","visual_lane_slot":-0.25,"visual_z_order":304,"effective_render_key":"B|b-main|lane:-0.25|z:304|color:#EB6800|kind:group|style:subway-ribbon-v1","neighbor_debug_id":"B:b-main:group:0:2d148b879097","neighbor_group_id":"group-manual-brighton-bq-brooklyn","neighbor_lane_slot":-0.5,"neighbor_effective_render_key":"B|b-main|lane:-0.5|z:295|color:#EB6800|kind:group|style:subway-ribbon-v1","handoff_node_id":"handoff-b-b-main--73.97237,40.67705","handoff_reason":"station-adjacent-membership-change","handoff_kind":"membership-change","handoff_from_group_id":"group-manual-brighton-bq-brooklyn","handoff_to_group_id":"group-manual-dekalb-atlantic","handoff_from_lane_slot":-0.5,"handoff_to_lane_slot":-0.25,"source":"group-corridors-endpoint","feature_length_m":1787.79,"bbox_name":"dekalb-atlantic-barclays"},"geometry":{"type":"Point","coordinates":[-73.972367,40.67705]}},{"type":"Feature","properties":{"route_id":"B","visual_route_id":"B","visual_route_normalization_reason":"identity","display_route":"B","raw_route_ids":["B"],"raw_shape_ids":["B..N60R","B..N65R","B..N66R","B..S65R","B..S66R"],"visual_edge_ids":["b:D24-D25","b:D24-R30"],"edge_count":2,"from_stop_id":"D25","to_stop_id":"R30","from_stop_name":"7 Av","to_stop_name":"DeKalb Av","edge_sequence":6,"representative_edge_geometry_sources":["B..N65R"],"edge_geometry_confidence":"high","canonical_direction_id":"mixed","canonical_direction_count":2,"collapsed_direction_count":2,"direction_collapse_reason":"visual-edge-direction-collapse","representative_shape_id":"B..N65R","visual_branch_id":"b-main","debug_id":"B:b-main:group:1:c42b2a0b3067","endpoint_kind":"end","group_sequence":1,"group_id":"group-manual-dekalb-atlantic","segment_kind":"group","visual_lane_slot":-0.25,"visual_z_order":304,"effective_render_key":"B|b-main|lane:-0.25|z:304|color:#EB6800|kind:group|style:subway-ribbon-v1","neighbor_debug_id":"B:b-main:group:2:a90fe5f9cc1b","neighbor_group_id":"group-b-d-f-m-b-d","neighbor_lane_slot":-1.5,"neighbor_effective_render_key":"B|b-main|lane:-1.5|z:118.5|color:#EB6800|kind:group|style:subway-ribbon-v1","handoff_node_id":"handoff-b-b-main--73.98182,40.69064","handoff_reason":"station-adjacent-membership-change","handoff_kind":"membership-change","handoff_from_group_id":"group-manual-dekalb-atlantic","handoff_to_group_id":"group-b-d-f-m-b-d","handoff_from_lane_slot":-0.25,"handoff_to_lane_slot":-1.5,"source":"group-corridors-endpoint","feature_length_m":1787.79,"bbox_name":"lower-manhattan-river-crossings"},"geometry":{"type":"Point","coordinates":[-73.981824,40.690635]}},{"type":"Feature","properties":{"route_id":"B","visual_route_id":"B","visual_route_normalization_reason":"identity","display_route":"B","raw_route_ids":["B"],"raw_shape_ids":["B..N60R","B..N65R","B..N66R","B..S65R","B..S66R"],"visual_edge_ids":["b:D22-R30"],"edge_count":1,"from_stop_id":"R30","to_stop_id":"D22","from_stop_name":"DeKalb Av","to_stop_name":"Grand St","edge_sequence":8,"representative_edge_geometry_sources":["B..N65R"],"edge_geometry_confidence":"high","canonical_direction_id":"mixed","canonical_direction_count":2,"collapsed_direction_count":2,"direction_collapse_reason":"visual-edge-direction-collapse","representative_shape_id":"B..N65R","visual_branch_id":"b-main","debug_id":"B:b-main:group:2:a90fe5f9cc1b","endpoint_kind":"start","group_sequence":2,"group_id":"group-b-d-f-m-b-d","segment_kind":"group","visual_lane_slot":-1.5,"visual_z_order":118.5,"effective_render_key":"B|b-main|lane:-1.5|z:118.5|color:#EB6800|kind:group|style:subway-ribbon-v1","neighbor_debug_id":"B:b-main:group:1:c42b2a0b3067","neighbor_group_id":"group-manual-dekalb-atlantic","neighbor_lane_slot":-0.25,"neighbor_effective_render_key":"B|b-main|lane:-0.25|z:304|color:#EB6800|kind:group|style:subway-ribbon-v1","handoff_node_id":"handoff-b-b-main--73.98182,40.69064","handoff_reason":"station-adjacent-membership-change","handoff_kind":"membership-change","handoff_from_group_id":"group-manual-dekalb-atlantic","handoff_to_group_id":"group-b-d-f-m-b-d","handoff_from_lane_slot":-0.25,"handoff_to_lane_slot":-1.5,"source":"group-corridors-endpoint","feature_length_m":3311.52,"bbox_name":"lower-manhattan-river-crossings"},"geometry":{"type":"Point","coordinates":[-73.981824,40.690635]}},{"type":"Feature","properties":{"route_id":"B","visual_route_id":"B","visual_route_normalization_reason":"identity","display_route":"B","raw_route_ids":["B"],"raw_shape_ids":["B..N60R","B..N65R","B..N66R","B..S65R","B..S66R"],"visual_edge_ids":["b:D22-R30"],"edge_count":1,"from_stop_id":"R30","to_stop_id":"D22","from_stop_name":"DeKalb Av","to_stop_name":"Grand St","edge_sequence":8,"representative_edge_geometry_sources":["B..N65R"],"edge_geometry_confidence":"high","canonical_direction_id":"mixed","canonical_direction_count":2,"collapsed_direction_count":2,"direction_collapse_reason":"visual-edge-direction-collapse","representative_shape_id":"B..N65R","visual_branch_id":"b-main","debug_id":"B:b-main:group:2:a90fe5f9cc1b","endpoint_kind":"end","group_sequence":2,"group_id":"group-b-d-f-m-b-d","segment_kind":"group","visual_lane_slot":-1.5,"visual_z_order":118.5,"effective_render_key":"B|b-main|lane:-1.5|z:118.5|color:#EB6800|kind:group|style:subway-ribbon-v1","neighbor_debug_id":"B:b-main:group:3:84e98648e37a","neighbor_group_id":"group-manual-6av-orange-trunk","neighbor_lane_slot":-1.5,"neighbor_effective_render_key":"B|b-main|lane:-1.5|z:220|color:#EB6800|kind:group|style:subway-ribbon-v1","handoff_node_id":"handoff-b-b-main--73.99385,40.71830","handoff_reason":"station-adjacent-membership-change","handoff_kind":"membership-change","handoff_from_group_id":"group-b-d-f-m-b-d","handoff_to_group_id":"group-manual-6av-orange-trunk","handoff_from_lane_slot":-1.5,"handoff_to_lane_slot":-1.5,"source":"group-corridors-endpoint","feature_length_m":3311.52,"bbox_name":"canal-broadway-lafayette"},"geometry":{"type":"Point","coordinates":[-73.99385236827617,40.71829639771456]}},{"type":"Feature","properties":{"route_id":"B","visual_route_id":"B","visual_route_normalization_reason":"identity","display_route":"B","raw_route_ids":["B"],"raw_shape_ids":["B..N60R","B..N65R","B..N66R","B..S65R","B..S66R"],"visual_edge_ids":["b:D21-D22","b:D20-D21","b:D17-D20","b:D16-D17","b:D15-D16","b:D14-D15","b:A24-D14"],"edge_count":7,"from_stop_id":"D22","to_stop_id":"A24","from_stop_name":"Grand St","to_stop_name":"59 St-Columbus Circle","edge_sequence":9,"representative_edge_geometry_sources":["B..N65R"],"edge_geometry_confidence":"high","canonical_direction_id":"mixed","canonical_direction_count":2,"collapsed_direction_count":2,"direction_collapse_reason":"visual-edge-direction-collapse","representative_shape_id":"B..N65R","visual_branch_id":"b-main","debug_id":"B:b-main:group:3:84e98648e37a","endpoint_kind":"start","group_sequence":3,"group_id":"group-manual-6av-orange-trunk","segment_kind":"group","visual_lane_slot":-1.5,"visual_z_order":220,"effective_render_key":"B|b-main|lane:-1.5|z:220|color:#EB6800|kind:group|style:subway-ribbon-v1","neighbor_debug_id":"B:b-main:group:2:a90fe5f9cc1b","neighbor_group_id":"group-b-d-f-m-b-d","neighbor_lane_slot":-1.5,"neighbor_effective_render_key":"B|b-main|lane:-1.5|z:118.5|color:#EB6800|kind:group|style:subway-ribbon-v1","handoff_node_id":"handoff-b-b-main--73.99385,40.71830","handoff_reason":"station-adjacent-membership-change","handoff_kind":"membership-change","handoff_from_group_id":"group-b-d-f-m-b-d","handoff_to_group_id":"group-manual-6av-orange-trunk","handoff_from_lane_slot":-1.5,"handoff_to_lane_slot":-1.5,"source":"group-corridors-endpoint","feature_length_m":6882.56,"bbox_name":"canal-broadway-lafayette"},"geometry":{"type":"Point","coordinates":[-73.99385236827617,40.71829639771456]}},{"type":"Feature","properties":{"route_id":"B","visual_route_id":"B","visual_route_normalization_reason":"identity","display_route":"B","raw_route_ids":["B"],"raw_shape_ids":["B..N60R","B..N65R","B..N66R","B..S65R","B..S66R"],"visual_edge_ids":["b:D21-D22","b:D20-D21","b:D17-D20","b:D16-D17","b:D15-D16","b:D14-D15","b:A24-D14"],"edge_count":7,"from_stop_id":"D22","to_stop_id":"A24","from_stop_name":"Grand St","to_stop_name":"59 St-Columbus Circle","edge_sequence":9,"representative_edge_geometry_sources":["B..N65R"],"edge_geometry_confidence":"high","canonical_direction_id":"mixed","canonical_direction_count":2,"collapsed_direction_count":2,"direction_collapse_reason":"visual-edge-direction-collapse","representative_shape_id":"B..N65R","visual_branch_id":"b-main","debug_id":"B:b-main:group:3:84e98648e37a","endpoint_kind":"end","group_sequence":3,"group_id":"group-manual-6av-orange-trunk","segment_kind":"group","visual_lane_slot":-1.5,"visual_z_order":220,"effective_render_key":"B|b-main|lane:-1.5|z:220|color:#EB6800|kind:group|style:subway-ribbon-v1","neighbor_debug_id":"B:b-main:group:4:50bfa77b0051","neighbor_group_id":"group-b-d-f-m-b-d","neighbor_lane_slot":-1.5,"neighbor_effective_render_key":"B|b-main|lane:-1.5|z:118.5|color:#EB6800|kind:group|style:subway-ribbon-v1","handoff_node_id":"handoff-b-b-main--73.98183,40.76833","handoff_reason":"station-adjacent-membership-change","handoff_kind":"membership-change","handoff_from_group_id":"group-manual-6av-orange-trunk","handoff_to_group_id":"group-b-d-f-m-b-d","handoff_from_lane_slot":-1.5,"handoff_to_lane_slot":-1.5,"source":"group-corridors-endpoint","feature_length_m":6882.56,"bbox_name":"59-lex-5av-57"},"geometry":{"type":"Point","coordinates":[-73.9818295521434,40.76833494031578]}},{"type":"Feature","properties":{"route_id":"B","visual_route_id":"B","visual_route_normalization_reason":"identity","display_route":"B","raw_route_ids":["B"],"raw_shape_ids":["B..N60R","B..N65R","B..N66R","B..S65R","B..S66R"],"visual_edge_ids":["b:A22-A24","b:A21-A22","b:A20-A21","b:A19-A20","b:A18-A19","b:A17-A18","b:A16-A17","b:A15-A16","b:A14-A15","b:A14-D13","b:D12-D13","b:D11-D12","b:D10-D11","b:D09-D10","b:D08-D09","b:D07-D08","b:D06-D07","b:D05-D06","b:D04-D05","b:D03-D04"],"edge_count":20,"from_stop_id":"A24","to_stop_id":"D03","from_stop_name":"59 St-Columbus Circle","to_stop_name":"Bedford Park Blvd","edge_sequence":16,"representative_edge_geometry_sources":["B..N65R"],"edge_geometry_confidence":"high","canonical_direction_id":"mixed","canonical_direction_count":2,"collapsed_direction_count":2,"direction_collapse_reason":"visual-edge-direction-collapse","representative_shape_id":"B..N65R","visual_branch_id":"b-main","debug_id":"B:b-main:group:4:50bfa77b0051","endpoint_kind":"start","group_sequence":4,"group_id":"group-b-d-f-m-b-d","segment_kind":"group","visual_lane_slot":-1.5,"visual_z_order":118.5,"effective_render_key":"B|b-main|lane:-1.5|z:118.5|color:#EB6800|kind:group|style:subway-ribbon-v1","neighbor_debug_id":"B:b-main:group:3:84e98648e37a","neighbor_group_id":"group-manual-6av-orange-trunk","neighbor_lane_slot":-1.5,"neighbor_effective_render_key":"B|b-main|lane:-1.5|z:220|color:#EB6800|kind:group|style:subway-ribbon-v1","handoff_node_id":"handoff-b-b-main--73.98183,40.76833","handoff_reason":"station-adjacent-membership-change","handoff_kind":"membership-change","handoff_from_group_id":"group-manual-6av-orange-trunk","handoff_to_group_id":"group-b-d-f-m-b-d","handoff_from_lane_slot":-1.5,"handoff_to_lane_slot":-1.5,"source":"group-corridors-endpoint","feature_length_m":15273.83,"bbox_name":"59-lex-5av-57"},"geometry":{"type":"Point","coordinates":[-73.9818295521434,40.76833494031578]}},{"type":"Feature","properties":{"route_id":"B","visual_route_id":"B","visual_route_normalization_reason":"identity","display_route":"B","raw_route_ids":["B"],"raw_shape_ids":["B..N60R","B..N65R","B..N66R","B..S65R","B..S66R"],"visual_edge_ids":["b:A22-A24","b:A21-A22","b:A20-A21","b:A19-A20","b:A18-A19","b:A17-A18","b:A16-A17","b:A15-A16","b:A14-A15","b:A14-D13","b:D12-D13","b:D11-D12","b:D10-D11","b:D09-D10","b:D08-D09","b:D07-D08","b:D06-D07","b:D05-D06","b:D04-D05","b:D03-D04"],"edge_count":20,"from_stop_id":"A24","to_stop_id":"D03","from_stop_name":"59 St-Columbus Circle","to_stop_name":"Bedford Park Blvd","edge_sequence":16,"representative_edge_geometry_sources":["B..N65R"],"edge_geometry_confidence":"high","canonical_direction_id":"mixed","canonical_direction_count":2,"collapsed_direction_count":2,"direction_collapse_reason":"visual-edge-direction-collapse","representative_shape_id":"B..N65R","visual_branch_id":"b-main","debug_id":"B:b-main:group:4:50bfa77b0051","endpoint_kind":"end","group_sequence":4,"group_id":"group-b-d-f-m-b-d","segment_kind":"group","visual_lane_slot":-1.5,"visual_z_order":118.5,"effective_render_key":"B|b-main|lane:-1.5|z:118.5|color:#EB6800|kind:group|style:subway-ribbon-v1","neighbor_debug_id":null,"neighbor_group_id":null,"neighbor_lane_slot":null,"neighbor_effective_render_key":null,"handoff_node_id":"terminal-b-b-main-end","handoff_reason":"terminal","handoff_kind":"terminal","handoff_from_group_id":"group-b-d-f-m-b-d","handoff_to_group_id":null,"handoff_from_lane_slot":-1.5,"handoff_to_lane_slot":0,"source":"group-corridors-endpoint","feature_length_m":15273.83,"bbox_name":"bedford-park-blvd"},"geometry":{"type":"Point","coordinates":[-73.887138,40.873244]}},{"type":"Feature","properties":{"route_id":"C","visual_route_id":"C","visual_route_normalization_reason":"identity","display_route":"C","raw_route_ids":["C"],"raw_shape_ids":["C..N04R","C..S04R"],"visual_edge_ids":["c:A54-A55","c:A53-A54","c:A52-A53","c:A51-A52","c:A50-A51","c:A49-A50","c:A48-A49","c:A47-A48","c:A46-A47","c:A45-A46","c:A44-A45","c:A43-A44","c:A42-A43","c:A41-A42","c:A40-A41","c:A38-A40","c:A36-A38","c:A34-A36","c:A33-A34","c:A32-A33","c:A31-A32","c:A30-A31","c:A28-A30","c:A27-A28","c:A25-A27","c:A24-A25","c:A22-A24","c:A21-A22","c:A20-A21","c:A19-A20","c:A18-A19","c:A17-A18","c:A16-A17","c:A15-A16","c:A14-A15","c:A12-A14","c:A11-A12","c:A10-A11","c:A09-A10"],"edge_count":39,"from_stop_id":"A55","to_stop_id":"A09","from_stop_name":"Euclid Av","to_stop_name":"168 St","edge_sequence":0,"representative_edge_geometry_sources":["C..N04R"],"edge_geometry_confidence":"high","canonical_direction_id":"mixed","canonical_direction_count":2,"collapsed_direction_count":2,"direction_collapse_reason":"visual-edge-direction-collapse","representative_shape_id":"C..N04R","visual_branch_id":"c-main","debug_id":"C:c-main:group:0:910bdcb03e9e","endpoint_kind":"start","group_sequence":0,"group_id":"group-a-c-e-a-c","segment_kind":"group","visual_lane_slot":0,"visual_z_order":80,"effective_render_key":"C|c-main|lane:0|z:80|color:#0062CF|kind:group|style:subway-ribbon-v1","neighbor_debug_id":null,"neighbor_group_id":null,"neighbor_lane_slot":null,"neighbor_effective_render_key":null,"handoff_node_id":"terminal-c-c-main-start","handoff_reason":"terminal","handoff_kind":"terminal","handoff_from_group_id":null,"handoff_to_group_id":"group-a-c-e-a-c","handoff_from_lane_slot":0,"handoff_to_lane_slot":0,"source":"group-corridors-endpoint","feature_length_m":29921.5,"bbox_name":null},"geometry":{"type":"Point","coordinates":[-73.872106,40.675377]}},{"type":"Feature","properties":{"route_id":"C","visual_route_id":"C","visual_route_normalization_reason":"identity","display_route":"C","raw_route_ids":["C"],"raw_shape_ids":["C..N04R","C..S04R"],"visual_edge_ids":["c:A54-A55","c:A53-A54","c:A52-A53","c:A51-A52","c:A50-A51","c:A49-A50","c:A48-A49","c:A47-A48","c:A46-A47","c:A45-A46","c:A44-A45","c:A43-A44","c:A42-A43","c:A41-A42","c:A40-A41","c:A38-A40","c:A36-A38","c:A34-A36","c:A33-A34","c:A32-A33","c:A31-A32","c:A30-A31","c:A28-A30","c:A27-A28","c:A25-A27","c:A24-A25","c:A22-A24","c:A21-A22","c:A20-A21","c:A19-A20","c:A18-A19","c:A17-A18","c:A16-A17","c:A15-A16","c:A14-A15","c:A12-A14","c:A11-A12","c:A10-A11","c:A09-A10"],"edge_count":39,"from_stop_id":"A55","to_stop_id":"A09","from_stop_name":"Euclid Av","to_stop_name":"168 St","edge_sequence":0,"representative_edge_geometry_sources":["C..N04R"],"edge_geometry_confidence":"high","canonical_direction_id":"mixed","canonical_direction_count":2,"collapsed_direction_count":2,"direction_collapse_reason":"visual-edge-direction-collapse","representative_shape_id":"C..N04R","visual_branch_id":"c-main","debug_id":"C:c-main:group:0:910bdcb03e9e","endpoint_kind":"end","group_sequence":0,"group_id":"group-a-c-e-a-c","segment_kind":"group","visual_lane_slot":0,"visual_z_order":80,"effective_render_key":"C|c-main|lane:0|z:80|color:#0062CF|kind:group|style:subway-ribbon-v1","neighbor_debug_id":null,"neighbor_group_id":null,"neighbor_lane_slot":null,"neighbor_effective_render_key":null,"handoff_node_id":"terminal-c-c-main-end","handoff_reason":"terminal","handoff_kind":"terminal","handoff_from_group_id":"group-a-c-e-a-c","handoff_to_group_id":null,"handoff_from_lane_slot":0,"handoff_to_lane_slot":0,"source":"group-corridors-endpoint","feature_length_m":29921.5,"bbox_name":null},"geometry":{"type":"Point","coordinates":[-73.939561,40.840719]}},{"type":"Feature","properties":{"route_id":"D","visual_route_id":"D","visual_route_normalization_reason":"identity","display_route":"D","raw_route_ids":["D"],"raw_shape_ids":["D..N05R","D..S05R","D..S78R","D..N64X001","D..S08X007"],"visual_edge_ids":["d:B23-D43","d:B22-B23","d:B21-B22","d:B20-B21","d:B19-B20","d:B18-B19","d:B17-B18","d:B16-B17","d:B15-B16","d:B14-B15","d:B13-B14","d:B12-B13","d:B12-R36","d:R35-R36","d:R34-R35","d:R33-R34","d:R32-R33"],"edge_count":17,"from_stop_id":"D43","to_stop_id":"R32","from_stop_name":"Coney Island-Stillwell Av","to_stop_name":"Union St","edge_sequence":0,"representative_edge_geometry_sources":["D..N05R"],"edge_geometry_confidence":"high","canonical_direction_id":"mixed","canonical_direction_count":2,"collapsed_direction_count":2,"direction_collapse_reason":"visual-edge-direction-collapse","representative_shape_id":"D..N05R","visual_branch_id":"d-main","debug_id":"D:d-main:solo:0:7e5ef3080c0d","endpoint_kind":"start","group_sequence":0,"group_id":null,"segment_kind":"solo","visual_lane_slot":0,"visual_z_order":130,"effective_render_key":"D|d-main|lane:0|z:130|color:#EB6800|kind:solo|style:subway-ribbon-v1","neighbor_debug_id":null,"neighbor_group_id":null,"neighbor_lane_slot":null,"neighbor_effective_render_key":null,"handoff_node_id":"terminal-d-d-main-start","handoff_reason":"terminal","handoff_kind":"terminal","handoff_from_group_id":null,"handoff_to_group_id":null,"handoff_from_lane_slot":0,"handoff_to_lane_slot":0,"source":"group-corridors-endpoint","feature_length_m":13061.64,"bbox_name":"coney-island-stillwell"},"geometry":{"type":"Point","coordinates":[-73.981233,40.577422]}},{"type":"Feature","properties":{"route_id":"D","visual_route_id":"D","visual_route_normalization_reason":"identity","display_route":"D","raw_route_ids":["D"],"raw_shape_ids":["D..N05R","D..S05R","D..S78R","D..N64X001","D..S08X007"],"visual_edge_ids":["d:B23-D43","d:B22-B23","d:B21-B22","d:B20-B21","d:B19-B20","d:B18-B19","d:B17-B18","d:B16-B17","d:B15-B16","d:B14-B15","d:B13-B14","d:B12-B13","d:B12-R36","d:R35-R36","d:R34-R35","d:R33-R34","d:R32-R33"],"edge_count":17,"from_stop_id":"D43","to_stop_id":"R32","from_stop_name":"Coney Island-Stillwell Av","to_stop_name":"Union St","edge_sequence":0,"representative_edge_geometry_sources":["D..N05R"],"edge_geometry_confidence":"high","canonical_direction_id":"mixed","canonical_direction_count":2,"collapsed_direction_count":2,"direction_collapse_reason":"visual-edge-direction-collapse","representative_shape_id":"D..N05R","visual_branch_id":"d-main","debug_id":"D:d-main:solo:0:7e5ef3080c0d","endpoint_kind":"end","group_sequence":0,"group_id":null,"segment_kind":"solo","visual_lane_slot":0,"visual_z_order":130,"effective_render_key":"D|d-main|lane:0|z:130|color:#EB6800|kind:solo|style:subway-ribbon-v1","neighbor_debug_id":"D:d-main:group:1:6e679a284362","neighbor_group_id":"group-manual-dekalb-atlantic","neighbor_lane_slot":0.25,"neighbor_effective_render_key":"D|d-main|lane:0.25|z:305|color:#EB6800|kind:group|style:subway-ribbon-v1","handoff_node_id":"handoff-d-d-main--73.98311,40.67732","handoff_reason":"detected-corridor-entry","handoff_kind":"merge","handoff_from_group_id":null,"handoff_to_group_id":"group-manual-dekalb-atlantic","handoff_from_lane_slot":0,"handoff_to_lane_slot":0.25,"source":"group-corridors-endpoint","feature_length_m":13061.64,"bbox_name":"dekalb-atlantic-barclays"},"geometry":{"type":"Point","coordinates":[-73.98311,40.677316]}},{"type":"Feature","properties":{"route_id":"D","visual_route_id":"D","visual_route_normalization_reason":"identity","display_route":"D","raw_route_ids":["D"],"raw_shape_ids":["D..N05R","D..S05R"],"visual_edge_ids":["d:R31-R32","d:R30-R31"],"edge_count":2,"from_stop_id":"R32","to_stop_id":"R30","from_stop_name":"Union St","to_stop_name":"DeKalb Av","edge_sequence":17,"representative_edge_geometry_sources":["D..N05R"],"edge_geometry_confidence":"high","canonical_direction_id":"mixed","canonical_direction_count":2,"collapsed_direction_count":2,"direction_collapse_reason":"visual-edge-direction-collapse","representative_shape_id":"D..N05R","visual_branch_id":"d-main","debug_id":"D:d-main:group:1:6e679a284362","endpoint_kind":"start","group_sequence":1,"group_id":"group-manual-dekalb-atlantic","segment_kind":"group","visual_lane_slot":0.25,"visual_z_order":305,"effective_render_key":"D|d-main|lane:0.25|z:305|color:#EB6800|kind:group|style:subway-ribbon-v1","neighbor_debug_id":"D:d-main:solo:0:7e5ef3080c0d","neighbor_group_id":null,"neighbor_lane_slot":0,"neighbor_effective_render_key":"D|d-main|lane:0|z:130|color:#EB6800|kind:solo|style:subway-ribbon-v1","handoff_node_id":"handoff-d-d-main--73.98311,40.67732","handoff_reason":"detected-corridor-entry","handoff_kind":"merge","handoff_from_group_id":null,"handoff_to_group_id":"group-manual-dekalb-atlantic","handoff_from_lane_slot":0,"handoff_to_lane_slot":0.25,"source":"group-corridors-endpoint","feature_length_m":1721.04,"bbox_name":"dekalb-atlantic-barclays"},"geometry":{"type":"Point","coordinates":[-73.98311,40.677316]}},{"type":"Feature","properties":{"route_id":"D","visual_route_id":"D","visual_route_normalization_reason":"identity","display_route":"D","raw_route_ids":["D"],"raw_shape_ids":["D..N05R","D..S05R"],"visual_edge_ids":["d:R31-R32","d:R30-R31"],"edge_count":2,"from_stop_id":"R32","to_stop_id":"R30","from_stop_name":"Union St","to_stop_name":"DeKalb Av","edge_sequence":17,"representative_edge_geometry_sources":["D..N05R"],"edge_geometry_confidence":"high","canonical_direction_id":"mixed","canonical_direction_count":2,"collapsed_direction_count":2,"direction_collapse_reason":"visual-edge-direction-collapse","representative_shape_id":"D..N05R","visual_branch_id":"d-main","debug_id":"D:d-main:group:1:6e679a284362","endpoint_kind":"end","group_sequence":1,"group_id":"group-manual-dekalb-atlantic","segment_kind":"group","visual_lane_slot":0.25,"visual_z_order":305,"effective_render_key":"D|d-main|lane:0.25|z:305|color:#EB6800|kind:group|style:subway-ribbon-v1","neighbor_debug_id":"D:d-main:group:2:3eb949d74d4b","neighbor_group_id":"group-b-d-f-m-b-d","neighbor_lane_slot":-0.5,"neighbor_effective_render_key":"D|d-main|lane:-0.5|z:129.5|color:#EB6800|kind:group|style:subway-ribbon-v1","handoff_node_id":"handoff-d-d-main--73.98182,40.69064","handoff_reason":"station-adjacent-membership-change","handoff_kind":"membership-change","handoff_from_group_id":"group-manual-dekalb-atlantic","handoff_to_group_id":"group-b-d-f-m-b-d","handoff_from_lane_slot":0.25,"handoff_to_lane_slot":-0.5,"source":"group-corridors-endpoint","feature_length_m":1721.04,"bbox_name":"lower-manhattan-river-crossings"},"geometry":{"type":"Point","coordinates":[-73.981824,40.690635]}},{"type":"Feature","properties":{"route_id":"D","visual_route_id":"D","visual_route_normalization_reason":"identity","display_route":"D","raw_route_ids":["D"],"raw_shape_ids":["D..N05R","D..S05R"],"visual_edge_ids":["d:D22-R30"],"edge_count":1,"from_stop_id":"R30","to_stop_id":"D22","from_stop_name":"DeKalb Av","to_stop_name":"Grand St","edge_sequence":19,"representative_edge_geometry_sources":["D..N05R"],"edge_geometry_confidence":"high","canonical_direction_id":"mixed","canonical_direction_count":2,"collapsed_direction_count":2,"direction_collapse_reason":"visual-edge-direction-collapse","representative_shape_id":"D..N05R","visual_branch_id":"d-main","debug_id":"D:d-main:group:2:3eb949d74d4b","endpoint_kind":"start","group_sequence":2,"group_id":"group-b-d-f-m-b-d","segment_kind":"group","visual_lane_slot":-0.5,"visual_z_order":129.5,"effective_render_key":"D|d-main|lane:-0.5|z:129.5|color:#EB6800|kind:group|style:subway-ribbon-v1","neighbor_debug_id":"D:d-main:group:1:6e679a284362","neighbor_group_id":"group-manual-dekalb-atlantic","neighbor_lane_slot":0.25,"neighbor_effective_render_key":"D|d-main|lane:0.25|z:305|color:#EB6800|kind:group|style:subway-ribbon-v1","handoff_node_id":"handoff-d-d-main--73.98182,40.69064","handoff_reason":"station-adjacent-membership-change","handoff_kind":"membership-change","handoff_from_group_id":"group-manual-dekalb-atlantic","handoff_to_group_id":"group-b-d-f-m-b-d","handoff_from_lane_slot":0.25,"handoff_to_lane_slot":-0.5,"source":"group-corridors-endpoint","feature_length_m":3306.72,"bbox_name":"lower-manhattan-river-crossings"},"geometry":{"type":"Point","coordinates":[-73.981824,40.690635]}},{"type":"Feature","properties":{"route_id":"D","visual_route_id":"D","visual_route_normalization_reason":"identity","display_route":"D","raw_route_ids":["D"],"raw_shape_ids":["D..N05R","D..S05R"],"visual_edge_ids":["d:D22-R30"],"edge_count":1,"from_stop_id":"R30","to_stop_id":"D22","from_stop_name":"DeKalb Av","to_stop_name":"Grand St","edge_sequence":19,"representative_edge_geometry_sources":["D..N05R"],"edge_geometry_confidence":"high","canonical_direction_id":"mixed","canonical_direction_count":2,"collapsed_direction_count":2,"direction_collapse_reason":"visual-edge-direction-collapse","representative_shape_id":"D..N05R","visual_branch_id":"d-main","debug_id":"D:d-main:group:2:3eb949d74d4b","endpoint_kind":"end","group_sequence":2,"group_id":"group-b-d-f-m-b-d","segment_kind":"group","visual_lane_slot":-0.5,"visual_z_order":129.5,"effective_render_key":"D|d-main|lane:-0.5|z:129.5|color:#EB6800|kind:group|style:subway-ribbon-v1","neighbor_debug_id":"D:d-main:group:3:7dc17e32c75e","neighbor_group_id":"group-manual-6av-orange-trunk","neighbor_lane_slot":-0.5,"neighbor_effective_render_key":"D|d-main|lane:-0.5|z:221|color:#EB6800|kind:group|style:subway-ribbon-v1","handoff_node_id":"handoff-d-d-main--73.99379,40.71828","handoff_reason":"station-adjacent-membership-change","handoff_kind":"membership-change","handoff_from_group_id":"group-b-d-f-m-b-d","handoff_to_group_id":"group-manual-6av-orange-trunk","handoff_from_lane_slot":-0.5,"handoff_to_lane_slot":-0.5,"source":"group-corridors-endpoint","feature_length_m":3306.72,"bbox_name":"canal-broadway-lafayette"},"geometry":{"type":"Point","coordinates":[-73.99378612275872,40.71827679923818]}},{"type":"Feature","properties":{"route_id":"D","visual_route_id":"D","visual_route_normalization_reason":"identity","display_route":"D","raw_route_ids":["D"],"raw_shape_ids":["D..N05R","D..N64X001","D..S05R","D..S08X007","D..S78R"],"visual_edge_ids":["d:D21-D22","d:D20-D21","d:D17-D20","d:D16-D17","d:D15-D16","d:D14-D15","d:A24-D14"],"edge_count":7,"from_stop_id":"D22","to_stop_id":"A24","from_stop_name":"Grand St","to_stop_name":"59 St-Columbus Circle","edge_sequence":20,"representative_edge_geometry_sources":["D..N05R"],"edge_geometry_confidence":"high","canonical_direction_id":"mixed","canonical_direction_count":2,"collapsed_direction_count":2,"direction_collapse_reason":"visual-edge-direction-collapse","representative_shape_id":"D..N05R","visual_branch_id":"d-main","debug_id":"D:d-main:group:3:7dc17e32c75e","endpoint_kind":"start","group_sequence":3,"group_id":"group-manual-6av-orange-trunk","segment_kind":"group","visual_lane_slot":-0.5,"visual_z_order":221,"effective_render_key":"D|d-main|lane:-0.5|z:221|color:#EB6800|kind:group|style:subway-ribbon-v1","neighbor_debug_id":"D:d-main:group:2:3eb949d74d4b","neighbor_group_id":"group-b-d-f-m-b-d","neighbor_lane_slot":-0.5,"neighbor_effective_render_key":"D|d-main|lane:-0.5|z:129.5|color:#EB6800|kind:group|style:subway-ribbon-v1","handoff_node_id":"handoff-d-d-main--73.99379,40.71828","handoff_reason":"station-adjacent-membership-change","handoff_kind":"membership-change","handoff_from_group_id":"group-b-d-f-m-b-d","handoff_to_group_id":"group-manual-6av-orange-trunk","handoff_from_lane_slot":-0.5,"handoff_to_lane_slot":-0.5,"source":"group-corridors-endpoint","feature_length_m":6881.76,"bbox_name":"canal-broadway-lafayette"},"geometry":{"type":"Point","coordinates":[-73.99378612275872,40.71827679923818]}},{"type":"Feature","properties":{"route_id":"D","visual_route_id":"D","visual_route_normalization_reason":"identity","display_route":"D","raw_route_ids":["D"],"raw_shape_ids":["D..N05R","D..N64X001","D..S05R","D..S08X007","D..S78R"],"visual_edge_ids":["d:D21-D22","d:D20-D21","d:D17-D20","d:D16-D17","d:D15-D16","d:D14-D15","d:A24-D14"],"edge_count":7,"from_stop_id":"D22","to_stop_id":"A24","from_stop_name":"Grand St","to_stop_name":"59 St-Columbus Circle","edge_sequence":20,"representative_edge_geometry_sources":["D..N05R"],"edge_geometry_confidence":"high","canonical_direction_id":"mixed","canonical_direction_count":2,"collapsed_direction_count":2,"direction_collapse_reason":"visual-edge-direction-collapse","representative_shape_id":"D..N05R","visual_branch_id":"d-main","debug_id":"D:d-main:group:3:7dc17e32c75e","endpoint_kind":"end","group_sequence":3,"group_id":"group-manual-6av-orange-trunk","segment_kind":"group","visual_lane_slot":-0.5,"visual_z_order":221,"effective_render_key":"D|d-main|lane:-0.5|z:221|color:#EB6800|kind:group|style:subway-ribbon-v1","neighbor_debug_id":"D:d-main:group:4:078cdf3d6e55","neighbor_group_id":"group-b-d-f-m-b-d","neighbor_lane_slot":-0.5,"neighbor_effective_render_key":"D|d-main|lane:-0.5|z:129.5|color:#EB6800|kind:group|style:subway-ribbon-v1","handoff_node_id":"handoff-d-d-main--73.98177,40.76831","handoff_reason":"station-adjacent-membership-change","handoff_kind":"membership-change","handoff_from_group_id":"group-manual-6av-orange-trunk","handoff_to_group_id":"group-b-d-f-m-b-d","handoff_from_lane_slot":-0.5,"handoff_to_lane_slot":-0.5,"source":"group-corridors-endpoint","feature_length_m":6881.76,"bbox_name":"59-lex-5av-57"},"geometry":{"type":"Point","coordinates":[-73.9817671840478,40.76830898010526]}},{"type":"Feature","properties":{"route_id":"D","visual_route_id":"D","visual_route_normalization_reason":"identity","display_route":"D","raw_route_ids":["D"],"raw_shape_ids":["D..N05R","D..N64X001","D..S05R","D..S08X007","D..S78R"],"visual_edge_ids":["d:A15-A24","d:A15-D13","d:D12-D13","d:D11-D12","d:D10-D11","d:D09-D10","d:D08-D09","d:D07-D08","d:D06-D07","d:D05-D06","d:D04-D05","d:D03-D04"],"edge_count":12,"from_stop_id":"A24","to_stop_id":"D03","from_stop_name":"59 St-Columbus Circle","to_stop_name":"Bedford Park Blvd","edge_sequence":27,"representative_edge_geometry_sources":["D..N05R"],"edge_geometry_confidence":"high","canonical_direction_id":"mixed","canonical_direction_count":2,"collapsed_direction_count":2,"direction_collapse_reason":"visual-edge-direction-collapse","representative_shape_id":"D..N05R","visual_branch_id":"d-main","debug_id":"D:d-main:group:4:078cdf3d6e55","endpoint_kind":"start","group_sequence":4,"group_id":"group-b-d-f-m-b-d","segment_kind":"group","visual_lane_slot":-0.5,"visual_z_order":129.5,"effective_render_key":"D|d-main|lane:-0.5|z:129.5|color:#EB6800|kind:group|style:subway-ribbon-v1","neighbor_debug_id":"D:d-main:group:3:7dc17e32c75e","neighbor_group_id":"group-manual-6av-orange-trunk","neighbor_lane_slot":-0.5,"neighbor_effective_render_key":"D|d-main|lane:-0.5|z:221|color:#EB6800|kind:group|style:subway-ribbon-v1","handoff_node_id":"handoff-d-d-main--73.98177,40.76831","handoff_reason":"station-adjacent-membership-change","handoff_kind":"membership-change","handoff_from_group_id":"group-manual-6av-orange-trunk","handoff_to_group_id":"group-b-d-f-m-b-d","handoff_from_lane_slot":-0.5,"handoff_to_lane_slot":-0.5,"source":"group-corridors-endpoint","feature_length_m":15273.44,"bbox_name":"59-lex-5av-57"},"geometry":{"type":"Point","coordinates":[-73.9817671840478,40.76830898010526]}},{"type":"Feature","properties":{"route_id":"D","visual_route_id":"D","visual_route_normalization_reason":"identity","display_route":"D","raw_route_ids":["D"],"raw_shape_ids":["D..N05R","D..N64X001","D..S05R","D..S08X007","D..S78R"],"visual_edge_ids":["d:A15-A24","d:A15-D13","d:D12-D13","d:D11-D12","d:D10-D11","d:D09-D10","d:D08-D09","d:D07-D08","d:D06-D07","d:D05-D06","d:D04-D05","d:D03-D04"],"edge_count":12,"from_stop_id":"A24","to_stop_id":"D03","from_stop_name":"59 St-Columbus Circle","to_stop_name":"Bedford Park Blvd","edge_sequence":27,"representative_edge_geometry_sources":["D..N05R"],"edge_geometry_confidence":"high","canonical_direction_id":"mixed","canonical_direction_count":2,"collapsed_direction_count":2,"direction_collapse_reason":"visual-edge-direction-collapse","representative_shape_id":"D..N05R","visual_branch_id":"d-main","debug_id":"D:d-main:group:4:078cdf3d6e55","endpoint_kind":"end","group_sequence":4,"group_id":"group-b-d-f-m-b-d","segment_kind":"group","visual_lane_slot":-0.5,"visual_z_order":129.5,"effective_render_key":"D|d-main|lane:-0.5|z:129.5|color:#EB6800|kind:group|style:subway-ribbon-v1","neighbor_debug_id":"D:d-main:solo:5:c2c41da5b0d4","neighbor_group_id":null,"neighbor_lane_slot":0,"neighbor_effective_render_key":"D|d-main|lane:0|z:130|color:#EB6800|kind:solo|style:subway-ribbon-v1","handoff_node_id":"handoff-d-d-main--73.88714,40.87324","handoff_reason":"detected-corridor-exit","handoff_kind":"divergence","handoff_from_group_id":"group-b-d-f-m-b-d","handoff_to_group_id":null,"handoff_from_lane_slot":-0.5,"handoff_to_lane_slot":0,"source":"group-corridors-endpoint","feature_length_m":15273.44,"bbox_name":"bedford-park-blvd"},"geometry":{"type":"Point","coordinates":[-73.887138,40.873244]}},{"type":"Feature","properties":{"route_id":"D","visual_route_id":"D","visual_route_normalization_reason":"identity","display_route":"D","raw_route_ids":["D"],"raw_shape_ids":["D..N05R","D..N64X001","D..S05R","D..S08X007"],"visual_edge_ids":["d:D01-D03"],"edge_count":1,"from_stop_id":"D03","to_stop_id":"D01","from_stop_name":"Bedford Park Blvd","to_stop_name":"Norwood-205 St","edge_sequence":39,"representative_edge_geometry_sources":["D..N05R"],"edge_geometry_confidence":"high","canonical_direction_id":"mixed","canonical_direction_count":2,"collapsed_direction_count":2,"direction_collapse_reason":"visual-edge-direction-collapse","representative_shape_id":"D..N05R","visual_branch_id":"d-main","debug_id":"D:d-main:solo:5:c2c41da5b0d4","endpoint_kind":"start","group_sequence":5,"group_id":null,"segment_kind":"solo","visual_lane_slot":0,"visual_z_order":130,"effective_render_key":"D|d-main|lane:0|z:130|color:#EB6800|kind:solo|style:subway-ribbon-v1","neighbor_debug_id":"D:d-main:group:4:078cdf3d6e55","neighbor_group_id":"group-b-d-f-m-b-d","neighbor_lane_slot":-0.5,"neighbor_effective_render_key":"D|d-main|lane:-0.5|z:129.5|color:#EB6800|kind:group|style:subway-ribbon-v1","handoff_node_id":"handoff-d-d-main--73.88714,40.87324","handoff_reason":"detected-corridor-exit","handoff_kind":"divergence","handoff_from_group_id":"group-b-d-f-m-b-d","handoff_to_group_id":null,"handoff_from_lane_slot":-0.5,"handoff_to_lane_slot":0,"source":"group-corridors-endpoint","feature_length_m":1025.22,"bbox_name":"bedford-park-blvd"},"geometry":{"type":"Point","coordinates":[-73.887138,40.873244]}},{"type":"Feature","properties":{"route_id":"D","visual_route_id":"D","visual_route_normalization_reason":"identity","display_route":"D","raw_route_ids":["D"],"raw_shape_ids":["D..N05R","D..N64X001","D..S05R","D..S08X007"],"visual_edge_ids":["d:D01-D03"],"edge_count":1,"from_stop_id":"D03","to_stop_id":"D01","from_stop_name":"Bedford Park Blvd","to_stop_name":"Norwood-205 St","edge_sequence":39,"representative_edge_geometry_sources":["D..N05R"],"edge_geometry_confidence":"high","canonical_direction_id":"mixed","canonical_direction_count":2,"collapsed_direction_count":2,"direction_collapse_reason":"visual-edge-direction-collapse","representative_shape_id":"D..N05R","visual_branch_id":"d-main","debug_id":"D:d-main:solo:5:c2c41da5b0d4","endpoint_kind":"end","group_sequence":5,"group_id":null,"segment_kind":"solo","visual_lane_slot":0,"visual_z_order":130,"effective_render_key":"D|d-main|lane:0|z:130|color:#EB6800|kind:solo|style:subway-ribbon-v1","neighbor_debug_id":null,"neighbor_group_id":null,"neighbor_lane_slot":null,"neighbor_effective_render_key":null,"handoff_node_id":"terminal-d-d-main-end","handoff_reason":"terminal","handoff_kind":"terminal","handoff_from_group_id":null,"handoff_to_group_id":null,"handoff_from_lane_slot":0,"handoff_to_lane_slot":0,"source":"group-corridors-endpoint","feature_length_m":1025.22,"bbox_name":"bedford-park-blvd"},"geometry":{"type":"Point","coordinates":[-73.878855,40.874811]}},{"type":"Feature","properties":{"route_id":"E","visual_route_id":"E","visual_route_normalization_reason":"identity","display_route":"E","raw_route_ids":["E"],"raw_shape_ids":["E..N05R","E..N55R","E..N57R","E..N75R","E..S04R","E..S56R","E..S69R"],"visual_edge_ids":["e:A34-E01","e:A33-A34","e:A32-A33","e:A31-A32","e:A30-A31","e:A28-A30","e:A27-A28","e:A25-A27"],"edge_count":8,"from_stop_id":"E01","to_stop_id":"A25","from_stop_name":"World Trade Center","to_stop_name":"50 St","edge_sequence":0,"representative_edge_geometry_sources":["E..N55R"],"edge_geometry_confidence":"high","canonical_direction_id":"mixed","canonical_direction_count":2,"collapsed_direction_count":2,"direction_collapse_reason":"visual-edge-direction-collapse","representative_shape_id":"E..N55R","visual_branch_id":"e-main","debug_id":"E:e-main:group:0:52031108c8d7","endpoint_kind":"start","group_sequence":0,"group_id":"group-a-c-e-a-c-e","segment_kind":"group","visual_lane_slot":1,"visual_z_order":91,"effective_render_key":"E|e-main|lane:1|z:91|color:#0062CF|kind:group|style:subway-ribbon-v1","neighbor_debug_id":null,"neighbor_group_id":null,"neighbor_lane_slot":null,"neighbor_effective_render_key":null,"handoff_node_id":"terminal-e-e-main-start","handoff_reason":"terminal","handoff_kind":"terminal","handoff_from_group_id":null,"handoff_to_group_id":"group-a-c-e-a-c-e","handoff_from_lane_slot":0,"handoff_to_lane_slot":1,"source":"group-corridors-endpoint","feature_length_m":6153.38,"bbox_name":"chambers-park-place-wtc"},"geometry":{"type":"Point","coordinates":[-74.009781,40.712582]}},{"type":"Feature","properties":{"route_id":"E","visual_route_id":"E","visual_route_normalization_reason":"identity","display_route":"E","raw_route_ids":["E"],"raw_shape_ids":["E..N05R","E..N55R","E..N57R","E..N75R","E..S04R","E..S56R","E..S69R"],"visual_edge_ids":["e:A34-E01","e:A33-A34","e:A32-A33","e:A31-A32","e:A30-A31","e:A28-A30","e:A27-A28","e:A25-A27"],"edge_count":8,"from_stop_id":"E01","to_stop_id":"A25","from_stop_name":"World Trade Center","to_stop_name":"50 St","edge_sequence":0,"representative_edge_geometry_sources":["E..N55R"],"edge_geometry_confidence":"high","canonical_direction_id":"mixed","canonical_direction_count":2,"collapsed_direction_count":2,"direction_collapse_reason":"visual-edge-direction-collapse","representative_shape_id":"E..N55R","visual_branch_id":"e-main","debug_id":"E:e-main:group:0:52031108c8d7","endpoint_kind":"end","group_sequence":0,"group_id":"group-a-c-e-a-c-e","segment_kind":"group","visual_lane_slot":1,"visual_z_order":91,"effective_render_key":"E|e-main|lane:1|z:91|color:#0062CF|kind:group|style:subway-ribbon-v1","neighbor_debug_id":"E:e-main:solo:1:893ebe34e164","neighbor_group_id":null,"neighbor_lane_slot":0,"neighbor_effective_render_key":"E|e-main|lane:0|z:90|color:#0062CF|kind:solo|style:subway-ribbon-v1","handoff_node_id":"handoff-e-e-main--73.98598,40.76246","handoff_reason":"detected-corridor-exit","handoff_kind":"divergence","handoff_from_group_id":"group-a-c-e-a-c-e","handoff_to_group_id":null,"handoff_from_lane_slot":1,"handoff_to_lane_slot":0,"source":"group-corridors-endpoint","feature_length_m":6153.38,"bbox_name":"59-lex-5av-57"},"geometry":{"type":"Point","coordinates":[-73.985984,40.762456]}},{"type":"Feature","properties":{"route_id":"E","visual_route_id":"E","visual_route_normalization_reason":"identity","display_route":"E","raw_route_ids":["E"],"raw_shape_ids":["E..N05R","E..N55R","E..N57R","E..N75R","E..S04R","E..S56R","E..S69R"],"visual_edge_ids":["e:A25-D14","e:D14-F12","e:F11-F12","e:F09-F11","e:F09-G21","e:G14-G21","e:G08-G14","e:F06-G08","e:F03-F06","e:F01-F03"],"edge_count":10,"from_stop_id":"A25","to_stop_id":"F01","from_stop_name":"50 St","to_stop_name":"Jamaica-179 St","edge_sequence":8,"representative_edge_geometry_sources":["E..N55R"],"edge_geometry_confidence":"high","canonical_direction_id":"mixed","canonical_direction_count":2,"collapsed_direction_count":2,"direction_collapse_reason":"visual-edge-direction-collapse","representative_shape_id":"E..N55R","visual_branch_id":"e-main","debug_id":"E:e-main:solo:1:893ebe34e164","endpoint_kind":"start","group_sequence":1,"group_id":null,"segment_kind":"solo","visual_lane_slot":0,"visual_z_order":90,"effective_render_key":"E|e-main|lane:0|z:90|color:#0062CF|kind:solo|style:subway-ribbon-v1","neighbor_debug_id":"E:e-main:group:0:52031108c8d7","neighbor_group_id":"group-a-c-e-a-c-e","neighbor_lane_slot":1,"neighbor_effective_render_key":"E|e-main|lane:1|z:91|color:#0062CF|kind:group|style:subway-ribbon-v1","handoff_node_id":"handoff-e-e-main--73.98598,40.76246","handoff_reason":"detected-corridor-exit","handoff_kind":"divergence","handoff_from_group_id":"group-a-c-e-a-c-e","handoff_to_group_id":null,"handoff_from_lane_slot":1,"handoff_to_lane_slot":0,"source":"group-corridors-endpoint","feature_length_m":19966.72,"bbox_name":"59-lex-5av-57"},"geometry":{"type":"Point","coordinates":[-73.985984,40.762456]}},{"type":"Feature","properties":{"route_id":"E","visual_route_id":"E","visual_route_normalization_reason":"identity","display_route":"E","raw_route_ids":["E"],"raw_shape_ids":["E..N05R","E..N55R","E..N57R","E..N75R","E..S04R","E..S56R","E..S69R"],"visual_edge_ids":["e:A25-D14","e:D14-F12","e:F11-F12","e:F09-F11","e:F09-G21","e:G14-G21","e:G08-G14","e:F06-G08","e:F03-F06","e:F01-F03"],"edge_count":10,"from_stop_id":"A25","to_stop_id":"F01","from_stop_name":"50 St","to_stop_name":"Jamaica-179 St","edge_sequence":8,"representative_edge_geometry_sources":["E..N55R"],"edge_geometry_confidence":"high","canonical_direction_id":"mixed","canonical_direction_count":2,"collapsed_direction_count":2,"direction_collapse_reason":"visual-edge-direction-collapse","representative_shape_id":"E..N55R","visual_branch_id":"e-main","debug_id":"E:e-main:solo:1:893ebe34e164","endpoint_kind":"end","group_sequence":1,"group_id":null,"segment_kind":"solo","visual_lane_slot":0,"visual_z_order":90,"effective_render_key":"E|e-main|lane:0|z:90|color:#0062CF|kind:solo|style:subway-ribbon-v1","neighbor_debug_id":null,"neighbor_group_id":null,"neighbor_lane_slot":null,"neighbor_effective_render_key":null,"handoff_node_id":"terminal-e-e-main-end","handoff_reason":"terminal","handoff_kind":"terminal","handoff_from_group_id":null,"handoff_to_group_id":null,"handoff_from_lane_slot":0,"handoff_to_lane_slot":0,"source":"group-corridors-endpoint","feature_length_m":19966.72,"bbox_name":null},"geometry":{"type":"Point","coordinates":[-73.783817,40.712646]}},{"type":"Feature","properties":{"route_id":"F","visual_route_id":"F","visual_route_normalization_reason":"express-variant-collapse","display_route":"F","raw_route_ids":["F","FX"],"raw_shape_ids":["F..N07R","F..N65R","F..N69R","F..N81R","F..N81X001","F..S07R","F..S69R","F..S74R","F..S78R","F..S78X001","F..N82R","F..N79R","F..S79R","F..N81X002","F..S78X002"],"visual_edge_ids":["f:D42-D43","f:D42-F39","f:F38-F39","f:F36-F38","f:F35-F36","f:F34-F35","f:F33-F34","f:F32-F33","f:F31-F32","f:F30-F31","f:F29-F30","f:F27-F29","f:F26-F27","f:F25-F26","f:F24-F25","f:F23-F24","f:F22-F23","f:F21-F22","f:F20-F21","f:A41-F20","f:A41-F18","f:F16-F18","f:F15-F16","f:F14-F15"],"edge_count":24,"from_stop_id":"D43","to_stop_id":"F14","from_stop_name":"Coney Island-Stillwell Av","to_stop_name":"2 Av","edge_sequence":0,"representative_edge_geometry_sources":["F..N07R"],"edge_geometry_confidence":"high","canonical_direction_id":"mixed","canonical_direction_count":2,"collapsed_direction_count":2,"direction_collapse_reason":"visual-edge-direction-collapse","representative_shape_id":"F..N07R","visual_branch_id":"f-main","debug_id":"F:f-main:solo:0:272e5e4b90de","endpoint_kind":"start","group_sequence":0,"group_id":null,"segment_kind":"solo","visual_lane_slot":0,"visual_z_order":100,"effective_render_key":"F|f-main|lane:0|z:100|color:#EB6800|kind:solo|style:subway-ribbon-v1","neighbor_debug_id":null,"neighbor_group_id":null,"neighbor_lane_slot":null,"neighbor_effective_render_key":null,"handoff_node_id":"terminal-f-f-main-start","handoff_reason":"terminal","handoff_kind":"terminal","handoff_from_group_id":null,"handoff_to_group_id":null,"handoff_from_lane_slot":0,"handoff_to_lane_slot":0,"source":"group-corridors-endpoint","feature_length_m":18850.16,"bbox_name":"coney-island-stillwell"},"geometry":{"type":"Point","coordinates":[-73.981233,40.577422]}},{"type":"Feature","properties":{"route_id":"F","visual_route_id":"F","visual_route_normalization_reason":"express-variant-collapse","display_route":"F","raw_route_ids":["F","FX"],"raw_shape_ids":["F..N07R","F..N65R","F..N69R","F..N81R","F..N81X001","F..S07R","F..S69R","F..S74R","F..S78R","F..S78X001","F..N82R","F..N79R","F..S79R","F..N81X002","F..S78X002"],"visual_edge_ids":["f:D42-D43","f:D42-F39","f:F38-F39","f:F36-F38","f:F35-F36","f:F34-F35","f:F33-F34","f:F32-F33","f:F31-F32","f:F30-F31","f:F29-F30","f:F27-F29","f:F26-F27","f:F25-F26","f:F24-F25","f:F23-F24","f:F22-F23","f:F21-F22","f:F20-F21","f:A41-F20","f:A41-F18","f:F16-F18","f:F15-F16","f:F14-F15"],"edge_count":24,"from_stop_id":"D43","to_stop_id":"F14","from_stop_name":"Coney Island-Stillwell Av","to_stop_name":"2 Av","edge_sequence":0,"representative_edge_geometry_sources":["F..N07R"],"edge_geometry_confidence":"high","canonical_direction_id":"mixed","canonical_direction_count":2,"collapsed_direction_count":2,"direction_collapse_reason":"visual-edge-direction-collapse","representative_shape_id":"F..N07R","visual_branch_id":"f-main","debug_id":"F:f-main:solo:0:272e5e4b90de","endpoint_kind":"end","group_sequence":0,"group_id":null,"segment_kind":"solo","visual_lane_slot":0,"visual_z_order":100,"effective_render_key":"F|f-main|lane:0|z:100|color:#EB6800|kind:solo|style:subway-ribbon-v1","neighbor_debug_id":"F:f-main:group:1:55b880b7f6fc","neighbor_group_id":"group-manual-6av-orange-trunk","neighbor_lane_slot":0.5,"neighbor_effective_render_key":"F|f-main|lane:0.5|z:222|color:#EB6800|kind:group|style:subway-ribbon-v1","handoff_node_id":"handoff-f-f-main--73.98994,40.72340","handoff_reason":"detected-corridor-entry","handoff_kind":"merge","handoff_from_group_id":null,"handoff_to_group_id":"group-manual-6av-orange-trunk","handoff_from_lane_slot":0,"handoff_to_lane_slot":0.5,"source":"group-corridors-endpoint","feature_length_m":18850.16,"bbox_name":"canal-broadway-lafayette"},"geometry":{"type":"Point","coordinates":[-73.989938,40.723402]}},{"type":"Feature","properties":{"route_id":"F","visual_route_id":"F","visual_route_normalization_reason":"express-variant-collapse","display_route":"F","raw_route_ids":["F","FX"],"raw_shape_ids":["F..N07R","F..N65R","F..N69R","F..N79R","F..N81R","F..N81X001","F..N81X002","F..N82R","F..S07R","F..S69R","F..S74R","F..S78R","F..S78X001","F..S78X002","F..S79R"],"visual_edge_ids":["f:D21-F14","f:D20-D21","f:D19-D20","f:D18-D19","f:D17-D18","f:D16-D17","f:D15-D16","f:B10-D15"],"edge_count":8,"from_stop_id":"F14","to_stop_id":"B10","from_stop_name":"2 Av","to_stop_name":"57 St","edge_sequence":24,"representative_edge_geometry_sources":["F..N07R"],"edge_geometry_confidence":"high","canonical_direction_id":"mixed","canonical_direction_count":2,"collapsed_direction_count":2,"direction_collapse_reason":"visual-edge-direction-collapse","representative_shape_id":"F..N07R","visual_branch_id":"f-main","debug_id":"F:f-main:group:1:55b880b7f6fc","endpoint_kind":"start","group_sequence":1,"group_id":"group-manual-6av-orange-trunk","segment_kind":"group","visual_lane_slot":0.5,"visual_z_order":222,"effective_render_key":"F|f-main|lane:0.5|z:222|color:#EB6800|kind:group|style:subway-ribbon-v1","neighbor_debug_id":"F:f-main:solo:0:272e5e4b90de","neighbor_group_id":null,"neighbor_lane_slot":0,"neighbor_effective_render_key":"F|f-main|lane:0|z:100|color:#EB6800|kind:solo|style:subway-ribbon-v1","handoff_node_id":"handoff-f-f-main--73.98994,40.72340","handoff_reason":"detected-corridor-entry","handoff_kind":"merge","handoff_from_group_id":null,"handoff_to_group_id":"group-manual-6av-orange-trunk","handoff_from_lane_slot":0,"handoff_to_lane_slot":0.5,"source":"group-corridors-endpoint","feature_length_m":5693.27,"bbox_name":"canal-broadway-lafayette"},"geometry":{"type":"Point","coordinates":[-73.989938,40.723402]}},{"type":"Feature","properties":{"route_id":"F","visual_route_id":"F","visual_route_normalization_reason":"express-variant-collapse","display_route":"F","raw_route_ids":["F","FX"],"raw_shape_ids":["F..N07R","F..N65R","F..N69R","F..N79R","F..N81R","F..N81X001","F..N81X002","F..N82R","F..S07R","F..S69R","F..S74R","F..S78R","F..S78X001","F..S78X002","F..S79R"],"visual_edge_ids":["f:D21-F14","f:D20-D21","f:D19-D20","f:D18-D19","f:D17-D18","f:D16-D17","f:D15-D16","f:B10-D15"],"edge_count":8,"from_stop_id":"F14","to_stop_id":"B10","from_stop_name":"2 Av","to_stop_name":"57 St","edge_sequence":24,"representative_edge_geometry_sources":["F..N07R"],"edge_geometry_confidence":"high","canonical_direction_id":"mixed","canonical_direction_count":2,"collapsed_direction_count":2,"direction_collapse_reason":"visual-edge-direction-collapse","representative_shape_id":"F..N07R","visual_branch_id":"f-main","debug_id":"F:f-main:group:1:55b880b7f6fc","endpoint_kind":"end","group_sequence":1,"group_id":"group-manual-6av-orange-trunk","segment_kind":"group","visual_lane_slot":0.5,"visual_z_order":222,"effective_render_key":"F|f-main|lane:0.5|z:222|color:#EB6800|kind:group|style:subway-ribbon-v1","neighbor_debug_id":"F:f-main:group:2:a25fea422283","neighbor_group_id":"group-b-d-f-m-f-m","neighbor_lane_slot":0.5,"neighbor_effective_render_key":"F|f-main|lane:0.5|z:100.5|color:#EB6800|kind:group|style:subway-ribbon-v1","handoff_node_id":"handoff-f-f-main--73.97742,40.76396","handoff_reason":"station-adjacent-membership-change","handoff_kind":"membership-change","handoff_from_group_id":"group-manual-6av-orange-trunk","handoff_to_group_id":"group-b-d-f-m-f-m","handoff_from_lane_slot":0.5,"handoff_to_lane_slot":0.5,"source":"group-corridors-endpoint","feature_length_m":5693.27,"bbox_name":"59-lex-5av-57"},"geometry":{"type":"Point","coordinates":[-73.97741887236283,40.76395894523094]}},{"type":"Feature","properties":{"route_id":"F","visual_route_id":"F","visual_route_normalization_reason":"express-variant-collapse","display_route":"F","raw_route_ids":["F"],"raw_shape_ids":["F..N07R","F..N65R","F..N69R","F..S07R","F..S69R","F..S74R"],"visual_edge_ids":["f:B08-B10","f:B06-B08","f:B04-B06","f:B04-G20","f:G19-G20","f:G18-G19","f:G16-G18","f:G15-G16","f:G14-G15","f:G13-G14","f:G12-G13","f:G11-G12","f:G10-G11","f:G09-G10","f:G08-G09"],"edge_count":15,"from_stop_id":"B10","to_stop_id":"G08","from_stop_name":"57 St","to_stop_name":"Forest Hills-71 Av","edge_sequence":32,"representative_edge_geometry_sources":["F..N07R"],"edge_geometry_confidence":"high","canonical_direction_id":"mixed","canonical_direction_count":2,"collapsed_direction_count":2,"direction_collapse_reason":"visual-edge-direction-collapse","representative_shape_id":"F..N07R","visual_branch_id":"f-main","debug_id":"F:f-main:group:2:a25fea422283","endpoint_kind":"start","group_sequence":2,"group_id":"group-b-d-f-m-f-m","segment_kind":"group","visual_lane_slot":0.5,"visual_z_order":100.5,"effective_render_key":"F|f-main|lane:0.5|z:100.5|color:#EB6800|kind:group|style:subway-ribbon-v1","neighbor_debug_id":"F:f-main:group:1:55b880b7f6fc","neighbor_group_id":"group-manual-6av-orange-trunk","neighbor_lane_slot":0.5,"neighbor_effective_render_key":"F|f-main|lane:0.5|z:222|color:#EB6800|kind:group|style:subway-ribbon-v1","handoff_node_id":"handoff-f-f-main--73.97742,40.76396","handoff_reason":"station-adjacent-membership-change","handoff_kind":"membership-change","handoff_from_group_id":"group-manual-6av-orange-trunk","handoff_to_group_id":"group-b-d-f-m-f-m","handoff_from_lane_slot":0.5,"handoff_to_lane_slot":0.5,"source":"group-corridors-endpoint","feature_length_m":13673.04,"bbox_name":"59-lex-5av-57"},"geometry":{"type":"Point","coordinates":[-73.97741887236283,40.76395894523094]}},{"type":"Feature","properties":{"route_id":"F","visual_route_id":"F","visual_route_normalization_reason":"express-variant-collapse","display_route":"F","raw_route_ids":["F"],"raw_shape_ids":["F..N07R","F..N65R","F..N69R","F..S07R","F..S69R","F..S74R"],"visual_edge_ids":["f:B08-B10","f:B06-B08","f:B04-B06","f:B04-G20","f:G19-G20","f:G18-G19","f:G16-G18","f:G15-G16","f:G14-G15","f:G13-G14","f:G12-G13","f:G11-G12","f:G10-G11","f:G09-G10","f:G08-G09"],"edge_count":15,"from_stop_id":"B10","to_stop_id":"G08","from_stop_name":"57 St","to_stop_name":"Forest Hills-71 Av","edge_sequence":32,"representative_edge_geometry_sources":["F..N07R"],"edge_geometry_confidence":"high","canonical_direction_id":"mixed","canonical_direction_count":2,"collapsed_direction_count":2,"direction_collapse_reason":"visual-edge-direction-collapse","representative_shape_id":"F..N07R","visual_branch_id":"f-main","debug_id":"F:f-main:group:2:a25fea422283","endpoint_kind":"end","group_sequence":2,"group_id":"group-b-d-f-m-f-m","segment_kind":"group","visual_lane_slot":0.5,"visual_z_order":100.5,"effective_render_key":"F|f-main|lane:0.5|z:100.5|color:#EB6800|kind:group|style:subway-ribbon-v1","neighbor_debug_id":"F:f-main:solo:3:92c2dd8cc0bf","neighbor_group_id":null,"neighbor_lane_slot":0,"neighbor_effective_render_key":"F|f-main|lane:0|z:100|color:#EB6800|kind:solo|style:subway-ribbon-v1","handoff_node_id":"handoff-f-f-main--73.84452,40.72169","handoff_reason":"detected-corridor-exit","handoff_kind":"divergence","handoff_from_group_id":"group-b-d-f-m-f-m","handoff_to_group_id":null,"handoff_from_lane_slot":0.5,"handoff_to_lane_slot":0,"source":"group-corridors-endpoint","feature_length_m":13673.04,"bbox_name":null},"geometry":{"type":"Point","coordinates":[-73.844521,40.721691]}},{"type":"Feature","properties":{"route_id":"F","visual_route_id":"F","visual_route_normalization_reason":"express-variant-collapse","display_route":"F","raw_route_ids":["F","FX"],"raw_shape_ids":["F..N07R","F..N65R","F..N69R","F..N79R","F..N81R","F..N81X001","F..N81X002","F..N82R","F..S07R","F..S69R","F..S74R","F..S78R","F..S78X001","F..S78X002","F..S79R"],"visual_edge_ids":["f:F07-G08","f:F06-F07","f:F05-F06","f:F04-F05","f:F03-F04","f:F02-F03","f:F01-F02"],"edge_count":7,"from_stop_id":"G08","to_stop_id":"F01","from_stop_name":"Forest Hills-71 Av","to_stop_name":"Jamaica-179 St","edge_sequence":47,"representative_edge_geometry_sources":["F..N07R"],"edge_geometry_confidence":"high","canonical_direction_id":"mixed","canonical_direction_count":2,"collapsed_direction_count":2,"direction_collapse_reason":"visual-edge-direction-collapse","representative_shape_id":"F..N07R","visual_branch_id":"f-main","debug_id":"F:f-main:solo:3:92c2dd8cc0bf","endpoint_kind":"start","group_sequence":3,"group_id":null,"segment_kind":"solo","visual_lane_slot":0,"visual_z_order":100,"effective_render_key":"F|f-main|lane:0|z:100|color:#EB6800|kind:solo|style:subway-ribbon-v1","neighbor_debug_id":"F:f-main:group:2:a25fea422283","neighbor_group_id":"group-b-d-f-m-f-m","neighbor_lane_slot":0.5,"neighbor_effective_render_key":"F|f-main|lane:0.5|z:100.5|color:#EB6800|kind:group|style:subway-ribbon-v1","handoff_node_id":"handoff-f-f-main--73.84452,40.72169","handoff_reason":"detected-corridor-exit","handoff_kind":"divergence","handoff_from_group_id":"group-b-d-f-m-f-m","handoff_to_group_id":null,"handoff_from_lane_slot":0.5,"handoff_to_lane_slot":0,"source":"group-corridors-endpoint","feature_length_m":6064.76,"bbox_name":null},"geometry":{"type":"Point","coordinates":[-73.844521,40.721691]}},{"type":"Feature","properties":{"route_id":"F","visual_route_id":"F","visual_route_normalization_reason":"express-variant-collapse","display_route":"F","raw_route_ids":["F","FX"],"raw_shape_ids":["F..N07R","F..N65R","F..N69R","F..N79R","F..N81R","F..N81X001","F..N81X002","F..N82R","F..S07R","F..S69R","F..S74R","F..S78R","F..S78X001","F..S78X002","F..S79R"],"visual_edge_ids":["f:F07-G08","f:F06-F07","f:F05-F06","f:F04-F05","f:F03-F04","f:F02-F03","f:F01-F02"],"edge_count":7,"from_stop_id":"G08","to_stop_id":"F01","from_stop_name":"Forest Hills-71 Av","to_stop_name":"Jamaica-179 St","edge_sequence":47,"representative_edge_geometry_sources":["F..N07R"],"edge_geometry_confidence":"high","canonical_direction_id":"mixed","canonical_direction_count":2,"collapsed_direction_count":2,"direction_collapse_reason":"visual-edge-direction-collapse","representative_shape_id":"F..N07R","visual_branch_id":"f-main","debug_id":"F:f-main:solo:3:92c2dd8cc0bf","endpoint_kind":"end","group_sequence":3,"group_id":null,"segment_kind":"solo","visual_lane_slot":0,"visual_z_order":100,"effective_render_key":"F|f-main|lane:0|z:100|color:#EB6800|kind:solo|style:subway-ribbon-v1","neighbor_debug_id":null,"neighbor_group_id":null,"neighbor_lane_slot":null,"neighbor_effective_render_key":null,"handoff_node_id":"terminal-f-f-main-end","handoff_reason":"terminal","handoff_kind":"terminal","handoff_from_group_id":null,"handoff_to_group_id":null,"handoff_from_lane_slot":0,"handoff_to_lane_slot":0,"source":"group-corridors-endpoint","feature_length_m":6064.76,"bbox_name":null},"geometry":{"type":"Point","coordinates":[-73.783817,40.712646]}},{"type":"Feature","properties":{"route_id":"G","visual_route_id":"G","visual_route_normalization_reason":"identity","display_route":"G","raw_route_ids":["G"],"raw_shape_ids":["G..N16R","G..S14R"],"visual_edge_ids":["g:F26-F27","g:F25-F26","g:F24-F25","g:F23-F24","g:F22-F23","g:F21-F22","g:F20-F21","g:A42-F20","g:A42-G36","g:G35-G36","g:G34-G35","g:G33-G34","g:G32-G33","g:G31-G32","g:G30-G31","g:G29-G30","g:G28-G29","g:G26-G28","g:G24-G26","g:G22-G24"],"edge_count":20,"from_stop_id":"F27","to_stop_id":"G22","from_stop_name":"Church Av","to_stop_name":"Court Sq","edge_sequence":0,"representative_edge_geometry_sources":["G..N16R"],"edge_geometry_confidence":"high","canonical_direction_id":"mixed","canonical_direction_count":2,"collapsed_direction_count":2,"direction_collapse_reason":"visual-edge-direction-collapse","representative_shape_id":"G..N16R","visual_branch_id":"g-main","debug_id":"G:g-main:solo:0:4f4a80ab1f53","endpoint_kind":"start","group_sequence":0,"group_id":null,"segment_kind":"solo","visual_lane_slot":0,"visual_z_order":40,"effective_render_key":"G|g-main|lane:0|z:40|color:#799534|kind:solo|style:subway-ribbon-v1","neighbor_debug_id":null,"neighbor_group_id":null,"neighbor_lane_slot":null,"neighbor_effective_render_key":null,"handoff_node_id":"terminal-g-g-main-start","handoff_reason":"terminal","handoff_kind":"terminal","handoff_from_group_id":null,"handoff_to_group_id":null,"handoff_from_lane_slot":0,"handoff_to_lane_slot":0,"source":"group-corridors-endpoint","feature_length_m":16901.12,"bbox_name":null},"geometry":{"type":"Point","coordinates":[-73.979678,40.644041]}},{"type":"Feature","properties":{"route_id":"G","visual_route_id":"G","visual_route_normalization_reason":"identity","display_route":"G","raw_route_ids":["G"],"raw_shape_ids":["G..N16R","G..S14R"],"visual_edge_ids":["g:F26-F27","g:F25-F26","g:F24-F25","g:F23-F24","g:F22-F23","g:F21-F22","g:F20-F21","g:A42-F20","g:A42-G36","g:G35-G36","g:G34-G35","g:G33-G34","g:G32-G33","g:G31-G32","g:G30-G31","g:G29-G30","g:G28-G29","g:G26-G28","g:G24-G26","g:G22-G24"],"edge_count":20,"from_stop_id":"F27","to_stop_id":"G22","from_stop_name":"Church Av","to_stop_name":"Court Sq","edge_sequence":0,"representative_edge_geometry_sources":["G..N16R"],"edge_geometry_confidence":"high","canonical_direction_id":"mixed","canonical_direction_count":2,"collapsed_direction_count":2,"direction_collapse_reason":"visual-edge-direction-collapse","representative_shape_id":"G..N16R","visual_branch_id":"g-main","debug_id":"G:g-main:solo:0:4f4a80ab1f53","endpoint_kind":"end","group_sequence":0,"group_id":null,"segment_kind":"solo","visual_lane_slot":0,"visual_z_order":40,"effective_render_key":"G|g-main|lane:0|z:40|color:#799534|kind:solo|style:subway-ribbon-v1","neighbor_debug_id":null,"neighbor_group_id":null,"neighbor_lane_slot":null,"neighbor_effective_render_key":null,"handoff_node_id":"terminal-g-g-main-end","handoff_reason":"terminal","handoff_kind":"terminal","handoff_from_group_id":null,"handoff_to_group_id":null,"handoff_from_lane_slot":0,"handoff_to_lane_slot":0,"source":"group-corridors-endpoint","feature_length_m":16901.12,"bbox_name":null},"geometry":{"type":"Point","coordinates":[-73.943832,40.746554]}},{"type":"Feature","properties":{"route_id":"J","visual_route_id":"J","visual_route_normalization_reason":"identity","display_route":"J","raw_route_ids":["J"],"raw_shape_ids":["J..N41R","J..N43R","J..S12R","J..S54R"],"visual_edge_ids":["j:M22-M23","j:M21-M22","j:M20-M21","j:M19-M20","j:M18-M19"],"edge_count":5,"from_stop_id":"M23","to_stop_id":"M18","from_stop_name":"Broad St","to_stop_name":"Delancey St-Essex St","edge_sequence":0,"representative_edge_geometry_sources":["J..N41R"],"edge_geometry_confidence":"high","canonical_direction_id":"mixed","canonical_direction_count":2,"collapsed_direction_count":2,"direction_collapse_reason":"visual-edge-direction-collapse","representative_shape_id":"J..N41R","visual_branch_id":"j-main","debug_id":"J:j-main:group:0:508d9b58a8bf","endpoint_kind":"start","group_sequence":0,"group_id":"group-manual-nassau-jz-les","segment_kind":"group","visual_lane_slot":-0.5,"visual_z_order":190,"effective_render_key":"J|j-main|lane:-0.5|z:190|color:#8E5C33|kind:group|style:subway-ribbon-v1","neighbor_debug_id":null,"neighbor_group_id":null,"neighbor_lane_slot":null,"neighbor_effective_render_key":null,"handoff_node_id":"terminal-j-j-main-start","handoff_reason":"terminal","handoff_kind":"terminal","handoff_from_group_id":null,"handoff_to_group_id":"group-manual-nassau-jz-les","handoff_from_lane_slot":0,"handoff_to_lane_slot":-0.5,"source":"group-corridors-endpoint","feature_length_m":2938.57,"bbox_name":"lower-manhattan-river-crossings"},"geometry":{"type":"Point","coordinates":[-74.011056,40.706476]}},{"type":"Feature","properties":{"route_id":"J","visual_route_id":"J","visual_route_normalization_reason":"identity","display_route":"J","raw_route_ids":["J"],"raw_shape_ids":["J..N41R","J..N43R","J..S12R","J..S54R"],"visual_edge_ids":["j:M22-M23","j:M21-M22","j:M20-M21","j:M19-M20","j:M18-M19"],"edge_count":5,"from_stop_id":"M23","to_stop_id":"M18","from_stop_name":"Broad St","to_stop_name":"Delancey St-Essex St","edge_sequence":0,"representative_edge_geometry_sources":["J..N41R"],"edge_geometry_confidence":"high","canonical_direction_id":"mixed","canonical_direction_count":2,"collapsed_direction_count":2,"direction_collapse_reason":"visual-edge-direction-collapse","representative_shape_id":"J..N41R","visual_branch_id":"j-main","debug_id":"J:j-main:group:0:508d9b58a8bf","endpoint_kind":"end","group_sequence":0,"group_id":"group-manual-nassau-jz-les","segment_kind":"group","visual_lane_slot":-0.5,"visual_z_order":190,"effective_render_key":"J|j-main|lane:-0.5|z:190|color:#8E5C33|kind:group|style:subway-ribbon-v1","neighbor_debug_id":"J:j-main:group:1:174af4e97c50","neighbor_group_id":"group-j-z-j-z","neighbor_lane_slot":-0.5,"neighbor_effective_render_key":"J|j-main|lane:-0.5|z:49.5|color:#8E5C33|kind:group|style:subway-ribbon-v1","handoff_node_id":"handoff-j-j-main--73.98742,40.71834","handoff_reason":"station-adjacent-membership-change","handoff_kind":"membership-change","handoff_from_group_id":"group-manual-nassau-jz-les","handoff_to_group_id":"group-j-z-j-z","handoff_from_lane_slot":-0.5,"handoff_to_lane_slot":-0.5,"source":"group-corridors-endpoint","feature_length_m":2938.57,"bbox_name":null},"geometry":{"type":"Point","coordinates":[-73.98742378863788,40.718340020028734]}},{"type":"Feature","properties":{"route_id":"J","visual_route_id":"J","visual_route_normalization_reason":"identity","display_route":"J","raw_route_ids":["J"],"raw_shape_ids":["J..N41R","J..N43R","J..S12R","J..S54R","J..N60R"],"visual_edge_ids":["j:M16-M18","j:M14-M16","j:M13-M14","j:M12-M13","j:M11-M12","j:J31-M11","j:J30-J31","j:J29-J30","j:J28-J29","j:J27-J28","j:J24-J27","j:J23-J24","j:J22-J23","j:J21-J22","j:J20-J21","j:J19-J20","j:J17-J19","j:J16-J17","j:J15-J16","j:J14-J15","j:J13-J14","j:J12-J13","j:G06-J12","j:G05-G06"],"edge_count":24,"from_stop_id":"M18","to_stop_id":"G05","from_stop_name":"Delancey St-Essex St","to_stop_name":"Jamaica Center-Parsons/Archer","edge_sequence":5,"representative_edge_geometry_sources":["J..N41R"],"edge_geometry_confidence":"high","canonical_direction_id":"mixed","canonical_direction_count":2,"collapsed_direction_count":2,"direction_collapse_reason":"visual-edge-direction-collapse","representative_shape_id":"J..N41R","visual_branch_id":"j-main","debug_id":"J:j-main:group:1:174af4e97c50","endpoint_kind":"start","group_sequence":1,"group_id":"group-j-z-j-z","segment_kind":"group","visual_lane_slot":-0.5,"visual_z_order":49.5,"effective_render_key":"J|j-main|lane:-0.5|z:49.5|color:#8E5C33|kind:group|style:subway-ribbon-v1","neighbor_debug_id":"J:j-main:group:0:508d9b58a8bf","neighbor_group_id":"group-manual-nassau-jz-les","neighbor_lane_slot":-0.5,"neighbor_effective_render_key":"J|j-main|lane:-0.5|z:190|color:#8E5C33|kind:group|style:subway-ribbon-v1","handoff_node_id":"handoff-j-j-main--73.98742,40.71834","handoff_reason":"station-adjacent-membership-change","handoff_kind":"membership-change","handoff_from_group_id":"group-manual-nassau-jz-les","handoff_to_group_id":"group-j-z-j-z","handoff_from_lane_slot":-0.5,"handoff_to_lane_slot":-0.5,"source":"group-corridors-endpoint","feature_length_m":18466.19,"bbox_name":null},"geometry":{"type":"Point","coordinates":[-73.98742378863788,40.718340020028734]}},{"type":"Feature","properties":{"route_id":"J","visual_route_id":"J","visual_route_normalization_reason":"identity","display_route":"J","raw_route_ids":["J"],"raw_shape_ids":["J..N41R","J..N43R","J..S12R","J..S54R","J..N60R"],"visual_edge_ids":["j:M16-M18","j:M14-M16","j:M13-M14","j:M12-M13","j:M11-M12","j:J31-M11","j:J30-J31","j:J29-J30","j:J28-J29","j:J27-J28","j:J24-J27","j:J23-J24","j:J22-J23","j:J21-J22","j:J20-J21","j:J19-J20","j:J17-J19","j:J16-J17","j:J15-J16","j:J14-J15","j:J13-J14","j:J12-J13","j:G06-J12","j:G05-G06"],"edge_count":24,"from_stop_id":"M18","to_stop_id":"G05","from_stop_name":"Delancey St-Essex St","to_stop_name":"Jamaica Center-Parsons/Archer","edge_sequence":5,"representative_edge_geometry_sources":["J..N41R"],"edge_geometry_confidence":"high","canonical_direction_id":"mixed","canonical_direction_count":2,"collapsed_direction_count":2,"direction_collapse_reason":"visual-edge-direction-collapse","representative_shape_id":"J..N41R","visual_branch_id":"j-main","debug_id":"J:j-main:group:1:174af4e97c50","endpoint_kind":"end","group_sequence":1,"group_id":"group-j-z-j-z","segment_kind":"group","visual_lane_slot":-0.5,"visual_z_order":49.5,"effective_render_key":"J|j-main|lane:-0.5|z:49.5|color:#8E5C33|kind:group|style:subway-ribbon-v1","neighbor_debug_id":null,"neighbor_group_id":null,"neighbor_lane_slot":null,"neighbor_effective_render_key":null,"handoff_node_id":"terminal-j-j-main-end","handoff_reason":"terminal","handoff_kind":"terminal","handoff_from_group_id":"group-j-z-j-z","handoff_to_group_id":null,"handoff_from_lane_slot":-0.5,"handoff_to_lane_slot":0,"source":"group-corridors-endpoint","feature_length_m":18466.19,"bbox_name":null},"geometry":{"type":"Point","coordinates":[-73.801109,40.702147]}},{"type":"Feature","properties":{"route_id":"L","visual_route_id":"L","visual_route_normalization_reason":"identity","display_route":"L","raw_route_ids":["L"],"raw_shape_ids":["L..N01R","L..S01R","L..N02R","L..N05R","L..S05R"],"visual_edge_ids":["l:L28-L29","l:L27-L28","l:L26-L27","l:L25-L26","l:L24-L25","l:L22-L24","l:L21-L22","l:L20-L21","l:L19-L20","l:L17-L19","l:L16-L17","l:L15-L16","l:L14-L15","l:L13-L14","l:L12-L13","l:L11-L12","l:L10-L11","l:L08-L10","l:L06-L08","l:L05-L06","l:L03-L05","l:L02-L03","l:L01-L02"],"edge_count":23,"from_stop_id":"L29","to_stop_id":"L01","from_stop_name":"Canarsie-Rockaway Pkwy","to_stop_name":"8 Av","edge_sequence":0,"representative_edge_geometry_sources":["L..N01R"],"edge_geometry_confidence":"high","canonical_direction_id":"mixed","canonical_direction_count":2,"collapsed_direction_count":2,"direction_collapse_reason":"visual-edge-direction-collapse","representative_shape_id":"L..N01R","visual_branch_id":"l-main","debug_id":"L:l-main:solo:0:ef07ca9c716a","endpoint_kind":"start","group_sequence":0,"group_id":null,"segment_kind":"solo","visual_lane_slot":0,"visual_z_order":30,"effective_render_key":"L|l-main|lane:0|z:30|color:#7C858C|kind:solo|style:subway-ribbon-v1","neighbor_debug_id":null,"neighbor_group_id":null,"neighbor_lane_slot":null,"neighbor_effective_render_key":null,"handoff_node_id":"terminal-l-l-main-start","handoff_reason":"terminal","handoff_kind":"terminal","handoff_from_group_id":null,"handoff_to_group_id":null,"handoff_from_lane_slot":0,"handoff_to_lane_slot":0,"source":"group-corridors-endpoint","feature_length_m":16294.13,"bbox_name":null},"geometry":{"type":"Point","coordinates":[-73.90185,40.646654]}},{"type":"Feature","properties":{"route_id":"L","visual_route_id":"L","visual_route_normalization_reason":"identity","display_route":"L","raw_route_ids":["L"],"raw_shape_ids":["L..N01R","L..S01R","L..N02R","L..N05R","L..S05R"],"visual_edge_ids":["l:L28-L29","l:L27-L28","l:L26-L27","l:L25-L26","l:L24-L25","l:L22-L24","l:L21-L22","l:L20-L21","l:L19-L20","l:L17-L19","l:L16-L17","l:L15-L16","l:L14-L15","l:L13-L14","l:L12-L13","l:L11-L12","l:L10-L11","l:L08-L10","l:L06-L08","l:L05-L06","l:L03-L05","l:L02-L03","l:L01-L02"],"edge_count":23,"from_stop_id":"L29","to_stop_id":"L01","from_stop_name":"Canarsie-Rockaway Pkwy","to_stop_name":"8 Av","edge_sequence":0,"representative_edge_geometry_sources":["L..N01R"],"edge_geometry_confidence":"high","canonical_direction_id":"mixed","canonical_direction_count":2,"collapsed_direction_count":2,"direction_collapse_reason":"visual-edge-direction-collapse","representative_shape_id":"L..N01R","visual_branch_id":"l-main","debug_id":"L:l-main:solo:0:ef07ca9c716a","endpoint_kind":"end","group_sequence":0,"group_id":null,"segment_kind":"solo","visual_lane_slot":0,"visual_z_order":30,"effective_render_key":"L|l-main|lane:0|z:30|color:#7C858C|kind:solo|style:subway-ribbon-v1","neighbor_debug_id":null,"neighbor_group_id":null,"neighbor_lane_slot":null,"neighbor_effective_render_key":null,"handoff_node_id":"terminal-l-l-main-end","handoff_reason":"terminal","handoff_kind":"terminal","handoff_from_group_id":null,"handoff_to_group_id":null,"handoff_from_lane_slot":0,"handoff_to_lane_slot":0,"source":"group-corridors-endpoint","feature_length_m":16294.13,"bbox_name":null},"geometry":{"type":"Point","coordinates":[-74.002578,40.739777]}},{"type":"Feature","properties":{"route_id":"M","visual_route_id":"M","visual_route_normalization_reason":"identity","display_route":"M","raw_route_ids":["M"],"raw_shape_ids":["M..N24R","M..N35R","M..N37R","M..S24R","M..S35R","M..S37R"],"visual_edge_ids":["m:M01-M04","m:M04-M05","m:M05-M06","m:M06-M08","m:M08-M09","m:M09-M10","m:M10-M11","m:M11-M12","m:M12-M13","m:M13-M14","m:M14-M16","m:M16-M18"],"edge_count":12,"from_stop_id":"M01","to_stop_id":"M18","from_stop_name":"Middle Village-Metropolitan Av","to_stop_name":"Delancey St-Essex St","edge_sequence":0,"representative_edge_geometry_sources":["M..N24R"],"edge_geometry_confidence":"high","canonical_direction_id":"mixed","canonical_direction_count":2,"collapsed_direction_count":2,"direction_collapse_reason":"visual-edge-direction-collapse","representative_shape_id":"M..N24R","visual_branch_id":"m-main","debug_id":"M:m-main:solo:0:d02ee1973197","endpoint_kind":"start","group_sequence":0,"group_id":null,"segment_kind":"solo","visual_lane_slot":0,"visual_z_order":110,"effective_render_key":"M|m-main|lane:0|z:110|color:#EB6800|kind:solo|style:subway-ribbon-v1","neighbor_debug_id":null,"neighbor_group_id":null,"neighbor_lane_slot":null,"neighbor_effective_render_key":null,"handoff_node_id":"terminal-m-m-main-start","handoff_reason":"terminal","handoff_kind":"terminal","handoff_from_group_id":null,"handoff_to_group_id":null,"handoff_from_lane_slot":0,"handoff_to_lane_slot":0,"source":"group-corridors-endpoint","feature_length_m":9525.27,"bbox_name":null},"geometry":{"type":"Point","coordinates":[-73.889601,40.711396]}},{"type":"Feature","properties":{"route_id":"M","visual_route_id":"M","visual_route_normalization_reason":"identity","display_route":"M","raw_route_ids":["M"],"raw_shape_ids":["M..N24R","M..N35R","M..N37R","M..S24R","M..S35R","M..S37R"],"visual_edge_ids":["m:M01-M04","m:M04-M05","m:M05-M06","m:M06-M08","m:M08-M09","m:M09-M10","m:M10-M11","m:M11-M12","m:M12-M13","m:M13-M14","m:M14-M16","m:M16-M18"],"edge_count":12,"from_stop_id":"M01","to_stop_id":"M18","from_stop_name":"Middle Village-Metropolitan Av","to_stop_name":"Delancey St-Essex St","edge_sequence":0,"representative_edge_geometry_sources":["M..N24R"],"edge_geometry_confidence":"high","canonical_direction_id":"mixed","canonical_direction_count":2,"collapsed_direction_count":2,"direction_collapse_reason":"visual-edge-direction-collapse","representative_shape_id":"M..N24R","visual_branch_id":"m-main","debug_id":"M:m-main:solo:0:d02ee1973197","endpoint_kind":"end","group_sequence":0,"group_id":null,"segment_kind":"solo","visual_lane_slot":0,"visual_z_order":110,"effective_render_key":"M|m-main|lane:0|z:110|color:#EB6800|kind:solo|style:subway-ribbon-v1","neighbor_debug_id":"M:m-main:group:1:bb9e50c149a2","neighbor_group_id":"group-b-d-f-m-b-d-m","neighbor_lane_slot":1.5,"neighbor_effective_render_key":"M|m-main|lane:1.5|z:111.5|color:#EB6800|kind:group|style:subway-ribbon-v1","handoff_node_id":"handoff-m-m-main--73.98744,40.71831","handoff_reason":"detected-corridor-entry","handoff_kind":"merge","handoff_from_group_id":null,"handoff_to_group_id":"group-b-d-f-m-b-d-m","handoff_from_lane_slot":0,"handoff_to_lane_slot":1.5,"source":"group-corridors-endpoint","feature_length_m":9525.27,"bbox_name":null},"geometry":{"type":"Point","coordinates":[-73.987437,40.718315]}},{"type":"Feature","properties":{"route_id":"M","visual_route_id":"M","visual_route_normalization_reason":"identity","display_route":"M","raw_route_ids":["M"],"raw_shape_ids":["M..N24R","M..S24R"],"visual_edge_ids":["m:D21-M18"],"edge_count":1,"from_stop_id":"M18","to_stop_id":"D21","from_stop_name":"Delancey St-Essex St","to_stop_name":"Broadway-Lafayette St","edge_sequence":12,"representative_edge_geometry_sources":["M..N24R"],"edge_geometry_confidence":"high","canonical_direction_id":"mixed","canonical_direction_count":2,"collapsed_direction_count":2,"direction_collapse_reason":"visual-edge-direction-collapse","representative_shape_id":"M..N24R","visual_branch_id":"m-main","debug_id":"M:m-main:group:1:bb9e50c149a2","endpoint_kind":"start","group_sequence":1,"group_id":"group-b-d-f-m-b-d-m","segment_kind":"group","visual_lane_slot":1.5,"visual_z_order":111.5,"effective_render_key":"M|m-main|lane:1.5|z:111.5|color:#EB6800|kind:group|style:subway-ribbon-v1","neighbor_debug_id":"M:m-main:solo:0:d02ee1973197","neighbor_group_id":null,"neighbor_lane_slot":0,"neighbor_effective_render_key":"M|m-main|lane:0|z:110|color:#EB6800|kind:solo|style:subway-ribbon-v1","handoff_node_id":"handoff-m-m-main--73.98744,40.71831","handoff_reason":"detected-corridor-entry","handoff_kind":"merge","handoff_from_group_id":null,"handoff_to_group_id":"group-b-d-f-m-b-d-m","handoff_from_lane_slot":0,"handoff_to_lane_slot":1.5,"source":"group-corridors-endpoint","feature_length_m":1252.69,"bbox_name":null},"geometry":{"type":"Point","coordinates":[-73.987437,40.718315]}},{"type":"Feature","properties":{"route_id":"M","visual_route_id":"M","visual_route_normalization_reason":"identity","display_route":"M","raw_route_ids":["M"],"raw_shape_ids":["M..N24R","M..S24R"],"visual_edge_ids":["m:D21-M18"],"edge_count":1,"from_stop_id":"M18","to_stop_id":"D21","from_stop_name":"Delancey St-Essex St","to_stop_name":"Broadway-Lafayette St","edge_sequence":12,"representative_edge_geometry_sources":["M..N24R"],"edge_geometry_confidence":"high","canonical_direction_id":"mixed","canonical_direction_count":2,"collapsed_direction_count":2,"direction_collapse_reason":"visual-edge-direction-collapse","representative_shape_id":"M..N24R","visual_branch_id":"m-main","debug_id":"M:m-main:group:1:bb9e50c149a2","endpoint_kind":"end","group_sequence":1,"group_id":"group-b-d-f-m-b-d-m","segment_kind":"group","visual_lane_slot":1.5,"visual_z_order":111.5,"effective_render_key":"M|m-main|lane:1.5|z:111.5|color:#EB6800|kind:group|style:subway-ribbon-v1","neighbor_debug_id":"M:m-main:group:2:6204637f9ad0","neighbor_group_id":"group-manual-6av-orange-trunk","neighbor_lane_slot":1.5,"neighbor_effective_render_key":"M|m-main|lane:1.5|z:223|color:#EB6800|kind:group|style:subway-ribbon-v1","handoff_node_id":"handoff-m-m-main--73.99616,40.72537","handoff_reason":"station-adjacent-membership-change","handoff_kind":"membership-change","handoff_from_group_id":"group-b-d-f-m-b-d-m","handoff_to_group_id":"group-manual-6av-orange-trunk","handoff_from_lane_slot":1.5,"handoff_to_lane_slot":1.5,"source":"group-corridors-endpoint","feature_length_m":1252.69,"bbox_name":"canal-broadway-lafayette"},"geometry":{"type":"Point","coordinates":[-73.99616424610917,40.72537202495153]}},{"type":"Feature","properties":{"route_id":"M","visual_route_id":"M","visual_route_normalization_reason":"identity","display_route":"M","raw_route_ids":["M"],"raw_shape_ids":["M..N24R","M..S24R"],"visual_edge_ids":["m:D20-D21","m:D19-D20","m:D18-D19","m:D17-D18","m:D16-D17","m:D15-D16","m:B10-D15"],"edge_count":7,"from_stop_id":"D21","to_stop_id":"B10","from_stop_name":"Broadway-Lafayette St","to_stop_name":"57 St","edge_sequence":13,"representative_edge_geometry_sources":["M..N24R"],"edge_geometry_confidence":"high","canonical_direction_id":"mixed","canonical_direction_count":2,"collapsed_direction_count":2,"direction_collapse_reason":"visual-edge-direction-collapse","representative_shape_id":"M..N24R","visual_branch_id":"m-main","debug_id":"M:m-main:group:2:6204637f9ad0","endpoint_kind":"start","group_sequence":2,"group_id":"group-manual-6av-orange-trunk","segment_kind":"group","visual_lane_slot":1.5,"visual_z_order":223,"effective_render_key":"M|m-main|lane:1.5|z:223|color:#EB6800|kind:group|style:subway-ribbon-v1","neighbor_debug_id":"M:m-main:group:1:bb9e50c149a2","neighbor_group_id":"group-b-d-f-m-b-d-m","neighbor_lane_slot":1.5,"neighbor_effective_render_key":"M|m-main|lane:1.5|z:111.5|color:#EB6800|kind:group|style:subway-ribbon-v1","handoff_node_id":"handoff-m-m-main--73.99616,40.72537","handoff_reason":"station-adjacent-membership-change","handoff_kind":"membership-change","handoff_from_group_id":"group-b-d-f-m-b-d-m","handoff_to_group_id":"group-manual-6av-orange-trunk","handoff_from_lane_slot":1.5,"handoff_to_lane_slot":1.5,"source":"group-corridors-endpoint","feature_length_m":5114.75,"bbox_name":"canal-broadway-lafayette"},"geometry":{"type":"Point","coordinates":[-73.99616424610917,40.72537202495153]}},{"type":"Feature","properties":{"route_id":"M","visual_route_id":"M","visual_route_normalization_reason":"identity","display_route":"M","raw_route_ids":["M"],"raw_shape_ids":["M..N24R","M..S24R"],"visual_edge_ids":["m:D20-D21","m:D19-D20","m:D18-D19","m:D17-D18","m:D16-D17","m:D15-D16","m:B10-D15"],"edge_count":7,"from_stop_id":"D21","to_stop_id":"B10","from_stop_name":"Broadway-Lafayette St","to_stop_name":"57 St","edge_sequence":13,"representative_edge_geometry_sources":["M..N24R"],"edge_geometry_confidence":"high","canonical_direction_id":"mixed","canonical_direction_count":2,"collapsed_direction_count":2,"direction_collapse_reason":"visual-edge-direction-collapse","representative_shape_id":"M..N24R","visual_branch_id":"m-main","debug_id":"M:m-main:group:2:6204637f9ad0","endpoint_kind":"end","group_sequence":2,"group_id":"group-manual-6av-orange-trunk","segment_kind":"group","visual_lane_slot":1.5,"visual_z_order":223,"effective_render_key":"M|m-main|lane:1.5|z:223|color:#EB6800|kind:group|style:subway-ribbon-v1","neighbor_debug_id":"M:m-main:group:3:774d4fb8e6d4","neighbor_group_id":"group-b-d-f-m-f-m","neighbor_lane_slot":1.5,"neighbor_effective_render_key":"M|m-main|lane:1.5|z:111.5|color:#EB6800|kind:group|style:subway-ribbon-v1","handoff_node_id":"handoff-m-m-main--73.97736,40.76393","handoff_reason":"station-adjacent-membership-change","handoff_kind":"membership-change","handoff_from_group_id":"group-manual-6av-orange-trunk","handoff_to_group_id":"group-b-d-f-m-f-m","handoff_from_lane_slot":1.5,"handoff_to_lane_slot":1.5,"source":"group-corridors-endpoint","feature_length_m":5114.75,"bbox_name":"59-lex-5av-57"},"geometry":{"type":"Point","coordinates":[-73.9773566170885,40.76393283569282]}},{"type":"Feature","properties":{"route_id":"M","visual_route_id":"M","visual_route_normalization_reason":"identity","display_route":"M","raw_route_ids":["M"],"raw_shape_ids":["M..N24R","M..S24R"],"visual_edge_ids":["m:B08-B10","m:B06-B08","m:B04-B06","m:B04-G20","m:G19-G20","m:G18-G19","m:G16-G18","m:G15-G16","m:G14-G15","m:G13-G14","m:G12-G13","m:G11-G12","m:G10-G11","m:G09-G10","m:G08-G09"],"edge_count":15,"from_stop_id":"B10","to_stop_id":"G08","from_stop_name":"57 St","to_stop_name":"Forest Hills-71 Av","edge_sequence":20,"representative_edge_geometry_sources":["M..N24R"],"edge_geometry_confidence":"high","canonical_direction_id":"mixed","canonical_direction_count":2,"collapsed_direction_count":2,"direction_collapse_reason":"visual-edge-direction-collapse","representative_shape_id":"M..N24R","visual_branch_id":"m-main","debug_id":"M:m-main:group:3:774d4fb8e6d4","endpoint_kind":"start","group_sequence":3,"group_id":"group-b-d-f-m-f-m","segment_kind":"group","visual_lane_slot":1.5,"visual_z_order":111.5,"effective_render_key":"M|m-main|lane:1.5|z:111.5|color:#EB6800|kind:group|style:subway-ribbon-v1","neighbor_debug_id":"M:m-main:group:2:6204637f9ad0","neighbor_group_id":"group-manual-6av-orange-trunk","neighbor_lane_slot":1.5,"neighbor_effective_render_key":"M|m-main|lane:1.5|z:223|color:#EB6800|kind:group|style:subway-ribbon-v1","handoff_node_id":"handoff-m-m-main--73.97736,40.76393","handoff_reason":"station-adjacent-membership-change","handoff_kind":"membership-change","handoff_from_group_id":"group-manual-6av-orange-trunk","handoff_to_group_id":"group-b-d-f-m-f-m","handoff_from_lane_slot":1.5,"handoff_to_lane_slot":1.5,"source":"group-corridors-endpoint","feature_length_m":13663.62,"bbox_name":"59-lex-5av-57"},"geometry":{"type":"Point","coordinates":[-73.9773566170885,40.76393283569282]}},{"type":"Feature","properties":{"route_id":"M","visual_route_id":"M","visual_route_normalization_reason":"identity","display_route":"M","raw_route_ids":["M"],"raw_shape_ids":["M..N24R","M..S24R"],"visual_edge_ids":["m:B08-B10","m:B06-B08","m:B04-B06","m:B04-G20","m:G19-G20","m:G18-G19","m:G16-G18","m:G15-G16","m:G14-G15","m:G13-G14","m:G12-G13","m:G11-G12","m:G10-G11","m:G09-G10","m:G08-G09"],"edge_count":15,"from_stop_id":"B10","to_stop_id":"G08","from_stop_name":"57 St","to_stop_name":"Forest Hills-71 Av","edge_sequence":20,"representative_edge_geometry_sources":["M..N24R"],"edge_geometry_confidence":"high","canonical_direction_id":"mixed","canonical_direction_count":2,"collapsed_direction_count":2,"direction_collapse_reason":"visual-edge-direction-collapse","representative_shape_id":"M..N24R","visual_branch_id":"m-main","debug_id":"M:m-main:group:3:774d4fb8e6d4","endpoint_kind":"end","group_sequence":3,"group_id":"group-b-d-f-m-f-m","segment_kind":"group","visual_lane_slot":1.5,"visual_z_order":111.5,"effective_render_key":"M|m-main|lane:1.5|z:111.5|color:#EB6800|kind:group|style:subway-ribbon-v1","neighbor_debug_id":null,"neighbor_group_id":null,"neighbor_lane_slot":null,"neighbor_effective_render_key":null,"handoff_node_id":"terminal-m-m-main-end","handoff_reason":"terminal","handoff_kind":"terminal","handoff_from_group_id":"group-b-d-f-m-f-m","handoff_to_group_id":null,"handoff_from_lane_slot":1.5,"handoff_to_lane_slot":0,"source":"group-corridors-endpoint","feature_length_m":13663.62,"bbox_name":null},"geometry":{"type":"Point","coordinates":[-73.844521,40.721691]}},{"type":"Feature","properties":{"route_id":"N","visual_route_id":"N","visual_route_normalization_reason":"identity","display_route":"N","raw_route_ids":["N"],"raw_shape_ids":["N..N16R","N..N20R","N..N23R","N..N31R","N..S16R","N..S20R","N..S27R","N..S31R"],"visual_edge_ids":["n:D43-N10"],"edge_count":1,"from_stop_id":"D43","to_stop_id":"N10","from_stop_name":"Coney Island-Stillwell Av","to_stop_name":"86 St","edge_sequence":0,"representative_edge_geometry_sources":["N..N20R"],"edge_geometry_confidence":"high","canonical_direction_id":"mixed","canonical_direction_count":2,"collapsed_direction_count":2,"direction_collapse_reason":"visual-edge-direction-collapse","representative_shape_id":"N..N20R","visual_branch_id":"n-main","debug_id":"N:n-main:solo:0:6cf6ff1fbe7f","endpoint_kind":"start","group_sequence":0,"group_id":null,"segment_kind":"solo","visual_lane_slot":0,"visual_z_order":140,"effective_render_key":"N|n-main|lane:0|z:140|color:#F6BC26|kind:solo|style:subway-ribbon-v1","neighbor_debug_id":null,"neighbor_group_id":null,"neighbor_lane_slot":null,"neighbor_effective_render_key":null,"handoff_node_id":"terminal-n-n-main-start","handoff_reason":"terminal","handoff_kind":"terminal","handoff_from_group_id":null,"handoff_to_group_id":null,"handoff_from_lane_slot":0,"handoff_to_lane_slot":0,"source":"group-corridors-endpoint","feature_length_m":1743.67,"bbox_name":"coney-island-stillwell"},"geometry":{"type":"Point","coordinates":[-73.981233,40.577422]}},{"type":"Feature","properties":{"route_id":"N","visual_route_id":"N","visual_route_normalization_reason":"identity","display_route":"N","raw_route_ids":["N"],"raw_shape_ids":["N..N16R","N..N20R","N..N23R","N..N31R","N..S16R","N..S20R","N..S27R","N..S31R"],"visual_edge_ids":["n:D43-N10"],"edge_count":1,"from_stop_id":"D43","to_stop_id":"N10","from_stop_name":"Coney Island-Stillwell Av","to_stop_name":"86 St","edge_sequence":0,"representative_edge_geometry_sources":["N..N20R"],"edge_geometry_confidence":"high","canonical_direction_id":"mixed","canonical_direction_count":2,"collapsed_direction_count":2,"direction_collapse_reason":"visual-edge-direction-collapse","representative_shape_id":"N..N20R","visual_branch_id":"n-main","debug_id":"N:n-main:solo:0:6cf6ff1fbe7f","endpoint_kind":"end","group_sequence":0,"group_id":null,"segment_kind":"solo","visual_lane_slot":0,"visual_z_order":140,"effective_render_key":"N|n-main|lane:0|z:140|color:#F6BC26|kind:solo|style:subway-ribbon-v1","neighbor_debug_id":"N:n-main:group:1:30a2ab98ea26","neighbor_group_id":"group-n-q-r-w-n-w","neighbor_lane_slot":-1.5,"neighbor_effective_render_key":"N|n-main|lane:-1.5|z:138.5|color:#F6BC26|kind:group|style:subway-ribbon-v1","handoff_node_id":"handoff-n-n-main--73.97823,40.59272","handoff_reason":"detected-corridor-entry","handoff_kind":"merge","handoff_from_group_id":null,"handoff_to_group_id":"group-n-q-r-w-n-w","handoff_from_lane_slot":0,"handoff_to_lane_slot":-1.5,"source":"group-corridors-endpoint","feature_length_m":1743.67,"bbox_name":null},"geometry":{"type":"Point","coordinates":[-73.97823,40.592721]}},{"type":"Feature","properties":{"route_id":"N","visual_route_id":"N","visual_route_normalization_reason":"identity","display_route":"N","raw_route_ids":["N"],"raw_shape_ids":["N..N16R","N..N20R","N..N23R","N..N31R","N..N35R","N..S16R","N..S20R","N..S27R","N..S31R"],"visual_edge_ids":["n:N09-N10","n:N08-N09","n:N07-N08","n:N06-N07","n:N05-N06","n:N04-N05","n:N03-N04","n:N02-N03","n:N02-R41","n:R40-R41","n:R39-R40","n:R36-R39","n:R35-R36","n:R34-R35","n:R33-R34","n:R32-R33"],"edge_count":16,"from_stop_id":"N10","to_stop_id":"R32","from_stop_name":"86 St","to_stop_name":"Union St","edge_sequence":1,"representative_edge_geometry_sources":["N..N20R"],"edge_geometry_confidence":"high","canonical_direction_id":"mixed","canonical_direction_count":2,"collapsed_direction_count":2,"direction_collapse_reason":"visual-edge-direction-collapse","representative_shape_id":"N..N20R","visual_branch_id":"n-main","debug_id":"N:n-main:group:1:30a2ab98ea26","endpoint_kind":"start","group_sequence":1,"group_id":"group-n-q-r-w-n-w","segment_kind":"group","visual_lane_slot":-1.5,"visual_z_order":138.5,"effective_render_key":"N|n-main|lane:-1.5|z:138.5|color:#F6BC26|kind:group|style:subway-ribbon-v1","neighbor_debug_id":"N:n-main:solo:0:6cf6ff1fbe7f","neighbor_group_id":null,"neighbor_lane_slot":0,"neighbor_effective_render_key":"N|n-main|lane:0|z:140|color:#F6BC26|kind:solo|style:subway-ribbon-v1","handoff_node_id":"handoff-n-n-main--73.97823,40.59272","handoff_reason":"detected-corridor-entry","handoff_kind":"merge","handoff_from_group_id":null,"handoff_to_group_id":"group-n-q-r-w-n-w","handoff_from_lane_slot":0,"handoff_to_lane_slot":-1.5,"source":"group-corridors-endpoint","feature_length_m":12134.84,"bbox_name":null},"geometry":{"type":"Point","coordinates":[-73.97823,40.592721]}},{"type":"Feature","properties":{"route_id":"N","visual_route_id":"N","visual_route_normalization_reason":"identity","display_route":"N","raw_route_ids":["N"],"raw_shape_ids":["N..N16R","N..N20R","N..N23R","N..N31R","N..N35R","N..S16R","N..S20R","N..S27R","N..S31R"],"visual_edge_ids":["n:N09-N10","n:N08-N09","n:N07-N08","n:N06-N07","n:N05-N06","n:N04-N05","n:N03-N04","n:N02-N03","n:N02-R41","n:R40-R41","n:R39-R40","n:R36-R39","n:R35-R36","n:R34-R35","n:R33-R34","n:R32-R33"],"edge_count":16,"from_stop_id":"N10","to_stop_id":"R32","from_stop_name":"86 St","to_stop_name":"Union St","edge_sequence":1,"representative_edge_geometry_sources":["N..N20R"],"edge_geometry_confidence":"high","canonical_direction_id":"mixed","canonical_direction_count":2,"collapsed_direction_count":2,"direction_collapse_reason":"visual-edge-direction-collapse","representative_shape_id":"N..N20R","visual_branch_id":"n-main","debug_id":"N:n-main:group:1:30a2ab98ea26","endpoint_kind":"end","group_sequence":1,"group_id":"group-n-q-r-w-n-w","segment_kind":"group","visual_lane_slot":-1.5,"visual_z_order":138.5,"effective_render_key":"N|n-main|lane:-1.5|z:138.5|color:#F6BC26|kind:group|style:subway-ribbon-v1","neighbor_debug_id":"N:n-main:group:2:2e85d85255d8","neighbor_group_id":"group-manual-dekalb-atlantic","neighbor_lane_slot":-1.1,"neighbor_effective_render_key":"N|n-main|lane:-1.1|z:302|color:#F6BC26|kind:group|style:subway-ribbon-v1","handoff_node_id":"handoff-n-n-main--73.98311,40.67732","handoff_reason":"station-adjacent-membership-change","handoff_kind":"membership-change","handoff_from_group_id":"group-n-q-r-w-n-w","handoff_to_group_id":"group-manual-dekalb-atlantic","handoff_from_lane_slot":-1.5,"handoff_to_lane_slot":-1.1,"source":"group-corridors-endpoint","feature_length_m":12134.84,"bbox_name":"dekalb-atlantic-barclays"},"geometry":{"type":"Point","coordinates":[-73.98311,40.677316]}},{"type":"Feature","properties":{"route_id":"N","visual_route_id":"N","visual_route_normalization_reason":"identity","display_route":"N","raw_route_ids":["N"],"raw_shape_ids":["N..N20R","N..N23R","N..N31R","N..S20R","N..S31R"],"visual_edge_ids":["n:R31-R32","n:R30-R31","n:R29-R30","n:R28-R29"],"edge_count":4,"from_stop_id":"R32","to_stop_id":"R28","from_stop_name":"Union St","to_stop_name":"Court St","edge_sequence":17,"representative_edge_geometry_sources":["N..N20R"],"edge_geometry_confidence":"high","canonical_direction_id":"mixed","canonical_direction_count":2,"collapsed_direction_count":2,"direction_collapse_reason":"visual-edge-direction-collapse","representative_shape_id":"N..N20R","visual_branch_id":"n-main","debug_id":"N:n-main:group:2:2e85d85255d8","endpoint_kind":"start","group_sequence":2,"group_id":"group-manual-dekalb-atlantic","segment_kind":"group","visual_lane_slot":-1.1,"visual_z_order":302,"effective_render_key":"N|n-main|lane:-1.1|z:302|color:#F6BC26|kind:group|style:subway-ribbon-v1","neighbor_debug_id":"N:n-main:group:1:30a2ab98ea26","neighbor_group_id":"group-n-q-r-w-n-w","neighbor_lane_slot":-1.5,"neighbor_effective_render_key":"N|n-main|lane:-1.5|z:138.5|color:#F6BC26|kind:group|style:subway-ribbon-v1","handoff_node_id":"handoff-n-n-main--73.98311,40.67732","handoff_reason":"station-adjacent-membership-change","handoff_kind":"membership-change","handoff_from_group_id":"group-n-q-r-w-n-w","handoff_to_group_id":"group-manual-dekalb-atlantic","handoff_from_lane_slot":-1.5,"handoff_to_lane_slot":-1.1,"source":"group-corridors-endpoint","feature_length_m":2728.47,"bbox_name":"dekalb-atlantic-barclays"},"geometry":{"type":"Point","coordinates":[-73.98311,40.677316]}},{"type":"Feature","properties":{"route_id":"N","visual_route_id":"N","visual_route_normalization_reason":"identity","display_route":"N","raw_route_ids":["N"],"raw_shape_ids":["N..N20R","N..N23R","N..N31R","N..S20R","N..S31R"],"visual_edge_ids":["n:R31-R32","n:R30-R31","n:R29-R30","n:R28-R29"],"edge_count":4,"from_stop_id":"R32","to_stop_id":"R28","from_stop_name":"Union St","to_stop_name":"Court St","edge_sequence":17,"representative_edge_geometry_sources":["N..N20R"],"edge_geometry_confidence":"high","canonical_direction_id":"mixed","canonical_direction_count":2,"collapsed_direction_count":2,"direction_collapse_reason":"visual-edge-direction-collapse","representative_shape_id":"N..N20R","visual_branch_id":"n-main","debug_id":"N:n-main:group:2:2e85d85255d8","endpoint_kind":"end","group_sequence":2,"group_id":"group-manual-dekalb-atlantic","segment_kind":"group","visual_lane_slot":-1.1,"visual_z_order":302,"effective_render_key":"N|n-main|lane:-1.1|z:302|color:#F6BC26|kind:group|style:subway-ribbon-v1","neighbor_debug_id":"N:n-main:group:3:d2bfef9d4bda","neighbor_group_id":"group-manual-montague-nrw-tunnel","neighbor_lane_slot":-1.5,"neighbor_effective_render_key":"N|n-main|lane:-1.5|z:240|color:#F6BC26|kind:group|style:subway-ribbon-v1","handoff_node_id":"handoff-n-n-main--73.99178,40.69410","handoff_reason":"station-adjacent-membership-change","handoff_kind":"membership-change","handoff_from_group_id":"group-manual-dekalb-atlantic","handoff_to_group_id":"group-manual-montague-nrw-tunnel","handoff_from_lane_slot":-1.1,"handoff_to_lane_slot":-1.5,"source":"group-corridors-endpoint","feature_length_m":2728.47,"bbox_name":"lower-manhattan-river-crossings"},"geometry":{"type":"Point","coordinates":[-73.991777,40.6941]}},{"type":"Feature","properties":{"route_id":"N","visual_route_id":"N","visual_route_normalization_reason":"identity","display_route":"N","raw_route_ids":["N"],"raw_shape_ids":["N..N20R","N..S20R","N..N23R","N..S27R","N..N16R","N..N31R","N..N35R","N..S16R","N..S31R"],"visual_edge_ids":["n:R27-R28","n:R26-R27","n:R25-R26","n:R24-R25","n:R23-R24","n:R22-R23","n:R21-R22","n:R20-R21","n:R19-R20","n:R18-R19","n:R17-R18","n:R16-R17","n:R15-R16","n:R14-R15","n:R13-R14","n:R11-R13"],"edge_count":16,"from_stop_id":"R28","to_stop_id":"R11","from_stop_name":"Court St","to_stop_name":"Lexington Av/59 St","edge_sequence":21,"representative_edge_geometry_sources":["N..N20R"],"edge_geometry_confidence":"high","canonical_direction_id":"mixed","canonical_direction_count":2,"collapsed_direction_count":2,"direction_collapse_reason":"visual-edge-direction-collapse","representative_shape_id":"N..N20R","visual_branch_id":"n-main","debug_id":"N:n-main:group:3:d2bfef9d4bda","endpoint_kind":"start","group_sequence":3,"group_id":"group-manual-montague-nrw-tunnel","segment_kind":"group","visual_lane_slot":-1.5,"visual_z_order":240,"effective_render_key":"N|n-main|lane:-1.5|z:240|color:#F6BC26|kind:group|style:subway-ribbon-v1","neighbor_debug_id":"N:n-main:group:2:2e85d85255d8","neighbor_group_id":"group-manual-dekalb-atlantic","neighbor_lane_slot":-1.1,"neighbor_effective_render_key":"N|n-main|lane:-1.1|z:302|color:#F6BC26|kind:group|style:subway-ribbon-v1","handoff_node_id":"handoff-n-n-main--73.99178,40.69410","handoff_reason":"station-adjacent-membership-change","handoff_kind":"membership-change","handoff_from_group_id":"group-manual-dekalb-atlantic","handoff_to_group_id":"group-manual-montague-nrw-tunnel","handoff_from_lane_slot":-1.1,"handoff_to_lane_slot":-1.5,"source":"group-corridors-endpoint","feature_length_m":11664.06,"bbox_name":"lower-manhattan-river-crossings"},"geometry":{"type":"Point","coordinates":[-73.991777,40.6941]}},{"type":"Feature","properties":{"route_id":"N","visual_route_id":"N","visual_route_normalization_reason":"identity","display_route":"N","raw_route_ids":["N"],"raw_shape_ids":["N..N20R","N..S20R","N..N23R","N..S27R","N..N16R","N..N31R","N..N35R","N..S16R","N..S31R"],"visual_edge_ids":["n:R27-R28","n:R26-R27","n:R25-R26","n:R24-R25","n:R23-R24","n:R22-R23","n:R21-R22","n:R20-R21","n:R19-R20","n:R18-R19","n:R17-R18","n:R16-R17","n:R15-R16","n:R14-R15","n:R13-R14","n:R11-R13"],"edge_count":16,"from_stop_id":"R28","to_stop_id":"R11","from_stop_name":"Court St","to_stop_name":"Lexington Av/59 St","edge_sequence":21,"representative_edge_geometry_sources":["N..N20R"],"edge_geometry_confidence":"high","canonical_direction_id":"mixed","canonical_direction_count":2,"collapsed_direction_count":2,"direction_collapse_reason":"visual-edge-direction-collapse","representative_shape_id":"N..N20R","visual_branch_id":"n-main","debug_id":"N:n-main:group:3:d2bfef9d4bda","endpoint_kind":"end","group_sequence":3,"group_id":"group-manual-montague-nrw-tunnel","segment_kind":"group","visual_lane_slot":-1.5,"visual_z_order":240,"effective_render_key":"N|n-main|lane:-1.5|z:240|color:#F6BC26|kind:group|style:subway-ribbon-v1","neighbor_debug_id":"N:n-main:group:4:6bdcb3781961","neighbor_group_id":"group-n-q-r-w-n-r-w","neighbor_lane_slot":-1.5,"neighbor_effective_render_key":"N|n-main|lane:-1.5|z:138.5|color:#F6BC26|kind:group|style:subway-ribbon-v1","handoff_node_id":"handoff-n-n-main--73.96721,40.76273","handoff_reason":"station-adjacent-membership-change","handoff_kind":"membership-change","handoff_from_group_id":"group-manual-montague-nrw-tunnel","handoff_to_group_id":"group-n-q-r-w-n-r-w","handoff_from_lane_slot":-1.5,"handoff_to_lane_slot":-1.5,"source":"group-corridors-endpoint","feature_length_m":11664.06,"bbox_name":"59-lex-5av-57"},"geometry":{"type":"Point","coordinates":[-73.96720620623863,40.76273069252525]}},{"type":"Feature","properties":{"route_id":"N","visual_route_id":"N","visual_route_normalization_reason":"identity","display_route":"N","raw_route_ids":["N"],"raw_shape_ids":["N..N20R","N..N23R","N..N31R","N..N35R","N..S20R","N..S27R","N..S31R"],"visual_edge_ids":["n:R09-R11","n:R08-R09","n:R06-R08","n:R05-R06","n:R04-R05","n:R03-R04","n:R01-R03"],"edge_count":7,"from_stop_id":"R11","to_stop_id":"R01","from_stop_name":"Lexington Av/59 St","to_stop_name":"Astoria-Ditmars Blvd","edge_sequence":37,"representative_edge_geometry_sources":["N..N20R"],"edge_geometry_confidence":"high","canonical_direction_id":"mixed","canonical_direction_count":2,"collapsed_direction_count":2,"direction_collapse_reason":"visual-edge-direction-collapse","representative_shape_id":"N..N20R","visual_branch_id":"n-main","debug_id":"N:n-main:group:4:6bdcb3781961","endpoint_kind":"start","group_sequence":4,"group_id":"group-n-q-r-w-n-r-w","segment_kind":"group","visual_lane_slot":-1.5,"visual_z_order":138.5,"effective_render_key":"N|n-main|lane:-1.5|z:138.5|color:#F6BC26|kind:group|style:subway-ribbon-v1","neighbor_debug_id":"N:n-main:group:3:d2bfef9d4bda","neighbor_group_id":"group-manual-montague-nrw-tunnel","neighbor_lane_slot":-1.5,"neighbor_effective_render_key":"N|n-main|lane:-1.5|z:240|color:#F6BC26|kind:group|style:subway-ribbon-v1","handoff_node_id":"handoff-n-n-main--73.96721,40.76273","handoff_reason":"station-adjacent-membership-change","handoff_kind":"membership-change","handoff_from_group_id":"group-manual-montague-nrw-tunnel","handoff_to_group_id":"group-n-q-r-w-n-r-w","handoff_from_lane_slot":-1.5,"handoff_to_lane_slot":-1.5,"source":"group-corridors-endpoint","feature_length_m":6535.76,"bbox_name":"59-lex-5av-57"},"geometry":{"type":"Point","coordinates":[-73.96720620623863,40.76273069252525]}},{"type":"Feature","properties":{"route_id":"N","visual_route_id":"N","visual_route_normalization_reason":"identity","display_route":"N","raw_route_ids":["N"],"raw_shape_ids":["N..N20R","N..N23R","N..N31R","N..N35R","N..S20R","N..S27R","N..S31R"],"visual_edge_ids":["n:R09-R11","n:R08-R09","n:R06-R08","n:R05-R06","n:R04-R05","n:R03-R04","n:R01-R03"],"edge_count":7,"from_stop_id":"R11","to_stop_id":"R01","from_stop_name":"Lexington Av/59 St","to_stop_name":"Astoria-Ditmars Blvd","edge_sequence":37,"representative_edge_geometry_sources":["N..N20R"],"edge_geometry_confidence":"high","canonical_direction_id":"mixed","canonical_direction_count":2,"collapsed_direction_count":2,"direction_collapse_reason":"visual-edge-direction-collapse","representative_shape_id":"N..N20R","visual_branch_id":"n-main","debug_id":"N:n-main:group:4:6bdcb3781961","endpoint_kind":"end","group_sequence":4,"group_id":"group-n-q-r-w-n-r-w","segment_kind":"group","visual_lane_slot":-1.5,"visual_z_order":138.5,"effective_render_key":"N|n-main|lane:-1.5|z:138.5|color:#F6BC26|kind:group|style:subway-ribbon-v1","neighbor_debug_id":null,"neighbor_group_id":null,"neighbor_lane_slot":null,"neighbor_effective_render_key":null,"handoff_node_id":"terminal-n-n-main-end","handoff_reason":"terminal","handoff_kind":"terminal","handoff_from_group_id":"group-n-q-r-w-n-r-w","handoff_to_group_id":null,"handoff_from_lane_slot":-1.5,"handoff_to_lane_slot":0,"source":"group-corridors-endpoint","feature_length_m":6535.76,"bbox_name":null},"geometry":{"type":"Point","coordinates":[-73.912034,40.775036]}},{"type":"Feature","properties":{"route_id":"Q","visual_route_id":"Q","visual_route_normalization_reason":"identity","display_route":"Q","raw_route_ids":["Q"],"raw_shape_ids":["Q..N19R","Q..N39R","Q..S19R","Q..S39R"],"visual_edge_ids":["q:D42-D43"],"edge_count":1,"from_stop_id":"D43","to_stop_id":"D42","from_stop_name":"Coney Island-Stillwell Av","to_stop_name":"W 8 St-NY Aquarium","edge_sequence":0,"representative_edge_geometry_sources":["Q..N19R"],"edge_geometry_confidence":"high","canonical_direction_id":"mixed","canonical_direction_count":2,"collapsed_direction_count":2,"direction_collapse_reason":"visual-edge-direction-collapse","representative_shape_id":"Q..N19R","visual_branch_id":"q-main","debug_id":"Q:q-main:solo:0:cef3dcf1af8c","endpoint_kind":"start","group_sequence":0,"group_id":null,"segment_kind":"solo","visual_lane_slot":0,"visual_z_order":150,"effective_render_key":"Q|q-main|lane:0|z:150|color:#F6BC26|kind:solo|style:subway-ribbon-v1","neighbor_debug_id":null,"neighbor_group_id":null,"neighbor_lane_slot":null,"neighbor_effective_render_key":null,"handoff_node_id":"terminal-q-q-main-start","handoff_reason":"terminal","handoff_kind":"terminal","handoff_from_group_id":null,"handoff_to_group_id":null,"handoff_from_lane_slot":0,"handoff_to_lane_slot":0,"source":"group-corridors-endpoint","feature_length_m":563.59,"bbox_name":"coney-island-stillwell"},"geometry":{"type":"Point","coordinates":[-73.981233,40.577422]}},{"type":"Feature","properties":{"route_id":"Q","visual_route_id":"Q","visual_route_normalization_reason":"identity","display_route":"Q","raw_route_ids":["Q"],"raw_shape_ids":["Q..N19R","Q..N39R","Q..S19R","Q..S39R"],"visual_edge_ids":["q:D42-D43"],"edge_count":1,"from_stop_id":"D43","to_stop_id":"D42","from_stop_name":"Coney Island-Stillwell Av","to_stop_name":"W 8 St-NY Aquarium","edge_sequence":0,"representative_edge_geometry_sources":["Q..N19R"],"edge_geometry_confidence":"high","canonical_direction_id":"mixed","canonical_direction_count":2,"collapsed_direction_count":2,"direction_collapse_reason":"visual-edge-direction-collapse","representative_shape_id":"Q..N19R","visual_branch_id":"q-main","debug_id":"Q:q-main:solo:0:cef3dcf1af8c","endpoint_kind":"end","group_sequence":0,"group_id":null,"segment_kind":"solo","visual_lane_slot":0,"visual_z_order":150,"effective_render_key":"Q|q-main|lane:0|z:150|color:#F6BC26|kind:solo|style:subway-ribbon-v1","neighbor_debug_id":"Q:q-main:group:1:8914b3a07705","neighbor_group_id":"group-manual-brighton-bq-brooklyn","neighbor_lane_slot":0.5,"neighbor_effective_render_key":"Q|q-main|lane:0.5|z:296|color:#F6BC26|kind:group|style:subway-ribbon-v1","handoff_node_id":"handoff-q-q-main--73.97594,40.57613","handoff_reason":"detected-corridor-entry","handoff_kind":"merge","handoff_from_group_id":null,"handoff_to_group_id":"group-manual-brighton-bq-brooklyn","handoff_from_lane_slot":0,"handoff_to_lane_slot":0.5,"source":"group-corridors-endpoint","feature_length_m":563.59,"bbox_name":"coney-island-stillwell"},"geometry":{"type":"Point","coordinates":[-73.975939,40.576127]}},{"type":"Feature","properties":{"route_id":"Q","visual_route_id":"Q","visual_route_normalization_reason":"identity","display_route":"Q","raw_route_ids":["Q"],"raw_shape_ids":["Q..N19R","Q..N39R","Q..S19R","Q..S39R","Q..S37R"],"visual_edge_ids":["q:D41-D42","q:D40-D41","q:D39-D40","q:D38-D39","q:D37-D38","q:D35-D37","q:D34-D35","q:D33-D34","q:D32-D33","q:D31-D32","q:D30-D31","q:D29-D30","q:D28-D29","q:D27-D28","q:D26-D27","q:D25-D26"],"edge_count":16,"from_stop_id":"D42","to_stop_id":"D25","from_stop_name":"W 8 St-NY Aquarium","to_stop_name":"7 Av","edge_sequence":1,"representative_edge_geometry_sources":["Q..N19R"],"edge_geometry_confidence":"high","canonical_direction_id":"mixed","canonical_direction_count":2,"collapsed_direction_count":2,"direction_collapse_reason":"visual-edge-direction-collapse","representative_shape_id":"Q..N19R","visual_branch_id":"q-main","debug_id":"Q:q-main:group:1:8914b3a07705","endpoint_kind":"start","group_sequence":1,"group_id":"group-manual-brighton-bq-brooklyn","segment_kind":"group","visual_lane_slot":0.5,"visual_z_order":296,"effective_render_key":"Q|q-main|lane:0.5|z:296|color:#F6BC26|kind:group|style:subway-ribbon-v1","neighbor_debug_id":"Q:q-main:solo:0:cef3dcf1af8c","neighbor_group_id":null,"neighbor_lane_slot":0,"neighbor_effective_render_key":"Q|q-main|lane:0|z:150|color:#F6BC26|kind:solo|style:subway-ribbon-v1","handoff_node_id":"handoff-q-q-main--73.97594,40.57613","handoff_reason":"detected-corridor-entry","handoff_kind":"merge","handoff_from_group_id":null,"handoff_to_group_id":"group-manual-brighton-bq-brooklyn","handoff_from_lane_slot":0,"handoff_to_lane_slot":0.5,"source":"group-corridors-endpoint","feature_length_m":12847.05,"bbox_name":"coney-island-stillwell"},"geometry":{"type":"Point","coordinates":[-73.975939,40.576127]}},{"type":"Feature","properties":{"route_id":"Q","visual_route_id":"Q","visual_route_normalization_reason":"identity","display_route":"Q","raw_route_ids":["Q"],"raw_shape_ids":["Q..N19R","Q..N39R","Q..S19R","Q..S39R","Q..S37R"],"visual_edge_ids":["q:D41-D42","q:D40-D41","q:D39-D40","q:D38-D39","q:D37-D38","q:D35-D37","q:D34-D35","q:D33-D34","q:D32-D33","q:D31-D32","q:D30-D31","q:D29-D30","q:D28-D29","q:D27-D28","q:D26-D27","q:D25-D26"],"edge_count":16,"from_stop_id":"D42","to_stop_id":"D25","from_stop_name":"W 8 St-NY Aquarium","to_stop_name":"7 Av","edge_sequence":1,"representative_edge_geometry_sources":["Q..N19R"],"edge_geometry_confidence":"high","canonical_direction_id":"mixed","canonical_direction_count":2,"collapsed_direction_count":2,"direction_collapse_reason":"visual-edge-direction-collapse","representative_shape_id":"Q..N19R","visual_branch_id":"q-main","debug_id":"Q:q-main:group:1:8914b3a07705","endpoint_kind":"end","group_sequence":1,"group_id":"group-manual-brighton-bq-brooklyn","segment_kind":"group","visual_lane_slot":0.5,"visual_z_order":296,"effective_render_key":"Q|q-main|lane:0.5|z:296|color:#F6BC26|kind:group|style:subway-ribbon-v1","neighbor_debug_id":"Q:q-main:group:2:e2880789579d","neighbor_group_id":"group-manual-dekalb-atlantic","neighbor_lane_slot":-0.65,"neighbor_effective_render_key":"Q|q-main|lane:-0.65|z:303|color:#F6BC26|kind:group|style:subway-ribbon-v1","handoff_node_id":"handoff-q-q-main--73.97237,40.67705","handoff_reason":"station-adjacent-membership-change","handoff_kind":"membership-change","handoff_from_group_id":"group-manual-brighton-bq-brooklyn","handoff_to_group_id":"group-manual-dekalb-atlantic","handoff_from_lane_slot":0.5,"handoff_to_lane_slot":-0.65,"source":"group-corridors-endpoint","feature_length_m":12847.05,"bbox_name":"dekalb-atlantic-barclays"},"geometry":{"type":"Point","coordinates":[-73.972367,40.67705]}},{"type":"Feature","properties":{"route_id":"Q","visual_route_id":"Q","visual_route_normalization_reason":"identity","display_route":"Q","raw_route_ids":["Q"],"raw_shape_ids":["Q..N19R","Q..N39R","Q..S19R","Q..S37R","Q..S39R"],"visual_edge_ids":["q:D24-D25","q:D24-R30"],"edge_count":2,"from_stop_id":"D25","to_stop_id":"R30","from_stop_name":"7 Av","to_stop_name":"DeKalb Av","edge_sequence":17,"representative_edge_geometry_sources":["Q..N19R"],"edge_geometry_confidence":"high","canonical_direction_id":"mixed","canonical_direction_count":2,"collapsed_direction_count":2,"direction_collapse_reason":"visual-edge-direction-collapse","representative_shape_id":"Q..N19R","visual_branch_id":"q-main","debug_id":"Q:q-main:group:2:e2880789579d","endpoint_kind":"start","group_sequence":2,"group_id":"group-manual-dekalb-atlantic","segment_kind":"group","visual_lane_slot":-0.65,"visual_z_order":303,"effective_render_key":"Q|q-main|lane:-0.65|z:303|color:#F6BC26|kind:group|style:subway-ribbon-v1","neighbor_debug_id":"Q:q-main:group:1:8914b3a07705","neighbor_group_id":"group-manual-brighton-bq-brooklyn","neighbor_lane_slot":0.5,"neighbor_effective_render_key":"Q|q-main|lane:0.5|z:296|color:#F6BC26|kind:group|style:subway-ribbon-v1","handoff_node_id":"handoff-q-q-main--73.97237,40.67705","handoff_reason":"station-adjacent-membership-change","handoff_kind":"membership-change","handoff_from_group_id":"group-manual-brighton-bq-brooklyn","handoff_to_group_id":"group-manual-dekalb-atlantic","handoff_from_lane_slot":0.5,"handoff_to_lane_slot":-0.65,"source":"group-corridors-endpoint","feature_length_m":1788.18,"bbox_name":"dekalb-atlantic-barclays"},"geometry":{"type":"Point","coordinates":[-73.972367,40.67705]}},{"type":"Feature","properties":{"route_id":"Q","visual_route_id":"Q","visual_route_normalization_reason":"identity","display_route":"Q","raw_route_ids":["Q"],"raw_shape_ids":["Q..N19R","Q..N39R","Q..S19R","Q..S37R","Q..S39R"],"visual_edge_ids":["q:D24-D25","q:D24-R30"],"edge_count":2,"from_stop_id":"D25","to_stop_id":"R30","from_stop_name":"7 Av","to_stop_name":"DeKalb Av","edge_sequence":17,"representative_edge_geometry_sources":["Q..N19R"],"edge_geometry_confidence":"high","canonical_direction_id":"mixed","canonical_direction_count":2,"collapsed_direction_count":2,"direction_collapse_reason":"visual-edge-direction-collapse","representative_shape_id":"Q..N19R","visual_branch_id":"q-main","debug_id":"Q:q-main:group:2:e2880789579d","endpoint_kind":"end","group_sequence":2,"group_id":"group-manual-dekalb-atlantic","segment_kind":"group","visual_lane_slot":-0.65,"visual_z_order":303,"effective_render_key":"Q|q-main|lane:-0.65|z:303|color:#F6BC26|kind:group|style:subway-ribbon-v1","neighbor_debug_id":"Q:q-main:group:3:68eb8b7b1aec","neighbor_group_id":"group-manual-broadway-yellow-trunk","neighbor_lane_slot":-0.5,"neighbor_effective_render_key":"Q|q-main|lane:-0.5|z:241|color:#F6BC26|kind:group|style:subway-ribbon-v1","handoff_node_id":"handoff-q-q-main--73.98182,40.69064","handoff_reason":"station-adjacent-membership-change","handoff_kind":"membership-change","handoff_from_group_id":"group-manual-dekalb-atlantic","handoff_to_group_id":"group-manual-broadway-yellow-trunk","handoff_from_lane_slot":-0.65,"handoff_to_lane_slot":-0.5,"source":"group-corridors-endpoint","feature_length_m":1788.18,"bbox_name":"lower-manhattan-river-crossings"},"geometry":{"type":"Point","coordinates":[-73.981824,40.690635]}},{"type":"Feature","properties":{"route_id":"Q","visual_route_id":"Q","visual_route_normalization_reason":"identity","display_route":"Q","raw_route_ids":["Q"],"raw_shape_ids":["Q..N19R","Q..N39R","Q..S19R","Q..S37R","Q..S39R"],"visual_edge_ids":["q:Q01-R30","q:Q01-R22","q:R21-R22","q:R20-R21","q:R19-R20","q:R18-R19","q:R17-R18","q:R16-R17","q:R15-R16","q:R14-R15","q:B08-R14","q:B08-Q03","q:Q03-Q04","q:Q04-Q05"],"edge_count":14,"from_stop_id":"R30","to_stop_id":"Q05","from_stop_name":"DeKalb Av","to_stop_name":"96 St","edge_sequence":19,"representative_edge_geometry_sources":["Q..N19R"],"edge_geometry_confidence":"medium","canonical_direction_id":"mixed","canonical_direction_count":2,"collapsed_direction_count":2,"direction_collapse_reason":"visual-edge-direction-collapse","representative_shape_id":"Q..N19R","visual_branch_id":"q-main","debug_id":"Q:q-main:group:3:68eb8b7b1aec","endpoint_kind":"start","group_sequence":3,"group_id":"group-manual-broadway-yellow-trunk","segment_kind":"group","visual_lane_slot":-0.5,"visual_z_order":241,"effective_render_key":"Q|q-main|lane:-0.5|z:241|color:#F6BC26|kind:group|style:subway-ribbon-v1","neighbor_debug_id":"Q:q-main:group:2:e2880789579d","neighbor_group_id":"group-manual-dekalb-atlantic","neighbor_lane_slot":-0.65,"neighbor_effective_render_key":"Q|q-main|lane:-0.65|z:303|color:#F6BC26|kind:group|style:subway-ribbon-v1","handoff_node_id":"handoff-q-q-main--73.98182,40.69064","handoff_reason":"station-adjacent-membership-change","handoff_kind":"membership-change","handoff_from_group_id":"group-manual-dekalb-atlantic","handoff_to_group_id":"group-manual-broadway-yellow-trunk","handoff_from_lane_slot":-0.65,"handoff_to_lane_slot":-0.5,"source":"group-corridors-endpoint","feature_length_m":13609.36,"bbox_name":"lower-manhattan-river-crossings"},"geometry":{"type":"Point","coordinates":[-73.981824,40.690635]}},{"type":"Feature","properties":{"route_id":"Q","visual_route_id":"Q","visual_route_normalization_reason":"identity","display_route":"Q","raw_route_ids":["Q"],"raw_shape_ids":["Q..N19R","Q..N39R","Q..S19R","Q..S37R","Q..S39R"],"visual_edge_ids":["q:Q01-R30","q:Q01-R22","q:R21-R22","q:R20-R21","q:R19-R20","q:R18-R19","q:R17-R18","q:R16-R17","q:R15-R16","q:R14-R15","q:B08-R14","q:B08-Q03","q:Q03-Q04","q:Q04-Q05"],"edge_count":14,"from_stop_id":"R30","to_stop_id":"Q05","from_stop_name":"DeKalb Av","to_stop_name":"96 St","edge_sequence":19,"representative_edge_geometry_sources":["Q..N19R"],"edge_geometry_confidence":"medium","canonical_direction_id":"mixed","canonical_direction_count":2,"collapsed_direction_count":2,"direction_collapse_reason":"visual-edge-direction-collapse","representative_shape_id":"Q..N19R","visual_branch_id":"q-main","debug_id":"Q:q-main:group:3:68eb8b7b1aec","endpoint_kind":"end","group_sequence":3,"group_id":"group-manual-broadway-yellow-trunk","segment_kind":"group","visual_lane_slot":-0.5,"visual_z_order":241,"effective_render_key":"Q|q-main|lane:-0.5|z:241|color:#F6BC26|kind:group|style:subway-ribbon-v1","neighbor_debug_id":null,"neighbor_group_id":null,"neighbor_lane_slot":null,"neighbor_effective_render_key":null,"handoff_node_id":"terminal-q-q-main-end","handoff_reason":"terminal","handoff_kind":"terminal","handoff_from_group_id":"group-manual-broadway-yellow-trunk","handoff_to_group_id":null,"handoff_from_lane_slot":-0.5,"handoff_to_lane_slot":0,"source":"group-corridors-endpoint","feature_length_m":13609.36,"bbox_name":null},"geometry":{"type":"Point","coordinates":[-73.947656,40.783471]}},{"type":"Feature","properties":{"route_id":"R","visual_route_id":"R","visual_route_normalization_reason":"identity","display_route":"R","raw_route_ids":["R"],"raw_shape_ids":["R..N93R","R..N96R","R..S71R","R..S96R"],"visual_edge_ids":["r:G08-G09","r:G09-G10","r:G10-G11","r:G11-G12","r:G12-G13","r:G13-G14","r:G14-G15","r:G15-G16","r:G16-G18","r:G18-G19","r:G19-G20"],"edge_count":11,"from_stop_id":"G08","to_stop_id":"G20","from_stop_name":"Forest Hills-71 Av","to_stop_name":"36 St","edge_sequence":0,"representative_edge_geometry_sources":["R..S96R"],"edge_geometry_confidence":"high","canonical_direction_id":"mixed","canonical_direction_count":2,"collapsed_direction_count":2,"direction_collapse_reason":"visual-edge-direction-collapse","representative_shape_id":"R..S96R","visual_branch_id":"r-main","debug_id":"R:r-main:solo:0:b56825db1945","endpoint_kind":"start","group_sequence":0,"group_id":null,"segment_kind":"solo","visual_lane_slot":0,"visual_z_order":160,"effective_render_key":"R|r-main|lane:0|z:160|color:#F6BC26|kind:solo|style:subway-ribbon-v1","neighbor_debug_id":null,"neighbor_group_id":null,"neighbor_lane_slot":null,"neighbor_effective_render_key":null,"handoff_node_id":"terminal-r-r-main-start","handoff_reason":"terminal","handoff_kind":"terminal","handoff_from_group_id":null,"handoff_to_group_id":null,"handoff_from_lane_slot":0,"handoff_to_lane_slot":0,"source":"group-corridors-endpoint","feature_length_m":8828.73,"bbox_name":null},"geometry":{"type":"Point","coordinates":[-73.844521,40.721691]}},{"type":"Feature","properties":{"route_id":"R","visual_route_id":"R","visual_route_normalization_reason":"identity","display_route":"R","raw_route_ids":["R"],"raw_shape_ids":["R..N93R","R..N96R","R..S71R","R..S96R"],"visual_edge_ids":["r:G08-G09","r:G09-G10","r:G10-G11","r:G11-G12","r:G12-G13","r:G13-G14","r:G14-G15","r:G15-G16","r:G16-G18","r:G18-G19","r:G19-G20"],"edge_count":11,"from_stop_id":"G08","to_stop_id":"G20","from_stop_name":"Forest Hills-71 Av","to_stop_name":"36 St","edge_sequence":0,"representative_edge_geometry_sources":["R..S96R"],"edge_geometry_confidence":"high","canonical_direction_id":"mixed","canonical_direction_count":2,"collapsed_direction_count":2,"direction_collapse_reason":"visual-edge-direction-collapse","representative_shape_id":"R..S96R","visual_branch_id":"r-main","debug_id":"R:r-main:solo:0:b56825db1945","endpoint_kind":"end","group_sequence":0,"group_id":null,"segment_kind":"solo","visual_lane_slot":0,"visual_z_order":160,"effective_render_key":"R|r-main|lane:0|z:160|color:#F6BC26|kind:solo|style:subway-ribbon-v1","neighbor_debug_id":"R:r-main:group:1:8f2acc735ea2","neighbor_group_id":"group-n-q-r-w-n-r-w","neighbor_lane_slot":0.5,"neighbor_effective_render_key":"R|r-main|lane:0.5|z:160.5|color:#F6BC26|kind:group|style:subway-ribbon-v1","handoff_node_id":"handoff-r-r-main--73.92878,40.75204","handoff_reason":"detected-corridor-entry","handoff_kind":"merge","handoff_from_group_id":null,"handoff_to_group_id":"group-n-q-r-w-n-r-w","handoff_from_lane_slot":0,"handoff_to_lane_slot":0.5,"source":"group-corridors-endpoint","feature_length_m":8828.73,"bbox_name":null},"geometry":{"type":"Point","coordinates":[-73.928781,40.752039]}},{"type":"Feature","properties":{"route_id":"R","visual_route_id":"R","visual_route_normalization_reason":"identity","display_route":"R","raw_route_ids":["R"],"raw_shape_ids":["R..N93R","R..N96R","R..S71R","R..S96R","R..N78R"],"visual_edge_ids":["r:G20-G21","r:G21-R11","r:R11-R13"],"edge_count":3,"from_stop_id":"G20","to_stop_id":"R13","from_stop_name":"36 St","to_stop_name":"5 Av/59 St","edge_sequence":11,"representative_edge_geometry_sources":["R..S96R"],"edge_geometry_confidence":"high","canonical_direction_id":"mixed","canonical_direction_count":2,"collapsed_direction_count":2,"direction_collapse_reason":"visual-edge-direction-collapse","representative_shape_id":"R..S96R","visual_branch_id":"r-main","debug_id":"R:r-main:group:1:8f2acc735ea2","endpoint_kind":"start","group_sequence":1,"group_id":"group-n-q-r-w-n-r-w","segment_kind":"group","visual_lane_slot":0.5,"visual_z_order":160.5,"effective_render_key":"R|r-main|lane:0.5|z:160.5|color:#F6BC26|kind:group|style:subway-ribbon-v1","neighbor_debug_id":"R:r-main:solo:0:b56825db1945","neighbor_group_id":null,"neighbor_lane_slot":0,"neighbor_effective_render_key":"R|r-main|lane:0|z:160|color:#F6BC26|kind:solo|style:subway-ribbon-v1","handoff_node_id":"handoff-r-r-main--73.92878,40.75204","handoff_reason":"detected-corridor-entry","handoff_kind":"merge","handoff_from_group_id":null,"handoff_to_group_id":"group-n-q-r-w-n-r-w","handoff_from_lane_slot":0,"handoff_to_lane_slot":0.5,"source":"group-corridors-endpoint","feature_length_m":4614.38,"bbox_name":null},"geometry":{"type":"Point","coordinates":[-73.928781,40.752039]}},{"type":"Feature","properties":{"route_id":"R","visual_route_id":"R","visual_route_normalization_reason":"identity","display_route":"R","raw_route_ids":["R"],"raw_shape_ids":["R..N93R","R..N96R","R..S71R","R..S96R","R..N78R"],"visual_edge_ids":["r:G20-G21","r:G21-R11","r:R11-R13"],"edge_count":3,"from_stop_id":"G20","to_stop_id":"R13","from_stop_name":"36 St","to_stop_name":"5 Av/59 St","edge_sequence":11,"representative_edge_geometry_sources":["R..S96R"],"edge_geometry_confidence":"high","canonical_direction_id":"mixed","canonical_direction_count":2,"collapsed_direction_count":2,"direction_collapse_reason":"visual-edge-direction-collapse","representative_shape_id":"R..S96R","visual_branch_id":"r-main","debug_id":"R:r-main:group:1:8f2acc735ea2","endpoint_kind":"end","group_sequence":1,"group_id":"group-n-q-r-w-n-r-w","segment_kind":"group","visual_lane_slot":0.5,"visual_z_order":160.5,"effective_render_key":"R|r-main|lane:0.5|z:160.5|color:#F6BC26|kind:group|style:subway-ribbon-v1","neighbor_debug_id":"R:r-main:group:2:4048f1f200b8","neighbor_group_id":"group-manual-broadway-yellow-trunk","neighbor_lane_slot":0.5,"neighbor_effective_render_key":"R|r-main|lane:0.5|z:242|color:#F6BC26|kind:group|style:subway-ribbon-v1","handoff_node_id":"handoff-r-r-main--73.97335,40.76484","handoff_reason":"station-adjacent-membership-change","handoff_kind":"membership-change","handoff_from_group_id":"group-n-q-r-w-n-r-w","handoff_to_group_id":"group-manual-broadway-yellow-trunk","handoff_from_lane_slot":0.5,"handoff_to_lane_slot":0.5,"source":"group-corridors-endpoint","feature_length_m":4614.38,"bbox_name":"59-lex-5av-57"},"geometry":{"type":"Point","coordinates":[-73.97335159193588,40.764837723973855]}},{"type":"Feature","properties":{"route_id":"R","visual_route_id":"R","visual_route_normalization_reason":"identity","display_route":"R","raw_route_ids":["R"],"raw_shape_ids":["R..N78R","R..N93R","R..N96R","R..S71R","R..S96R","R..N76R"],"visual_edge_ids":["r:R13-R14","r:R14-R15","r:R15-R16","r:R16-R17","r:R17-R18","r:R18-R19","r:R19-R20","r:R20-R21","r:R21-R22","r:R22-R23","r:R23-R24","r:R24-R25","r:R25-R26","r:R26-R27"],"edge_count":14,"from_stop_id":"R13","to_stop_id":"R27","from_stop_name":"5 Av/59 St","to_stop_name":"Whitehall St-South Ferry","edge_sequence":14,"representative_edge_geometry_sources":["R..S96R"],"edge_geometry_confidence":"high","canonical_direction_id":"mixed","canonical_direction_count":2,"collapsed_direction_count":2,"direction_collapse_reason":"visual-edge-direction-collapse","representative_shape_id":"R..S96R","visual_branch_id":"r-main","debug_id":"R:r-main:group:2:4048f1f200b8","endpoint_kind":"start","group_sequence":2,"group_id":"group-manual-broadway-yellow-trunk","segment_kind":"group","visual_lane_slot":0.5,"visual_z_order":242,"effective_render_key":"R|r-main|lane:0.5|z:242|color:#F6BC26|kind:group|style:subway-ribbon-v1","neighbor_debug_id":"R:r-main:group:1:8f2acc735ea2","neighbor_group_id":"group-n-q-r-w-n-r-w","neighbor_lane_slot":0.5,"neighbor_effective_render_key":"R|r-main|lane:0.5|z:160.5|color:#F6BC26|kind:group|style:subway-ribbon-v1","handoff_node_id":"handoff-r-r-main--73.97335,40.76484","handoff_reason":"station-adjacent-membership-change","handoff_kind":"membership-change","handoff_from_group_id":"group-n-q-r-w-n-r-w","handoff_to_group_id":"group-manual-broadway-yellow-trunk","handoff_from_lane_slot":0.5,"handoff_to_lane_slot":0.5,"source":"group-corridors-endpoint","feature_length_m":8825.84,"bbox_name":"59-lex-5av-57"},"geometry":{"type":"Point","coordinates":[-73.97335159193588,40.764837723973855]}},{"type":"Feature","properties":{"route_id":"R","visual_route_id":"R","visual_route_normalization_reason":"identity","display_route":"R","raw_route_ids":["R"],"raw_shape_ids":["R..N78R","R..N93R","R..N96R","R..S71R","R..S96R","R..N76R"],"visual_edge_ids":["r:R13-R14","r:R14-R15","r:R15-R16","r:R16-R17","r:R17-R18","r:R18-R19","r:R19-R20","r:R20-R21","r:R21-R22","r:R22-R23","r:R23-R24","r:R24-R25","r:R25-R26","r:R26-R27"],"edge_count":14,"from_stop_id":"R13","to_stop_id":"R27","from_stop_name":"5 Av/59 St","to_stop_name":"Whitehall St-South Ferry","edge_sequence":14,"representative_edge_geometry_sources":["R..S96R"],"edge_geometry_confidence":"high","canonical_direction_id":"mixed","canonical_direction_count":2,"collapsed_direction_count":2,"direction_collapse_reason":"visual-edge-direction-collapse","representative_shape_id":"R..S96R","visual_branch_id":"r-main","debug_id":"R:r-main:group:2:4048f1f200b8","endpoint_kind":"end","group_sequence":2,"group_id":"group-manual-broadway-yellow-trunk","segment_kind":"group","visual_lane_slot":0.5,"visual_z_order":242,"effective_render_key":"R|r-main|lane:0.5|z:242|color:#F6BC26|kind:group|style:subway-ribbon-v1","neighbor_debug_id":"R:r-main:group:3:7f89838c1d07","neighbor_group_id":"group-manual-montague-nrw-tunnel","neighbor_lane_slot":0.5,"neighbor_effective_render_key":"R|r-main|lane:0.5|z:241|color:#F6BC26|kind:group|style:subway-ribbon-v1","handoff_node_id":"handoff-r-r-main--74.01303,40.70308","handoff_reason":"station-adjacent-membership-change","handoff_kind":"membership-change","handoff_from_group_id":"group-manual-broadway-yellow-trunk","handoff_to_group_id":"group-manual-montague-nrw-tunnel","handoff_from_lane_slot":0.5,"handoff_to_lane_slot":0.5,"source":"group-corridors-endpoint","feature_length_m":8825.84,"bbox_name":"lower-manhattan-river-crossings"},"geometry":{"type":"Point","coordinates":[-74.01302898543152,40.70308222218664]}},{"type":"Feature","properties":{"route_id":"R","visual_route_id":"R","visual_route_normalization_reason":"identity","display_route":"R","raw_route_ids":["R"],"raw_shape_ids":["R..N27R","R..N76R","R..N78R","R..N93R","R..N96R","R..S27R","R..S71R","R..S96R"],"visual_edge_ids":["r:R27-R28"],"edge_count":1,"from_stop_id":"R27","to_stop_id":"R28","from_stop_name":"Whitehall St-South Ferry","to_stop_name":"Court St","edge_sequence":28,"representative_edge_geometry_sources":["R..S96R"],"edge_geometry_confidence":"high","canonical_direction_id":"mixed","canonical_direction_count":2,"collapsed_direction_count":2,"direction_collapse_reason":"visual-edge-direction-collapse","representative_shape_id":"R..S96R","visual_branch_id":"r-main","debug_id":"R:r-main:group:3:7f89838c1d07","endpoint_kind":"start","group_sequence":3,"group_id":"group-manual-montague-nrw-tunnel","segment_kind":"group","visual_lane_slot":0.5,"visual_z_order":241,"effective_render_key":"R|r-main|lane:0.5|z:241|color:#F6BC26|kind:group|style:subway-ribbon-v1","neighbor_debug_id":"R:r-main:group:2:4048f1f200b8","neighbor_group_id":"group-manual-broadway-yellow-trunk","neighbor_lane_slot":0.5,"neighbor_effective_render_key":"R|r-main|lane:0.5|z:242|color:#F6BC26|kind:group|style:subway-ribbon-v1","handoff_node_id":"handoff-r-r-main--74.01303,40.70308","handoff_reason":"station-adjacent-membership-change","handoff_kind":"membership-change","handoff_from_group_id":"group-manual-broadway-yellow-trunk","handoff_to_group_id":"group-manual-montague-nrw-tunnel","handoff_from_lane_slot":0.5,"handoff_to_lane_slot":0.5,"source":"group-corridors-endpoint","feature_length_m":2137.57,"bbox_name":"lower-manhattan-river-crossings"},"geometry":{"type":"Point","coordinates":[-74.01302898543152,40.70308222218664]}},{"type":"Feature","properties":{"route_id":"R","visual_route_id":"R","visual_route_normalization_reason":"identity","display_route":"R","raw_route_ids":["R"],"raw_shape_ids":["R..N27R","R..N76R","R..N78R","R..N93R","R..N96R","R..S27R","R..S71R","R..S96R"],"visual_edge_ids":["r:R27-R28"],"edge_count":1,"from_stop_id":"R27","to_stop_id":"R28","from_stop_name":"Whitehall St-South Ferry","to_stop_name":"Court St","edge_sequence":28,"representative_edge_geometry_sources":["R..S96R"],"edge_geometry_confidence":"high","canonical_direction_id":"mixed","canonical_direction_count":2,"collapsed_direction_count":2,"direction_collapse_reason":"visual-edge-direction-collapse","representative_shape_id":"R..S96R","visual_branch_id":"r-main","debug_id":"R:r-main:group:3:7f89838c1d07","endpoint_kind":"end","group_sequence":3,"group_id":"group-manual-montague-nrw-tunnel","segment_kind":"group","visual_lane_slot":0.5,"visual_z_order":241,"effective_render_key":"R|r-main|lane:0.5|z:241|color:#F6BC26|kind:group|style:subway-ribbon-v1","neighbor_debug_id":"R:r-main:group:4:d2c0143688df","neighbor_group_id":"group-manual-dekalb-atlantic","neighbor_lane_slot":-1.55,"neighbor_effective_render_key":"R|r-main|lane:-1.55|z:301|color:#F6BC26|kind:group|style:subway-ribbon-v1","handoff_node_id":"handoff-r-r-main--73.99178,40.69410","handoff_reason":"station-adjacent-membership-change","handoff_kind":"membership-change","handoff_from_group_id":"group-manual-montague-nrw-tunnel","handoff_to_group_id":"group-manual-dekalb-atlantic","handoff_from_lane_slot":0.5,"handoff_to_lane_slot":-1.55,"source":"group-corridors-endpoint","feature_length_m":2137.57,"bbox_name":"lower-manhattan-river-crossings"},"geometry":{"type":"Point","coordinates":[-73.991777,40.6941]}},{"type":"Feature","properties":{"route_id":"R","visual_route_id":"R","visual_route_normalization_reason":"identity","display_route":"R","raw_route_ids":["R"],"raw_shape_ids":["R..N27R","R..N76R","R..N78R","R..N93R","R..N96R","R..S27R","R..S71R","R..S96R"],"visual_edge_ids":["r:R28-R29","r:R29-R30","r:R30-R31","r:R31-R32"],"edge_count":4,"from_stop_id":"R28","to_stop_id":"R32","from_stop_name":"Court St","to_stop_name":"Union St","edge_sequence":29,"representative_edge_geometry_sources":["R..S96R"],"edge_geometry_confidence":"high","canonical_direction_id":"mixed","canonical_direction_count":2,"collapsed_direction_count":2,"direction_collapse_reason":"visual-edge-direction-collapse","representative_shape_id":"R..S96R","visual_branch_id":"r-main","debug_id":"R:r-main:group:4:d2c0143688df","endpoint_kind":"start","group_sequence":4,"group_id":"group-manual-dekalb-atlantic","segment_kind":"group","visual_lane_slot":-1.55,"visual_z_order":301,"effective_render_key":"R|r-main|lane:-1.55|z:301|color:#F6BC26|kind:group|style:subway-ribbon-v1","neighbor_debug_id":"R:r-main:group:3:7f89838c1d07","neighbor_group_id":"group-manual-montague-nrw-tunnel","neighbor_lane_slot":0.5,"neighbor_effective_render_key":"R|r-main|lane:0.5|z:241|color:#F6BC26|kind:group|style:subway-ribbon-v1","handoff_node_id":"handoff-r-r-main--73.99178,40.69410","handoff_reason":"station-adjacent-membership-change","handoff_kind":"membership-change","handoff_from_group_id":"group-manual-montague-nrw-tunnel","handoff_to_group_id":"group-manual-dekalb-atlantic","handoff_from_lane_slot":0.5,"handoff_to_lane_slot":-1.55,"source":"group-corridors-endpoint","feature_length_m":2755.62,"bbox_name":"lower-manhattan-river-crossings"},"geometry":{"type":"Point","coordinates":[-73.991777,40.6941]}},{"type":"Feature","properties":{"route_id":"R","visual_route_id":"R","visual_route_normalization_reason":"identity","display_route":"R","raw_route_ids":["R"],"raw_shape_ids":["R..N27R","R..N76R","R..N78R","R..N93R","R..N96R","R..S27R","R..S71R","R..S96R"],"visual_edge_ids":["r:R28-R29","r:R29-R30","r:R30-R31","r:R31-R32"],"edge_count":4,"from_stop_id":"R28","to_stop_id":"R32","from_stop_name":"Court St","to_stop_name":"Union St","edge_sequence":29,"representative_edge_geometry_sources":["R..S96R"],"edge_geometry_confidence":"high","canonical_direction_id":"mixed","canonical_direction_count":2,"collapsed_direction_count":2,"direction_collapse_reason":"visual-edge-direction-collapse","representative_shape_id":"R..S96R","visual_branch_id":"r-main","debug_id":"R:r-main:group:4:d2c0143688df","endpoint_kind":"end","group_sequence":4,"group_id":"group-manual-dekalb-atlantic","segment_kind":"group","visual_lane_slot":-1.55,"visual_z_order":301,"effective_render_key":"R|r-main|lane:-1.55|z:301|color:#F6BC26|kind:group|style:subway-ribbon-v1","neighbor_debug_id":"R:r-main:group:5:934fc51d819f","neighbor_group_id":"group-n-q-r-w-n-r-w","neighbor_lane_slot":0.5,"neighbor_effective_render_key":"R|r-main|lane:0.5|z:160.5|color:#F6BC26|kind:group|style:subway-ribbon-v1","handoff_node_id":"handoff-r-r-main--73.98311,40.67732","handoff_reason":"station-adjacent-membership-change","handoff_kind":"membership-change","handoff_from_group_id":"group-manual-dekalb-atlantic","handoff_to_group_id":"group-n-q-r-w-n-r-w","handoff_from_lane_slot":-1.55,"handoff_to_lane_slot":0.5,"source":"group-corridors-endpoint","feature_length_m":2755.62,"bbox_name":"dekalb-atlantic-barclays"},"geometry":{"type":"Point","coordinates":[-73.98311,40.677316]}},{"type":"Feature","properties":{"route_id":"R","visual_route_id":"R","visual_route_normalization_reason":"identity","display_route":"R","raw_route_ids":["R"],"raw_shape_ids":["R..N27R","R..N76R","R..N78R","R..N93R","R..N96R","R..S27R","R..S71R","R..S96R"],"visual_edge_ids":["r:R32-R33","r:R33-R34","r:R34-R35","r:R35-R36"],"edge_count":4,"from_stop_id":"R32","to_stop_id":"R36","from_stop_name":"Union St","to_stop_name":"36 St","edge_sequence":33,"representative_edge_geometry_sources":["R..S96R"],"edge_geometry_confidence":"high","canonical_direction_id":"mixed","canonical_direction_count":2,"collapsed_direction_count":2,"direction_collapse_reason":"visual-edge-direction-collapse","representative_shape_id":"R..S96R","visual_branch_id":"r-main","debug_id":"R:r-main:group:5:934fc51d819f","endpoint_kind":"start","group_sequence":5,"group_id":"group-n-q-r-w-n-r-w","segment_kind":"group","visual_lane_slot":0.5,"visual_z_order":160.5,"effective_render_key":"R|r-main|lane:0.5|z:160.5|color:#F6BC26|kind:group|style:subway-ribbon-v1","neighbor_debug_id":"R:r-main:group:4:d2c0143688df","neighbor_group_id":"group-manual-dekalb-atlantic","neighbor_lane_slot":-1.55,"neighbor_effective_render_key":"R|r-main|lane:-1.55|z:301|color:#F6BC26|kind:group|style:subway-ribbon-v1","handoff_node_id":"handoff-r-r-main--73.98311,40.67732","handoff_reason":"station-adjacent-membership-change","handoff_kind":"membership-change","handoff_from_group_id":"group-manual-dekalb-atlantic","handoff_to_group_id":"group-n-q-r-w-n-r-w","handoff_from_lane_slot":-1.55,"handoff_to_lane_slot":0.5,"source":"group-corridors-endpoint","feature_length_m":3013.12,"bbox_name":"dekalb-atlantic-barclays"},"geometry":{"type":"Point","coordinates":[-73.98311,40.677316]}},{"type":"Feature","properties":{"route_id":"R","visual_route_id":"R","visual_route_normalization_reason":"identity","display_route":"R","raw_route_ids":["R"],"raw_shape_ids":["R..N27R","R..N76R","R..N78R","R..N93R","R..N96R","R..S27R","R..S71R","R..S96R"],"visual_edge_ids":["r:R32-R33","r:R33-R34","r:R34-R35","r:R35-R36"],"edge_count":4,"from_stop_id":"R32","to_stop_id":"R36","from_stop_name":"Union St","to_stop_name":"36 St","edge_sequence":33,"representative_edge_geometry_sources":["R..S96R"],"edge_geometry_confidence":"high","canonical_direction_id":"mixed","canonical_direction_count":2,"collapsed_direction_count":2,"direction_collapse_reason":"visual-edge-direction-collapse","representative_shape_id":"R..S96R","visual_branch_id":"r-main","debug_id":"R:r-main:group:5:934fc51d819f","endpoint_kind":"end","group_sequence":5,"group_id":"group-n-q-r-w-n-r-w","segment_kind":"group","visual_lane_slot":0.5,"visual_z_order":160.5,"effective_render_key":"R|r-main|lane:0.5|z:160.5|color:#F6BC26|kind:group|style:subway-ribbon-v1","neighbor_debug_id":"R:r-main:solo:6:3d712faf37f5","neighbor_group_id":null,"neighbor_lane_slot":0,"neighbor_effective_render_key":"R|r-main|lane:0|z:160|color:#F6BC26|kind:solo|style:subway-ribbon-v1","handoff_node_id":"handoff-r-r-main--74.00355,40.65514","handoff_reason":"detected-corridor-exit","handoff_kind":"divergence","handoff_from_group_id":"group-n-q-r-w-n-r-w","handoff_to_group_id":null,"handoff_from_lane_slot":0.5,"handoff_to_lane_slot":0,"source":"group-corridors-endpoint","feature_length_m":3013.12,"bbox_name":null},"geometry":{"type":"Point","coordinates":[-74.003549,40.655144]}},{"type":"Feature","properties":{"route_id":"R","visual_route_id":"R","visual_route_normalization_reason":"identity","display_route":"R","raw_route_ids":["R"],"raw_shape_ids":["R..S96R"],"visual_edge_ids":["r:B12-R36","r:B12-B16","r:B16-B21"],"edge_count":3,"from_stop_id":"R36","to_stop_id":"B21","from_stop_name":"36 St","to_stop_name":"Bay Pkwy","edge_sequence":37,"representative_edge_geometry_sources":["R..S96R"],"edge_geometry_confidence":"medium","canonical_direction_id":"S","canonical_direction_count":1,"collapsed_direction_count":1,"direction_collapse_reason":"single-edge-direction","representative_shape_id":"R..S96R","visual_branch_id":"r-main","debug_id":"R:r-main:solo:6:3d712faf37f5","endpoint_kind":"start","group_sequence":6,"group_id":null,"segment_kind":"solo","visual_lane_slot":0,"visual_z_order":160,"effective_render_key":"R|r-main|lane:0|z:160|color:#F6BC26|kind:solo|style:subway-ribbon-v1","neighbor_debug_id":"R:r-main:group:5:934fc51d819f","neighbor_group_id":"group-n-q-r-w-n-r-w","neighbor_lane_slot":0.5,"neighbor_effective_render_key":"R|r-main|lane:0.5|z:160.5|color:#F6BC26|kind:group|style:subway-ribbon-v1","handoff_node_id":"handoff-r-r-main--74.00355,40.65514","handoff_reason":"detected-corridor-exit","handoff_kind":"divergence","handoff_from_group_id":"group-n-q-r-w-n-r-w","handoff_to_group_id":null,"handoff_from_lane_slot":0.5,"handoff_to_lane_slot":0,"source":"group-corridors-endpoint","feature_length_m":6896.43,"bbox_name":null},"geometry":{"type":"Point","coordinates":[-74.003549,40.655144]}},{"type":"Feature","properties":{"route_id":"R","visual_route_id":"R","visual_route_normalization_reason":"identity","display_route":"R","raw_route_ids":["R"],"raw_shape_ids":["R..S96R"],"visual_edge_ids":["r:B12-R36","r:B12-B16","r:B16-B21"],"edge_count":3,"from_stop_id":"R36","to_stop_id":"B21","from_stop_name":"36 St","to_stop_name":"Bay Pkwy","edge_sequence":37,"representative_edge_geometry_sources":["R..S96R"],"edge_geometry_confidence":"medium","canonical_direction_id":"S","canonical_direction_count":1,"collapsed_direction_count":1,"direction_collapse_reason":"single-edge-direction","representative_shape_id":"R..S96R","visual_branch_id":"r-main","debug_id":"R:r-main:solo:6:3d712faf37f5","endpoint_kind":"end","group_sequence":6,"group_id":null,"segment_kind":"solo","visual_lane_slot":0,"visual_z_order":160,"effective_render_key":"R|r-main|lane:0|z:160|color:#F6BC26|kind:solo|style:subway-ribbon-v1","neighbor_debug_id":null,"neighbor_group_id":null,"neighbor_lane_slot":null,"neighbor_effective_render_key":null,"handoff_node_id":"terminal-r-r-main-end","handoff_reason":"terminal","handoff_kind":"terminal","handoff_from_group_id":null,"handoff_to_group_id":null,"handoff_from_lane_slot":0,"handoff_to_lane_slot":0,"source":"group-corridors-endpoint","feature_length_m":6896.43,"bbox_name":null},"geometry":{"type":"Point","coordinates":[-73.993728,40.601875]}},{"type":"Feature","properties":{"route_id":"S","visual_route_id":"S","visual_route_normalization_reason":"identity","display_route":"S","raw_route_ids":["S"],"raw_shape_ids":["H..N21R","H..S21R"],"visual_edge_ids":["s:H14-H15","s:H13-H14","s:H12-H13","s:H04-H12"],"edge_count":4,"from_stop_id":"H15","to_stop_id":"H04","from_stop_name":"Rockaway Park-Beach 116 St","to_stop_name":"Broad Channel","edge_sequence":0,"representative_edge_geometry_sources":["H..N21R"],"edge_geometry_confidence":"high","canonical_direction_id":"mixed","canonical_direction_count":2,"collapsed_direction_count":2,"direction_collapse_reason":"visual-edge-direction-collapse","representative_shape_id":"H..N21R","visual_branch_id":"s-main","debug_id":"S:s-main:solo:0:d3e08395f51f","endpoint_kind":"start","group_sequence":0,"group_id":null,"segment_kind":"solo","visual_lane_slot":0,"visual_z_order":10,"effective_render_key":"S|s-main|lane:0|z:10|color:#7C858C|kind:solo|style:subway-ribbon-v1","neighbor_debug_id":null,"neighbor_group_id":null,"neighbor_lane_slot":null,"neighbor_effective_render_key":null,"handoff_node_id":"terminal-s-s-main-start","handoff_reason":"terminal","handoff_kind":"terminal","handoff_from_group_id":null,"handoff_to_group_id":null,"handoff_from_lane_slot":0,"handoff_to_lane_slot":0,"source":"group-corridors-endpoint","feature_length_m":4539.6,"bbox_name":null},"geometry":{"type":"Point","coordinates":[-73.835592,40.580903]}},{"type":"Feature","properties":{"route_id":"S","visual_route_id":"S","visual_route_normalization_reason":"identity","display_route":"S","raw_route_ids":["S"],"raw_shape_ids":["H..N21R","H..S21R"],"visual_edge_ids":["s:H14-H15","s:H13-H14","s:H12-H13","s:H04-H12"],"edge_count":4,"from_stop_id":"H15","to_stop_id":"H04","from_stop_name":"Rockaway Park-Beach 116 St","to_stop_name":"Broad Channel","edge_sequence":0,"representative_edge_geometry_sources":["H..N21R"],"edge_geometry_confidence":"high","canonical_direction_id":"mixed","canonical_direction_count":2,"collapsed_direction_count":2,"direction_collapse_reason":"visual-edge-direction-collapse","representative_shape_id":"H..N21R","visual_branch_id":"s-main","debug_id":"S:s-main:solo:0:d3e08395f51f","endpoint_kind":"end","group_sequence":0,"group_id":null,"segment_kind":"solo","visual_lane_slot":0,"visual_z_order":10,"effective_render_key":"S|s-main|lane:0|z:10|color:#7C858C|kind:solo|style:subway-ribbon-v1","neighbor_debug_id":null,"neighbor_group_id":null,"neighbor_lane_slot":null,"neighbor_effective_render_key":null,"handoff_node_id":"terminal-s-s-main-end","handoff_reason":"terminal","handoff_kind":"terminal","handoff_from_group_id":null,"handoff_to_group_id":null,"handoff_from_lane_slot":0,"handoff_to_lane_slot":0,"source":"group-corridors-endpoint","feature_length_m":4539.6,"bbox_name":null},"geometry":{"type":"Point","coordinates":[-73.815925,40.608382]}},{"type":"Feature","properties":{"route_id":"SI","visual_route_id":"SI","visual_route_normalization_reason":"identity","display_route":"SI","raw_route_ids":["SI"],"raw_shape_ids":["SI..N03R","SI..S03R","SI..N16R","SI..S02R"],"visual_edge_ids":["si:S09-S11","si:S11-S13","si:S13-S14","si:S14-S15","si:S15-S16","si:S16-S17","si:S17-S18","si:S18-S19","si:S19-S20","si:S20-S21","si:S21-S22","si:S22-S23","si:S23-S24","si:S24-S25","si:S25-S26","si:S26-S27","si:S27-S28","si:S28-S29","si:S29-S30","si:S30-S31"],"edge_count":20,"from_stop_id":"S09","to_stop_id":"S31","from_stop_name":"Tottenville","to_stop_name":"St George","edge_sequence":0,"representative_edge_geometry_sources":["SI..N03R"],"edge_geometry_confidence":"high","canonical_direction_id":"mixed","canonical_direction_count":2,"collapsed_direction_count":2,"direction_collapse_reason":"visual-edge-direction-collapse","representative_shape_id":"SI..N03R","visual_branch_id":"si-main","debug_id":"SI:si-main:solo:0:495d70581c63","endpoint_kind":"start","group_sequence":0,"group_id":null,"segment_kind":"solo","visual_lane_slot":0,"visual_z_order":20,"effective_render_key":"SI|si-main|lane:0|z:20|color:#08179C|kind:solo|style:subway-ribbon-v1","neighbor_debug_id":null,"neighbor_group_id":null,"neighbor_lane_slot":null,"neighbor_effective_render_key":null,"handoff_node_id":"terminal-si-si-main-start","handoff_reason":"terminal","handoff_kind":"terminal","handoff_from_group_id":null,"handoff_to_group_id":null,"handoff_from_lane_slot":0,"handoff_to_lane_slot":0,"source":"group-corridors-endpoint","feature_length_m":23056.23,"bbox_name":null},"geometry":{"type":"Point","coordinates":[-74.251961,40.512764]}},{"type":"Feature","properties":{"route_id":"SI","visual_route_id":"SI","visual_route_normalization_reason":"identity","display_route":"SI","raw_route_ids":["SI"],"raw_shape_ids":["SI..N03R","SI..S03R","SI..N16R","SI..S02R"],"visual_edge_ids":["si:S09-S11","si:S11-S13","si:S13-S14","si:S14-S15","si:S15-S16","si:S16-S17","si:S17-S18","si:S18-S19","si:S19-S20","si:S20-S21","si:S21-S22","si:S22-S23","si:S23-S24","si:S24-S25","si:S25-S26","si:S26-S27","si:S27-S28","si:S28-S29","si:S29-S30","si:S30-S31"],"edge_count":20,"from_stop_id":"S09","to_stop_id":"S31","from_stop_name":"Tottenville","to_stop_name":"St George","edge_sequence":0,"representative_edge_geometry_sources":["SI..N03R"],"edge_geometry_confidence":"high","canonical_direction_id":"mixed","canonical_direction_count":2,"collapsed_direction_count":2,"direction_collapse_reason":"visual-edge-direction-collapse","representative_shape_id":"SI..N03R","visual_branch_id":"si-main","debug_id":"SI:si-main:solo:0:495d70581c63","endpoint_kind":"end","group_sequence":0,"group_id":null,"segment_kind":"solo","visual_lane_slot":0,"visual_z_order":20,"effective_render_key":"SI|si-main|lane:0|z:20|color:#08179C|kind:solo|style:subway-ribbon-v1","neighbor_debug_id":null,"neighbor_group_id":null,"neighbor_lane_slot":null,"neighbor_effective_render_key":null,"handoff_node_id":"terminal-si-si-main-end","handoff_reason":"terminal","handoff_kind":"terminal","handoff_from_group_id":null,"handoff_to_group_id":null,"handoff_from_lane_slot":0,"handoff_to_lane_slot":0,"source":"group-corridors-endpoint","feature_length_m":23056.23,"bbox_name":null},"geometry":{"type":"Point","coordinates":[-74.073643,40.643748]}},{"type":"Feature","properties":{"route_id":"W","visual_route_id":"W","visual_route_normalization_reason":"identity","display_route":"W","raw_route_ids":["W"],"raw_shape_ids":["N..N70R","N..S70R","N..S74R"],"visual_edge_ids":["w:N09-N10","w:N08-N09","w:N07-N08","w:N06-N07","w:N05-N06","w:N04-N05","w:N03-N04","w:N02-N03","w:N02-R41","w:R40-R41","w:R39-R40","w:R36-R39","w:R35-R36","w:R34-R35","w:R33-R34","w:R32-R33"],"edge_count":16,"from_stop_id":"N10","to_stop_id":"R32","from_stop_name":"86 St","to_stop_name":"Union St","edge_sequence":0,"representative_edge_geometry_sources":["N..N70R"],"edge_geometry_confidence":"high","canonical_direction_id":"mixed","canonical_direction_count":2,"collapsed_direction_count":2,"direction_collapse_reason":"visual-edge-direction-collapse","representative_shape_id":"N..N70R","visual_branch_id":"w-main","debug_id":"W:w-main:group:0:84653adb3ad7","endpoint_kind":"start","group_sequence":0,"group_id":"group-n-q-r-w-n-w","segment_kind":"group","visual_lane_slot":1.5,"visual_z_order":171.5,"effective_render_key":"W|w-main|lane:1.5|z:171.5|color:#F6BC26|kind:group|style:subway-ribbon-v1","neighbor_debug_id":null,"neighbor_group_id":null,"neighbor_lane_slot":null,"neighbor_effective_render_key":null,"handoff_node_id":"terminal-w-w-main-start","handoff_reason":"terminal","handoff_kind":"terminal","handoff_from_group_id":null,"handoff_to_group_id":"group-n-q-r-w-n-w","handoff_from_lane_slot":0,"handoff_to_lane_slot":1.5,"source":"group-corridors-endpoint","feature_length_m":12123.79,"bbox_name":null},"geometry":{"type":"Point","coordinates":[-73.97823,40.592721]}},{"type":"Feature","properties":{"route_id":"W","visual_route_id":"W","visual_route_normalization_reason":"identity","display_route":"W","raw_route_ids":["W"],"raw_shape_ids":["N..N70R","N..S70R","N..S74R"],"visual_edge_ids":["w:N09-N10","w:N08-N09","w:N07-N08","w:N06-N07","w:N05-N06","w:N04-N05","w:N03-N04","w:N02-N03","w:N02-R41","w:R40-R41","w:R39-R40","w:R36-R39","w:R35-R36","w:R34-R35","w:R33-R34","w:R32-R33"],"edge_count":16,"from_stop_id":"N10","to_stop_id":"R32","from_stop_name":"86 St","to_stop_name":"Union St","edge_sequence":0,"representative_edge_geometry_sources":["N..N70R"],"edge_geometry_confidence":"high","canonical_direction_id":"mixed","canonical_direction_count":2,"collapsed_direction_count":2,"direction_collapse_reason":"visual-edge-direction-collapse","representative_shape_id":"N..N70R","visual_branch_id":"w-main","debug_id":"W:w-main:group:0:84653adb3ad7","endpoint_kind":"end","group_sequence":0,"group_id":"group-n-q-r-w-n-w","segment_kind":"group","visual_lane_slot":1.5,"visual_z_order":171.5,"effective_render_key":"W|w-main|lane:1.5|z:171.5|color:#F6BC26|kind:group|style:subway-ribbon-v1","neighbor_debug_id":"W:w-main:group:1:abf6d427302e","neighbor_group_id":"group-manual-dekalb-atlantic","neighbor_lane_slot":-2,"neighbor_effective_render_key":"W|w-main|lane:-2|z:300|color:#F6BC26|kind:group|style:subway-ribbon-v1","handoff_node_id":"handoff-w-w-main--73.98311,40.67732","handoff_reason":"station-adjacent-membership-change","handoff_kind":"membership-change","handoff_from_group_id":"group-n-q-r-w-n-w","handoff_to_group_id":"group-manual-dekalb-atlantic","handoff_from_lane_slot":1.5,"handoff_to_lane_slot":-2,"source":"group-corridors-endpoint","feature_length_m":12123.79,"bbox_name":"dekalb-atlantic-barclays"},"geometry":{"type":"Point","coordinates":[-73.98311,40.677316]}},{"type":"Feature","properties":{"route_id":"W","visual_route_id":"W","visual_route_normalization_reason":"identity","display_route":"W","raw_route_ids":["W"],"raw_shape_ids":["N..N70R","N..S70R","N..S74R"],"visual_edge_ids":["w:R31-R32","w:R30-R31","w:R29-R30","w:R28-R29"],"edge_count":4,"from_stop_id":"R32","to_stop_id":"R28","from_stop_name":"Union St","to_stop_name":"Court St","edge_sequence":16,"representative_edge_geometry_sources":["N..N70R"],"edge_geometry_confidence":"high","canonical_direction_id":"mixed","canonical_direction_count":2,"collapsed_direction_count":2,"direction_collapse_reason":"visual-edge-direction-collapse","representative_shape_id":"N..N70R","visual_branch_id":"w-main","debug_id":"W:w-main:group:1:abf6d427302e","endpoint_kind":"start","group_sequence":1,"group_id":"group-manual-dekalb-atlantic","segment_kind":"group","visual_lane_slot":-2,"visual_z_order":300,"effective_render_key":"W|w-main|lane:-2|z:300|color:#F6BC26|kind:group|style:subway-ribbon-v1","neighbor_debug_id":"W:w-main:group:0:84653adb3ad7","neighbor_group_id":"group-n-q-r-w-n-w","neighbor_lane_slot":1.5,"neighbor_effective_render_key":"W|w-main|lane:1.5|z:171.5|color:#F6BC26|kind:group|style:subway-ribbon-v1","handoff_node_id":"handoff-w-w-main--73.98311,40.67732","handoff_reason":"station-adjacent-membership-change","handoff_kind":"membership-change","handoff_from_group_id":"group-n-q-r-w-n-w","handoff_to_group_id":"group-manual-dekalb-atlantic","handoff_from_lane_slot":1.5,"handoff_to_lane_slot":-2,"source":"group-corridors-endpoint","feature_length_m":2719.97,"bbox_name":"dekalb-atlantic-barclays"},"geometry":{"type":"Point","coordinates":[-73.98311,40.677316]}},{"type":"Feature","properties":{"route_id":"W","visual_route_id":"W","visual_route_normalization_reason":"identity","display_route":"W","raw_route_ids":["W"],"raw_shape_ids":["N..N70R","N..S70R","N..S74R"],"visual_edge_ids":["w:R31-R32","w:R30-R31","w:R29-R30","w:R28-R29"],"edge_count":4,"from_stop_id":"R32","to_stop_id":"R28","from_stop_name":"Union St","to_stop_name":"Court St","edge_sequence":16,"representative_edge_geometry_sources":["N..N70R"],"edge_geometry_confidence":"high","canonical_direction_id":"mixed","canonical_direction_count":2,"collapsed_direction_count":2,"direction_collapse_reason":"visual-edge-direction-collapse","representative_shape_id":"N..N70R","visual_branch_id":"w-main","debug_id":"W:w-main:group:1:abf6d427302e","endpoint_kind":"end","group_sequence":1,"group_id":"group-manual-dekalb-atlantic","segment_kind":"group","visual_lane_slot":-2,"visual_z_order":300,"effective_render_key":"W|w-main|lane:-2|z:300|color:#F6BC26|kind:group|style:subway-ribbon-v1","neighbor_debug_id":"W:w-main:group:2:a2549a75f13d","neighbor_group_id":"group-manual-montague-nrw-tunnel","neighbor_lane_slot":1.5,"neighbor_effective_render_key":"W|w-main|lane:1.5|z:242|color:#F6BC26|kind:group|style:subway-ribbon-v1","handoff_node_id":"handoff-w-w-main--73.99178,40.69410","handoff_reason":"station-adjacent-membership-change","handoff_kind":"membership-change","handoff_from_group_id":"group-manual-dekalb-atlantic","handoff_to_group_id":"group-manual-montague-nrw-tunnel","handoff_from_lane_slot":-2,"handoff_to_lane_slot":1.5,"source":"group-corridors-endpoint","feature_length_m":2719.97,"bbox_name":"lower-manhattan-river-crossings"},"geometry":{"type":"Point","coordinates":[-73.991777,40.6941]}},{"type":"Feature","properties":{"route_id":"W","visual_route_id":"W","visual_route_normalization_reason":"identity","display_route":"W","raw_route_ids":["W"],"raw_shape_ids":["N..N70R","N..S70R","N..S74R"],"visual_edge_ids":["w:R27-R28"],"edge_count":1,"from_stop_id":"R28","to_stop_id":"R27","from_stop_name":"Court St","to_stop_name":"Whitehall St-South Ferry","edge_sequence":20,"representative_edge_geometry_sources":["N..N70R"],"edge_geometry_confidence":"high","canonical_direction_id":"mixed","canonical_direction_count":2,"collapsed_direction_count":2,"direction_collapse_reason":"visual-edge-direction-collapse","representative_shape_id":"N..N70R","visual_branch_id":"w-main","debug_id":"W:w-main:group:2:a2549a75f13d","endpoint_kind":"start","group_sequence":2,"group_id":"group-manual-montague-nrw-tunnel","segment_kind":"group","visual_lane_slot":1.5,"visual_z_order":242,"effective_render_key":"W|w-main|lane:1.5|z:242|color:#F6BC26|kind:group|style:subway-ribbon-v1","neighbor_debug_id":"W:w-main:group:1:abf6d427302e","neighbor_group_id":"group-manual-dekalb-atlantic","neighbor_lane_slot":-2,"neighbor_effective_render_key":"W|w-main|lane:-2|z:300|color:#F6BC26|kind:group|style:subway-ribbon-v1","handoff_node_id":"handoff-w-w-main--73.99178,40.69410","handoff_reason":"station-adjacent-membership-change","handoff_kind":"membership-change","handoff_from_group_id":"group-manual-dekalb-atlantic","handoff_to_group_id":"group-manual-montague-nrw-tunnel","handoff_from_lane_slot":-2,"handoff_to_lane_slot":1.5,"source":"group-corridors-endpoint","feature_length_m":2125.34,"bbox_name":"lower-manhattan-river-crossings"},"geometry":{"type":"Point","coordinates":[-73.991777,40.6941]}},{"type":"Feature","properties":{"route_id":"W","visual_route_id":"W","visual_route_normalization_reason":"identity","display_route":"W","raw_route_ids":["W"],"raw_shape_ids":["N..N70R","N..S70R","N..S74R"],"visual_edge_ids":["w:R27-R28"],"edge_count":1,"from_stop_id":"R28","to_stop_id":"R27","from_stop_name":"Court St","to_stop_name":"Whitehall St-South Ferry","edge_sequence":20,"representative_edge_geometry_sources":["N..N70R"],"edge_geometry_confidence":"high","canonical_direction_id":"mixed","canonical_direction_count":2,"collapsed_direction_count":2,"direction_collapse_reason":"visual-edge-direction-collapse","representative_shape_id":"N..N70R","visual_branch_id":"w-main","debug_id":"W:w-main:group:2:a2549a75f13d","endpoint_kind":"end","group_sequence":2,"group_id":"group-manual-montague-nrw-tunnel","segment_kind":"group","visual_lane_slot":1.5,"visual_z_order":242,"effective_render_key":"W|w-main|lane:1.5|z:242|color:#F6BC26|kind:group|style:subway-ribbon-v1","neighbor_debug_id":"W:w-main:group:3:99b799f1266a","neighbor_group_id":"group-manual-broadway-yellow-trunk","neighbor_lane_slot":1.5,"neighbor_effective_render_key":"W|w-main|lane:1.5|z:243|color:#F6BC26|kind:group|style:subway-ribbon-v1","handoff_node_id":"handoff-w-w-main--74.01289,40.70310","handoff_reason":"station-adjacent-membership-change","handoff_kind":"membership-change","handoff_from_group_id":"group-manual-montague-nrw-tunnel","handoff_to_group_id":"group-manual-broadway-yellow-trunk","handoff_from_lane_slot":1.5,"handoff_to_lane_slot":1.5,"source":"group-corridors-endpoint","feature_length_m":2125.34,"bbox_name":"lower-manhattan-river-crossings"},"geometry":{"type":"Point","coordinates":[-74.0128894083769,40.70310279129379]}},{"type":"Feature","properties":{"route_id":"W","visual_route_id":"W","visual_route_normalization_reason":"identity","display_route":"W","raw_route_ids":["W"],"raw_shape_ids":["N..N70R","N..N72R","N..S70R","N..S72R","N..S74R"],"visual_edge_ids":["w:R26-R27","w:R25-R26","w:R24-R25","w:R23-R24","w:R22-R23","w:R21-R22","w:R20-R21","w:R19-R20","w:R18-R19","w:R17-R18","w:R16-R17","w:R15-R16","w:R14-R15","w:R13-R14"],"edge_count":14,"from_stop_id":"R27","to_stop_id":"R13","from_stop_name":"Whitehall St-South Ferry","to_stop_name":"5 Av/59 St","edge_sequence":21,"representative_edge_geometry_sources":["N..N70R"],"edge_geometry_confidence":"high","canonical_direction_id":"mixed","canonical_direction_count":2,"collapsed_direction_count":2,"direction_collapse_reason":"visual-edge-direction-collapse","representative_shape_id":"N..N70R","visual_branch_id":"w-main","debug_id":"W:w-main:group:3:99b799f1266a","endpoint_kind":"start","group_sequence":3,"group_id":"group-manual-broadway-yellow-trunk","segment_kind":"group","visual_lane_slot":1.5,"visual_z_order":243,"effective_render_key":"W|w-main|lane:1.5|z:243|color:#F6BC26|kind:group|style:subway-ribbon-v1","neighbor_debug_id":"W:w-main:group:2:a2549a75f13d","neighbor_group_id":"group-manual-montague-nrw-tunnel","neighbor_lane_slot":1.5,"neighbor_effective_render_key":"W|w-main|lane:1.5|z:242|color:#F6BC26|kind:group|style:subway-ribbon-v1","handoff_node_id":"handoff-w-w-main--74.01289,40.70310","handoff_reason":"station-adjacent-membership-change","handoff_kind":"membership-change","handoff_from_group_id":"group-manual-montague-nrw-tunnel","handoff_to_group_id":"group-manual-broadway-yellow-trunk","handoff_from_lane_slot":1.5,"handoff_to_lane_slot":1.5,"source":"group-corridors-endpoint","feature_length_m":8467.71,"bbox_name":"lower-manhattan-river-crossings"},"geometry":{"type":"Point","coordinates":[-74.0128894083769,40.70310279129379]}},{"type":"Feature","properties":{"route_id":"W","visual_route_id":"W","visual_route_normalization_reason":"identity","display_route":"W","raw_route_ids":["W"],"raw_shape_ids":["N..N70R","N..N72R","N..S70R","N..S72R","N..S74R"],"visual_edge_ids":["w:R26-R27","w:R25-R26","w:R24-R25","w:R23-R24","w:R22-R23","w:R21-R22","w:R20-R21","w:R19-R20","w:R18-R19","w:R17-R18","w:R16-R17","w:R15-R16","w:R14-R15","w:R13-R14"],"edge_count":14,"from_stop_id":"R27","to_stop_id":"R13","from_stop_name":"Whitehall St-South Ferry","to_stop_name":"5 Av/59 St","edge_sequence":21,"representative_edge_geometry_sources":["N..N70R"],"edge_geometry_confidence":"high","canonical_direction_id":"mixed","canonical_direction_count":2,"collapsed_direction_count":2,"direction_collapse_reason":"visual-edge-direction-collapse","representative_shape_id":"N..N70R","visual_branch_id":"w-main","debug_id":"W:w-main:group:3:99b799f1266a","endpoint_kind":"end","group_sequence":3,"group_id":"group-manual-broadway-yellow-trunk","segment_kind":"group","visual_lane_slot":1.5,"visual_z_order":243,"effective_render_key":"W|w-main|lane:1.5|z:243|color:#F6BC26|kind:group|style:subway-ribbon-v1","neighbor_debug_id":"W:w-main:group:4:9316f544dd7c","neighbor_group_id":"group-n-q-r-w-n-r-w","neighbor_lane_slot":1.5,"neighbor_effective_render_key":"W|w-main|lane:1.5|z:171.5|color:#F6BC26|kind:group|style:subway-ribbon-v1","handoff_node_id":"handoff-w-w-main--73.97333,40.76473","handoff_reason":"station-adjacent-membership-change","handoff_kind":"membership-change","handoff_from_group_id":"group-manual-broadway-yellow-trunk","handoff_to_group_id":"group-n-q-r-w-n-r-w","handoff_from_lane_slot":1.5,"handoff_to_lane_slot":1.5,"source":"group-corridors-endpoint","feature_length_m":8467.71,"bbox_name":"59-lex-5av-57"},"geometry":{"type":"Point","coordinates":[-73.9733346804757,40.76473069223618]}},{"type":"Feature","properties":{"route_id":"W","visual_route_id":"W","visual_route_normalization_reason":"identity","display_route":"W","raw_route_ids":["W"],"raw_shape_ids":["N..N70R","N..N72R","N..S70R","N..S72R","N..S74R"],"visual_edge_ids":["w:R11-R13","w:R09-R11","w:R08-R09","w:R06-R08","w:R05-R06","w:R04-R05","w:R03-R04","w:R01-R03"],"edge_count":8,"from_stop_id":"R13","to_stop_id":"R01","from_stop_name":"5 Av/59 St","to_stop_name":"Astoria-Ditmars Blvd","edge_sequence":35,"representative_edge_geometry_sources":["N..N70R"],"edge_geometry_confidence":"high","canonical_direction_id":"mixed","canonical_direction_count":2,"collapsed_direction_count":2,"direction_collapse_reason":"visual-edge-direction-collapse","representative_shape_id":"N..N70R","visual_branch_id":"w-main","debug_id":"W:w-main:group:4:9316f544dd7c","endpoint_kind":"start","group_sequence":4,"group_id":"group-n-q-r-w-n-r-w","segment_kind":"group","visual_lane_slot":1.5,"visual_z_order":171.5,"effective_render_key":"W|w-main|lane:1.5|z:171.5|color:#F6BC26|kind:group|style:subway-ribbon-v1","neighbor_debug_id":"W:w-main:group:3:99b799f1266a","neighbor_group_id":"group-manual-broadway-yellow-trunk","neighbor_lane_slot":1.5,"neighbor_effective_render_key":"W|w-main|lane:1.5|z:243|color:#F6BC26|kind:group|style:subway-ribbon-v1","handoff_node_id":"handoff-w-w-main--73.97333,40.76473","handoff_reason":"station-adjacent-membership-change","handoff_kind":"membership-change","handoff_from_group_id":"group-manual-broadway-yellow-trunk","handoff_to_group_id":"group-n-q-r-w-n-r-w","handoff_from_lane_slot":1.5,"handoff_to_lane_slot":1.5,"source":"group-corridors-endpoint","feature_length_m":7130.3,"bbox_name":"59-lex-5av-57"},"geometry":{"type":"Point","coordinates":[-73.9733346804757,40.76473069223618]}},{"type":"Feature","properties":{"route_id":"W","visual_route_id":"W","visual_route_normalization_reason":"identity","display_route":"W","raw_route_ids":["W"],"raw_shape_ids":["N..N70R","N..N72R","N..S70R","N..S72R","N..S74R"],"visual_edge_ids":["w:R11-R13","w:R09-R11","w:R08-R09","w:R06-R08","w:R05-R06","w:R04-R05","w:R03-R04","w:R01-R03"],"edge_count":8,"from_stop_id":"R13","to_stop_id":"R01","from_stop_name":"5 Av/59 St","to_stop_name":"Astoria-Ditmars Blvd","edge_sequence":35,"representative_edge_geometry_sources":["N..N70R"],"edge_geometry_confidence":"high","canonical_direction_id":"mixed","canonical_direction_count":2,"collapsed_direction_count":2,"direction_collapse_reason":"visual-edge-direction-collapse","representative_shape_id":"N..N70R","visual_branch_id":"w-main","debug_id":"W:w-main:group:4:9316f544dd7c","endpoint_kind":"end","group_sequence":4,"group_id":"group-n-q-r-w-n-r-w","segment_kind":"group","visual_lane_slot":1.5,"visual_z_order":171.5,"effective_render_key":"W|w-main|lane:1.5|z:171.5|color:#F6BC26|kind:group|style:subway-ribbon-v1","neighbor_debug_id":null,"neighbor_group_id":null,"neighbor_lane_slot":null,"neighbor_effective_render_key":null,"handoff_node_id":"terminal-w-w-main-end","handoff_reason":"terminal","handoff_kind":"terminal","handoff_from_group_id":"group-n-q-r-w-n-r-w","handoff_to_group_id":null,"handoff_from_lane_slot":1.5,"handoff_to_lane_slot":0,"source":"group-corridors-endpoint","feature_length_m":7130.3,"bbox_name":null},"geometry":{"type":"Point","coordinates":[-73.912034,40.775036]}},{"type":"Feature","properties":{"route_id":"Z","visual_route_id":"Z","visual_route_normalization_reason":"identity","display_route":"Z","raw_route_ids":["Z"],"raw_shape_ids":["J..N47R","J..S16R"],"visual_edge_ids":["z:M22-M23","z:M21-M22","z:M20-M21","z:M19-M20","z:M18-M19"],"edge_count":5,"from_stop_id":"M23","to_stop_id":"M18","from_stop_name":"Broad St","to_stop_name":"Delancey St-Essex St","edge_sequence":0,"representative_edge_geometry_sources":["J..N47R"],"edge_geometry_confidence":"high","canonical_direction_id":"mixed","canonical_direction_count":2,"collapsed_direction_count":2,"direction_collapse_reason":"visual-edge-direction-collapse","representative_shape_id":"J..N47R","visual_branch_id":"z-main","debug_id":"Z:z-main:group:0:732ac7891e46","endpoint_kind":"start","group_sequence":0,"group_id":"group-manual-nassau-jz-les","segment_kind":"group","visual_lane_slot":0.5,"visual_z_order":191,"effective_render_key":"Z|z-main|lane:0.5|z:191|color:#8E5C33|kind:group|style:subway-ribbon-v1","neighbor_debug_id":null,"neighbor_group_id":null,"neighbor_lane_slot":null,"neighbor_effective_render_key":null,"handoff_node_id":"terminal-z-z-main-start","handoff_reason":"terminal","handoff_kind":"terminal","handoff_from_group_id":null,"handoff_to_group_id":"group-manual-nassau-jz-les","handoff_from_lane_slot":0,"handoff_to_lane_slot":0.5,"source":"group-corridors-endpoint","feature_length_m":2929.49,"bbox_name":"lower-manhattan-river-crossings"},"geometry":{"type":"Point","coordinates":[-74.011056,40.706476]}},{"type":"Feature","properties":{"route_id":"Z","visual_route_id":"Z","visual_route_normalization_reason":"identity","display_route":"Z","raw_route_ids":["Z"],"raw_shape_ids":["J..N47R","J..S16R"],"visual_edge_ids":["z:M22-M23","z:M21-M22","z:M20-M21","z:M19-M20","z:M18-M19"],"edge_count":5,"from_stop_id":"M23","to_stop_id":"M18","from_stop_name":"Broad St","to_stop_name":"Delancey St-Essex St","edge_sequence":0,"representative_edge_geometry_sources":["J..N47R"],"edge_geometry_confidence":"high","canonical_direction_id":"mixed","canonical_direction_count":2,"collapsed_direction_count":2,"direction_collapse_reason":"visual-edge-direction-collapse","representative_shape_id":"J..N47R","visual_branch_id":"z-main","debug_id":"Z:z-main:group:0:732ac7891e46","endpoint_kind":"end","group_sequence":0,"group_id":"group-manual-nassau-jz-les","segment_kind":"group","visual_lane_slot":0.5,"visual_z_order":191,"effective_render_key":"Z|z-main|lane:0.5|z:191|color:#8E5C33|kind:group|style:subway-ribbon-v1","neighbor_debug_id":"Z:z-main:group:1:187549f6e96f","neighbor_group_id":"group-j-z-j-z","neighbor_lane_slot":0.5,"neighbor_effective_render_key":"Z|z-main|lane:0.5|z:60.5|color:#8E5C33|kind:group|style:subway-ribbon-v1","handoff_node_id":"handoff-z-z-main--73.98745,40.71829","handoff_reason":"station-adjacent-membership-change","handoff_kind":"membership-change","handoff_from_group_id":"group-manual-nassau-jz-les","handoff_to_group_id":"group-j-z-j-z","handoff_from_lane_slot":0.5,"handoff_to_lane_slot":0.5,"source":"group-corridors-endpoint","feature_length_m":2929.49,"bbox_name":null},"geometry":{"type":"Point","coordinates":[-73.98745021136212,40.71828997997126]}},{"type":"Feature","properties":{"route_id":"Z","visual_route_id":"Z","visual_route_normalization_reason":"identity","display_route":"Z","raw_route_ids":["Z"],"raw_shape_ids":["J..N47R","J..S16R"],"visual_edge_ids":["z:M16-M18","z:M11-M16","z:J30-M11","z:J28-J30","z:J27-J28","z:J24-J27","z:J23-J24","z:J21-J23","z:J20-J21","z:J17-J20","z:J15-J17","z:J14-J15","z:J12-J14","z:G06-J12","z:G05-G06"],"edge_count":15,"from_stop_id":"M18","to_stop_id":"G05","from_stop_name":"Delancey St-Essex St","to_stop_name":"Jamaica Center-Parsons/Archer","edge_sequence":5,"representative_edge_geometry_sources":["J..N47R"],"edge_geometry_confidence":"high","canonical_direction_id":"mixed","canonical_direction_count":2,"collapsed_direction_count":2,"direction_collapse_reason":"visual-edge-direction-collapse","representative_shape_id":"J..N47R","visual_branch_id":"z-main","debug_id":"Z:z-main:group:1:187549f6e96f","endpoint_kind":"start","group_sequence":1,"group_id":"group-j-z-j-z","segment_kind":"group","visual_lane_slot":0.5,"visual_z_order":60.5,"effective_render_key":"Z|z-main|lane:0.5|z:60.5|color:#8E5C33|kind:group|style:subway-ribbon-v1","neighbor_debug_id":"Z:z-main:group:0:732ac7891e46","neighbor_group_id":"group-manual-nassau-jz-les","neighbor_lane_slot":0.5,"neighbor_effective_render_key":"Z|z-main|lane:0.5|z:191|color:#8E5C33|kind:group|style:subway-ribbon-v1","handoff_node_id":"handoff-z-z-main--73.98745,40.71829","handoff_reason":"station-adjacent-membership-change","handoff_kind":"membership-change","handoff_from_group_id":"group-manual-nassau-jz-les","handoff_to_group_id":"group-j-z-j-z","handoff_from_lane_slot":0.5,"handoff_to_lane_slot":0.5,"source":"group-corridors-endpoint","feature_length_m":18470.27,"bbox_name":null},"geometry":{"type":"Point","coordinates":[-73.98745021136212,40.71828997997126]}},{"type":"Feature","properties":{"route_id":"Z","visual_route_id":"Z","visual_route_normalization_reason":"identity","display_route":"Z","raw_route_ids":["Z"],"raw_shape_ids":["J..N47R","J..S16R"],"visual_edge_ids":["z:M16-M18","z:M11-M16","z:J30-M11","z:J28-J30","z:J27-J28","z:J24-J27","z:J23-J24","z:J21-J23","z:J20-J21","z:J17-J20","z:J15-J17","z:J14-J15","z:J12-J14","z:G06-J12","z:G05-G06"],"edge_count":15,"from_stop_id":"M18","to_stop_id":"G05","from_stop_name":"Delancey St-Essex St","to_stop_name":"Jamaica Center-Parsons/Archer","edge_sequence":5,"representative_edge_geometry_sources":["J..N47R"],"edge_geometry_confidence":"high","canonical_direction_id":"mixed","canonical_direction_count":2,"collapsed_direction_count":2,"direction_collapse_reason":"visual-edge-direction-collapse","representative_shape_id":"J..N47R","visual_branch_id":"z-main","debug_id":"Z:z-main:group:1:187549f6e96f","endpoint_kind":"end","group_sequence":1,"group_id":"group-j-z-j-z","segment_kind":"group","visual_lane_slot":0.5,"visual_z_order":60.5,"effective_render_key":"Z|z-main|lane:0.5|z:60.5|color:#8E5C33|kind:group|style:subway-ribbon-v1","neighbor_debug_id":null,"neighbor_group_id":null,"neighbor_lane_slot":null,"neighbor_effective_render_key":null,"handoff_node_id":"terminal-z-z-main-end","handoff_reason":"terminal","handoff_kind":"terminal","handoff_from_group_id":"group-j-z-j-z","handoff_to_group_id":null,"handoff_from_lane_slot":0.5,"handoff_to_lane_slot":0,"source":"group-corridors-endpoint","feature_length_m":18470.27,"bbox_name":null},"geometry":{"type":"Point","coordinates":[-73.801109,40.702147]}}]}
