{"type":"FeatureCollection","metadata":{"generated_at":"2026-05-08T11:06:31.035Z","source":"build-corridor-groups","mode":"route-2-edge-visual-raw","family_visual_hash":"f13550de5b5783a3e47de07f674e99009b2480868d09e872ca13677c2a92f7a4","feature_count":60},"features":[{"type":"Feature","id":"2:246-247","properties":{"visual_edge_id":"2:246-247","edge_sequence":0,"from_stop_id":"247","to_stop_id":"246","from_stop_name":"Flatbush Av-Brooklyn College","to_stop_name":"Newkirk Av-Little Haiti","raw_shape_ids":["2..N08R","2..S07R","2..S08R"],"candidate_shape_ids":["2..N08R","2..S07R","2..S08R"],"candidate_direction_ids":["N","S"],"representative_edge_geometry_source":"2..N08R","representative_edge_geometry_sources":["2..N08R"],"representative_shape_id":"2..N08R","canonical_direction_id":"mixed","canonical_direction_count":2,"collapsed_direction_count":2,"direction_collapse_reason":"route-2-local-edge-direction-collapse","geometry_reversed":false,"geometry_orientation":"chain-direction","edge_length_m":795.58,"start_coordinate":[-73.947642,40.632836],"end_coordinate":[-73.948411,40.639967],"endpoint_snap_distance_m":0,"internal_stitch_valid":true,"edge_geometry_confidence":"high","geometry_selection_reason":"selected candidate matching 2-main stop-pair direction","chain_source_shape_id":"2..N08R","branch_representative_geometry_used":false,"branch_representative_warning":null,"group_id":null,"visual_lane_slot":0,"visual_z_order":230,"segment_kind":"solo","effective_render_key":"2|2-main|lane:0|z:230|color:#D82233|kind:solo|style:subway-ribbon-v1","assignment_reason":"solo edge: no active corridor group for this local visual edge","base_color_layer_visible":true,"base_casing_layer_visible":true,"base_glow_layer_visible":true,"highlight_only":false,"route_id":"2","visual_route_id":"2","visual_branch_id":"2-main","display_route":"2","raw_route_ids":["2"],"visual_edge_ids":["2:246-247"],"edge_count":1,"group_sequence":0,"debug_id":"2:2-main:solo:0:b902b888b6f4","feature_length_m":795.58,"endpoints":{"start":[-73.947642,40.632836],"end":[-73.948411,40.639967]},"source":"group-corridors-route-2-raw-edge"},"geometry":{"type":"LineString","coordinates":[[-73.947642,40.632836],[-73.948411,40.639967]]}},{"type":"Feature","id":"2:245-246","properties":{"visual_edge_id":"2:245-246","edge_sequence":1,"from_stop_id":"246","to_stop_id":"245","from_stop_name":"Newkirk Av-Little Haiti","to_stop_name":"Beverly Rd","raw_shape_ids":["2..N08R","2..S07R","2..S08R"],"candidate_shape_ids":["2..N08R","2..S07R","2..S08R"],"candidate_direction_ids":["N","S"],"representative_edge_geometry_source":"2..N08R","representative_edge_geometry_sources":["2..N08R"],"representative_shape_id":"2..N08R","canonical_direction_id":"mixed","canonical_direction_count":2,"collapsed_direction_count":2,"direction_collapse_reason":"route-2-local-edge-direction-collapse","geometry_reversed":false,"geometry_orientation":"chain-direction","edge_length_m":572.41,"start_coordinate":[-73.948411,40.639967],"end_coordinate":[-73.948959,40.645098],"endpoint_snap_distance_m":0,"internal_stitch_valid":true,"edge_geometry_confidence":"high","geometry_selection_reason":"selected candidate matching 2-main stop-pair direction","chain_source_shape_id":"2..N08R","branch_representative_geometry_used":false,"branch_representative_warning":null,"group_id":null,"visual_lane_slot":0,"visual_z_order":230,"segment_kind":"solo","effective_render_key":"2|2-main|lane:0|z:230|color:#D82233|kind:solo|style:subway-ribbon-v1","assignment_reason":"solo edge: no active corridor group for this local visual edge","base_color_layer_visible":true,"base_casing_layer_visible":true,"base_glow_layer_visible":true,"highlight_only":false,"route_id":"2","visual_route_id":"2","visual_branch_id":"2-main","display_route":"2","raw_route_ids":["2"],"visual_edge_ids":["2:245-246"],"edge_count":1,"group_sequence":1000,"debug_id":"2:2-main:solo:0:7cb26a79bbef","feature_length_m":572.41,"endpoints":{"start":[-73.948411,40.639967],"end":[-73.948959,40.645098]},"source":"group-corridors-route-2-raw-edge"},"geometry":{"type":"LineString","coordinates":[[-73.948411,40.639967],[-73.948959,40.645098]]}},{"type":"Feature","id":"2:244-245","properties":{"visual_edge_id":"2:244-245","edge_sequence":2,"from_stop_id":"245","to_stop_id":"244","from_stop_name":"Beverly Rd","to_stop_name":"Church Av","raw_shape_ids":["2..N08R","2..S07R","2..S08R"],"candidate_shape_ids":["2..N08R","2..S07R","2..S08R"],"candidate_direction_ids":["N","S"],"representative_edge_geometry_source":"2..N08R","representative_edge_geometry_sources":["2..N08R"],"representative_shape_id":"2..N08R","canonical_direction_id":"mixed","canonical_direction_count":2,"collapsed_direction_count":2,"direction_collapse_reason":"route-2-local-edge-direction-collapse","geometry_reversed":false,"geometry_orientation":"chain-direction","edge_length_m":640.93,"start_coordinate":[-73.948959,40.645098],"end_coordinate":[-73.949575,40.650843],"endpoint_snap_distance_m":0,"internal_stitch_valid":true,"edge_geometry_confidence":"high","geometry_selection_reason":"selected candidate matching 2-main stop-pair direction","chain_source_shape_id":"2..N08R","branch_representative_geometry_used":false,"branch_representative_warning":null,"group_id":null,"visual_lane_slot":0,"visual_z_order":230,"segment_kind":"solo","effective_render_key":"2|2-main|lane:0|z:230|color:#D82233|kind:solo|style:subway-ribbon-v1","assignment_reason":"solo edge: no active corridor group for this local visual edge","base_color_layer_visible":true,"base_casing_layer_visible":true,"base_glow_layer_visible":true,"highlight_only":false,"route_id":"2","visual_route_id":"2","visual_branch_id":"2-main","display_route":"2","raw_route_ids":["2"],"visual_edge_ids":["2:244-245"],"edge_count":1,"group_sequence":2000,"debug_id":"2:2-main:solo:0:fa2b1cc713ce","feature_length_m":640.93,"endpoints":{"start":[-73.948959,40.645098],"end":[-73.949575,40.650843]},"source":"group-corridors-route-2-raw-edge"},"geometry":{"type":"LineString","coordinates":[[-73.948959,40.645098],[-73.949575,40.650843]]}},{"type":"Feature","id":"2:243-244","properties":{"visual_edge_id":"2:243-244","edge_sequence":3,"from_stop_id":"244","to_stop_id":"243","from_stop_name":"Church Av","to_stop_name":"Winthrop St","raw_shape_ids":["2..N08R","2..S07R","2..S08R"],"candidate_shape_ids":["2..N08R","2..S07R","2..S08R"],"candidate_direction_ids":["N","S"],"representative_edge_geometry_source":"2..N08R","representative_edge_geometry_sources":["2..N08R"],"representative_shape_id":"2..N08R","canonical_direction_id":"mixed","canonical_direction_count":2,"collapsed_direction_count":2,"direction_collapse_reason":"route-2-local-edge-direction-collapse","geometry_reversed":false,"geometry_orientation":"chain-direction","edge_length_m":648.08,"start_coordinate":[-73.949575,40.650843],"end_coordinate":[-73.9502,40.656652],"endpoint_snap_distance_m":0,"internal_stitch_valid":true,"edge_geometry_confidence":"high","geometry_selection_reason":"selected candidate matching 2-main stop-pair direction","chain_source_shape_id":"2..N08R","branch_representative_geometry_used":false,"branch_representative_warning":null,"group_id":null,"visual_lane_slot":0,"visual_z_order":230,"segment_kind":"solo","effective_render_key":"2|2-main|lane:0|z:230|color:#D82233|kind:solo|style:subway-ribbon-v1","assignment_reason":"solo edge: no active corridor group for this local visual edge","base_color_layer_visible":true,"base_casing_layer_visible":true,"base_glow_layer_visible":true,"highlight_only":false,"route_id":"2","visual_route_id":"2","visual_branch_id":"2-main","display_route":"2","raw_route_ids":["2"],"visual_edge_ids":["2:243-244"],"edge_count":1,"group_sequence":3000,"debug_id":"2:2-main:solo:0:daed108b23a4","feature_length_m":648.08,"endpoints":{"start":[-73.949575,40.650843],"end":[-73.9502,40.656652]},"source":"group-corridors-route-2-raw-edge"},"geometry":{"type":"LineString","coordinates":[[-73.949575,40.650843],[-73.9502,40.656652]]}},{"type":"Feature","id":"2:242-243","properties":{"visual_edge_id":"2:242-243","edge_sequence":4,"from_stop_id":"243","to_stop_id":"242","from_stop_name":"Winthrop St","to_stop_name":"Sterling St","raw_shape_ids":["2..N08R","2..S07R","2..S08R"],"candidate_shape_ids":["2..N08R","2..S07R","2..S08R"],"candidate_direction_ids":["N","S"],"representative_edge_geometry_source":"2..N08R","representative_edge_geometry_sources":["2..N08R"],"representative_shape_id":"2..N08R","canonical_direction_id":"mixed","canonical_direction_count":2,"collapsed_direction_count":2,"direction_collapse_reason":"route-2-local-edge-direction-collapse","geometry_reversed":false,"geometry_orientation":"chain-direction","edge_length_m":679.39,"start_coordinate":[-73.9502,40.656652],"end_coordinate":[-73.95085,40.662742],"endpoint_snap_distance_m":0,"internal_stitch_valid":true,"edge_geometry_confidence":"high","geometry_selection_reason":"selected candidate matching 2-main stop-pair direction","chain_source_shape_id":"2..N08R","branch_representative_geometry_used":false,"branch_representative_warning":null,"group_id":null,"visual_lane_slot":0,"visual_z_order":230,"segment_kind":"solo","effective_render_key":"2|2-main|lane:0|z:230|color:#D82233|kind:solo|style:subway-ribbon-v1","assignment_reason":"solo edge: no active corridor group for this local visual edge","base_color_layer_visible":true,"base_casing_layer_visible":true,"base_glow_layer_visible":true,"highlight_only":false,"route_id":"2","visual_route_id":"2","visual_branch_id":"2-main","display_route":"2","raw_route_ids":["2"],"visual_edge_ids":["2:242-243"],"edge_count":1,"group_sequence":4000,"debug_id":"2:2-main:solo:0:da30deeb48ba","feature_length_m":679.39,"endpoints":{"start":[-73.9502,40.656652],"end":[-73.95085,40.662742]},"source":"group-corridors-route-2-raw-edge"},"geometry":{"type":"LineString","coordinates":[[-73.9502,40.656652],[-73.95085,40.662742]]}},{"type":"Feature","id":"2:241-242","properties":{"visual_edge_id":"2:241-242","edge_sequence":5,"from_stop_id":"242","to_stop_id":"241","from_stop_name":"Sterling St","to_stop_name":"President St-Medgar Evers College","raw_shape_ids":["2..N08R","2..S07R","2..S08R"],"candidate_shape_ids":["2..N08R","2..S07R","2..S08R"],"candidate_direction_ids":["N","S"],"representative_edge_geometry_source":"2..N08R","representative_edge_geometry_sources":["2..N08R"],"representative_shape_id":"2..N08R","canonical_direction_id":"mixed","canonical_direction_count":2,"collapsed_direction_count":2,"direction_collapse_reason":"route-2-local-edge-direction-collapse","geometry_reversed":false,"geometry_orientation":"chain-direction","edge_length_m":573,"start_coordinate":[-73.95085,40.662742],"end_coordinate":[-73.950683,40.667883],"endpoint_snap_distance_m":0,"internal_stitch_valid":true,"edge_geometry_confidence":"high","geometry_selection_reason":"selected candidate matching 2-main stop-pair direction","chain_source_shape_id":"2..N08R","branch_representative_geometry_used":false,"branch_representative_warning":null,"group_id":"group-manual-eastern-pkwy-grand-army","visual_lane_slot":-1.5,"visual_z_order":285,"segment_kind":"group","effective_render_key":"2|2-main|lane:-1.5|z:285|color:#D82233|kind:group|style:subway-ribbon-v1","assignment_reason":"grouped edge: local visual edge matched a derived corridor group","base_color_layer_visible":true,"base_casing_layer_visible":true,"base_glow_layer_visible":true,"highlight_only":false,"route_id":"2","visual_route_id":"2","visual_branch_id":"2-main","display_route":"2","raw_route_ids":["2"],"visual_edge_ids":["2:241-242"],"edge_count":1,"group_sequence":5000,"debug_id":"2:2-main:group:0:cb1ca58d6d7e","feature_length_m":573,"endpoints":{"start":[-73.95085,40.662742],"end":[-73.950683,40.667883]},"source":"group-corridors-route-2-raw-edge"},"geometry":{"type":"LineString","coordinates":[[-73.95085,40.662742],[-73.950967,40.663927],[-73.950974,40.663989],[-73.95098,40.664053],[-73.950985,40.66412],[-73.950989,40.664189],[-73.950991,40.66426],[-73.950992,40.664333],[-73.950992,40.664409],[-73.95099,40.664487],[-73.950987,40.664568],[-73.950983,40.66465],[-73.950978,40.664735],[-73.950971,40.664823],[-73.950963,40.664912],[-73.950954,40.665004],[-73.950942,40.665098],[-73.950683,40.667883]]}},{"type":"Feature","id":"2:239-241","properties":{"visual_edge_id":"2:239-241","edge_sequence":6,"from_stop_id":"241","to_stop_id":"239","from_stop_name":"President St-Medgar Evers College","to_stop_name":"Franklin Av-Medgar Evers College","raw_shape_ids":["2..N08R","2..S07R","2..S08R"],"candidate_shape_ids":["2..N08R","2..S07R","2..S08R"],"candidate_direction_ids":["N","S"],"representative_edge_geometry_source":"2..N08R","representative_edge_geometry_sources":["2..N08R"],"representative_shape_id":"2..N08R","canonical_direction_id":"mixed","canonical_direction_count":2,"collapsed_direction_count":2,"direction_collapse_reason":"route-2-local-edge-direction-collapse","geometry_reversed":false,"geometry_orientation":"chain-direction","edge_length_m":839.89,"start_coordinate":[-73.950683,40.667883],"end_coordinate":[-73.958131,40.670682],"endpoint_snap_distance_m":0,"internal_stitch_valid":true,"edge_geometry_confidence":"high","geometry_selection_reason":"selected candidate matching 2-main stop-pair direction","chain_source_shape_id":"2..N08R","branch_representative_geometry_used":false,"branch_representative_warning":null,"group_id":"group-manual-eastern-pkwy-grand-army","visual_lane_slot":-1.5,"visual_z_order":285,"segment_kind":"group","effective_render_key":"2|2-main|lane:-1.5|z:285|color:#D82233|kind:group|style:subway-ribbon-v1","assignment_reason":"grouped edge: local visual edge matched a derived corridor group","base_color_layer_visible":true,"base_casing_layer_visible":true,"base_glow_layer_visible":true,"highlight_only":false,"route_id":"2","visual_route_id":"2","visual_branch_id":"2-main","display_route":"2","raw_route_ids":["2"],"visual_edge_ids":["2:239-241"],"edge_count":1,"group_sequence":6000,"debug_id":"2:2-main:group:0:24e262a0b8a3","feature_length_m":839.89,"endpoints":{"start":[-73.950683,40.667883],"end":[-73.958131,40.670682]},"source":"group-corridors-route-2-raw-edge"},"geometry":{"type":"LineString","coordinates":[[-73.950683,40.667883],[-73.950632,40.668466],[-73.950569,40.66912],[-73.950559,40.669213],[-73.950557,40.6693],[-73.95057,40.669381],[-73.950596,40.669457],[-73.950634,40.669528],[-73.950684,40.669592],[-73.950748,40.669652],[-73.950823,40.669705],[-73.950912,40.669753],[-73.951013,40.669795],[-73.951126,40.669832],[-73.951252,40.669863],[-73.951391,40.669889],[-73.951542,40.669909],[-73.951706,40.669922],[-73.954713,40.670083],[-73.954983,40.670096],[-73.955258,40.670118],[-73.955542,40.670157],[-73.955823,40.670208],[-73.958131,40.670682]]}},{"type":"Feature","id":"2:238-239","properties":{"visual_edge_id":"2:238-239","edge_sequence":7,"from_stop_id":"239","to_stop_id":"238","from_stop_name":"Franklin Av-Medgar Evers College","to_stop_name":"Eastern Pkwy-Brooklyn Museum","raw_shape_ids":["2..N03R","2..N08R","2..S06R","2..S07R","2..S08R"],"candidate_shape_ids":["2..N03R","2..N08R","2..S06R","2..S07R","2..S08R"],"candidate_direction_ids":["N","S"],"representative_edge_geometry_source":"2..N03R","representative_edge_geometry_sources":["2..N03R"],"representative_shape_id":"2..N03R","canonical_direction_id":"mixed","canonical_direction_count":2,"collapsed_direction_count":2,"direction_collapse_reason":"route-2-local-edge-direction-collapse","geometry_reversed":false,"geometry_orientation":"chain-direction","edge_length_m":546.23,"start_coordinate":[-73.958131,40.670682],"end_coordinate":[-73.964375,40.671987],"endpoint_snap_distance_m":0,"internal_stitch_valid":true,"edge_geometry_confidence":"high","geometry_selection_reason":"selected candidate matching 2-main stop-pair direction","chain_source_shape_id":"2..N08R","branch_representative_geometry_used":false,"branch_representative_warning":null,"group_id":"group-manual-eastern-pkwy-grand-army","visual_lane_slot":-1.5,"visual_z_order":285,"segment_kind":"group","effective_render_key":"2|2-main|lane:-1.5|z:285|color:#D82233|kind:group|style:subway-ribbon-v1","assignment_reason":"grouped edge: local visual edge matched a derived corridor group","base_color_layer_visible":true,"base_casing_layer_visible":true,"base_glow_layer_visible":true,"highlight_only":false,"route_id":"2","visual_route_id":"2","visual_branch_id":"2-main","display_route":"2","raw_route_ids":["2"],"visual_edge_ids":["2:238-239"],"edge_count":1,"group_sequence":7000,"debug_id":"2:2-main:group:0:2c45cd3a6421","feature_length_m":546.23,"endpoints":{"start":[-73.958131,40.670682],"end":[-73.964375,40.671987]},"source":"group-corridors-route-2-raw-edge"},"geometry":{"type":"LineString","coordinates":[[-73.958131,40.670682],[-73.964375,40.671987]]}},{"type":"Feature","id":"2:237-238","properties":{"visual_edge_id":"2:237-238","edge_sequence":8,"from_stop_id":"238","to_stop_id":"237","from_stop_name":"Eastern Pkwy-Brooklyn Museum","to_stop_name":"Grand Army Plaza","raw_shape_ids":["2..N03R","2..N08R","2..S06R","2..S07R","2..S08R"],"candidate_shape_ids":["2..N03R","2..N08R","2..S06R","2..S07R","2..S08R"],"candidate_direction_ids":["N","S"],"representative_edge_geometry_source":"2..N03R","representative_edge_geometry_sources":["2..N03R"],"representative_shape_id":"2..N03R","canonical_direction_id":"mixed","canonical_direction_count":2,"collapsed_direction_count":2,"direction_collapse_reason":"route-2-local-edge-direction-collapse","geometry_reversed":false,"geometry_orientation":"chain-direction","edge_length_m":707.22,"start_coordinate":[-73.964375,40.671987],"end_coordinate":[-73.971046,40.675235],"endpoint_snap_distance_m":0,"internal_stitch_valid":true,"edge_geometry_confidence":"high","geometry_selection_reason":"selected candidate matching 2-main stop-pair direction","chain_source_shape_id":"2..N08R","branch_representative_geometry_used":false,"branch_representative_warning":null,"group_id":"group-manual-eastern-pkwy-grand-army","visual_lane_slot":-1.5,"visual_z_order":285,"segment_kind":"group","effective_render_key":"2|2-main|lane:-1.5|z:285|color:#D82233|kind:group|style:subway-ribbon-v1","assignment_reason":"grouped edge: local visual edge matched a derived corridor group","base_color_layer_visible":true,"base_casing_layer_visible":true,"base_glow_layer_visible":true,"highlight_only":false,"route_id":"2","visual_route_id":"2","visual_branch_id":"2-main","display_route":"2","raw_route_ids":["2"],"visual_edge_ids":["2:237-238"],"edge_count":1,"group_sequence":8000,"debug_id":"2:2-main:group:0:eed3de4f2608","feature_length_m":707.22,"endpoints":{"start":[-73.964375,40.671987],"end":[-73.971046,40.675235]},"source":"group-corridors-route-2-raw-edge"},"geometry":{"type":"LineString","coordinates":[[-73.964375,40.671987],[-73.968465,40.672915],[-73.968631,40.672955],[-73.968779,40.672999],[-73.968947,40.673056],[-73.969088,40.673121],[-73.969259,40.673208],[-73.969397,40.673299],[-73.969546,40.673414],[-73.969694,40.673552],[-73.969806,40.673679],[-73.971046,40.675235]]}},{"type":"Feature","id":"2:236-237","properties":{"visual_edge_id":"2:236-237","edge_sequence":9,"from_stop_id":"237","to_stop_id":"236","from_stop_name":"Grand Army Plaza","to_stop_name":"Bergen St","raw_shape_ids":["2..N03R","2..N08R","2..S06R","2..S07R","2..S08R"],"candidate_shape_ids":["2..N03R","2..N08R","2..S06R","2..S07R","2..S08R"],"candidate_direction_ids":["N","S"],"representative_edge_geometry_source":"2..N03R","representative_edge_geometry_sources":["2..N03R"],"representative_shape_id":"2..N03R","canonical_direction_id":"mixed","canonical_direction_count":2,"collapsed_direction_count":2,"direction_collapse_reason":"route-2-local-edge-direction-collapse","geometry_reversed":false,"geometry_orientation":"chain-direction","edge_length_m":709.7,"start_coordinate":[-73.971046,40.675235],"end_coordinate":[-73.975098,40.680829],"endpoint_snap_distance_m":0,"internal_stitch_valid":true,"edge_geometry_confidence":"high","geometry_selection_reason":"selected candidate matching 2-main stop-pair direction","chain_source_shape_id":"2..N08R","branch_representative_geometry_used":false,"branch_representative_warning":null,"group_id":"group-manual-eastern-pkwy-grand-army","visual_lane_slot":-1.5,"visual_z_order":285,"segment_kind":"group","effective_render_key":"2|2-main|lane:-1.5|z:285|color:#D82233|kind:group|style:subway-ribbon-v1","assignment_reason":"grouped edge: local visual edge matched a derived corridor group","base_color_layer_visible":true,"base_casing_layer_visible":true,"base_glow_layer_visible":true,"highlight_only":false,"route_id":"2","visual_route_id":"2","visual_branch_id":"2-main","display_route":"2","raw_route_ids":["2"],"visual_edge_ids":["2:236-237"],"edge_count":1,"group_sequence":9000,"debug_id":"2:2-main:group:0:f540f2fd76e4","feature_length_m":709.7,"endpoints":{"start":[-73.971046,40.675235],"end":[-73.975098,40.680829]},"source":"group-corridors-route-2-raw-edge"},"geometry":{"type":"LineString","coordinates":[[-73.971046,40.675235],[-73.975098,40.680829]]}},{"type":"Feature","id":"2:235-236","properties":{"visual_edge_id":"2:235-236","edge_sequence":10,"from_stop_id":"236","to_stop_id":"235","from_stop_name":"Bergen St","to_stop_name":"Atlantic Av-Barclays Ctr","raw_shape_ids":["2..N03R","2..N08R","2..S06R","2..S07R","2..S08R"],"candidate_shape_ids":["2..N03R","2..N08R","2..S06R","2..S07R","2..S08R"],"candidate_direction_ids":["N","S"],"representative_edge_geometry_source":"2..N03R","representative_edge_geometry_sources":["2..N03R"],"representative_shape_id":"2..N03R","canonical_direction_id":"mixed","canonical_direction_count":2,"collapsed_direction_count":2,"direction_collapse_reason":"route-2-local-edge-direction-collapse","geometry_reversed":false,"geometry_orientation":"chain-direction","edge_length_m":448.29,"start_coordinate":[-73.975098,40.680829],"end_coordinate":[-73.977666,40.684359],"endpoint_snap_distance_m":0,"internal_stitch_valid":true,"edge_geometry_confidence":"high","geometry_selection_reason":"selected candidate matching 2-main stop-pair direction","chain_source_shape_id":"2..N08R","branch_representative_geometry_used":false,"branch_representative_warning":null,"group_id":"group-manual-eastern-pkwy-grand-army","visual_lane_slot":-1.5,"visual_z_order":285,"segment_kind":"group","effective_render_key":"2|2-main|lane:-1.5|z:285|color:#D82233|kind:group|style:subway-ribbon-v1","assignment_reason":"grouped edge: local visual edge matched a derived corridor group","base_color_layer_visible":true,"base_casing_layer_visible":true,"base_glow_layer_visible":true,"highlight_only":false,"route_id":"2","visual_route_id":"2","visual_branch_id":"2-main","display_route":"2","raw_route_ids":["2"],"visual_edge_ids":["2:235-236"],"edge_count":1,"group_sequence":10000,"debug_id":"2:2-main:group:0:c8184a1160f8","feature_length_m":448.29,"endpoints":{"start":[-73.975098,40.680829],"end":[-73.977666,40.684359]},"source":"group-corridors-route-2-raw-edge"},"geometry":{"type":"LineString","coordinates":[[-73.975098,40.680829],[-73.977666,40.684359]]}},{"type":"Feature","id":"2:234-235","properties":{"visual_edge_id":"2:234-235","edge_sequence":11,"from_stop_id":"235","to_stop_id":"234","from_stop_name":"Atlantic Av-Barclays Ctr","to_stop_name":"Nevins St","raw_shape_ids":["2..N03R","2..N08R","2..S06R","2..S07R","2..S08R"],"candidate_shape_ids":["2..N03R","2..N08R","2..S06R","2..S07R","2..S08R"],"candidate_direction_ids":["N","S"],"representative_edge_geometry_source":"2..N03R","representative_edge_geometry_sources":["2..N03R"],"representative_shape_id":"2..N03R","canonical_direction_id":"mixed","canonical_direction_count":2,"collapsed_direction_count":2,"direction_collapse_reason":"route-2-local-edge-direction-collapse","geometry_reversed":false,"geometry_orientation":"chain-direction","edge_length_m":493.55,"start_coordinate":[-73.977666,40.684359],"end_coordinate":[-73.980492,40.688246],"endpoint_snap_distance_m":0,"internal_stitch_valid":true,"edge_geometry_confidence":"high","geometry_selection_reason":"selected candidate matching 2-main stop-pair direction","chain_source_shape_id":"2..N08R","branch_representative_geometry_used":false,"branch_representative_warning":null,"group_id":"group-manual-eastern-pkwy-grand-army","visual_lane_slot":-1.5,"visual_z_order":285,"segment_kind":"group","effective_render_key":"2|2-main|lane:-1.5|z:285|color:#D82233|kind:group|style:subway-ribbon-v1","assignment_reason":"grouped edge: local visual edge matched a derived corridor group","base_color_layer_visible":true,"base_casing_layer_visible":true,"base_glow_layer_visible":true,"highlight_only":false,"route_id":"2","visual_route_id":"2","visual_branch_id":"2-main","display_route":"2","raw_route_ids":["2"],"visual_edge_ids":["2:234-235"],"edge_count":1,"group_sequence":11000,"debug_id":"2:2-main:group:0:b864317a813a","feature_length_m":493.55,"endpoints":{"start":[-73.977666,40.684359],"end":[-73.980492,40.688246]},"source":"group-corridors-route-2-raw-edge"},"geometry":{"type":"LineString","coordinates":[[-73.977666,40.684359],[-73.978708,40.685781],[-73.980492,40.688246]]}},{"type":"Feature","id":"2:233-234","properties":{"visual_edge_id":"2:233-234","edge_sequence":12,"from_stop_id":"234","to_stop_id":"233","from_stop_name":"Nevins St","to_stop_name":"Hoyt St","raw_shape_ids":["2..N03R","2..N08R","2..S06R","2..S07R","2..S08R"],"candidate_shape_ids":["2..N03R","2..N08R","2..S06R","2..S07R","2..S08R"],"candidate_direction_ids":["N","S"],"representative_edge_geometry_source":"2..N03R","representative_edge_geometry_sources":["2..N03R"],"representative_shape_id":"2..N03R","canonical_direction_id":"mixed","canonical_direction_count":2,"collapsed_direction_count":2,"direction_collapse_reason":"route-2-local-edge-direction-collapse","geometry_reversed":false,"geometry_orientation":"chain-direction","edge_length_m":471.91,"start_coordinate":[-73.980492,40.688246],"end_coordinate":[-73.985065,40.690545],"endpoint_snap_distance_m":0,"internal_stitch_valid":true,"edge_geometry_confidence":"high","geometry_selection_reason":"selected candidate matching 2-main stop-pair direction","chain_source_shape_id":"2..N08R","branch_representative_geometry_used":false,"branch_representative_warning":null,"group_id":"group-1-2-3-2-3","visual_lane_slot":0,"visual_z_order":230,"segment_kind":"group","effective_render_key":"2|2-main|lane:0|z:230|color:#D82233|kind:group|style:subway-ribbon-v1","assignment_reason":"grouped edge: local visual edge matched a derived corridor group","base_color_layer_visible":true,"base_casing_layer_visible":true,"base_glow_layer_visible":true,"highlight_only":false,"route_id":"2","visual_route_id":"2","visual_branch_id":"2-main","display_route":"2","raw_route_ids":["2"],"visual_edge_ids":["2:233-234"],"edge_count":1,"group_sequence":12000,"debug_id":"2:2-main:group:0:3ebd82e531b4","feature_length_m":471.91,"endpoints":{"start":[-73.980492,40.688246],"end":[-73.985065,40.690545]},"source":"group-corridors-route-2-raw-edge"},"geometry":{"type":"LineString","coordinates":[[-73.980492,40.688246],[-73.980654,40.688475],[-73.980697,40.688533],[-73.98074,40.688593],[-73.980785,40.688649],[-73.980833,40.688705],[-73.980884,40.688757],[-73.980941,40.688808],[-73.981001,40.688856],[-73.981065,40.688902],[-73.981133,40.688945],[-73.981205,40.688987],[-73.98128,40.689027],[-73.98136,40.689062],[-73.981444,40.689096],[-73.981529,40.68913],[-73.981616,40.689164],[-73.985065,40.690545]]}},{"type":"Feature","id":"2:232-233","properties":{"visual_edge_id":"2:232-233","edge_sequence":13,"from_stop_id":"233","to_stop_id":"232","from_stop_name":"Hoyt St","to_stop_name":"Borough Hall","raw_shape_ids":["2..N03R","2..N08R","2..S06R","2..S07R","2..S08R"],"candidate_shape_ids":["2..N03R","2..N08R","2..S06R","2..S07R","2..S08R"],"candidate_direction_ids":["N","S"],"representative_edge_geometry_source":"2..N03R","representative_edge_geometry_sources":["2..N03R"],"representative_shape_id":"2..N03R","canonical_direction_id":"mixed","canonical_direction_count":2,"collapsed_direction_count":2,"direction_collapse_reason":"route-2-local-edge-direction-collapse","geometry_reversed":false,"geometry_orientation":"chain-direction","edge_length_m":528.57,"start_coordinate":[-73.985065,40.690545],"end_coordinate":[-73.989998,40.693219],"endpoint_snap_distance_m":0,"internal_stitch_valid":true,"edge_geometry_confidence":"high","geometry_selection_reason":"selected candidate matching 2-main stop-pair direction","chain_source_shape_id":"2..N08R","branch_representative_geometry_used":false,"branch_representative_warning":null,"group_id":"group-1-2-3-2-3","visual_lane_slot":0,"visual_z_order":230,"segment_kind":"group","effective_render_key":"2|2-main|lane:0|z:230|color:#D82233|kind:group|style:subway-ribbon-v1","assignment_reason":"grouped edge: local visual edge matched a derived corridor group","base_color_layer_visible":true,"base_casing_layer_visible":true,"base_glow_layer_visible":true,"highlight_only":false,"route_id":"2","visual_route_id":"2","visual_branch_id":"2-main","display_route":"2","raw_route_ids":["2"],"visual_edge_ids":["2:232-233"],"edge_count":1,"group_sequence":13000,"debug_id":"2:2-main:group:0:2e3e7f875f5f","feature_length_m":528.57,"endpoints":{"start":[-73.985065,40.690545],"end":[-73.989998,40.693219]},"source":"group-corridors-route-2-raw-edge"},"geometry":{"type":"LineString","coordinates":[[-73.985065,40.690545],[-73.989185,40.692195],[-73.989233,40.692221],[-73.989278,40.692246],[-73.989323,40.692273],[-73.989366,40.692301],[-73.989407,40.692331],[-73.989447,40.692361],[-73.989485,40.692393],[-73.989522,40.692427],[-73.989557,40.692462],[-73.989591,40.692498],[-73.989623,40.692535],[-73.989653,40.692574],[-73.989682,40.692615],[-73.989709,40.692656],[-73.989735,40.692699],[-73.989998,40.693219]]}},{"type":"Feature","id":"2:231-232","properties":{"visual_edge_id":"2:231-232","edge_sequence":14,"from_stop_id":"232","to_stop_id":"231","from_stop_name":"Borough Hall","to_stop_name":"Clark St","raw_shape_ids":["2..N03R","2..N08R","2..S06R","2..S07R","2..S08R"],"candidate_shape_ids":["2..N03R","2..N08R","2..S06R","2..S07R","2..S08R"],"candidate_direction_ids":["N","S"],"representative_edge_geometry_source":"2..N03R","representative_edge_geometry_sources":["2..N03R"],"representative_shape_id":"2..N03R","canonical_direction_id":"mixed","canonical_direction_count":2,"collapsed_direction_count":2,"direction_collapse_reason":"route-2-local-edge-direction-collapse","geometry_reversed":false,"geometry_orientation":"chain-direction","edge_length_m":582.11,"start_coordinate":[-73.989998,40.693219],"end_coordinate":[-73.993086,40.697466],"endpoint_snap_distance_m":0,"internal_stitch_valid":true,"edge_geometry_confidence":"high","geometry_selection_reason":"selected candidate matching 2-main stop-pair direction","chain_source_shape_id":"2..N08R","branch_representative_geometry_used":false,"branch_representative_warning":null,"group_id":"group-1-2-3-2-3","visual_lane_slot":0,"visual_z_order":230,"segment_kind":"group","effective_render_key":"2|2-main|lane:0|z:230|color:#D82233|kind:group|style:subway-ribbon-v1","assignment_reason":"grouped edge: local visual edge matched a derived corridor group","base_color_layer_visible":true,"base_casing_layer_visible":true,"base_glow_layer_visible":true,"highlight_only":false,"route_id":"2","visual_route_id":"2","visual_branch_id":"2-main","display_route":"2","raw_route_ids":["2"],"visual_edge_ids":["2:231-232"],"edge_count":1,"group_sequence":14000,"debug_id":"2:2-main:group:0:e6c47989fa1d","feature_length_m":582.11,"endpoints":{"start":[-73.989998,40.693219],"end":[-73.993086,40.697466]},"source":"group-corridors-route-2-raw-edge"},"geometry":{"type":"LineString","coordinates":[[-73.989998,40.693219],[-73.990338,40.693905],[-73.990356,40.693941],[-73.990373,40.693977],[-73.99039,40.694013],[-73.990407,40.69405],[-73.990423,40.694087],[-73.990439,40.694124],[-73.990454,40.694162],[-73.99047,40.6942],[-73.990484,40.694238],[-73.990499,40.694277],[-73.990513,40.694316],[-73.990526,40.694355],[-73.99054,40.694394],[-73.990552,40.694434],[-73.990565,40.694474],[-73.991156,40.69637],[-73.991177,40.696442],[-73.9912,40.696513],[-73.991225,40.696579],[-73.991255,40.696643],[-73.991288,40.696705],[-73.991329,40.696763],[-73.991374,40.696818],[-73.991423,40.69687],[-73.991477,40.696918],[-73.991536,40.696964],[-73.991599,40.697007],[-73.991667,40.697046],[-73.99174,40.697083],[-73.991816,40.697116],[-73.991897,40.697148],[-73.992018,40.69718],[-73.993086,40.697466]]}},{"type":"Feature","id":"2:230-231","properties":{"visual_edge_id":"2:230-231","edge_sequence":15,"from_stop_id":"231","to_stop_id":"230","from_stop_name":"Clark St","to_stop_name":"Wall St","raw_shape_ids":["2..N03R","2..N08R","2..S06R","2..S07R","2..S08R"],"candidate_shape_ids":["2..N03R","2..N08R","2..S06R","2..S07R","2..S08R"],"candidate_direction_ids":["N","S"],"representative_edge_geometry_source":"2..N03R","representative_edge_geometry_sources":["2..N03R"],"representative_shape_id":"2..N03R","canonical_direction_id":"mixed","canonical_direction_count":2,"collapsed_direction_count":2,"direction_collapse_reason":"route-2-local-edge-direction-collapse","geometry_reversed":false,"geometry_orientation":"chain-direction","edge_length_m":1913.57,"start_coordinate":[-73.993086,40.697466],"end_coordinate":[-74.0091,40.706821],"endpoint_snap_distance_m":0,"internal_stitch_valid":true,"edge_geometry_confidence":"high","geometry_selection_reason":"selected candidate matching 2-main stop-pair direction","chain_source_shape_id":"2..N08R","branch_representative_geometry_used":false,"branch_representative_warning":null,"group_id":"group-1-2-3-2-3","visual_lane_slot":0,"visual_z_order":230,"segment_kind":"group","effective_render_key":"2|2-main|lane:0|z:230|color:#D82233|kind:group|style:subway-ribbon-v1","assignment_reason":"grouped edge: local visual edge matched a derived corridor group","base_color_layer_visible":true,"base_casing_layer_visible":true,"base_glow_layer_visible":true,"highlight_only":false,"route_id":"2","visual_route_id":"2","visual_branch_id":"2-main","display_route":"2","raw_route_ids":["2"],"visual_edge_ids":["2:230-231"],"edge_count":1,"group_sequence":15000,"debug_id":"2:2-main:group:0:352da70cecff","feature_length_m":1913.57,"endpoints":{"start":[-73.993086,40.697466],"end":[-74.0091,40.706821]},"source":"group-corridors-route-2-raw-edge"},"geometry":{"type":"LineString","coordinates":[[-73.993086,40.697466],[-74.00291,40.700174],[-74.003652,40.700423],[-74.00426,40.700635],[-74.00471,40.700828],[-74.005185,40.701068],[-74.005659,40.701345],[-74.006073,40.701603],[-74.006508,40.701924],[-74.007127,40.702464],[-74.009504,40.704571],[-74.009737,40.70477],[-74.009892,40.70497],[-74.009957,40.705083],[-74.009987,40.705177],[-74.009996,40.705281],[-74.009981,40.70538],[-74.009938,40.705567],[-74.009889,40.705735],[-74.009801,40.705922],[-74.00967,40.706141],[-74.009488,40.706375],[-74.0091,40.706821]]}},{"type":"Feature","id":"2:229-230","properties":{"visual_edge_id":"2:229-230","edge_sequence":16,"from_stop_id":"230","to_stop_id":"229","from_stop_name":"Wall St","to_stop_name":"Fulton St","raw_shape_ids":["2..N03R","2..N08R","2..S06R","2..S07R","2..S08R"],"candidate_shape_ids":["2..N03R","2..N08R","2..S06R","2..S07R","2..S08R"],"candidate_direction_ids":["N","S"],"representative_edge_geometry_source":"2..N03R","representative_edge_geometry_sources":["2..N03R"],"representative_shape_id":"2..N03R","canonical_direction_id":"mixed","canonical_direction_count":2,"collapsed_direction_count":2,"direction_collapse_reason":"route-2-local-edge-direction-collapse","geometry_reversed":false,"geometry_orientation":"chain-direction","edge_length_m":358.81,"start_coordinate":[-74.0091,40.706821],"end_coordinate":[-74.006571,40.709416],"endpoint_snap_distance_m":0,"internal_stitch_valid":true,"edge_geometry_confidence":"high","geometry_selection_reason":"selected candidate matching 2-main stop-pair direction","chain_source_shape_id":"2..N08R","branch_representative_geometry_used":false,"branch_representative_warning":null,"group_id":"group-1-2-3-2-3","visual_lane_slot":0,"visual_z_order":230,"segment_kind":"group","effective_render_key":"2|2-main|lane:0|z:230|color:#D82233|kind:group|style:subway-ribbon-v1","assignment_reason":"grouped edge: local visual edge matched a derived corridor group","base_color_layer_visible":true,"base_casing_layer_visible":true,"base_glow_layer_visible":true,"highlight_only":false,"route_id":"2","visual_route_id":"2","visual_branch_id":"2-main","display_route":"2","raw_route_ids":["2"],"visual_edge_ids":["2:229-230"],"edge_count":1,"group_sequence":16000,"debug_id":"2:2-main:group:0:d385e634da26","feature_length_m":358.81,"endpoints":{"start":[-74.0091,40.706821],"end":[-74.006571,40.709416]},"source":"group-corridors-route-2-raw-edge"},"geometry":{"type":"LineString","coordinates":[[-74.0091,40.706821],[-74.008592,40.707382],[-74.008172,40.707811],[-74.006571,40.709416]]}},{"type":"Feature","id":"2:228-229","properties":{"visual_edge_id":"2:228-229","edge_sequence":17,"from_stop_id":"229","to_stop_id":"228","from_stop_name":"Fulton St","to_stop_name":"Park Place","raw_shape_ids":["2..N03R","2..N08R","2..S06R","2..S07R","2..S08R"],"candidate_shape_ids":["2..N03R","2..N08R","2..S06R","2..S07R","2..S08R"],"candidate_direction_ids":["N","S"],"representative_edge_geometry_source":"2..N03R","representative_edge_geometry_sources":["2..N03R"],"representative_shape_id":"2..N03R","canonical_direction_id":"mixed","canonical_direction_count":2,"collapsed_direction_count":2,"direction_collapse_reason":"route-2-local-edge-direction-collapse","geometry_reversed":false,"geometry_orientation":"chain-direction","edge_length_m":531.26,"start_coordinate":[-74.006571,40.709416],"end_coordinate":[-74.008811,40.713051],"endpoint_snap_distance_m":0,"internal_stitch_valid":true,"edge_geometry_confidence":"high","geometry_selection_reason":"selected candidate matching 2-main stop-pair direction","chain_source_shape_id":"2..N08R","branch_representative_geometry_used":false,"branch_representative_warning":null,"group_id":"group-1-2-3-2-3","visual_lane_slot":0,"visual_z_order":230,"segment_kind":"group","effective_render_key":"2|2-main|lane:0|z:230|color:#D82233|kind:group|style:subway-ribbon-v1","assignment_reason":"grouped edge: local visual edge matched a derived corridor group","base_color_layer_visible":true,"base_casing_layer_visible":true,"base_glow_layer_visible":true,"highlight_only":false,"route_id":"2","visual_route_id":"2","visual_branch_id":"2-main","display_route":"2","raw_route_ids":["2"],"visual_edge_ids":["2:228-229"],"edge_count":1,"group_sequence":17000,"debug_id":"2:2-main:group:0:8d484b369dba","feature_length_m":531.26,"endpoints":{"start":[-74.006571,40.709416],"end":[-74.008811,40.713051]},"source":"group-corridors-route-2-raw-edge"},"geometry":{"type":"LineString","coordinates":[[-74.006571,40.709416],[-74.005869,40.710148],[-74.005836,40.710195],[-74.005803,40.710254],[-74.005777,40.710315],[-74.005763,40.710376],[-74.005761,40.710437],[-74.005772,40.710496],[-74.005805,40.710559],[-74.005848,40.71062],[-74.005949,40.710726],[-74.006854,40.711582],[-74.006954,40.711685],[-74.007035,40.711788],[-74.007289,40.712145],[-74.007371,40.712239],[-74.007453,40.712337],[-74.007548,40.712431],[-74.007667,40.712519],[-74.007813,40.712596],[-74.007962,40.712663],[-74.008811,40.713051]]}},{"type":"Feature","id":"2:137-228","properties":{"visual_edge_id":"2:137-228","edge_sequence":18,"from_stop_id":"228","to_stop_id":"137","from_stop_name":"Park Place","to_stop_name":"Chambers St","raw_shape_ids":["2..N03R","2..N08R","2..S06R","2..S07R","2..S08R"],"candidate_shape_ids":["2..N03R","2..N08R","2..S06R","2..S07R","2..S08R"],"candidate_direction_ids":["N","S"],"representative_edge_geometry_source":"2..N03R","representative_edge_geometry_sources":["2..N03R"],"representative_shape_id":"2..N03R","canonical_direction_id":"mixed","canonical_direction_count":2,"collapsed_direction_count":2,"direction_collapse_reason":"route-2-local-edge-direction-collapse","geometry_reversed":false,"geometry_orientation":"chain-direction","edge_length_m":363.92,"start_coordinate":[-74.008811,40.713051],"end_coordinate":[-74.009266,40.715478],"endpoint_snap_distance_m":0,"internal_stitch_valid":true,"edge_geometry_confidence":"high","geometry_selection_reason":"selected candidate matching 2-main stop-pair direction","chain_source_shape_id":"2..N08R","branch_representative_geometry_used":false,"branch_representative_warning":null,"group_id":"group-1-2-3-1-2-3","visual_lane_slot":0,"visual_z_order":230,"segment_kind":"group","effective_render_key":"2|2-main|lane:0|z:230|color:#D82233|kind:group|style:subway-ribbon-v1","assignment_reason":"grouped edge: local visual edge matched a derived corridor group","base_color_layer_visible":true,"base_casing_layer_visible":true,"base_glow_layer_visible":true,"highlight_only":false,"route_id":"2","visual_route_id":"2","visual_branch_id":"2-main","display_route":"2","raw_route_ids":["2"],"visual_edge_ids":["2:137-228"],"edge_count":1,"group_sequence":18000,"debug_id":"2:2-main:group:0:0c7f59b1fc11","feature_length_m":363.92,"endpoints":{"start":[-74.008811,40.713051],"end":[-74.009266,40.715478]},"source":"group-corridors-route-2-raw-edge"},"geometry":{"type":"LineString","coordinates":[[-74.008811,40.713051],[-74.010029,40.713598],[-74.010099,40.713629],[-74.01016,40.713662],[-74.010213,40.713699],[-74.010258,40.713737],[-74.010294,40.713777],[-74.010321,40.71382],[-74.010341,40.713865],[-74.010351,40.713912],[-74.010353,40.713961],[-74.010347,40.714013],[-74.010333,40.714066],[-74.010309,40.714122],[-74.010278,40.71418],[-74.010238,40.714241],[-74.010188,40.714303],[-74.009299,40.715437],[-74.009266,40.715478]]}},{"type":"Feature","id":"2:136-137","properties":{"visual_edge_id":"2:136-137","edge_sequence":19,"from_stop_id":"137","to_stop_id":"136","from_stop_name":"Chambers St","to_stop_name":"Franklin St","raw_shape_ids":["2..N08R","2..S08R"],"candidate_shape_ids":["2..N08R","2..S08R"],"candidate_direction_ids":["N","S"],"representative_edge_geometry_source":"2..N08R","representative_edge_geometry_sources":["2..N08R"],"representative_shape_id":"2..N08R","canonical_direction_id":"mixed","canonical_direction_count":2,"collapsed_direction_count":2,"direction_collapse_reason":"route-2-local-edge-direction-collapse","geometry_reversed":false,"geometry_orientation":"chain-direction","edge_length_m":478.04,"start_coordinate":[-74.009266,40.715478],"end_coordinate":[-74.006886,40.719318],"endpoint_snap_distance_m":0,"internal_stitch_valid":true,"edge_geometry_confidence":"high","geometry_selection_reason":"selected candidate matching 2-main stop-pair direction","chain_source_shape_id":"2..N08R","branch_representative_geometry_used":false,"branch_representative_warning":null,"group_id":"group-1-2-3-1-2-3","visual_lane_slot":0,"visual_z_order":230,"segment_kind":"group","effective_render_key":"2|2-main|lane:0|z:230|color:#D82233|kind:group|style:subway-ribbon-v1","assignment_reason":"grouped edge: local visual edge matched a derived corridor group","base_color_layer_visible":true,"base_casing_layer_visible":true,"base_glow_layer_visible":true,"highlight_only":false,"route_id":"2","visual_route_id":"2","visual_branch_id":"2-main","display_route":"2","raw_route_ids":["2"],"visual_edge_ids":["2:136-137"],"edge_count":1,"group_sequence":19000,"debug_id":"2:2-main:group:0:520159a04b2c","feature_length_m":478.04,"endpoints":{"start":[-74.009266,40.715478],"end":[-74.006886,40.719318]},"source":"group-corridors-route-2-raw-edge"},"geometry":{"type":"LineString","coordinates":[[-74.009266,40.715478],[-74.007249,40.718032],[-74.007227,40.718063],[-74.007206,40.718095],[-74.007186,40.718127],[-74.007167,40.71816],[-74.00715,40.718193],[-74.007133,40.718228],[-74.007117,40.718262],[-74.007103,40.718298],[-74.007089,40.718334],[-74.007077,40.71837],[-74.007066,40.718408],[-74.007055,40.718446],[-74.007046,40.718484],[-74.007038,40.718523],[-74.007031,40.718563],[-74.006886,40.719318]]}},{"type":"Feature","id":"2:135-136","properties":{"visual_edge_id":"2:135-136","edge_sequence":20,"from_stop_id":"136","to_stop_id":"135","from_stop_name":"Franklin St","to_stop_name":"Canal St","raw_shape_ids":["2..N08R","2..S08R"],"candidate_shape_ids":["2..N08R","2..S08R"],"candidate_direction_ids":["N","S"],"representative_edge_geometry_source":"2..N08R","representative_edge_geometry_sources":["2..N08R"],"representative_shape_id":"2..N08R","canonical_direction_id":"mixed","canonical_direction_count":2,"collapsed_direction_count":2,"direction_collapse_reason":"route-2-local-edge-direction-collapse","geometry_reversed":false,"geometry_orientation":"chain-direction","edge_length_m":396.52,"start_coordinate":[-74.006886,40.719318],"end_coordinate":[-74.006277,40.722854],"endpoint_snap_distance_m":0,"internal_stitch_valid":true,"edge_geometry_confidence":"high","geometry_selection_reason":"selected candidate matching 2-main stop-pair direction","chain_source_shape_id":"2..N08R","branch_representative_geometry_used":false,"branch_representative_warning":null,"group_id":"group-1-2-3-1-2-3","visual_lane_slot":0,"visual_z_order":230,"segment_kind":"group","effective_render_key":"2|2-main|lane:0|z:230|color:#D82233|kind:group|style:subway-ribbon-v1","assignment_reason":"grouped edge: local visual edge matched a derived corridor group","base_color_layer_visible":true,"base_casing_layer_visible":true,"base_glow_layer_visible":true,"highlight_only":false,"route_id":"2","visual_route_id":"2","visual_branch_id":"2-main","display_route":"2","raw_route_ids":["2"],"visual_edge_ids":["2:135-136"],"edge_count":1,"group_sequence":20000,"debug_id":"2:2-main:group:0:acefa0ce4133","feature_length_m":396.52,"endpoints":{"start":[-74.006886,40.719318],"end":[-74.006277,40.722854]},"source":"group-corridors-route-2-raw-edge"},"geometry":{"type":"LineString","coordinates":[[-74.006886,40.719318],[-74.006277,40.722854]]}},{"type":"Feature","id":"2:134-135","properties":{"visual_edge_id":"2:134-135","edge_sequence":21,"from_stop_id":"135","to_stop_id":"134","from_stop_name":"Canal St","to_stop_name":"Houston St","raw_shape_ids":["2..N08R","2..S08R"],"candidate_shape_ids":["2..N08R","2..S08R"],"candidate_direction_ids":["N","S"],"representative_edge_geometry_source":"2..N08R","representative_edge_geometry_sources":["2..N08R"],"representative_shape_id":"2..N08R","canonical_direction_id":"mixed","canonical_direction_count":2,"collapsed_direction_count":2,"direction_collapse_reason":"route-2-local-edge-direction-collapse","geometry_reversed":false,"geometry_orientation":"chain-direction","edge_length_m":605,"start_coordinate":[-74.006277,40.722854],"end_coordinate":[-74.005367,40.728251],"endpoint_snap_distance_m":0,"internal_stitch_valid":true,"edge_geometry_confidence":"high","geometry_selection_reason":"selected candidate matching 2-main stop-pair direction","chain_source_shape_id":"2..N08R","branch_representative_geometry_used":false,"branch_representative_warning":null,"group_id":"group-1-2-3-1-2-3","visual_lane_slot":0,"visual_z_order":230,"segment_kind":"group","effective_render_key":"2|2-main|lane:0|z:230|color:#D82233|kind:group|style:subway-ribbon-v1","assignment_reason":"grouped edge: local visual edge matched a derived corridor group","base_color_layer_visible":true,"base_casing_layer_visible":true,"base_glow_layer_visible":true,"highlight_only":false,"route_id":"2","visual_route_id":"2","visual_branch_id":"2-main","display_route":"2","raw_route_ids":["2"],"visual_edge_ids":["2:134-135"],"edge_count":1,"group_sequence":21000,"debug_id":"2:2-main:group:0:8538dd0c84a1","feature_length_m":605,"endpoints":{"start":[-74.006277,40.722854],"end":[-74.005367,40.728251]},"source":"group-corridors-route-2-raw-edge"},"geometry":{"type":"LineString","coordinates":[[-74.006277,40.722854],[-74.005367,40.728251]]}},{"type":"Feature","id":"2:133-134","properties":{"visual_edge_id":"2:133-134","edge_sequence":22,"from_stop_id":"134","to_stop_id":"133","from_stop_name":"Houston St","to_stop_name":"Christopher St-Stonewall","raw_shape_ids":["2..N08R","2..S08R"],"candidate_shape_ids":["2..N08R","2..S08R"],"candidate_direction_ids":["N","S"],"representative_edge_geometry_source":"2..N08R","representative_edge_geometry_sources":["2..N08R"],"representative_shape_id":"2..N08R","canonical_direction_id":"mixed","canonical_direction_count":2,"collapsed_direction_count":2,"direction_collapse_reason":"route-2-local-edge-direction-collapse","geometry_reversed":false,"geometry_orientation":"chain-direction","edge_length_m":615.12,"start_coordinate":[-74.005367,40.728251],"end_coordinate":[-74.002906,40.733422],"endpoint_snap_distance_m":0,"internal_stitch_valid":true,"edge_geometry_confidence":"high","geometry_selection_reason":"selected candidate matching 2-main stop-pair direction","chain_source_shape_id":"2..N08R","branch_representative_geometry_used":false,"branch_representative_warning":null,"group_id":"group-1-2-3-1-2-3","visual_lane_slot":0,"visual_z_order":230,"segment_kind":"group","effective_render_key":"2|2-main|lane:0|z:230|color:#D82233|kind:group|style:subway-ribbon-v1","assignment_reason":"grouped edge: local visual edge matched a derived corridor group","base_color_layer_visible":true,"base_casing_layer_visible":true,"base_glow_layer_visible":true,"highlight_only":false,"route_id":"2","visual_route_id":"2","visual_branch_id":"2-main","display_route":"2","raw_route_ids":["2"],"visual_edge_ids":["2:133-134"],"edge_count":1,"group_sequence":22000,"debug_id":"2:2-main:group:0:28399e55dbbd","feature_length_m":615.12,"endpoints":{"start":[-74.005367,40.728251],"end":[-74.002906,40.733422]},"source":"group-corridors-route-2-raw-edge"},"geometry":{"type":"LineString","coordinates":[[-74.005367,40.728251],[-74.00526,40.728935],[-74.005221,40.729169],[-74.005197,40.729283],[-74.00516,40.729414],[-74.005112,40.729532],[-74.005062,40.729642],[-74.004935,40.729881],[-74.004682,40.730321],[-74.002906,40.733422]]}},{"type":"Feature","id":"2:132-133","properties":{"visual_edge_id":"2:132-133","edge_sequence":23,"from_stop_id":"133","to_stop_id":"132","from_stop_name":"Christopher St-Stonewall","to_stop_name":"14 St","raw_shape_ids":["2..N08R","2..S08R"],"candidate_shape_ids":["2..N08R","2..S08R"],"candidate_direction_ids":["N","S"],"representative_edge_geometry_source":"2..N08R","representative_edge_geometry_sources":["2..N08R"],"representative_shape_id":"2..N08R","canonical_direction_id":"mixed","canonical_direction_count":2,"collapsed_direction_count":2,"direction_collapse_reason":"route-2-local-edge-direction-collapse","geometry_reversed":false,"geometry_orientation":"chain-direction","edge_length_m":540.58,"start_coordinate":[-74.002906,40.733422],"end_coordinate":[-74.000201,40.737826],"endpoint_snap_distance_m":0,"internal_stitch_valid":true,"edge_geometry_confidence":"high","geometry_selection_reason":"selected candidate matching 2-main stop-pair direction","chain_source_shape_id":"2..N08R","branch_representative_geometry_used":false,"branch_representative_warning":null,"group_id":"group-1-2-3-1-2-3","visual_lane_slot":0,"visual_z_order":230,"segment_kind":"group","effective_render_key":"2|2-main|lane:0|z:230|color:#D82233|kind:group|style:subway-ribbon-v1","assignment_reason":"grouped edge: local visual edge matched a derived corridor group","base_color_layer_visible":true,"base_casing_layer_visible":true,"base_glow_layer_visible":true,"highlight_only":false,"route_id":"2","visual_route_id":"2","visual_branch_id":"2-main","display_route":"2","raw_route_ids":["2"],"visual_edge_ids":["2:132-133"],"edge_count":1,"group_sequence":23000,"debug_id":"2:2-main:group:0:acf3c7533d7f","feature_length_m":540.58,"endpoints":{"start":[-74.002906,40.733422],"end":[-74.000201,40.737826]},"source":"group-corridors-route-2-raw-edge"},"geometry":{"type":"LineString","coordinates":[[-74.002906,40.733422],[-74.001452,40.735973],[-74.001345,40.736162],[-74.001229,40.736358],[-74.001089,40.736585],[-74.000973,40.736761],[-74.000201,40.737826]]}},{"type":"Feature","id":"2:131-132","properties":{"visual_edge_id":"2:131-132","edge_sequence":24,"from_stop_id":"132","to_stop_id":"131","from_stop_name":"14 St","to_stop_name":"18 St","raw_shape_ids":["2..N08R","2..S08R"],"candidate_shape_ids":["2..N08R","2..S08R"],"candidate_direction_ids":["N","S"],"representative_edge_geometry_source":"2..N08R","representative_edge_geometry_sources":["2..N08R"],"representative_shape_id":"2..N08R","canonical_direction_id":"mixed","canonical_direction_count":2,"collapsed_direction_count":2,"direction_collapse_reason":"route-2-local-edge-direction-collapse","geometry_reversed":false,"geometry_orientation":"chain-direction","edge_length_m":407.75,"start_coordinate":[-74.000201,40.737826],"end_coordinate":[-73.997871,40.74104],"endpoint_snap_distance_m":0,"internal_stitch_valid":true,"edge_geometry_confidence":"high","geometry_selection_reason":"selected candidate matching 2-main stop-pair direction","chain_source_shape_id":"2..N08R","branch_representative_geometry_used":false,"branch_representative_warning":null,"group_id":"group-1-2-3-1-2-3","visual_lane_slot":0,"visual_z_order":230,"segment_kind":"group","effective_render_key":"2|2-main|lane:0|z:230|color:#D82233|kind:group|style:subway-ribbon-v1","assignment_reason":"grouped edge: local visual edge matched a derived corridor group","base_color_layer_visible":true,"base_casing_layer_visible":true,"base_glow_layer_visible":true,"highlight_only":false,"route_id":"2","visual_route_id":"2","visual_branch_id":"2-main","display_route":"2","raw_route_ids":["2"],"visual_edge_ids":["2:131-132"],"edge_count":1,"group_sequence":24000,"debug_id":"2:2-main:group:0:dfa0d8e801aa","feature_length_m":407.75,"endpoints":{"start":[-74.000201,40.737826],"end":[-73.997871,40.74104]},"source":"group-corridors-route-2-raw-edge"},"geometry":{"type":"LineString","coordinates":[[-74.000201,40.737826],[-73.997871,40.74104]]}},{"type":"Feature","id":"2:130-131","properties":{"visual_edge_id":"2:130-131","edge_sequence":25,"from_stop_id":"131","to_stop_id":"130","from_stop_name":"18 St","to_stop_name":"23 St","raw_shape_ids":["2..N08R","2..S08R"],"candidate_shape_ids":["2..N08R","2..S08R"],"candidate_direction_ids":["N","S"],"representative_edge_geometry_source":"2..N08R","representative_edge_geometry_sources":["2..N08R"],"representative_shape_id":"2..N08R","canonical_direction_id":"mixed","canonical_direction_count":2,"collapsed_direction_count":2,"direction_collapse_reason":"route-2-local-edge-direction-collapse","geometry_reversed":false,"geometry_orientation":"chain-direction","edge_length_m":386.18,"start_coordinate":[-73.997871,40.74104],"end_coordinate":[-73.995657,40.744081],"endpoint_snap_distance_m":0,"internal_stitch_valid":true,"edge_geometry_confidence":"high","geometry_selection_reason":"selected candidate matching 2-main stop-pair direction","chain_source_shape_id":"2..N08R","branch_representative_geometry_used":false,"branch_representative_warning":null,"group_id":"group-1-2-3-1-2-3","visual_lane_slot":0,"visual_z_order":230,"segment_kind":"group","effective_render_key":"2|2-main|lane:0|z:230|color:#D82233|kind:group|style:subway-ribbon-v1","assignment_reason":"grouped edge: local visual edge matched a derived corridor group","base_color_layer_visible":true,"base_casing_layer_visible":true,"base_glow_layer_visible":true,"highlight_only":false,"route_id":"2","visual_route_id":"2","visual_branch_id":"2-main","display_route":"2","raw_route_ids":["2"],"visual_edge_ids":["2:130-131"],"edge_count":1,"group_sequence":25000,"debug_id":"2:2-main:group:0:df3ee8872f53","feature_length_m":386.18,"endpoints":{"start":[-73.997871,40.74104],"end":[-73.995657,40.744081]},"source":"group-corridors-route-2-raw-edge"},"geometry":{"type":"LineString","coordinates":[[-73.997871,40.74104],[-73.995657,40.744081]]}},{"type":"Feature","id":"2:129-130","properties":{"visual_edge_id":"2:129-130","edge_sequence":26,"from_stop_id":"130","to_stop_id":"129","from_stop_name":"23 St","to_stop_name":"28 St","raw_shape_ids":["2..N08R","2..S08R"],"candidate_shape_ids":["2..N08R","2..S08R"],"candidate_direction_ids":["N","S"],"representative_edge_geometry_source":"2..N08R","representative_edge_geometry_sources":["2..N08R"],"representative_shape_id":"2..N08R","canonical_direction_id":"mixed","canonical_direction_count":2,"collapsed_direction_count":2,"direction_collapse_reason":"route-2-local-edge-direction-collapse","geometry_reversed":false,"geometry_orientation":"chain-direction","edge_length_m":398.4,"start_coordinate":[-73.995657,40.744081],"end_coordinate":[-73.993365,40.747215],"endpoint_snap_distance_m":0,"internal_stitch_valid":true,"edge_geometry_confidence":"high","geometry_selection_reason":"selected candidate matching 2-main stop-pair direction","chain_source_shape_id":"2..N08R","branch_representative_geometry_used":false,"branch_representative_warning":null,"group_id":"group-1-2-3-1-2-3","visual_lane_slot":0,"visual_z_order":230,"segment_kind":"group","effective_render_key":"2|2-main|lane:0|z:230|color:#D82233|kind:group|style:subway-ribbon-v1","assignment_reason":"grouped edge: local visual edge matched a derived corridor group","base_color_layer_visible":true,"base_casing_layer_visible":true,"base_glow_layer_visible":true,"highlight_only":false,"route_id":"2","visual_route_id":"2","visual_branch_id":"2-main","display_route":"2","raw_route_ids":["2"],"visual_edge_ids":["2:129-130"],"edge_count":1,"group_sequence":26000,"debug_id":"2:2-main:group:0:d8b29a1cecc3","feature_length_m":398.4,"endpoints":{"start":[-73.995657,40.744081],"end":[-73.993365,40.747215]},"source":"group-corridors-route-2-raw-edge"},"geometry":{"type":"LineString","coordinates":[[-73.995657,40.744081],[-73.993365,40.747215]]}},{"type":"Feature","id":"2:128-129","properties":{"visual_edge_id":"2:128-129","edge_sequence":27,"from_stop_id":"129","to_stop_id":"128","from_stop_name":"28 St","to_stop_name":"34 St-Penn Station","raw_shape_ids":["2..N08R","2..S08R"],"candidate_shape_ids":["2..N08R","2..S08R"],"candidate_direction_ids":["N","S"],"representative_edge_geometry_source":"2..N08R","representative_edge_geometry_sources":["2..N08R"],"representative_shape_id":"2..N08R","canonical_direction_id":"mixed","canonical_direction_count":2,"collapsed_direction_count":2,"direction_collapse_reason":"route-2-local-edge-direction-collapse","geometry_reversed":false,"geometry_orientation":"chain-direction","edge_length_m":401.38,"start_coordinate":[-73.993365,40.747215],"end_coordinate":[-73.991057,40.750373],"endpoint_snap_distance_m":0,"internal_stitch_valid":true,"edge_geometry_confidence":"high","geometry_selection_reason":"selected candidate matching 2-main stop-pair direction","chain_source_shape_id":"2..N08R","branch_representative_geometry_used":false,"branch_representative_warning":null,"group_id":"group-1-2-3-1-2-3","visual_lane_slot":0,"visual_z_order":230,"segment_kind":"group","effective_render_key":"2|2-main|lane:0|z:230|color:#D82233|kind:group|style:subway-ribbon-v1","assignment_reason":"grouped edge: local visual edge matched a derived corridor group","base_color_layer_visible":true,"base_casing_layer_visible":true,"base_glow_layer_visible":true,"highlight_only":false,"route_id":"2","visual_route_id":"2","visual_branch_id":"2-main","display_route":"2","raw_route_ids":["2"],"visual_edge_ids":["2:128-129"],"edge_count":1,"group_sequence":27000,"debug_id":"2:2-main:group:0:9fe5c03bb262","feature_length_m":401.38,"endpoints":{"start":[-73.993365,40.747215],"end":[-73.991057,40.750373]},"source":"group-corridors-route-2-raw-edge"},"geometry":{"type":"LineString","coordinates":[[-73.993365,40.747215],[-73.991057,40.750373]]}},{"type":"Feature","id":"2:127-128","properties":{"visual_edge_id":"2:127-128","edge_sequence":28,"from_stop_id":"128","to_stop_id":"127","from_stop_name":"34 St-Penn Station","to_stop_name":"Times Sq-42 St","raw_shape_ids":["2..N03R","2..N08R","2..S06R","2..S07R","2..S08R"],"candidate_shape_ids":["2..N03R","2..N08R","2..S06R","2..S07R","2..S08R"],"candidate_direction_ids":["N","S"],"representative_edge_geometry_source":"2..N03R","representative_edge_geometry_sources":["2..N03R"],"representative_shape_id":"2..N03R","canonical_direction_id":"mixed","canonical_direction_count":2,"collapsed_direction_count":2,"direction_collapse_reason":"route-2-local-edge-direction-collapse","geometry_reversed":false,"geometry_orientation":"chain-direction","edge_length_m":623.66,"start_coordinate":[-73.991057,40.750373],"end_coordinate":[-73.987495,40.75529],"endpoint_snap_distance_m":0,"internal_stitch_valid":true,"edge_geometry_confidence":"high","geometry_selection_reason":"selected candidate matching 2-main stop-pair direction","chain_source_shape_id":"2..N08R","branch_representative_geometry_used":false,"branch_representative_warning":null,"group_id":"group-1-2-3-1-2-3","visual_lane_slot":0,"visual_z_order":230,"segment_kind":"group","effective_render_key":"2|2-main|lane:0|z:230|color:#D82233|kind:group|style:subway-ribbon-v1","assignment_reason":"grouped edge: local visual edge matched a derived corridor group","base_color_layer_visible":true,"base_casing_layer_visible":true,"base_glow_layer_visible":true,"highlight_only":false,"route_id":"2","visual_route_id":"2","visual_branch_id":"2-main","display_route":"2","raw_route_ids":["2"],"visual_edge_ids":["2:127-128"],"edge_count":1,"group_sequence":28000,"debug_id":"2:2-main:group:0:d6846c1b8e9a","feature_length_m":623.66,"endpoints":{"start":[-73.991057,40.750373],"end":[-73.987495,40.75529]},"source":"group-corridors-route-2-raw-edge"},"geometry":{"type":"LineString","coordinates":[[-73.991057,40.750373],[-73.987495,40.75529]]}},{"type":"Feature","id":"2:126-127","properties":{"visual_edge_id":"2:126-127","edge_sequence":29,"from_stop_id":"127","to_stop_id":"126","from_stop_name":"Times Sq-42 St","to_stop_name":"50 St","raw_shape_ids":["2..N08R","2..S08R"],"candidate_shape_ids":["2..N08R","2..S08R"],"candidate_direction_ids":["N","S"],"representative_edge_geometry_source":"2..N08R","representative_edge_geometry_sources":["2..N08R"],"representative_shape_id":"2..N08R","canonical_direction_id":"mixed","canonical_direction_count":2,"collapsed_direction_count":2,"direction_collapse_reason":"route-2-local-edge-direction-collapse","geometry_reversed":false,"geometry_orientation":"chain-direction","edge_length_m":782.99,"start_coordinate":[-73.987495,40.75529],"end_coordinate":[-73.983849,40.761728],"endpoint_snap_distance_m":0,"internal_stitch_valid":true,"edge_geometry_confidence":"high","geometry_selection_reason":"selected candidate matching 2-main stop-pair direction","chain_source_shape_id":"2..N08R","branch_representative_geometry_used":false,"branch_representative_warning":null,"group_id":"group-1-2-3-1-2-3","visual_lane_slot":0,"visual_z_order":230,"segment_kind":"group","effective_render_key":"2|2-main|lane:0|z:230|color:#D82233|kind:group|style:subway-ribbon-v1","assignment_reason":"grouped edge: local visual edge matched a derived corridor group","base_color_layer_visible":true,"base_casing_layer_visible":true,"base_glow_layer_visible":true,"highlight_only":false,"route_id":"2","visual_route_id":"2","visual_branch_id":"2-main","display_route":"2","raw_route_ids":["2"],"visual_edge_ids":["2:126-127"],"edge_count":1,"group_sequence":29000,"debug_id":"2:2-main:group:0:708013e93966","feature_length_m":782.99,"endpoints":{"start":[-73.987495,40.75529],"end":[-73.983849,40.761728]},"source":"group-corridors-route-2-raw-edge"},"geometry":{"type":"LineString","coordinates":[[-73.987495,40.75529],[-73.986009,40.757342],[-73.985786,40.757638],[-73.985709,40.757758],[-73.985638,40.75788],[-73.985569,40.758014],[-73.985512,40.758156],[-73.985421,40.758375],[-73.98533,40.758631],[-73.985063,40.759405],[-73.984959,40.759714],[-73.984841,40.760017],[-73.984725,40.760283],[-73.984577,40.760592],[-73.984444,40.760821],[-73.984294,40.76104],[-73.983849,40.761728]]}},{"type":"Feature","id":"2:125-126","properties":{"visual_edge_id":"2:125-126","edge_sequence":30,"from_stop_id":"126","to_stop_id":"125","from_stop_name":"50 St","to_stop_name":"59 St-Columbus Circle","raw_shape_ids":["2..N08R","2..S08R"],"candidate_shape_ids":["2..N08R","2..S08R"],"candidate_direction_ids":["N","S"],"representative_edge_geometry_source":"2..N08R","representative_edge_geometry_sources":["2..N08R"],"representative_shape_id":"2..N08R","canonical_direction_id":"mixed","canonical_direction_count":2,"collapsed_direction_count":2,"direction_collapse_reason":"route-2-local-edge-direction-collapse","geometry_reversed":false,"geometry_orientation":"chain-direction","edge_length_m":759.81,"start_coordinate":[-73.983849,40.761728],"end_coordinate":[-73.981929,40.768247],"endpoint_snap_distance_m":0,"internal_stitch_valid":true,"edge_geometry_confidence":"high","geometry_selection_reason":"selected candidate matching 2-main stop-pair direction","chain_source_shape_id":"2..N08R","branch_representative_geometry_used":false,"branch_representative_warning":null,"group_id":"group-1-2-3-1-2-3","visual_lane_slot":0,"visual_z_order":230,"segment_kind":"group","effective_render_key":"2|2-main|lane:0|z:230|color:#D82233|kind:group|style:subway-ribbon-v1","assignment_reason":"grouped edge: local visual edge matched a derived corridor group","base_color_layer_visible":true,"base_casing_layer_visible":true,"base_glow_layer_visible":true,"highlight_only":false,"route_id":"2","visual_route_id":"2","visual_branch_id":"2-main","display_route":"2","raw_route_ids":["2"],"visual_edge_ids":["2:125-126"],"edge_count":1,"group_sequence":30000,"debug_id":"2:2-main:group:0:cf59dc77dc7f","feature_length_m":759.81,"endpoints":{"start":[-73.983849,40.761728],"end":[-73.981929,40.768247]},"source":"group-corridors-route-2-raw-edge"},"geometry":{"type":"LineString","coordinates":[[-73.983849,40.761728],[-73.983358,40.762486],[-73.983038,40.76298],[-73.982793,40.763412],[-73.982626,40.763714],[-73.982464,40.764029],[-73.98232,40.764386],[-73.982156,40.764821],[-73.982063,40.765125],[-73.981977,40.765461],[-73.98191,40.765808],[-73.981755,40.766808],[-73.981702,40.767172],[-73.981689,40.767324],[-73.981694,40.76744],[-73.981697,40.767561],[-73.981718,40.767681],[-73.981745,40.767778],[-73.981781,40.767895],[-73.981929,40.768247]]}},{"type":"Feature","id":"2:124-125","properties":{"visual_edge_id":"2:124-125","edge_sequence":31,"from_stop_id":"125","to_stop_id":"124","from_stop_name":"59 St-Columbus Circle","to_stop_name":"66 St-Lincoln Center","raw_shape_ids":["2..N08R","2..S08R"],"candidate_shape_ids":["2..N08R","2..S08R"],"candidate_direction_ids":["N","S"],"representative_edge_geometry_source":"2..N08R","representative_edge_geometry_sources":["2..N08R"],"representative_shape_id":"2..N08R","canonical_direction_id":"mixed","canonical_direction_count":2,"collapsed_direction_count":2,"direction_collapse_reason":"route-2-local-edge-direction-collapse","geometry_reversed":false,"geometry_orientation":"chain-direction","edge_length_m":579.19,"start_coordinate":[-73.981929,40.768247],"end_coordinate":[-73.982209,40.77344],"endpoint_snap_distance_m":0,"internal_stitch_valid":true,"edge_geometry_confidence":"high","geometry_selection_reason":"selected candidate matching 2-main stop-pair direction","chain_source_shape_id":"2..N08R","branch_representative_geometry_used":false,"branch_representative_warning":null,"group_id":"group-1-2-3-1-2-3","visual_lane_slot":0,"visual_z_order":230,"segment_kind":"group","effective_render_key":"2|2-main|lane:0|z:230|color:#D82233|kind:group|style:subway-ribbon-v1","assignment_reason":"grouped edge: local visual edge matched a derived corridor group","base_color_layer_visible":true,"base_casing_layer_visible":true,"base_glow_layer_visible":true,"highlight_only":false,"route_id":"2","visual_route_id":"2","visual_branch_id":"2-main","display_route":"2","raw_route_ids":["2"],"visual_edge_ids":["2:124-125"],"edge_count":1,"group_sequence":31000,"debug_id":"2:2-main:group:0:8daabb5f6d7a","feature_length_m":579.19,"endpoints":{"start":[-73.981929,40.768247],"end":[-73.982209,40.77344]},"source":"group-corridors-route-2-raw-edge"},"geometry":{"type":"LineString","coordinates":[[-73.981929,40.768247],[-73.982012,40.768454],[-73.982053,40.768582],[-73.982078,40.768695],[-73.982088,40.768794],[-73.982098,40.769222],[-73.982209,40.77344]]}},{"type":"Feature","id":"2:123-124","properties":{"visual_edge_id":"2:123-124","edge_sequence":32,"from_stop_id":"124","to_stop_id":"123","from_stop_name":"66 St-Lincoln Center","to_stop_name":"72 St","raw_shape_ids":["2..N08R","2..S08R"],"candidate_shape_ids":["2..N08R","2..S08R"],"candidate_direction_ids":["N","S"],"representative_edge_geometry_source":"2..N08R","representative_edge_geometry_sources":["2..N08R"],"representative_shape_id":"2..N08R","canonical_direction_id":"mixed","canonical_direction_count":2,"collapsed_direction_count":2,"direction_collapse_reason":"route-2-local-edge-direction-collapse","geometry_reversed":false,"geometry_orientation":"chain-direction","edge_length_m":558.08,"start_coordinate":[-73.982209,40.77344],"end_coordinate":[-73.98197,40.778453],"endpoint_snap_distance_m":0,"internal_stitch_valid":true,"edge_geometry_confidence":"high","geometry_selection_reason":"selected candidate matching 2-main stop-pair direction","chain_source_shape_id":"2..N08R","branch_representative_geometry_used":false,"branch_representative_warning":null,"group_id":"group-1-2-3-1-2-3","visual_lane_slot":0,"visual_z_order":230,"segment_kind":"group","effective_render_key":"2|2-main|lane:0|z:230|color:#D82233|kind:group|style:subway-ribbon-v1","assignment_reason":"grouped edge: local visual edge matched a derived corridor group","base_color_layer_visible":true,"base_casing_layer_visible":true,"base_glow_layer_visible":true,"highlight_only":false,"route_id":"2","visual_route_id":"2","visual_branch_id":"2-main","display_route":"2","raw_route_ids":["2"],"visual_edge_ids":["2:123-124"],"edge_count":1,"group_sequence":32000,"debug_id":"2:2-main:group:0:78ca8fd6fdf5","feature_length_m":558.08,"endpoints":{"start":[-73.982209,40.77344],"end":[-73.98197,40.778453]},"source":"group-corridors-route-2-raw-edge"},"geometry":{"type":"LineString","coordinates":[[-73.982209,40.77344],[-73.982212,40.774166],[-73.982091,40.777496],[-73.982058,40.777869],[-73.982008,40.778211],[-73.98197,40.778453]]}},{"type":"Feature","id":"2:122-123","properties":{"visual_edge_id":"2:122-123","edge_sequence":33,"from_stop_id":"123","to_stop_id":"122","from_stop_name":"72 St","to_stop_name":"79 St","raw_shape_ids":["2..N08R","2..S08R"],"candidate_shape_ids":["2..N08R","2..S08R"],"candidate_direction_ids":["N","S"],"representative_edge_geometry_source":"2..N08R","representative_edge_geometry_sources":["2..N08R"],"representative_shape_id":"2..N08R","canonical_direction_id":"mixed","canonical_direction_count":2,"collapsed_direction_count":2,"direction_collapse_reason":"route-2-local-edge-direction-collapse","geometry_reversed":false,"geometry_orientation":"chain-direction","edge_length_m":637.32,"start_coordinate":[-73.98197,40.778453],"end_coordinate":[-73.979917,40.783934],"endpoint_snap_distance_m":0,"internal_stitch_valid":true,"edge_geometry_confidence":"high","geometry_selection_reason":"selected candidate matching 2-main stop-pair direction","chain_source_shape_id":"2..N08R","branch_representative_geometry_used":false,"branch_representative_warning":null,"group_id":"group-1-2-3-1-2-3","visual_lane_slot":0,"visual_z_order":230,"segment_kind":"group","effective_render_key":"2|2-main|lane:0|z:230|color:#D82233|kind:group|style:subway-ribbon-v1","assignment_reason":"grouped edge: local visual edge matched a derived corridor group","base_color_layer_visible":true,"base_casing_layer_visible":true,"base_glow_layer_visible":true,"highlight_only":false,"route_id":"2","visual_route_id":"2","visual_branch_id":"2-main","display_route":"2","raw_route_ids":["2"],"visual_edge_ids":["2:122-123"],"edge_count":1,"group_sequence":33000,"debug_id":"2:2-main:group:0:85f2f1d2d34f","feature_length_m":637.32,"endpoints":{"start":[-73.98197,40.778453],"end":[-73.979917,40.783934]},"source":"group-corridors-route-2-raw-edge"},"geometry":{"type":"LineString","coordinates":[[-73.98197,40.778453],[-73.981906,40.778822],[-73.981757,40.779426],[-73.981314,40.780996],[-73.980924,40.782155],[-73.980847,40.782374],[-73.980748,40.782622],[-73.980664,40.782794],[-73.980572,40.78297],[-73.980473,40.783149],[-73.980371,40.783313],[-73.979917,40.783934]]}},{"type":"Feature","id":"2:121-122","properties":{"visual_edge_id":"2:121-122","edge_sequence":34,"from_stop_id":"122","to_stop_id":"121","from_stop_name":"79 St","to_stop_name":"86 St","raw_shape_ids":["2..N08R","2..S08R"],"candidate_shape_ids":["2..N08R","2..S08R"],"candidate_direction_ids":["N","S"],"representative_edge_geometry_source":"2..N08R","representative_edge_geometry_sources":["2..N08R"],"representative_shape_id":"2..N08R","canonical_direction_id":"mixed","canonical_direction_count":2,"collapsed_direction_count":2,"direction_collapse_reason":"route-2-local-edge-direction-collapse","geometry_reversed":false,"geometry_orientation":"chain-direction","edge_length_m":609.55,"start_coordinate":[-73.979917,40.783934],"end_coordinate":[-73.976218,40.788644],"endpoint_snap_distance_m":0,"internal_stitch_valid":true,"edge_geometry_confidence":"high","geometry_selection_reason":"selected candidate matching 2-main stop-pair direction","chain_source_shape_id":"2..N08R","branch_representative_geometry_used":false,"branch_representative_warning":null,"group_id":"group-1-2-3-1-2-3","visual_lane_slot":0,"visual_z_order":230,"segment_kind":"group","effective_render_key":"2|2-main|lane:0|z:230|color:#D82233|kind:group|style:subway-ribbon-v1","assignment_reason":"grouped edge: local visual edge matched a derived corridor group","base_color_layer_visible":true,"base_casing_layer_visible":true,"base_glow_layer_visible":true,"highlight_only":false,"route_id":"2","visual_route_id":"2","visual_branch_id":"2-main","display_route":"2","raw_route_ids":["2"],"visual_edge_ids":["2:121-122"],"edge_count":1,"group_sequence":34000,"debug_id":"2:2-main:group:0:78762ebfe201","feature_length_m":609.55,"endpoints":{"start":[-73.979917,40.783934],"end":[-73.976218,40.788644]},"source":"group-corridors-route-2-raw-edge"},"geometry":{"type":"LineString","coordinates":[[-73.979917,40.783934],[-73.977656,40.786953],[-73.977107,40.787601],[-73.976218,40.788644]]}},{"type":"Feature","id":"2:120-121","properties":{"visual_edge_id":"2:120-121","edge_sequence":35,"from_stop_id":"121","to_stop_id":"120","from_stop_name":"86 St","to_stop_name":"96 St","raw_shape_ids":["2..N08R","2..S08R"],"candidate_shape_ids":["2..N08R","2..S08R"],"candidate_direction_ids":["N","S"],"representative_edge_geometry_source":"2..N08R","representative_edge_geometry_sources":["2..N08R"],"representative_shape_id":"2..N08R","canonical_direction_id":"mixed","canonical_direction_count":2,"collapsed_direction_count":2,"direction_collapse_reason":"route-2-local-edge-direction-collapse","geometry_reversed":false,"geometry_orientation":"chain-direction","edge_length_m":672.12,"start_coordinate":[-73.976218,40.788644],"end_coordinate":[-73.972323,40.793919],"endpoint_snap_distance_m":0,"internal_stitch_valid":true,"edge_geometry_confidence":"high","geometry_selection_reason":"selected candidate matching 2-main stop-pair direction","chain_source_shape_id":"2..N08R","branch_representative_geometry_used":false,"branch_representative_warning":null,"group_id":"group-1-2-3-1-2-3","visual_lane_slot":0,"visual_z_order":230,"segment_kind":"group","effective_render_key":"2|2-main|lane:0|z:230|color:#D82233|kind:group|style:subway-ribbon-v1","assignment_reason":"grouped edge: local visual edge matched a derived corridor group","base_color_layer_visible":true,"base_casing_layer_visible":true,"base_glow_layer_visible":true,"highlight_only":false,"route_id":"2","visual_route_id":"2","visual_branch_id":"2-main","display_route":"2","raw_route_ids":["2"],"visual_edge_ids":["2:120-121"],"edge_count":1,"group_sequence":35000,"debug_id":"2:2-main:group:0:29a213ddc761","feature_length_m":672.12,"endpoints":{"start":[-73.976218,40.788644],"end":[-73.972323,40.793919]},"source":"group-corridors-route-2-raw-edge"},"geometry":{"type":"LineString","coordinates":[[-73.976218,40.788644],[-73.975942,40.788957],[-73.972323,40.793919]]}},{"type":"Feature","id":"2:120-227","properties":{"visual_edge_id":"2:120-227","edge_sequence":36,"from_stop_id":"120","to_stop_id":"227","from_stop_name":"96 St","to_stop_name":"110 St-Malcolm X Plaza","raw_shape_ids":["2..N03R","2..N08R","2..S06R","2..S07R","2..S08R"],"candidate_shape_ids":["2..N03R","2..N08R","2..S06R","2..S07R","2..S08R"],"candidate_direction_ids":["N","S"],"representative_edge_geometry_source":"2..N03R","representative_edge_geometry_sources":["2..N03R"],"representative_shape_id":"2..N03R","canonical_direction_id":"mixed","canonical_direction_count":2,"collapsed_direction_count":2,"direction_collapse_reason":"route-2-local-edge-direction-collapse","geometry_reversed":false,"geometry_orientation":"chain-direction","edge_length_m":2183.28,"start_coordinate":[-73.972323,40.793919],"end_coordinate":[-73.951822,40.799075],"endpoint_snap_distance_m":0,"internal_stitch_valid":true,"edge_geometry_confidence":"high","geometry_selection_reason":"selected candidate matching 2-main stop-pair direction","chain_source_shape_id":"2..N08R","branch_representative_geometry_used":false,"branch_representative_warning":null,"group_id":"group-1-2-3-2-3","visual_lane_slot":0,"visual_z_order":230,"segment_kind":"group","effective_render_key":"2|2-main|lane:0|z:230|color:#D82233|kind:group|style:subway-ribbon-v1","assignment_reason":"grouped edge: local visual edge matched a derived corridor group","base_color_layer_visible":true,"base_casing_layer_visible":true,"base_glow_layer_visible":true,"highlight_only":false,"route_id":"2","visual_route_id":"2","visual_branch_id":"2-main","display_route":"2","raw_route_ids":["2"],"visual_edge_ids":["2:120-227"],"edge_count":1,"group_sequence":36000,"debug_id":"2:2-main:group:0:57f1d116b17f","feature_length_m":2183.28,"endpoints":{"start":[-73.972323,40.793919],"end":[-73.951822,40.799075]},"source":"group-corridors-route-2-raw-edge"},"geometry":{"type":"LineString","coordinates":[[-73.972323,40.793919],[-73.972265,40.794005],[-73.96898,40.798506],[-73.968852,40.798651],[-73.96872,40.798781],[-73.968582,40.798896],[-73.968441,40.798996],[-73.968295,40.79908],[-73.968144,40.79915],[-73.967988,40.799204],[-73.967828,40.799244],[-73.967664,40.799268],[-73.967495,40.799278],[-73.967321,40.799272],[-73.967143,40.799251],[-73.96696,40.799215],[-73.966773,40.799164],[-73.966582,40.799099],[-73.962047,40.797184],[-73.961824,40.797093],[-73.961593,40.797002],[-73.961388,40.796934],[-73.961185,40.79689],[-73.960984,40.796872],[-73.960795,40.796883],[-73.960573,40.796904],[-73.956739,40.797535],[-73.953676,40.798111],[-73.95331,40.798177],[-73.953008,40.798251],[-73.952702,40.798356],[-73.95247,40.798469],[-73.952322,40.79856],[-73.952174,40.798665],[-73.952007,40.798841],[-73.951822,40.799075]]}},{"type":"Feature","id":"2:226-227","properties":{"visual_edge_id":"2:226-227","edge_sequence":37,"from_stop_id":"227","to_stop_id":"226","from_stop_name":"110 St-Malcolm X Plaza","to_stop_name":"116 St","raw_shape_ids":["2..N03R","2..N08R","2..S06R","2..S07R","2..S08R"],"candidate_shape_ids":["2..N03R","2..N08R","2..S06R","2..S07R","2..S08R"],"candidate_direction_ids":["N","S"],"representative_edge_geometry_source":"2..N03R","representative_edge_geometry_sources":["2..N03R"],"representative_shape_id":"2..N03R","canonical_direction_id":"mixed","canonical_direction_count":2,"collapsed_direction_count":2,"direction_collapse_reason":"route-2-local-edge-direction-collapse","geometry_reversed":false,"geometry_orientation":"chain-direction","edge_length_m":383.65,"start_coordinate":[-73.951822,40.799075],"end_coordinate":[-73.949625,40.802098],"endpoint_snap_distance_m":0,"internal_stitch_valid":true,"edge_geometry_confidence":"high","geometry_selection_reason":"selected candidate matching 2-main stop-pair direction","chain_source_shape_id":"2..N08R","branch_representative_geometry_used":false,"branch_representative_warning":null,"group_id":"group-1-2-3-2-3","visual_lane_slot":0,"visual_z_order":230,"segment_kind":"group","effective_render_key":"2|2-main|lane:0|z:230|color:#D82233|kind:group|style:subway-ribbon-v1","assignment_reason":"grouped edge: local visual edge matched a derived corridor group","base_color_layer_visible":true,"base_casing_layer_visible":true,"base_glow_layer_visible":true,"highlight_only":false,"route_id":"2","visual_route_id":"2","visual_branch_id":"2-main","display_route":"2","raw_route_ids":["2"],"visual_edge_ids":["2:226-227"],"edge_count":1,"group_sequence":37000,"debug_id":"2:2-main:group:0:589fc94eb58c","feature_length_m":383.65,"endpoints":{"start":[-73.951822,40.799075],"end":[-73.949625,40.802098]},"source":"group-corridors-route-2-raw-edge"},"geometry":{"type":"LineString","coordinates":[[-73.951822,40.799075],[-73.949625,40.802098]]}},{"type":"Feature","id":"2:225-226","properties":{"visual_edge_id":"2:225-226","edge_sequence":38,"from_stop_id":"226","to_stop_id":"225","from_stop_name":"116 St","to_stop_name":"125 St","raw_shape_ids":["2..N03R","2..N08R","2..S06R","2..S07R","2..S08R"],"candidate_shape_ids":["2..N03R","2..N08R","2..S06R","2..S07R","2..S08R"],"candidate_direction_ids":["N","S"],"representative_edge_geometry_source":"2..N03R","representative_edge_geometry_sources":["2..N03R"],"representative_shape_id":"2..N03R","canonical_direction_id":"mixed","canonical_direction_count":2,"collapsed_direction_count":2,"direction_collapse_reason":"route-2-local-edge-direction-collapse","geometry_reversed":false,"geometry_orientation":"chain-direction","edge_length_m":718.59,"start_coordinate":[-73.949625,40.802098],"end_coordinate":[-73.945495,40.807754],"endpoint_snap_distance_m":0,"internal_stitch_valid":true,"edge_geometry_confidence":"high","geometry_selection_reason":"selected candidate matching 2-main stop-pair direction","chain_source_shape_id":"2..N08R","branch_representative_geometry_used":false,"branch_representative_warning":null,"group_id":"group-1-2-3-2-3","visual_lane_slot":0,"visual_z_order":230,"segment_kind":"group","effective_render_key":"2|2-main|lane:0|z:230|color:#D82233|kind:group|style:subway-ribbon-v1","assignment_reason":"grouped edge: local visual edge matched a derived corridor group","base_color_layer_visible":true,"base_casing_layer_visible":true,"base_glow_layer_visible":true,"highlight_only":false,"route_id":"2","visual_route_id":"2","visual_branch_id":"2-main","display_route":"2","raw_route_ids":["2"],"visual_edge_ids":["2:225-226"],"edge_count":1,"group_sequence":38000,"debug_id":"2:2-main:group:0:16646befddbe","feature_length_m":718.59,"endpoints":{"start":[-73.949625,40.802098],"end":[-73.945495,40.807754]},"source":"group-corridors-route-2-raw-edge"},"geometry":{"type":"LineString","coordinates":[[-73.949625,40.802098],[-73.945495,40.807754]]}},{"type":"Feature","id":"2:224-225","properties":{"visual_edge_id":"2:224-225","edge_sequence":39,"from_stop_id":"225","to_stop_id":"224","from_stop_name":"125 St","to_stop_name":"135 St","raw_shape_ids":["2..N03R","2..N08R","2..S06R","2..S07R","2..S08R"],"candidate_shape_ids":["2..N03R","2..N08R","2..S06R","2..S07R","2..S08R"],"candidate_direction_ids":["N","S"],"representative_edge_geometry_source":"2..N03R","representative_edge_geometry_sources":["2..N03R"],"representative_shape_id":"2..N03R","canonical_direction_id":"mixed","canonical_direction_count":2,"collapsed_direction_count":2,"direction_collapse_reason":"route-2-local-edge-direction-collapse","geometry_reversed":false,"geometry_orientation":"chain-direction","edge_length_m":822.5,"start_coordinate":[-73.945495,40.807754],"end_coordinate":[-73.94077,40.814229],"endpoint_snap_distance_m":0,"internal_stitch_valid":true,"edge_geometry_confidence":"high","geometry_selection_reason":"selected candidate matching 2-main stop-pair direction","chain_source_shape_id":"2..N08R","branch_representative_geometry_used":false,"branch_representative_warning":null,"group_id":"group-1-2-3-2-3","visual_lane_slot":0,"visual_z_order":230,"segment_kind":"group","effective_render_key":"2|2-main|lane:0|z:230|color:#D82233|kind:group|style:subway-ribbon-v1","assignment_reason":"grouped edge: local visual edge matched a derived corridor group","base_color_layer_visible":true,"base_casing_layer_visible":true,"base_glow_layer_visible":true,"highlight_only":false,"route_id":"2","visual_route_id":"2","visual_branch_id":"2-main","display_route":"2","raw_route_ids":["2"],"visual_edge_ids":["2:224-225"],"edge_count":1,"group_sequence":39000,"debug_id":"2:2-main:group:0:1c9827d5911b","feature_length_m":822.5,"endpoints":{"start":[-73.945495,40.807754],"end":[-73.94077,40.814229]},"source":"group-corridors-route-2-raw-edge"},"geometry":{"type":"LineString","coordinates":[[-73.945495,40.807754],[-73.94077,40.814229]]}},{"type":"Feature","id":"2:222-224","properties":{"visual_edge_id":"2:222-224","edge_sequence":40,"from_stop_id":"224","to_stop_id":"222","from_stop_name":"135 St","to_stop_name":"149 St-Grand Concourse","raw_shape_ids":["2..N03R","2..N08R","2..S06R","2..S07R","2..S08R"],"candidate_shape_ids":["2..N03R","2..N08R","2..S06R","2..S07R","2..S08R"],"candidate_direction_ids":["N","S"],"representative_edge_geometry_source":"2..N03R","representative_edge_geometry_sources":["2..N03R"],"representative_shape_id":"2..N03R","canonical_direction_id":"mixed","canonical_direction_count":2,"collapsed_direction_count":2,"direction_collapse_reason":"route-2-local-edge-direction-collapse","geometry_reversed":false,"geometry_orientation":"chain-direction","edge_length_m":1502.61,"start_coordinate":[-73.94077,40.814229],"end_coordinate":[-73.926718,40.81841],"endpoint_snap_distance_m":0,"internal_stitch_valid":true,"edge_geometry_confidence":"high","geometry_selection_reason":"selected candidate matching 2-main stop-pair direction","chain_source_shape_id":"2..N08R","branch_representative_geometry_used":false,"branch_representative_warning":null,"group_id":null,"visual_lane_slot":0,"visual_z_order":230,"segment_kind":"solo","effective_render_key":"2|2-main|lane:0|z:230|color:#D82233|kind:solo|style:subway-ribbon-v1","assignment_reason":"solo edge: no active corridor group for this local visual edge","base_color_layer_visible":true,"base_casing_layer_visible":true,"base_glow_layer_visible":true,"highlight_only":false,"route_id":"2","visual_route_id":"2","visual_branch_id":"2-main","display_route":"2","raw_route_ids":["2"],"visual_edge_ids":["2:222-224"],"edge_count":1,"group_sequence":40000,"debug_id":"2:2-main:solo:0:e4689b3d2baf","feature_length_m":1502.61,"endpoints":{"start":[-73.94077,40.814229],"end":[-73.926718,40.81841]},"source":"group-corridors-route-2-raw-edge"},"geometry":{"type":"LineString","coordinates":[[-73.94077,40.814229],[-73.937754,40.818371],[-73.93762,40.818493],[-73.93748,40.818607],[-73.937336,40.818712],[-73.937187,40.818808],[-73.937034,40.818896],[-73.936877,40.818975],[-73.936715,40.819046],[-73.936548,40.819108],[-73.936378,40.819161],[-73.936202,40.819206],[-73.936023,40.819242],[-73.935839,40.81927],[-73.935651,40.819289],[-73.935458,40.819299],[-73.93526,40.819299],[-73.931501,40.819335],[-73.931334,40.81933],[-73.931165,40.819322],[-73.930996,40.819311],[-73.930827,40.819298],[-73.930657,40.819283],[-73.930486,40.819264],[-73.930316,40.819243],[-73.930144,40.81922],[-73.929973,40.819194],[-73.929801,40.819165],[-73.929628,40.819134],[-73.929455,40.8191],[-73.929282,40.819064],[-73.929108,40.819025],[-73.928935,40.818984],[-73.927782,40.818685],[-73.926718,40.81841]]}},{"type":"Feature","id":"2:221-222","properties":{"visual_edge_id":"2:221-222","edge_sequence":41,"from_stop_id":"222","to_stop_id":"221","from_stop_name":"149 St-Grand Concourse","to_stop_name":"3 Av-149 St","raw_shape_ids":["2..N03R","2..N08R","2..S06R","2..S07R","2..S08R"],"candidate_shape_ids":["2..N03R","2..N08R","2..S06R","2..S07R","2..S08R"],"candidate_direction_ids":["N","S"],"representative_edge_geometry_source":"2..N03R","representative_edge_geometry_sources":["2..N03R"],"representative_shape_id":"2..N03R","canonical_direction_id":"mixed","canonical_direction_count":2,"collapsed_direction_count":2,"direction_collapse_reason":"route-2-local-edge-direction-collapse","geometry_reversed":false,"geometry_orientation":"chain-direction","edge_length_m":796.31,"start_coordinate":[-73.926718,40.81841],"end_coordinate":[-73.917757,40.816109],"endpoint_snap_distance_m":0,"internal_stitch_valid":true,"edge_geometry_confidence":"high","geometry_selection_reason":"selected candidate matching 2-main stop-pair direction","chain_source_shape_id":"2..N08R","branch_representative_geometry_used":false,"branch_representative_warning":null,"group_id":null,"visual_lane_slot":0,"visual_z_order":230,"segment_kind":"solo","effective_render_key":"2|2-main|lane:0|z:230|color:#D82233|kind:solo|style:subway-ribbon-v1","assignment_reason":"solo edge: no active corridor group for this local visual edge","base_color_layer_visible":true,"base_casing_layer_visible":true,"base_glow_layer_visible":true,"highlight_only":false,"route_id":"2","visual_route_id":"2","visual_branch_id":"2-main","display_route":"2","raw_route_ids":["2"],"visual_edge_ids":["2:221-222"],"edge_count":1,"group_sequence":41000,"debug_id":"2:2-main:solo:0:437a095b6a9f","feature_length_m":796.31,"endpoints":{"start":[-73.926718,40.81841],"end":[-73.917757,40.816109]},"source":"group-corridors-route-2-raw-edge"},"geometry":{"type":"LineString","coordinates":[[-73.926718,40.81841],[-73.917757,40.816109]]}},{"type":"Feature","id":"2:220-221","properties":{"visual_edge_id":"2:220-221","edge_sequence":42,"from_stop_id":"221","to_stop_id":"220","from_stop_name":"3 Av-149 St","to_stop_name":"Jackson Av","raw_shape_ids":["2..N03R","2..N08R","2..S06R","2..S07R","2..S08R"],"candidate_shape_ids":["2..N03R","2..N08R","2..S06R","2..S07R","2..S08R"],"candidate_direction_ids":["N","S"],"representative_edge_geometry_source":"2..N03R","representative_edge_geometry_sources":["2..N03R"],"representative_shape_id":"2..N03R","canonical_direction_id":"mixed","canonical_direction_count":2,"collapsed_direction_count":2,"direction_collapse_reason":"route-2-local-edge-direction-collapse","geometry_reversed":false,"geometry_orientation":"chain-direction","edge_length_m":875.47,"start_coordinate":[-73.917757,40.816109],"end_coordinate":[-73.907807,40.81649],"endpoint_snap_distance_m":0,"internal_stitch_valid":true,"edge_geometry_confidence":"high","geometry_selection_reason":"selected candidate matching 2-main stop-pair direction","chain_source_shape_id":"2..N08R","branch_representative_geometry_used":false,"branch_representative_warning":null,"group_id":null,"visual_lane_slot":0,"visual_z_order":230,"segment_kind":"solo","effective_render_key":"2|2-main|lane:0|z:230|color:#D82233|kind:solo|style:subway-ribbon-v1","assignment_reason":"solo edge: no active corridor group for this local visual edge","base_color_layer_visible":true,"base_casing_layer_visible":true,"base_glow_layer_visible":true,"highlight_only":false,"route_id":"2","visual_route_id":"2","visual_branch_id":"2-main","display_route":"2","raw_route_ids":["2"],"visual_edge_ids":["2:220-221"],"edge_count":1,"group_sequence":42000,"debug_id":"2:2-main:solo:0:30c9bd752048","feature_length_m":875.47,"endpoints":{"start":[-73.917757,40.816109],"end":[-73.907807,40.81649]},"source":"group-corridors-route-2-raw-edge"},"geometry":{"type":"LineString","coordinates":[[-73.917757,40.816109],[-73.916675,40.815782],[-73.916492,40.815732],[-73.916277,40.815702],[-73.915934,40.815684],[-73.91568,40.815699],[-73.915469,40.81574],[-73.915203,40.81582],[-73.914951,40.815913],[-73.914835,40.815961],[-73.914728,40.816005],[-73.914448,40.816109],[-73.914233,40.816171],[-73.91403,40.816201],[-73.913796,40.816213],[-73.913574,40.816201],[-73.913328,40.81618],[-73.912669,40.816113],[-73.911842,40.816033],[-73.911136,40.815974],[-73.910726,40.815949],[-73.910364,40.815931],[-73.910082,40.815931],[-73.909808,40.815926],[-73.909395,40.815936],[-73.909111,40.815963],[-73.908903,40.816003],[-73.908682,40.816055],[-73.908375,40.816174],[-73.907807,40.81649]]}},{"type":"Feature","id":"2:219-220","properties":{"visual_edge_id":"2:219-220","edge_sequence":43,"from_stop_id":"220","to_stop_id":"219","from_stop_name":"Jackson Av","to_stop_name":"Prospect Av","raw_shape_ids":["2..N03R","2..N08R","2..S06R","2..S07R","2..S08R"],"candidate_shape_ids":["2..N03R","2..N08R","2..S06R","2..S07R","2..S08R"],"candidate_direction_ids":["N","S"],"representative_edge_geometry_source":"2..N03R","representative_edge_geometry_sources":["2..N03R"],"representative_shape_id":"2..N03R","canonical_direction_id":"mixed","canonical_direction_count":2,"collapsed_direction_count":2,"direction_collapse_reason":"route-2-local-edge-direction-collapse","geometry_reversed":false,"geometry_orientation":"chain-direction","edge_length_m":614.46,"start_coordinate":[-73.907807,40.81649],"end_coordinate":[-73.90177,40.819585],"endpoint_snap_distance_m":0,"internal_stitch_valid":true,"edge_geometry_confidence":"high","geometry_selection_reason":"selected candidate matching 2-main stop-pair direction","chain_source_shape_id":"2..N08R","branch_representative_geometry_used":false,"branch_representative_warning":null,"group_id":null,"visual_lane_slot":0,"visual_z_order":230,"segment_kind":"solo","effective_render_key":"2|2-main|lane:0|z:230|color:#D82233|kind:solo|style:subway-ribbon-v1","assignment_reason":"solo edge: no active corridor group for this local visual edge","base_color_layer_visible":true,"base_casing_layer_visible":true,"base_glow_layer_visible":true,"highlight_only":false,"route_id":"2","visual_route_id":"2","visual_branch_id":"2-main","display_route":"2","raw_route_ids":["2"],"visual_edge_ids":["2:219-220"],"edge_count":1,"group_sequence":43000,"debug_id":"2:2-main:solo:0:400a26a401f9","feature_length_m":614.46,"endpoints":{"start":[-73.907807,40.81649],"end":[-73.90177,40.819585]},"source":"group-corridors-route-2-raw-edge"},"geometry":{"type":"LineString","coordinates":[[-73.907807,40.81649],[-73.905946,40.817578],[-73.905518,40.817813],[-73.905114,40.818004],[-73.90421,40.8184],[-73.903268,40.818818],[-73.902687,40.819113],[-73.90177,40.819585]]}},{"type":"Feature","id":"2:218-219","properties":{"visual_edge_id":"2:218-219","edge_sequence":44,"from_stop_id":"219","to_stop_id":"218","from_stop_name":"Prospect Av","to_stop_name":"Intervale Av","raw_shape_ids":["2..N03R","2..N08R","2..S06R","2..S07R","2..S08R"],"candidate_shape_ids":["2..N03R","2..N08R","2..S06R","2..S07R","2..S08R"],"candidate_direction_ids":["N","S"],"representative_edge_geometry_source":"2..N03R","representative_edge_geometry_sources":["2..N03R"],"representative_shape_id":"2..N03R","canonical_direction_id":"mixed","canonical_direction_count":2,"collapsed_direction_count":2,"direction_collapse_reason":"route-2-local-edge-direction-collapse","geometry_reversed":false,"geometry_orientation":"chain-direction","edge_length_m":512.6,"start_coordinate":[-73.90177,40.819585],"end_coordinate":[-73.896736,40.822181],"endpoint_snap_distance_m":0,"internal_stitch_valid":true,"edge_geometry_confidence":"high","geometry_selection_reason":"selected candidate matching 2-main stop-pair direction","chain_source_shape_id":"2..N08R","branch_representative_geometry_used":false,"branch_representative_warning":null,"group_id":null,"visual_lane_slot":0,"visual_z_order":230,"segment_kind":"solo","effective_render_key":"2|2-main|lane:0|z:230|color:#D82233|kind:solo|style:subway-ribbon-v1","assignment_reason":"solo edge: no active corridor group for this local visual edge","base_color_layer_visible":true,"base_casing_layer_visible":true,"base_glow_layer_visible":true,"highlight_only":false,"route_id":"2","visual_route_id":"2","visual_branch_id":"2-main","display_route":"2","raw_route_ids":["2"],"visual_edge_ids":["2:218-219"],"edge_count":1,"group_sequence":44000,"debug_id":"2:2-main:solo:0:be8ca6fc9c6c","feature_length_m":512.6,"endpoints":{"start":[-73.90177,40.819585],"end":[-73.896736,40.822181]},"source":"group-corridors-route-2-raw-edge"},"geometry":{"type":"LineString","coordinates":[[-73.90177,40.819585],[-73.896736,40.822181]]}},{"type":"Feature","id":"2:217-218","properties":{"visual_edge_id":"2:217-218","edge_sequence":45,"from_stop_id":"218","to_stop_id":"217","from_stop_name":"Intervale Av","to_stop_name":"Simpson St","raw_shape_ids":["2..N03R","2..N08R","2..S06R","2..S07R","2..S08R"],"candidate_shape_ids":["2..N03R","2..N08R","2..S06R","2..S07R","2..S08R"],"candidate_direction_ids":["N","S"],"representative_edge_geometry_source":"2..N03R","representative_edge_geometry_sources":["2..N03R"],"representative_shape_id":"2..N03R","canonical_direction_id":"mixed","canonical_direction_count":2,"collapsed_direction_count":2,"direction_collapse_reason":"route-2-local-edge-direction-collapse","geometry_reversed":false,"geometry_orientation":"chain-direction","edge_length_m":373.8,"start_coordinate":[-73.896736,40.822181],"end_coordinate":[-73.893064,40.824073],"endpoint_snap_distance_m":0,"internal_stitch_valid":true,"edge_geometry_confidence":"high","geometry_selection_reason":"selected candidate matching 2-main stop-pair direction","chain_source_shape_id":"2..N08R","branch_representative_geometry_used":false,"branch_representative_warning":null,"group_id":null,"visual_lane_slot":0,"visual_z_order":230,"segment_kind":"solo","effective_render_key":"2|2-main|lane:0|z:230|color:#D82233|kind:solo|style:subway-ribbon-v1","assignment_reason":"solo edge: no active corridor group for this local visual edge","base_color_layer_visible":true,"base_casing_layer_visible":true,"base_glow_layer_visible":true,"highlight_only":false,"route_id":"2","visual_route_id":"2","visual_branch_id":"2-main","display_route":"2","raw_route_ids":["2"],"visual_edge_ids":["2:217-218"],"edge_count":1,"group_sequence":45000,"debug_id":"2:2-main:solo:0:a3eca2f0ba14","feature_length_m":373.8,"endpoints":{"start":[-73.896736,40.822181],"end":[-73.893064,40.824073]},"source":"group-corridors-route-2-raw-edge"},"geometry":{"type":"LineString","coordinates":[[-73.896736,40.822181],[-73.893064,40.824073]]}},{"type":"Feature","id":"2:216-217","properties":{"visual_edge_id":"2:216-217","edge_sequence":46,"from_stop_id":"217","to_stop_id":"216","from_stop_name":"Simpson St","to_stop_name":"Freeman St","raw_shape_ids":["2..N03R","2..N08R","2..S06R","2..S07R","2..S08R"],"candidate_shape_ids":["2..N03R","2..N08R","2..S06R","2..S07R","2..S08R"],"candidate_direction_ids":["N","S"],"representative_edge_geometry_source":"2..N03R","representative_edge_geometry_sources":["2..N03R"],"representative_shape_id":"2..N03R","canonical_direction_id":"mixed","canonical_direction_count":2,"collapsed_direction_count":2,"direction_collapse_reason":"route-2-local-edge-direction-collapse","geometry_reversed":false,"geometry_orientation":"chain-direction","edge_length_m":701.76,"start_coordinate":[-73.893064,40.824073],"end_coordinate":[-73.891865,40.829993],"endpoint_snap_distance_m":0,"internal_stitch_valid":true,"edge_geometry_confidence":"high","geometry_selection_reason":"selected candidate matching 2-main stop-pair direction","chain_source_shape_id":"2..N08R","branch_representative_geometry_used":false,"branch_representative_warning":null,"group_id":null,"visual_lane_slot":0,"visual_z_order":230,"segment_kind":"solo","effective_render_key":"2|2-main|lane:0|z:230|color:#D82233|kind:solo|style:subway-ribbon-v1","assignment_reason":"solo edge: no active corridor group for this local visual edge","base_color_layer_visible":true,"base_casing_layer_visible":true,"base_glow_layer_visible":true,"highlight_only":false,"route_id":"2","visual_route_id":"2","visual_branch_id":"2-main","display_route":"2","raw_route_ids":["2"],"visual_edge_ids":["2:216-217"],"edge_count":1,"group_sequence":46000,"debug_id":"2:2-main:solo:0:bfc2475e0ec2","feature_length_m":701.76,"endpoints":{"start":[-73.893064,40.824073],"end":[-73.891865,40.829993]},"source":"group-corridors-route-2-raw-edge"},"geometry":{"type":"LineString","coordinates":[[-73.893064,40.824073],[-73.892771,40.824223],[-73.892368,40.824431],[-73.892265,40.824494],[-73.892182,40.824554],[-73.892091,40.824649],[-73.892021,40.824739],[-73.891978,40.824818],[-73.891946,40.824901],[-73.891929,40.824983],[-73.891922,40.825069],[-73.891924,40.825522],[-73.891875,40.829842],[-73.891865,40.829993]]}},{"type":"Feature","id":"2:215-216","properties":{"visual_edge_id":"2:215-216","edge_sequence":47,"from_stop_id":"216","to_stop_id":"215","from_stop_name":"Freeman St","to_stop_name":"174 St","raw_shape_ids":["2..N03R","2..N08R","2..S06R","2..S07R","2..S08R"],"candidate_shape_ids":["2..N03R","2..N08R","2..S06R","2..S07R","2..S08R"],"candidate_direction_ids":["N","S"],"representative_edge_geometry_source":"2..N03R","representative_edge_geometry_sources":["2..N03R"],"representative_shape_id":"2..N03R","canonical_direction_id":"mixed","canonical_direction_count":2,"collapsed_direction_count":2,"direction_collapse_reason":"route-2-local-edge-direction-collapse","geometry_reversed":false,"geometry_orientation":"chain-direction","edge_length_m":885.22,"start_coordinate":[-73.891865,40.829993],"end_coordinate":[-73.887734,40.837288],"endpoint_snap_distance_m":0,"internal_stitch_valid":true,"edge_geometry_confidence":"high","geometry_selection_reason":"selected candidate matching 2-main stop-pair direction","chain_source_shape_id":"2..N08R","branch_representative_geometry_used":false,"branch_representative_warning":null,"group_id":null,"visual_lane_slot":0,"visual_z_order":230,"segment_kind":"solo","effective_render_key":"2|2-main|lane:0|z:230|color:#D82233|kind:solo|style:subway-ribbon-v1","assignment_reason":"solo edge: no active corridor group for this local visual edge","base_color_layer_visible":true,"base_casing_layer_visible":true,"base_glow_layer_visible":true,"highlight_only":false,"route_id":"2","visual_route_id":"2","visual_branch_id":"2-main","display_route":"2","raw_route_ids":["2"],"visual_edge_ids":["2:215-216"],"edge_count":1,"group_sequence":47000,"debug_id":"2:2-main:solo:0:d2dabe7fcd67","feature_length_m":885.22,"endpoints":{"start":[-73.891865,40.829993],"end":[-73.887734,40.837288]},"source":"group-corridors-route-2-raw-edge"},"geometry":{"type":"LineString","coordinates":[[-73.891865,40.829993],[-73.891849,40.830113],[-73.89183,40.830227],[-73.891793,40.830395],[-73.891704,40.830667],[-73.891611,40.830888],[-73.891469,40.831153],[-73.89134,40.831358],[-73.888195,40.836619],[-73.888068,40.83683],[-73.887939,40.837034],[-73.8878,40.837218],[-73.887734,40.837288]]}},{"type":"Feature","id":"2:214-215","properties":{"visual_edge_id":"2:214-215","edge_sequence":48,"from_stop_id":"215","to_stop_id":"214","from_stop_name":"174 St","to_stop_name":"West Farms Sq-E Tremont Av","raw_shape_ids":["2..N03R","2..N08R","2..S06R","2..S07R","2..S08R"],"candidate_shape_ids":["2..N03R","2..N08R","2..S06R","2..S07R","2..S08R"],"candidate_direction_ids":["N","S"],"representative_edge_geometry_source":"2..N03R","representative_edge_geometry_sources":["2..N03R"],"representative_shape_id":"2..N03R","canonical_direction_id":"mixed","canonical_direction_count":2,"collapsed_direction_count":2,"direction_collapse_reason":"route-2-local-edge-direction-collapse","geometry_reversed":false,"geometry_orientation":"chain-direction","edge_length_m":747.69,"start_coordinate":[-73.887734,40.837288],"end_coordinate":[-73.880049,40.840295],"endpoint_snap_distance_m":0,"internal_stitch_valid":true,"edge_geometry_confidence":"high","geometry_selection_reason":"selected candidate matching 2-main stop-pair direction","chain_source_shape_id":"2..N08R","branch_representative_geometry_used":false,"branch_representative_warning":null,"group_id":null,"visual_lane_slot":0,"visual_z_order":230,"segment_kind":"solo","effective_render_key":"2|2-main|lane:0|z:230|color:#D82233|kind:solo|style:subway-ribbon-v1","assignment_reason":"solo edge: no active corridor group for this local visual edge","base_color_layer_visible":true,"base_casing_layer_visible":true,"base_glow_layer_visible":true,"highlight_only":false,"route_id":"2","visual_route_id":"2","visual_branch_id":"2-main","display_route":"2","raw_route_ids":["2"],"visual_edge_ids":["2:214-215"],"edge_count":1,"group_sequence":48000,"debug_id":"2:2-main:solo:0:210e8107216c","feature_length_m":747.69,"endpoints":{"start":[-73.887734,40.837288],"end":[-73.880049,40.840295]},"source":"group-corridors-route-2-raw-edge"},"geometry":{"type":"LineString","coordinates":[[-73.887734,40.837288],[-73.88765,40.837371],[-73.887544,40.837463],[-73.887183,40.837713],[-73.88512,40.838935],[-73.884886,40.839063],[-73.884651,40.839165],[-73.884441,40.839252],[-73.884172,40.839342],[-73.883891,40.839419],[-73.883573,40.839484],[-73.883293,40.839521],[-73.88303,40.839546],[-73.882597,40.839567],[-73.882191,40.839591],[-73.881967,40.839613],[-73.881759,40.839642],[-73.881408,40.839719],[-73.881149,40.839802],[-73.88085,40.839913],[-73.880498,40.840057],[-73.880284,40.840155],[-73.880147,40.840229],[-73.880049,40.840295]]}},{"type":"Feature","id":"2:213-214","properties":{"visual_edge_id":"2:213-214","edge_sequence":49,"from_stop_id":"214","to_stop_id":"213","from_stop_name":"West Farms Sq-E Tremont Av","to_stop_name":"E 180 St","raw_shape_ids":["2..N03R","2..N08R","2..S06R","2..S07R","2..S08R"],"candidate_shape_ids":["2..N03R","2..N08R","2..S06R","2..S07R","2..S08R"],"candidate_direction_ids":["N","S"],"representative_edge_geometry_source":"2..N03R","representative_edge_geometry_sources":["2..N03R"],"representative_shape_id":"2..N03R","canonical_direction_id":"mixed","canonical_direction_count":2,"collapsed_direction_count":2,"direction_collapse_reason":"route-2-local-edge-direction-collapse","geometry_reversed":false,"geometry_orientation":"chain-direction","edge_length_m":651.11,"start_coordinate":[-73.880049,40.840295],"end_coordinate":[-73.873488,40.841894],"endpoint_snap_distance_m":0,"internal_stitch_valid":true,"edge_geometry_confidence":"high","geometry_selection_reason":"selected candidate matching 2-main stop-pair direction","chain_source_shape_id":"2..N08R","branch_representative_geometry_used":false,"branch_representative_warning":null,"group_id":null,"visual_lane_slot":0,"visual_z_order":230,"segment_kind":"solo","effective_render_key":"2|2-main|lane:0|z:230|color:#D82233|kind:solo|style:subway-ribbon-v1","assignment_reason":"solo edge: no active corridor group for this local visual edge","base_color_layer_visible":true,"base_casing_layer_visible":true,"base_glow_layer_visible":true,"highlight_only":false,"route_id":"2","visual_route_id":"2","visual_branch_id":"2-main","display_route":"2","raw_route_ids":["2"],"visual_edge_ids":["2:213-214"],"edge_count":1,"group_sequence":49000,"debug_id":"2:2-main:solo:0:d6dffe1c61e1","feature_length_m":651.11,"endpoints":{"start":[-73.880049,40.840295],"end":[-73.873488,40.841894]},"source":"group-corridors-route-2-raw-edge"},"geometry":{"type":"LineString","coordinates":[[-73.880049,40.840295],[-73.879899,40.840415],[-73.879734,40.840583],[-73.879283,40.841051],[-73.879175,40.841151],[-73.879076,40.841205],[-73.878966,40.841245],[-73.878829,40.841273],[-73.878707,40.841277],[-73.878599,40.841267],[-73.878512,40.841249],[-73.878423,40.841212],[-73.878219,40.84113],[-73.878027,40.841049],[-73.877782,40.840945],[-73.877644,40.840895],[-73.877474,40.840846],[-73.87733,40.840817],[-73.877172,40.840795],[-73.87701,40.840786],[-73.876841,40.840784],[-73.876624,40.840801],[-73.876313,40.840847],[-73.874736,40.841121],[-73.874543,40.84117],[-73.87443,40.84121],[-73.874329,40.841252],[-73.874215,40.841324],[-73.874109,40.841402],[-73.873488,40.841894]]}},{"type":"Feature","id":"2:212-213","properties":{"visual_edge_id":"2:212-213","edge_sequence":50,"from_stop_id":"213","to_stop_id":"212","from_stop_name":"E 180 St","to_stop_name":"Bronx Park East","raw_shape_ids":["2..N03R","2..N08R","2..S06R","2..S07R","2..S08R"],"candidate_shape_ids":["2..N03R","2..N08R","2..S06R","2..S07R","2..S08R"],"candidate_direction_ids":["N","S"],"representative_edge_geometry_source":"2..N03R","representative_edge_geometry_sources":["2..N03R"],"representative_shape_id":"2..N03R","canonical_direction_id":"mixed","canonical_direction_count":2,"collapsed_direction_count":2,"direction_collapse_reason":"route-2-local-edge-direction-collapse","geometry_reversed":false,"geometry_orientation":"chain-direction","edge_length_m":894.75,"start_coordinate":[-73.873488,40.841894],"end_coordinate":[-73.868457,40.848828],"endpoint_snap_distance_m":0,"internal_stitch_valid":true,"edge_geometry_confidence":"high","geometry_selection_reason":"selected candidate matching 2-main stop-pair direction","chain_source_shape_id":"2..N08R","branch_representative_geometry_used":false,"branch_representative_warning":null,"group_id":null,"visual_lane_slot":0,"visual_z_order":230,"segment_kind":"solo","effective_render_key":"2|2-main|lane:0|z:230|color:#D82233|kind:solo|style:subway-ribbon-v1","assignment_reason":"solo edge: no active corridor group for this local visual edge","base_color_layer_visible":true,"base_casing_layer_visible":true,"base_glow_layer_visible":true,"highlight_only":false,"route_id":"2","visual_route_id":"2","visual_branch_id":"2-main","display_route":"2","raw_route_ids":["2"],"visual_edge_ids":["2:212-213"],"edge_count":1,"group_sequence":50000,"debug_id":"2:2-main:solo:0:76057ed71fe5","feature_length_m":894.75,"endpoints":{"start":[-73.873488,40.841894],"end":[-73.868457,40.848828]},"source":"group-corridors-route-2-raw-edge"},"geometry":{"type":"LineString","coordinates":[[-73.873488,40.841894],[-73.87179,40.84325],[-73.871389,40.843567],[-73.871028,40.84391],[-73.870857,40.844101],[-73.870717,40.844293],[-73.870597,40.844505],[-73.870472,40.844767],[-73.870143,40.845525],[-73.869952,40.845968],[-73.869609,40.846768],[-73.869431,40.847153],[-73.869194,40.847565],[-73.868457,40.848828]]}},{"type":"Feature","id":"2:211-212","properties":{"visual_edge_id":"2:211-212","edge_sequence":51,"from_stop_id":"212","to_stop_id":"211","from_stop_name":"Bronx Park East","to_stop_name":"Pelham Pkwy","raw_shape_ids":["2..N03R","2..N08R","2..S06R","2..S07R","2..S08R"],"candidate_shape_ids":["2..N03R","2..N08R","2..S06R","2..S07R","2..S08R"],"candidate_direction_ids":["N","S"],"representative_edge_geometry_source":"2..N03R","representative_edge_geometry_sources":["2..N03R"],"representative_shape_id":"2..N03R","canonical_direction_id":"mixed","canonical_direction_count":2,"collapsed_direction_count":2,"direction_collapse_reason":"route-2-local-edge-direction-collapse","geometry_reversed":false,"geometry_orientation":"chain-direction","edge_length_m":940.23,"start_coordinate":[-73.868457,40.848828],"end_coordinate":[-73.867615,40.857192],"endpoint_snap_distance_m":0,"internal_stitch_valid":true,"edge_geometry_confidence":"high","geometry_selection_reason":"selected candidate matching 2-main stop-pair direction","chain_source_shape_id":"2..N08R","branch_representative_geometry_used":false,"branch_representative_warning":null,"group_id":null,"visual_lane_slot":0,"visual_z_order":230,"segment_kind":"solo","effective_render_key":"2|2-main|lane:0|z:230|color:#D82233|kind:solo|style:subway-ribbon-v1","assignment_reason":"solo edge: no active corridor group for this local visual edge","base_color_layer_visible":true,"base_casing_layer_visible":true,"base_glow_layer_visible":true,"highlight_only":false,"route_id":"2","visual_route_id":"2","visual_branch_id":"2-main","display_route":"2","raw_route_ids":["2"],"visual_edge_ids":["2:211-212"],"edge_count":1,"group_sequence":51000,"debug_id":"2:2-main:solo:0:905149d31403","feature_length_m":940.23,"endpoints":{"start":[-73.868457,40.848828],"end":[-73.867615,40.857192]},"source":"group-corridors-route-2-raw-edge"},"geometry":{"type":"LineString","coordinates":[[-73.868457,40.848828],[-73.868153,40.849338],[-73.867986,40.849629],[-73.867921,40.849772],[-73.867873,40.849929],[-73.867846,40.85007],[-73.867834,40.850249],[-73.867615,40.857192]]}},{"type":"Feature","id":"2:210-211","properties":{"visual_edge_id":"2:210-211","edge_sequence":52,"from_stop_id":"211","to_stop_id":"210","from_stop_name":"Pelham Pkwy","to_stop_name":"Allerton Av","raw_shape_ids":["2..N03R","2..N08R","2..S06R","2..S07R","2..S08R"],"candidate_shape_ids":["2..N03R","2..N08R","2..S06R","2..S07R","2..S08R"],"candidate_direction_ids":["N","S"],"representative_edge_geometry_source":"2..N03R","representative_edge_geometry_sources":["2..N03R"],"representative_shape_id":"2..N03R","canonical_direction_id":"mixed","canonical_direction_count":2,"collapsed_direction_count":2,"direction_collapse_reason":"route-2-local-edge-direction-collapse","geometry_reversed":false,"geometry_orientation":"chain-direction","edge_length_m":919.85,"start_coordinate":[-73.867615,40.857192],"end_coordinate":[-73.867352,40.865462],"endpoint_snap_distance_m":0,"internal_stitch_valid":true,"edge_geometry_confidence":"high","geometry_selection_reason":"selected candidate matching 2-main stop-pair direction","chain_source_shape_id":"2..N08R","branch_representative_geometry_used":false,"branch_representative_warning":null,"group_id":null,"visual_lane_slot":0,"visual_z_order":230,"segment_kind":"solo","effective_render_key":"2|2-main|lane:0|z:230|color:#D82233|kind:solo|style:subway-ribbon-v1","assignment_reason":"solo edge: no active corridor group for this local visual edge","base_color_layer_visible":true,"base_casing_layer_visible":true,"base_glow_layer_visible":true,"highlight_only":false,"route_id":"2","visual_route_id":"2","visual_branch_id":"2-main","display_route":"2","raw_route_ids":["2"],"visual_edge_ids":["2:210-211"],"edge_count":1,"group_sequence":52000,"debug_id":"2:2-main:solo:0:e0c54d32a243","feature_length_m":919.85,"endpoints":{"start":[-73.867615,40.857192],"end":[-73.867352,40.865462]},"source":"group-corridors-route-2-raw-edge"},"geometry":{"type":"LineString","coordinates":[[-73.867615,40.857192],[-73.867352,40.865462]]}},{"type":"Feature","id":"2:209-210","properties":{"visual_edge_id":"2:209-210","edge_sequence":53,"from_stop_id":"210","to_stop_id":"209","from_stop_name":"Allerton Av","to_stop_name":"Burke Av","raw_shape_ids":["2..N03R","2..N08R","2..S06R","2..S07R","2..S08R"],"candidate_shape_ids":["2..N03R","2..N08R","2..S06R","2..S07R","2..S08R"],"candidate_direction_ids":["N","S"],"representative_edge_geometry_source":"2..N03R","representative_edge_geometry_sources":["2..N03R"],"representative_shape_id":"2..N03R","canonical_direction_id":"mixed","canonical_direction_count":2,"collapsed_direction_count":2,"direction_collapse_reason":"route-2-local-edge-direction-collapse","geometry_reversed":false,"geometry_orientation":"chain-direction","edge_length_m":655.57,"start_coordinate":[-73.867352,40.865462],"end_coordinate":[-73.867164,40.871356],"endpoint_snap_distance_m":0,"internal_stitch_valid":true,"edge_geometry_confidence":"high","geometry_selection_reason":"selected candidate matching 2-main stop-pair direction","chain_source_shape_id":"2..N08R","branch_representative_geometry_used":false,"branch_representative_warning":null,"group_id":null,"visual_lane_slot":0,"visual_z_order":230,"segment_kind":"solo","effective_render_key":"2|2-main|lane:0|z:230|color:#D82233|kind:solo|style:subway-ribbon-v1","assignment_reason":"solo edge: no active corridor group for this local visual edge","base_color_layer_visible":true,"base_casing_layer_visible":true,"base_glow_layer_visible":true,"highlight_only":false,"route_id":"2","visual_route_id":"2","visual_branch_id":"2-main","display_route":"2","raw_route_ids":["2"],"visual_edge_ids":["2:209-210"],"edge_count":1,"group_sequence":53000,"debug_id":"2:2-main:solo:0:93b054196aaf","feature_length_m":655.57,"endpoints":{"start":[-73.867352,40.865462],"end":[-73.867164,40.871356]},"source":"group-corridors-route-2-raw-edge"},"geometry":{"type":"LineString","coordinates":[[-73.867352,40.865462],[-73.867164,40.871356]]}},{"type":"Feature","id":"2:208-209","properties":{"visual_edge_id":"2:208-209","edge_sequence":54,"from_stop_id":"209","to_stop_id":"208","from_stop_name":"Burke Av","to_stop_name":"Gun Hill Rd","raw_shape_ids":["2..N03R","2..N08R","2..S06R","2..S07R","2..S08R"],"candidate_shape_ids":["2..N03R","2..N08R","2..S06R","2..S07R","2..S08R"],"candidate_direction_ids":["N","S"],"representative_edge_geometry_source":"2..N03R","representative_edge_geometry_sources":["2..N03R"],"representative_shape_id":"2..N03R","canonical_direction_id":"mixed","canonical_direction_count":2,"collapsed_direction_count":2,"direction_collapse_reason":"route-2-local-edge-direction-collapse","geometry_reversed":false,"geometry_orientation":"chain-direction","edge_length_m":734.79,"start_coordinate":[-73.867164,40.871356],"end_coordinate":[-73.866256,40.87785],"endpoint_snap_distance_m":0,"internal_stitch_valid":true,"edge_geometry_confidence":"high","geometry_selection_reason":"selected candidate matching 2-main stop-pair direction","chain_source_shape_id":"2..N08R","branch_representative_geometry_used":false,"branch_representative_warning":null,"group_id":null,"visual_lane_slot":0,"visual_z_order":230,"segment_kind":"solo","effective_render_key":"2|2-main|lane:0|z:230|color:#D82233|kind:solo|style:subway-ribbon-v1","assignment_reason":"solo edge: no active corridor group for this local visual edge","base_color_layer_visible":true,"base_casing_layer_visible":true,"base_glow_layer_visible":true,"highlight_only":false,"route_id":"2","visual_route_id":"2","visual_branch_id":"2-main","display_route":"2","raw_route_ids":["2"],"visual_edge_ids":["2:208-209"],"edge_count":1,"group_sequence":54000,"debug_id":"2:2-main:solo:0:a008fed71bb3","feature_length_m":734.79,"endpoints":{"start":[-73.867164,40.871356],"end":[-73.866256,40.87785]},"source":"group-corridors-route-2-raw-edge"},"geometry":{"type":"LineString","coordinates":[[-73.867164,40.871356],[-73.867025,40.875827],[-73.867016,40.87619],[-73.866997,40.876367],[-73.86697,40.876523],[-73.866928,40.876693],[-73.866859,40.876861],[-73.866787,40.876988],[-73.866256,40.87785]]}},{"type":"Feature","id":"2:207-208","properties":{"visual_edge_id":"2:207-208","edge_sequence":55,"from_stop_id":"208","to_stop_id":"207","from_stop_name":"Gun Hill Rd","to_stop_name":"219 St","raw_shape_ids":["2..N03R","2..N08R","2..S06R","2..S07R","2..S08R"],"candidate_shape_ids":["2..N03R","2..N08R","2..S06R","2..S07R","2..S08R"],"candidate_direction_ids":["N","S"],"representative_edge_geometry_source":"2..N03R","representative_edge_geometry_sources":["2..N03R"],"representative_shape_id":"2..N03R","canonical_direction_id":"mixed","canonical_direction_count":2,"collapsed_direction_count":2,"direction_collapse_reason":"route-2-local-edge-direction-collapse","geometry_reversed":false,"geometry_orientation":"chain-direction","edge_length_m":738.12,"start_coordinate":[-73.866256,40.87785],"end_coordinate":[-73.862633,40.883895],"endpoint_snap_distance_m":0,"internal_stitch_valid":true,"edge_geometry_confidence":"high","geometry_selection_reason":"selected candidate matching 2-main stop-pair direction","chain_source_shape_id":"2..N08R","branch_representative_geometry_used":false,"branch_representative_warning":null,"group_id":null,"visual_lane_slot":0,"visual_z_order":230,"segment_kind":"solo","effective_render_key":"2|2-main|lane:0|z:230|color:#D82233|kind:solo|style:subway-ribbon-v1","assignment_reason":"solo edge: no active corridor group for this local visual edge","base_color_layer_visible":true,"base_casing_layer_visible":true,"base_glow_layer_visible":true,"highlight_only":false,"route_id":"2","visual_route_id":"2","visual_branch_id":"2-main","display_route":"2","raw_route_ids":["2"],"visual_edge_ids":["2:207-208"],"edge_count":1,"group_sequence":55000,"debug_id":"2:2-main:solo:0:c2b5c1cc992c","feature_length_m":738.12,"endpoints":{"start":[-73.866256,40.87785],"end":[-73.862633,40.883895]},"source":"group-corridors-route-2-raw-edge"},"geometry":{"type":"LineString","coordinates":[[-73.866256,40.87785],[-73.863846,40.881715],[-73.862633,40.883895]]}},{"type":"Feature","id":"2:206-207","properties":{"visual_edge_id":"2:206-207","edge_sequence":56,"from_stop_id":"207","to_stop_id":"206","from_stop_name":"219 St","to_stop_name":"225 St","raw_shape_ids":["2..N03R","2..N08R","2..S06R","2..S07R","2..S08R"],"candidate_shape_ids":["2..N03R","2..N08R","2..S06R","2..S07R","2..S08R"],"candidate_direction_ids":["N","S"],"representative_edge_geometry_source":"2..N03R","representative_edge_geometry_sources":["2..N03R"],"representative_shape_id":"2..N03R","canonical_direction_id":"mixed","canonical_direction_count":2,"collapsed_direction_count":2,"direction_collapse_reason":"route-2-local-edge-direction-collapse","geometry_reversed":false,"geometry_orientation":"chain-direction","edge_length_m":497.71,"start_coordinate":[-73.862633,40.883895],"end_coordinate":[-73.860341,40.888022],"endpoint_snap_distance_m":0,"internal_stitch_valid":true,"edge_geometry_confidence":"high","geometry_selection_reason":"selected candidate matching 2-main stop-pair direction","chain_source_shape_id":"2..N08R","branch_representative_geometry_used":false,"branch_representative_warning":null,"group_id":null,"visual_lane_slot":0,"visual_z_order":230,"segment_kind":"solo","effective_render_key":"2|2-main|lane:0|z:230|color:#D82233|kind:solo|style:subway-ribbon-v1","assignment_reason":"solo edge: no active corridor group for this local visual edge","base_color_layer_visible":true,"base_casing_layer_visible":true,"base_glow_layer_visible":true,"highlight_only":false,"route_id":"2","visual_route_id":"2","visual_branch_id":"2-main","display_route":"2","raw_route_ids":["2"],"visual_edge_ids":["2:206-207"],"edge_count":1,"group_sequence":56000,"debug_id":"2:2-main:solo:0:c3be1e246ebb","feature_length_m":497.71,"endpoints":{"start":[-73.862633,40.883895],"end":[-73.860341,40.888022]},"source":"group-corridors-route-2-raw-edge"},"geometry":{"type":"LineString","coordinates":[[-73.862633,40.883895],[-73.860341,40.888022]]}},{"type":"Feature","id":"2:205-206","properties":{"visual_edge_id":"2:205-206","edge_sequence":57,"from_stop_id":"206","to_stop_id":"205","from_stop_name":"225 St","to_stop_name":"233 St","raw_shape_ids":["2..N03R","2..N08R","2..S06R","2..S07R","2..S08R"],"candidate_shape_ids":["2..N03R","2..N08R","2..S06R","2..S07R","2..S08R"],"candidate_direction_ids":["N","S"],"representative_edge_geometry_source":"2..N03R","representative_edge_geometry_sources":["2..N03R"],"representative_shape_id":"2..N03R","canonical_direction_id":"mixed","canonical_direction_count":2,"collapsed_direction_count":2,"direction_collapse_reason":"route-2-local-edge-direction-collapse","geometry_reversed":false,"geometry_orientation":"chain-direction","edge_length_m":623.48,"start_coordinate":[-73.860341,40.888022],"end_coordinate":[-73.857473,40.893193],"endpoint_snap_distance_m":0,"internal_stitch_valid":true,"edge_geometry_confidence":"high","geometry_selection_reason":"selected candidate matching 2-main stop-pair direction","chain_source_shape_id":"2..N08R","branch_representative_geometry_used":false,"branch_representative_warning":null,"group_id":null,"visual_lane_slot":0,"visual_z_order":230,"segment_kind":"solo","effective_render_key":"2|2-main|lane:0|z:230|color:#D82233|kind:solo|style:subway-ribbon-v1","assignment_reason":"solo edge: no active corridor group for this local visual edge","base_color_layer_visible":true,"base_casing_layer_visible":true,"base_glow_layer_visible":true,"highlight_only":false,"route_id":"2","visual_route_id":"2","visual_branch_id":"2-main","display_route":"2","raw_route_ids":["2"],"visual_edge_ids":["2:205-206"],"edge_count":1,"group_sequence":57000,"debug_id":"2:2-main:solo:0:53922e4f7e4d","feature_length_m":623.48,"endpoints":{"start":[-73.860341,40.888022],"end":[-73.857473,40.893193]},"source":"group-corridors-route-2-raw-edge"},"geometry":{"type":"LineString","coordinates":[[-73.860341,40.888022],[-73.857473,40.893193]]}},{"type":"Feature","id":"2:204-205","properties":{"visual_edge_id":"2:204-205","edge_sequence":58,"from_stop_id":"205","to_stop_id":"204","from_stop_name":"233 St","to_stop_name":"Nereid Av","raw_shape_ids":["2..N03R","2..N08R","2..S06R","2..S07R","2..S08R"],"candidate_shape_ids":["2..N03R","2..N08R","2..S06R","2..S07R","2..S08R"],"candidate_direction_ids":["N","S"],"representative_edge_geometry_source":"2..N03R","representative_edge_geometry_sources":["2..N03R"],"representative_shape_id":"2..N03R","canonical_direction_id":"mixed","canonical_direction_count":2,"collapsed_direction_count":2,"direction_collapse_reason":"route-2-local-edge-direction-collapse","geometry_reversed":false,"geometry_orientation":"chain-direction","edge_length_m":633.91,"start_coordinate":[-73.857473,40.893193],"end_coordinate":[-73.854376,40.898379],"endpoint_snap_distance_m":0,"internal_stitch_valid":true,"edge_geometry_confidence":"high","geometry_selection_reason":"selected candidate matching 2-main stop-pair direction","chain_source_shape_id":"2..N08R","branch_representative_geometry_used":false,"branch_representative_warning":null,"group_id":null,"visual_lane_slot":0,"visual_z_order":230,"segment_kind":"solo","effective_render_key":"2|2-main|lane:0|z:230|color:#D82233|kind:solo|style:subway-ribbon-v1","assignment_reason":"solo edge: no active corridor group for this local visual edge","base_color_layer_visible":true,"base_casing_layer_visible":true,"base_glow_layer_visible":true,"highlight_only":false,"route_id":"2","visual_route_id":"2","visual_branch_id":"2-main","display_route":"2","raw_route_ids":["2"],"visual_edge_ids":["2:204-205"],"edge_count":1,"group_sequence":58000,"debug_id":"2:2-main:solo:0:77207febbf66","feature_length_m":633.91,"endpoints":{"start":[-73.857473,40.893193],"end":[-73.854376,40.898379]},"source":"group-corridors-route-2-raw-edge"},"geometry":{"type":"LineString","coordinates":[[-73.857473,40.893193],[-73.855124,40.897451],[-73.85494,40.897716],[-73.854784,40.8979],[-73.854376,40.898379]]}},{"type":"Feature","id":"2:201-204","properties":{"visual_edge_id":"2:201-204","edge_sequence":59,"from_stop_id":"204","to_stop_id":"201","from_stop_name":"Nereid Av","to_stop_name":"Wakefield-241 St","raw_shape_ids":["2..N03R","2..N08R","2..S06R","2..S08R"],"candidate_shape_ids":["2..N03R","2..N08R","2..S06R","2..S08R"],"candidate_direction_ids":["N","S"],"representative_edge_geometry_source":"2..N03R","representative_edge_geometry_sources":["2..N03R"],"representative_shape_id":"2..N03R","canonical_direction_id":"mixed","canonical_direction_count":2,"collapsed_direction_count":2,"direction_collapse_reason":"route-2-local-edge-direction-collapse","geometry_reversed":false,"geometry_orientation":"chain-direction","edge_length_m":615.7,"start_coordinate":[-73.854376,40.898379],"end_coordinate":[-73.85062,40.903125],"endpoint_snap_distance_m":0,"internal_stitch_valid":true,"edge_geometry_confidence":"high","geometry_selection_reason":"selected candidate matching 2-main stop-pair direction","chain_source_shape_id":"2..N08R","branch_representative_geometry_used":false,"branch_representative_warning":null,"group_id":null,"visual_lane_slot":0,"visual_z_order":230,"segment_kind":"solo","effective_render_key":"2|2-main|lane:0|z:230|color:#D82233|kind:solo|style:subway-ribbon-v1","assignment_reason":"solo edge: no active corridor group for this local visual edge","base_color_layer_visible":true,"base_casing_layer_visible":true,"base_glow_layer_visible":true,"highlight_only":false,"route_id":"2","visual_route_id":"2","visual_branch_id":"2-main","display_route":"2","raw_route_ids":["2"],"visual_edge_ids":["2:201-204"],"edge_count":1,"group_sequence":59000,"debug_id":"2:2-main:solo:0:9419cedbd646","feature_length_m":615.7,"endpoints":{"start":[-73.854376,40.898379],"end":[-73.85062,40.903125]},"source":"group-corridors-route-2-raw-edge"},"geometry":{"type":"LineString","coordinates":[[-73.854376,40.898379],[-73.853333,40.899595],[-73.853045,40.899929],[-73.852766,40.90026],[-73.852447,40.900653],[-73.85234,40.900798],[-73.852026,40.901261],[-73.851769,40.901669],[-73.851628,40.901895],[-73.85151,40.902066],[-73.85136,40.902261],[-73.85062,40.903125]]}}]}
