{"type":"FeatureCollection","name":"nyc-buildings-lightweight","features":[{"type":"Feature","properties":{"id":"sr-1","height":44,"levels":13,"source":"procedural-static-footprint"},"geometry":{"type":"Polygon","coordinates":[[[-73.99533,40.74237],[-73.99469,40.74237],[-73.99469,40.74281],[-73.99533,40.74281],[-73.99533,40.74237]]]}},{"type":"Feature","properties":{"id":"sr-2","height":82.5,"levels":24,"source":"procedural-static-footprint"},"geometry":{"type":"Polygon","coordinates":[[[-73.994275,40.742345],[-73.993545,40.742345],[-73.993545,40.742855],[-73.994275,40.742855],[-73.994275,40.742345]]]}},{"type":"Feature","properties":{"id":"sr-3","height":121,"levels":35,"source":"procedural-static-footprint"},"geometry":{"type":"Polygon","coordinates":[[[-73.99322,40.74232],[-73.9924,40.74232],[-73.9924,40.7429],[-73.99322,40.7429],[-73.99322,40.74232]]]}},{"type":"Feature","properties":{"id":"sr-4","height":75.5,"levels":22,"source":"procedural-static-footprint"},"geometry":{"type":"Polygon","coordinates":[[[-73.992295,40.742295],[-73.991385,40.742295],[-73.991385,40.742945],[-73.992295,40.742945],[-73.992295,40.742295]]]}},{"type":"Feature","properties":{"id":"sr-5","height":114,"levels":33,"source":"procedural-static-footprint"},"geometry":{"type":"Polygon","coordinates":[[[-73.99106,40.74227],[-73.99042,40.74227],[-73.99042,40.74299],[-73.99106,40.74299],[-73.99106,40.74227]]]}},{"type":"Feature","properties":{"id":"sr-6","height":68.5,"levels":20,"source":"procedural-static-footprint"},"geometry":{"type":"Polygon","coordinates":[[[-73.990005,40.74242],[-73.989275,40.74242],[-73.989275,40.74286],[-73.990005,40.74286],[-73.990005,40.74242]]]}},{"type":"Feature","properties":{"id":"sr-7","height":107,"levels":31,"source":"procedural-static-footprint"},"geometry":{"type":"Polygon","coordinates":[[[-73.98908,40.742395],[-73.98826,40.742395],[-73.98826,40.742905],[-73.98908,40.742905],[-73.98908,40.742395]]]}},{"type":"Feature","properties":{"id":"sr-8","height":61.5,"levels":18,"source":"procedural-static-footprint"},"geometry":{"type":"Polygon","coordinates":[[[-73.988025,40.74237],[-73.987115,40.74237],[-73.987115,40.74295],[-73.988025,40.74295],[-73.988025,40.74237]]]}},{"type":"Feature","properties":{"id":"sr-9","height":100,"levels":29,"source":"procedural-static-footprint"},"geometry":{"type":"Polygon","coordinates":[[[-73.98692,40.742345],[-73.98628,40.742345],[-73.98628,40.742995],[-73.98692,40.742995],[-73.98692,40.742345]]]}},{"type":"Feature","properties":{"id":"sr-10","height":54.5,"levels":16,"source":"procedural-static-footprint"},"geometry":{"type":"Polygon","coordinates":[[[-73.985865,40.74232],[-73.985135,40.74232],[-73.985135,40.74304],[-73.985865,40.74304],[-73.985865,40.74232]]]}},{"type":"Feature","properties":{"id":"sr-11","height":93,"levels":27,"source":"procedural-static-footprint"},"geometry":{"type":"Polygon","coordinates":[[[-73.98481,40.74247],[-73.98399,40.74247],[-73.98399,40.74291],[-73.98481,40.74291],[-73.98481,40.74247]]]}},{"type":"Feature","properties":{"id":"sr-12","height":47.5,"levels":14,"source":"procedural-static-footprint"},"geometry":{"type":"Polygon","coordinates":[[[-73.983885,40.742335],[-73.982975,40.742335],[-73.982975,40.742845],[-73.983885,40.742845],[-73.983885,40.742335]]]}},{"type":"Feature","properties":{"id":"sr-13","height":86,"levels":25,"source":"procedural-static-footprint"},"geometry":{"type":"Polygon","coordinates":[[[-73.98265,40.74231],[-73.98201,40.74231],[-73.98201,40.74289],[-73.98265,40.74289],[-73.98265,40.74231]]]}},{"type":"Feature","properties":{"id":"sr-14","height":124.5,"levels":36,"source":"procedural-static-footprint"},"geometry":{"type":"Polygon","coordinates":[[[-73.981725,40.742285],[-73.980995,40.742285],[-73.980995,40.742935],[-73.981725,40.742935],[-73.981725,40.742285]]]}},{"type":"Feature","properties":{"id":"sr-15","height":79,"levels":23,"source":"procedural-static-footprint"},"geometry":{"type":"Polygon","coordinates":[[[-73.98067,40.74226],[-73.97985,40.74226],[-73.97985,40.74298],[-73.98067,40.74298],[-73.98067,40.74226]]]}},{"type":"Feature","properties":{"id":"sr-16","height":117.5,"levels":34,"source":"procedural-static-footprint"},"geometry":{"type":"Polygon","coordinates":[[[-73.979615,40.74241],[-73.978705,40.74241],[-73.978705,40.74285],[-73.979615,40.74285],[-73.979615,40.74241]]]}},{"type":"Feature","properties":{"id":"sr-17","height":72,"levels":21,"source":"procedural-static-footprint"},"geometry":{"type":"Polygon","coordinates":[[[-73.97851,40.742385],[-73.97787,40.742385],[-73.97787,40.742895],[-73.97851,40.742895],[-73.97851,40.742385]]]}},{"type":"Feature","properties":{"id":"sr-18","height":110.5,"levels":32,"source":"procedural-static-footprint"},"geometry":{"type":"Polygon","coordinates":[[[-73.977455,40.74236],[-73.976725,40.74236],[-73.976725,40.74294],[-73.977455,40.74294],[-73.977455,40.74236]]]}},{"type":"Feature","properties":{"id":"sr-19","height":68.5,"levels":20,"source":"procedural-static-footprint"},"geometry":{"type":"Polygon","coordinates":[[[-73.995335,40.7431],[-73.994605,40.7431],[-73.994605,40.74368],[-73.995335,40.74368],[-73.995335,40.7431]]]}},{"type":"Feature","properties":{"id":"sr-20","height":107,"levels":31,"source":"procedural-static-footprint"},"geometry":{"type":"Polygon","coordinates":[[[-73.99428,40.743075],[-73.99346,40.743075],[-73.99346,40.743725],[-73.99428,40.743725],[-73.99428,40.743075]]]}},{"type":"Feature","properties":{"id":"sr-21","height":61.5,"levels":18,"source":"procedural-static-footprint"},"geometry":{"type":"Polygon","coordinates":[[[-73.993355,40.74305],[-73.992445,40.74305],[-73.992445,40.74377],[-73.993355,40.74377],[-73.993355,40.74305]]]}},{"type":"Feature","properties":{"id":"sr-22","height":100,"levels":29,"source":"procedural-static-footprint"},"geometry":{"type":"Polygon","coordinates":[[[-73.99212,40.74309],[-73.99148,40.74309],[-73.99148,40.74353],[-73.99212,40.74353],[-73.99212,40.74309]]]}},{"type":"Feature","properties":{"id":"sr-23","height":54.5,"levels":16,"source":"procedural-static-footprint"},"geometry":{"type":"Polygon","coordinates":[[[-73.991065,40.743065],[-73.990335,40.743065],[-73.990335,40.743575],[-73.991065,40.743575],[-73.991065,40.743065]]]}},{"type":"Feature","properties":{"id":"sr-24","height":93,"levels":27,"source":"procedural-static-footprint"},"geometry":{"type":"Polygon","coordinates":[[[-73.99014,40.74304],[-73.98932,40.74304],[-73.98932,40.74362],[-73.99014,40.74362],[-73.99014,40.74304]]]}},{"type":"Feature","properties":{"id":"sr-25","height":47.5,"levels":14,"source":"procedural-static-footprint"},"geometry":{"type":"Polygon","coordinates":[[[-73.989085,40.743015],[-73.988175,40.743015],[-73.988175,40.743665],[-73.989085,40.743665],[-73.989085,40.743015]]]}},{"type":"Feature","properties":{"id":"sr-26","height":86,"levels":25,"source":"procedural-static-footprint"},"geometry":{"type":"Polygon","coordinates":[[[-73.98798,40.74299],[-73.98734,40.74299],[-73.98734,40.74371],[-73.98798,40.74371],[-73.98798,40.74299]]]}},{"type":"Feature","properties":{"id":"sr-27","height":124.5,"levels":36,"source":"procedural-static-footprint"},"geometry":{"type":"Polygon","coordinates":[[[-73.986925,40.74314],[-73.986195,40.74314],[-73.986195,40.74358],[-73.986925,40.74358],[-73.986925,40.74314]]]}},{"type":"Feature","properties":{"id":"sr-28","height":79,"levels":23,"source":"procedural-static-footprint"},"geometry":{"type":"Polygon","coordinates":[[[-73.98587,40.743115],[-73.98505,40.743115],[-73.98505,40.743625],[-73.98587,40.743625],[-73.98587,40.743115]]]}},{"type":"Feature","properties":{"id":"sr-29","height":117.5,"levels":34,"source":"procedural-static-footprint"},"geometry":{"type":"Polygon","coordinates":[[[-73.984945,40.74309],[-73.984035,40.74309],[-73.984035,40.74367],[-73.984945,40.74367],[-73.984945,40.74309]]]}},{"type":"Feature","properties":{"id":"sr-30","height":72,"levels":21,"source":"procedural-static-footprint"},"geometry":{"type":"Polygon","coordinates":[[[-73.98371,40.743065],[-73.98307,40.743065],[-73.98307,40.743715],[-73.98371,40.743715],[-73.98371,40.743065]]]}},{"type":"Feature","properties":{"id":"sr-31","height":110.5,"levels":32,"source":"procedural-static-footprint"},"geometry":{"type":"Polygon","coordinates":[[[-73.982655,40.74304],[-73.981925,40.74304],[-73.981925,40.74376],[-73.982655,40.74376],[-73.982655,40.74304]]]}},{"type":"Feature","properties":{"id":"sr-32","height":65,"levels":19,"source":"procedural-static-footprint"},"geometry":{"type":"Polygon","coordinates":[[[-73.98173,40.74319],[-73.98091,40.74319],[-73.98091,40.74363],[-73.98173,40.74363],[-73.98173,40.74319]]]}},{"type":"Feature","properties":{"id":"sr-33","height":103.5,"levels":30,"source":"procedural-static-footprint"},"geometry":{"type":"Polygon","coordinates":[[[-73.980675,40.743055],[-73.979765,40.743055],[-73.979765,40.743565],[-73.980675,40.743565],[-73.980675,40.743055]]]}},{"type":"Feature","properties":{"id":"sr-34","height":58,"levels":17,"source":"procedural-static-footprint"},"geometry":{"type":"Polygon","coordinates":[[[-73.97957,40.74303],[-73.97893,40.74303],[-73.97893,40.74361],[-73.97957,40.74361],[-73.97957,40.74303]]]}},{"type":"Feature","properties":{"id":"sr-35","height":96.5,"levels":28,"source":"procedural-static-footprint"},"geometry":{"type":"Polygon","coordinates":[[[-73.978515,40.743005],[-73.977785,40.743005],[-73.977785,40.743655],[-73.978515,40.743655],[-73.978515,40.743005]]]}},{"type":"Feature","properties":{"id":"sr-36","height":51,"levels":15,"source":"procedural-static-footprint"},"geometry":{"type":"Polygon","coordinates":[[[-73.97746,40.74298],[-73.97664,40.74298],[-73.97664,40.7437],[-73.97746,40.7437],[-73.97746,40.74298]]]}},{"type":"Feature","properties":{"id":"sr-37","height":93,"levels":27,"source":"procedural-static-footprint"},"geometry":{"type":"Polygon","coordinates":[[[-73.99534,40.74372],[-73.99452,40.74372],[-73.99452,40.74444],[-73.99534,40.74444],[-73.99534,40.74372]]]}},{"type":"Feature","properties":{"id":"sr-38","height":47.5,"levels":14,"source":"procedural-static-footprint"},"geometry":{"type":"Polygon","coordinates":[[[-73.994415,40.74387],[-73.993505,40.74387],[-73.993505,40.74431],[-73.994415,40.74431],[-73.994415,40.74387]]]}},{"type":"Feature","properties":{"id":"sr-39","height":86,"levels":25,"source":"procedural-static-footprint"},"geometry":{"type":"Polygon","coordinates":[[[-73.99318,40.743845],[-73.99254,40.743845],[-73.99254,40.744355],[-73.99318,40.744355],[-73.99318,40.743845]]]}},{"type":"Feature","properties":{"id":"sr-40","height":124.5,"levels":36,"source":"procedural-static-footprint"},"geometry":{"type":"Polygon","coordinates":[[[-73.992125,40.74382],[-73.991395,40.74382],[-73.991395,40.7444],[-73.992125,40.7444],[-73.992125,40.74382]]]}},{"type":"Feature","properties":{"id":"sr-41","height":79,"levels":23,"source":"procedural-static-footprint"},"geometry":{"type":"Polygon","coordinates":[[[-73.9912,40.743795],[-73.99038,40.743795],[-73.99038,40.744445],[-73.9912,40.744445],[-73.9912,40.743795]]]}},{"type":"Feature","properties":{"id":"sr-42","height":117.5,"levels":34,"source":"procedural-static-footprint"},"geometry":{"type":"Polygon","coordinates":[[[-73.990145,40.74377],[-73.989235,40.74377],[-73.989235,40.74449],[-73.990145,40.74449],[-73.990145,40.74377]]]}},{"type":"Feature","properties":{"id":"sr-43","height":72,"levels":21,"source":"procedural-static-footprint"},"geometry":{"type":"Polygon","coordinates":[[[-73.98891,40.74381],[-73.98827,40.74381],[-73.98827,40.74425],[-73.98891,40.74425],[-73.98891,40.74381]]]}},{"type":"Feature","properties":{"id":"sr-44","height":110.5,"levels":32,"source":"procedural-static-footprint"},"geometry":{"type":"Polygon","coordinates":[[[-73.987985,40.743785],[-73.987255,40.743785],[-73.987255,40.744295],[-73.987985,40.744295],[-73.987985,40.743785]]]}},{"type":"Feature","properties":{"id":"sr-45","height":65,"levels":19,"source":"procedural-static-footprint"},"geometry":{"type":"Polygon","coordinates":[[[-73.98693,40.74376],[-73.98611,40.74376],[-73.98611,40.74434],[-73.98693,40.74434],[-73.98693,40.74376]]]}},{"type":"Feature","properties":{"id":"sr-46","height":103.5,"levels":30,"source":"procedural-static-footprint"},"geometry":{"type":"Polygon","coordinates":[[[-73.986005,40.743735],[-73.985095,40.743735],[-73.985095,40.744385],[-73.986005,40.744385],[-73.986005,40.743735]]]}},{"type":"Feature","properties":{"id":"sr-47","height":58,"levels":17,"source":"procedural-static-footprint"},"geometry":{"type":"Polygon","coordinates":[[[-73.98477,40.74371],[-73.98413,40.74371],[-73.98413,40.74443],[-73.98477,40.74443],[-73.98477,40.74371]]]}},{"type":"Feature","properties":{"id":"sr-48","height":96.5,"levels":28,"source":"procedural-static-footprint"},"geometry":{"type":"Polygon","coordinates":[[[-73.983715,40.74386],[-73.982985,40.74386],[-73.982985,40.7443],[-73.983715,40.7443],[-73.983715,40.74386]]]}},{"type":"Feature","properties":{"id":"sr-49","height":51,"levels":15,"source":"procedural-static-footprint"},"geometry":{"type":"Polygon","coordinates":[[[-73.98279,40.743835],[-73.98197,40.743835],[-73.98197,40.744345],[-73.98279,40.744345],[-73.98279,40.743835]]]}},{"type":"Feature","properties":{"id":"sr-50","height":89.5,"levels":26,"source":"procedural-static-footprint"},"geometry":{"type":"Polygon","coordinates":[[[-73.981735,40.74381],[-73.980825,40.74381],[-73.980825,40.74439],[-73.981735,40.74439],[-73.981735,40.74381]]]}},{"type":"Feature","properties":{"id":"sr-51","height":44,"levels":13,"source":"procedural-static-footprint"},"geometry":{"type":"Polygon","coordinates":[[[-73.98063,40.743785],[-73.97999,40.743785],[-73.97999,40.744435],[-73.98063,40.744435],[-73.98063,40.743785]]]}},{"type":"Feature","properties":{"id":"sr-52","height":82.5,"levels":24,"source":"procedural-static-footprint"},"geometry":{"type":"Polygon","coordinates":[[[-73.979575,40.74376],[-73.978845,40.74376],[-73.978845,40.74448],[-73.979575,40.74448],[-73.979575,40.74376]]]}},{"type":"Feature","properties":{"id":"sr-53","height":121,"levels":35,"source":"procedural-static-footprint"},"geometry":{"type":"Polygon","coordinates":[[[-73.97852,40.74391],[-73.9777,40.74391],[-73.9777,40.74435],[-73.97852,40.74435],[-73.97852,40.74391]]]}},{"type":"Feature","properties":{"id":"sr-54","height":75.5,"levels":22,"source":"procedural-static-footprint"},"geometry":{"type":"Polygon","coordinates":[[[-73.977595,40.743775],[-73.976685,40.743775],[-73.976685,40.744285],[-73.977595,40.744285],[-73.977595,40.743775]]]}},{"type":"Feature","properties":{"id":"sr-55","height":117.5,"levels":34,"source":"procedural-static-footprint"},"geometry":{"type":"Polygon","coordinates":[[[-73.995345,40.744515],[-73.994435,40.744515],[-73.994435,40.745025],[-73.995345,40.745025],[-73.995345,40.744515]]]}},{"type":"Feature","properties":{"id":"sr-56","height":72,"levels":21,"source":"procedural-static-footprint"},"geometry":{"type":"Polygon","coordinates":[[[-73.99424,40.74449],[-73.9936,40.74449],[-73.9936,40.74507],[-73.99424,40.74507],[-73.99424,40.74449]]]}},{"type":"Feature","properties":{"id":"sr-57","height":110.5,"levels":32,"source":"procedural-static-footprint"},"geometry":{"type":"Polygon","coordinates":[[[-73.993185,40.744465],[-73.992455,40.744465],[-73.992455,40.745115],[-73.993185,40.745115],[-73.993185,40.744465]]]}},{"type":"Feature","properties":{"id":"sr-58","height":65,"levels":19,"source":"procedural-static-footprint"},"geometry":{"type":"Polygon","coordinates":[[[-73.99226,40.74444],[-73.99144,40.74444],[-73.99144,40.74516],[-73.99226,40.74516],[-73.99226,40.74444]]]}},{"type":"Feature","properties":{"id":"sr-59","height":103.5,"levels":30,"source":"procedural-static-footprint"},"geometry":{"type":"Polygon","coordinates":[[[-73.991205,40.74459],[-73.990295,40.74459],[-73.990295,40.74503],[-73.991205,40.74503],[-73.991205,40.74459]]]}},{"type":"Feature","properties":{"id":"sr-60","height":58,"levels":17,"source":"procedural-static-footprint"},"geometry":{"type":"Polygon","coordinates":[[[-73.98997,40.744565],[-73.98933,40.744565],[-73.98933,40.745075],[-73.98997,40.745075],[-73.98997,40.744565]]]}},{"type":"Feature","properties":{"id":"sr-61","height":96.5,"levels":28,"source":"procedural-static-footprint"},"geometry":{"type":"Polygon","coordinates":[[[-73.989045,40.74454],[-73.988315,40.74454],[-73.988315,40.74512],[-73.989045,40.74512],[-73.989045,40.74454]]]}},{"type":"Feature","properties":{"id":"sr-62","height":51,"levels":15,"source":"procedural-static-footprint"},"geometry":{"type":"Polygon","coordinates":[[[-73.98799,40.744515],[-73.98717,40.744515],[-73.98717,40.745165],[-73.98799,40.745165],[-73.98799,40.744515]]]}},{"type":"Feature","properties":{"id":"sr-63","height":89.5,"levels":26,"source":"procedural-static-footprint"},"geometry":{"type":"Polygon","coordinates":[[[-73.987065,40.74449],[-73.986155,40.74449],[-73.986155,40.74521],[-73.987065,40.74521],[-73.987065,40.74449]]]}},{"type":"Feature","properties":{"id":"sr-64","height":44,"levels":13,"source":"procedural-static-footprint"},"geometry":{"type":"Polygon","coordinates":[[[-73.98583,40.74453],[-73.98519,40.74453],[-73.98519,40.74497],[-73.98583,40.74497],[-73.98583,40.74453]]]}},{"type":"Feature","properties":{"id":"sr-65","height":82.5,"levels":24,"source":"procedural-static-footprint"},"geometry":{"type":"Polygon","coordinates":[[[-73.984775,40.744505],[-73.984045,40.744505],[-73.984045,40.745015],[-73.984775,40.745015],[-73.984775,40.744505]]]}},{"type":"Feature","properties":{"id":"sr-66","height":121,"levels":35,"source":"procedural-static-footprint"},"geometry":{"type":"Polygon","coordinates":[[[-73.98385,40.74448],[-73.98303,40.74448],[-73.98303,40.74506],[-73.98385,40.74506],[-73.98385,40.74448]]]}},{"type":"Feature","properties":{"id":"sr-67","height":75.5,"levels":22,"source":"procedural-static-footprint"},"geometry":{"type":"Polygon","coordinates":[[[-73.982795,40.744455],[-73.981885,40.744455],[-73.981885,40.745105],[-73.982795,40.745105],[-73.982795,40.744455]]]}},{"type":"Feature","properties":{"id":"sr-68","height":114,"levels":33,"source":"procedural-static-footprint"},"geometry":{"type":"Polygon","coordinates":[[[-73.98156,40.74443],[-73.98092,40.74443],[-73.98092,40.74515],[-73.98156,40.74515],[-73.98156,40.74443]]]}},{"type":"Feature","properties":{"id":"sr-69","height":68.5,"levels":20,"source":"procedural-static-footprint"},"geometry":{"type":"Polygon","coordinates":[[[-73.980635,40.74458],[-73.979905,40.74458],[-73.979905,40.74502],[-73.980635,40.74502],[-73.980635,40.74458]]]}},{"type":"Feature","properties":{"id":"sr-70","height":107,"levels":31,"source":"procedural-static-footprint"},"geometry":{"type":"Polygon","coordinates":[[[-73.97958,40.744555],[-73.97876,40.744555],[-73.97876,40.745065],[-73.97958,40.745065],[-73.97958,40.744555]]]}},{"type":"Feature","properties":{"id":"sr-71","height":61.5,"levels":18,"source":"procedural-static-footprint"},"geometry":{"type":"Polygon","coordinates":[[[-73.978655,40.74453],[-73.977745,40.74453],[-73.977745,40.74511],[-73.978655,40.74511],[-73.978655,40.74453]]]}},{"type":"Feature","properties":{"id":"sr-72","height":100,"levels":29,"source":"procedural-static-footprint"},"geometry":{"type":"Polygon","coordinates":[[[-73.97742,40.744505],[-73.97678,40.744505],[-73.97678,40.745155],[-73.97742,40.745155],[-73.97742,40.744505]]]}},{"type":"Feature","properties":{"id":"sr-73","height":58,"levels":17,"source":"procedural-static-footprint"},"geometry":{"type":"Polygon","coordinates":[[[-73.9953,40.745245],[-73.99466,40.745245],[-73.99466,40.745895],[-73.9953,40.745895],[-73.9953,40.745245]]]}},{"type":"Feature","properties":{"id":"sr-74","height":96.5,"levels":28,"source":"procedural-static-footprint"},"geometry":{"type":"Polygon","coordinates":[[[-73.994245,40.74511],[-73.993515,40.74511],[-73.993515,40.74583],[-73.994245,40.74583],[-73.994245,40.74511]]]}},{"type":"Feature","properties":{"id":"sr-75","height":51,"levels":15,"source":"procedural-static-footprint"},"geometry":{"type":"Polygon","coordinates":[[[-73.99332,40.74526],[-73.9925,40.74526],[-73.9925,40.7457],[-73.99332,40.7457],[-73.99332,40.74526]]]}},{"type":"Feature","properties":{"id":"sr-76","height":89.5,"levels":26,"source":"procedural-static-footprint"},"geometry":{"type":"Polygon","coordinates":[[[-73.992265,40.745235],[-73.991355,40.745235],[-73.991355,40.745745],[-73.992265,40.745745],[-73.992265,40.745235]]]}},{"type":"Feature","properties":{"id":"sr-77","height":44,"levels":13,"source":"procedural-static-footprint"},"geometry":{"type":"Polygon","coordinates":[[[-73.99103,40.74521],[-73.99039,40.74521],[-73.99039,40.74579],[-73.99103,40.74579],[-73.99103,40.74521]]]}},{"type":"Feature","properties":{"id":"sr-78","height":82.5,"levels":24,"source":"procedural-static-footprint"},"geometry":{"type":"Polygon","coordinates":[[[-73.990105,40.745185],[-73.989375,40.745185],[-73.989375,40.745835],[-73.990105,40.745835],[-73.990105,40.745185]]]}},{"type":"Feature","properties":{"id":"sr-79","height":121,"levels":35,"source":"procedural-static-footprint"},"geometry":{"type":"Polygon","coordinates":[[[-73.98905,40.74516],[-73.98823,40.74516],[-73.98823,40.74588],[-73.98905,40.74588],[-73.98905,40.74516]]]}},{"type":"Feature","properties":{"id":"sr-80","height":75.5,"levels":22,"source":"procedural-static-footprint"},"geometry":{"type":"Polygon","coordinates":[[[-73.987995,40.74531],[-73.987085,40.74531],[-73.987085,40.74575],[-73.987995,40.74575],[-73.987995,40.74531]]]}},{"type":"Feature","properties":{"id":"sr-81","height":114,"levels":33,"source":"procedural-static-footprint"},"geometry":{"type":"Polygon","coordinates":[[[-73.98689,40.745285],[-73.98625,40.745285],[-73.98625,40.745795],[-73.98689,40.745795],[-73.98689,40.745285]]]}},{"type":"Feature","properties":{"id":"sr-82","height":68.5,"levels":20,"source":"procedural-static-footprint"},"geometry":{"type":"Polygon","coordinates":[[[-73.985835,40.74526],[-73.985105,40.74526],[-73.985105,40.74584],[-73.985835,40.74584],[-73.985835,40.74526]]]}},{"type":"Feature","properties":{"id":"sr-83","height":107,"levels":31,"source":"procedural-static-footprint"},"geometry":{"type":"Polygon","coordinates":[[[-73.98491,40.745235],[-73.98409,40.745235],[-73.98409,40.745885],[-73.98491,40.745885],[-73.98491,40.745235]]]}},{"type":"Feature","properties":{"id":"sr-84","height":61.5,"levels":18,"source":"procedural-static-footprint"},"geometry":{"type":"Polygon","coordinates":[[[-73.983855,40.74521],[-73.982945,40.74521],[-73.982945,40.74593],[-73.983855,40.74593],[-73.983855,40.74521]]]}},{"type":"Feature","properties":{"id":"sr-85","height":100,"levels":29,"source":"procedural-static-footprint"},"geometry":{"type":"Polygon","coordinates":[[[-73.98262,40.74525],[-73.98198,40.74525],[-73.98198,40.74569],[-73.98262,40.74569],[-73.98262,40.74525]]]}},{"type":"Feature","properties":{"id":"sr-86","height":54.5,"levels":16,"source":"procedural-static-footprint"},"geometry":{"type":"Polygon","coordinates":[[[-73.981695,40.745225],[-73.980965,40.745225],[-73.980965,40.745735],[-73.981695,40.745735],[-73.981695,40.745225]]]}},{"type":"Feature","properties":{"id":"sr-87","height":93,"levels":27,"source":"procedural-static-footprint"},"geometry":{"type":"Polygon","coordinates":[[[-73.98064,40.7452],[-73.97982,40.7452],[-73.97982,40.74578],[-73.98064,40.74578],[-73.98064,40.7452]]]}},{"type":"Feature","properties":{"id":"sr-88","height":47.5,"levels":14,"source":"procedural-static-footprint"},"geometry":{"type":"Polygon","coordinates":[[[-73.979715,40.745175],[-73.978805,40.745175],[-73.978805,40.745825],[-73.979715,40.745825],[-73.979715,40.745175]]]}},{"type":"Feature","properties":{"id":"sr-89","height":86,"levels":25,"source":"procedural-static-footprint"},"geometry":{"type":"Polygon","coordinates":[[[-73.97848,40.74515],[-73.97784,40.74515],[-73.97784,40.74587],[-73.97848,40.74587],[-73.97848,40.74515]]]}},{"type":"Feature","properties":{"id":"sr-90","height":124.5,"levels":36,"source":"procedural-static-footprint"},"geometry":{"type":"Polygon","coordinates":[[[-73.977425,40.7453],[-73.976695,40.7453],[-73.976695,40.74574],[-73.977425,40.74574],[-73.977425,40.7453]]]}},{"type":"Feature","properties":{"id":"sr-91","height":82.5,"levels":24,"source":"procedural-static-footprint"},"geometry":{"type":"Polygon","coordinates":[[[-73.995305,40.74604],[-73.994575,40.74604],[-73.994575,40.74648],[-73.995305,40.74648],[-73.995305,40.74604]]]}},{"type":"Feature","properties":{"id":"sr-92","height":121,"levels":35,"source":"procedural-static-footprint"},"geometry":{"type":"Polygon","coordinates":[[[-73.99425,40.746015],[-73.99343,40.746015],[-73.99343,40.746525],[-73.99425,40.746525],[-73.99425,40.746015]]]}},{"type":"Feature","properties":{"id":"sr-93","height":75.5,"levels":22,"source":"procedural-static-footprint"},"geometry":{"type":"Polygon","coordinates":[[[-73.993325,40.74599],[-73.992415,40.74599],[-73.992415,40.74657],[-73.993325,40.74657],[-73.993325,40.74599]]]}},{"type":"Feature","properties":{"id":"sr-94","height":114,"levels":33,"source":"procedural-static-footprint"},"geometry":{"type":"Polygon","coordinates":[[[-73.99209,40.745965],[-73.99145,40.745965],[-73.99145,40.746615],[-73.99209,40.746615],[-73.99209,40.745965]]]}},{"type":"Feature","properties":{"id":"sr-95","height":68.5,"levels":20,"source":"procedural-static-footprint"},"geometry":{"type":"Polygon","coordinates":[[[-73.991165,40.74583],[-73.990435,40.74583],[-73.990435,40.74655],[-73.991165,40.74655],[-73.991165,40.74583]]]}},{"type":"Feature","properties":{"id":"sr-96","height":107,"levels":31,"source":"procedural-static-footprint"},"geometry":{"type":"Polygon","coordinates":[[[-73.99011,40.74598],[-73.98929,40.74598],[-73.98929,40.74642],[-73.99011,40.74642],[-73.99011,40.74598]]]}},{"type":"Feature","properties":{"id":"sr-97","height":61.5,"levels":18,"source":"procedural-static-footprint"},"geometry":{"type":"Polygon","coordinates":[[[-73.989055,40.745955],[-73.988145,40.745955],[-73.988145,40.746465],[-73.989055,40.746465],[-73.989055,40.745955]]]}},{"type":"Feature","properties":{"id":"sr-98","height":100,"levels":29,"source":"procedural-static-footprint"},"geometry":{"type":"Polygon","coordinates":[[[-73.98795,40.74593],[-73.98731,40.74593],[-73.98731,40.74651],[-73.98795,40.74651],[-73.98795,40.74593]]]}},{"type":"Feature","properties":{"id":"sr-99","height":54.5,"levels":16,"source":"procedural-static-footprint"},"geometry":{"type":"Polygon","coordinates":[[[-73.986895,40.745905],[-73.986165,40.745905],[-73.986165,40.746555],[-73.986895,40.746555],[-73.986895,40.745905]]]}},{"type":"Feature","properties":{"id":"sr-100","height":93,"levels":27,"source":"procedural-static-footprint"},"geometry":{"type":"Polygon","coordinates":[[[-73.98597,40.74588],[-73.98515,40.74588],[-73.98515,40.7466],[-73.98597,40.7466],[-73.98597,40.74588]]]}},{"type":"Feature","properties":{"id":"sr-101","height":47.5,"levels":14,"source":"procedural-static-footprint"},"geometry":{"type":"Polygon","coordinates":[[[-73.984915,40.74603],[-73.984005,40.74603],[-73.984005,40.74647],[-73.984915,40.74647],[-73.984915,40.74603]]]}},{"type":"Feature","properties":{"id":"sr-102","height":86,"levels":25,"source":"procedural-static-footprint"},"geometry":{"type":"Polygon","coordinates":[[[-73.98368,40.746005],[-73.98304,40.746005],[-73.98304,40.746515],[-73.98368,40.746515],[-73.98368,40.746005]]]}},{"type":"Feature","properties":{"id":"sr-103","height":124.5,"levels":36,"source":"procedural-static-footprint"},"geometry":{"type":"Polygon","coordinates":[[[-73.982755,40.74598],[-73.982025,40.74598],[-73.982025,40.74656],[-73.982755,40.74656],[-73.982755,40.74598]]]}},{"type":"Feature","properties":{"id":"sr-104","height":79,"levels":23,"source":"procedural-static-footprint"},"geometry":{"type":"Polygon","coordinates":[[[-73.9817,40.745955],[-73.98088,40.745955],[-73.98088,40.746605],[-73.9817,40.746605],[-73.9817,40.745955]]]}},{"type":"Feature","properties":{"id":"sr-105","height":117.5,"levels":34,"source":"procedural-static-footprint"},"geometry":{"type":"Polygon","coordinates":[[[-73.980645,40.74593],[-73.979735,40.74593],[-73.979735,40.74665],[-73.980645,40.74665],[-73.980645,40.74593]]]}},{"type":"Feature","properties":{"id":"sr-106","height":72,"levels":21,"source":"procedural-static-footprint"},"geometry":{"type":"Polygon","coordinates":[[[-73.97954,40.74597],[-73.9789,40.74597],[-73.9789,40.74641],[-73.97954,40.74641],[-73.97954,40.74597]]]}},{"type":"Feature","properties":{"id":"sr-107","height":110.5,"levels":32,"source":"procedural-static-footprint"},"geometry":{"type":"Polygon","coordinates":[[[-73.978485,40.745945],[-73.977755,40.745945],[-73.977755,40.746455],[-73.978485,40.746455],[-73.978485,40.745945]]]}},{"type":"Feature","properties":{"id":"sr-108","height":65,"levels":19,"source":"procedural-static-footprint"},"geometry":{"type":"Polygon","coordinates":[[[-73.97756,40.74592],[-73.97674,40.74592],[-73.97674,40.7465],[-73.97756,40.7465],[-73.97756,40.74592]]]}},{"type":"Feature","properties":{"id":"sr-109","height":107,"levels":31,"source":"procedural-static-footprint"},"geometry":{"type":"Polygon","coordinates":[[[-73.99531,40.74666],[-73.99449,40.74666],[-73.99449,40.74724],[-73.99531,40.74724],[-73.99531,40.74666]]]}},{"type":"Feature","properties":{"id":"sr-110","height":61.5,"levels":18,"source":"procedural-static-footprint"},"geometry":{"type":"Polygon","coordinates":[[[-73.994385,40.746635],[-73.993475,40.746635],[-73.993475,40.747285],[-73.994385,40.747285],[-73.994385,40.746635]]]}},{"type":"Feature","properties":{"id":"sr-111","height":100,"levels":29,"source":"procedural-static-footprint"},"geometry":{"type":"Polygon","coordinates":[[[-73.99315,40.74661],[-73.99251,40.74661],[-73.99251,40.74733],[-73.99315,40.74733],[-73.99315,40.74661]]]}},{"type":"Feature","properties":{"id":"sr-112","height":54.5,"levels":16,"source":"procedural-static-footprint"},"geometry":{"type":"Polygon","coordinates":[[[-73.992225,40.74676],[-73.991495,40.74676],[-73.991495,40.7472],[-73.992225,40.7472],[-73.992225,40.74676]]]}},{"type":"Feature","properties":{"id":"sr-113","height":93,"levels":27,"source":"procedural-static-footprint"},"geometry":{"type":"Polygon","coordinates":[[[-73.99117,40.746735],[-73.99035,40.746735],[-73.99035,40.747245],[-73.99117,40.747245],[-73.99117,40.746735]]]}},{"type":"Feature","properties":{"id":"sr-114","height":47.5,"levels":14,"source":"procedural-static-footprint"},"geometry":{"type":"Polygon","coordinates":[[[-73.990115,40.74671],[-73.989205,40.74671],[-73.989205,40.74729],[-73.990115,40.74729],[-73.990115,40.74671]]]}},{"type":"Feature","properties":{"id":"sr-115","height":86,"levels":25,"source":"procedural-static-footprint"},"geometry":{"type":"Polygon","coordinates":[[[-73.98901,40.746685],[-73.98837,40.746685],[-73.98837,40.747335],[-73.98901,40.747335],[-73.98901,40.746685]]]}},{"type":"Feature","properties":{"id":"sr-116","height":124.5,"levels":36,"source":"procedural-static-footprint"},"geometry":{"type":"Polygon","coordinates":[[[-73.987955,40.74655],[-73.987225,40.74655],[-73.987225,40.74727],[-73.987955,40.74727],[-73.987955,40.74655]]]}},{"type":"Feature","properties":{"id":"sr-117","height":79,"levels":23,"source":"procedural-static-footprint"},"geometry":{"type":"Polygon","coordinates":[[[-73.9869,40.7467],[-73.98608,40.7467],[-73.98608,40.74714],[-73.9869,40.74714],[-73.9869,40.7467]]]}},{"type":"Feature","properties":{"id":"sr-118","height":117.5,"levels":34,"source":"procedural-static-footprint"},"geometry":{"type":"Polygon","coordinates":[[[-73.985975,40.746675],[-73.985065,40.746675],[-73.985065,40.747185],[-73.985975,40.747185],[-73.985975,40.746675]]]}},{"type":"Feature","properties":{"id":"sr-119","height":72,"levels":21,"source":"procedural-static-footprint"},"geometry":{"type":"Polygon","coordinates":[[[-73.98474,40.74665],[-73.9841,40.74665],[-73.9841,40.74723],[-73.98474,40.74723],[-73.98474,40.74665]]]}},{"type":"Feature","properties":{"id":"sr-120","height":110.5,"levels":32,"source":"procedural-static-footprint"},"geometry":{"type":"Polygon","coordinates":[[[-73.983815,40.746625],[-73.983085,40.746625],[-73.983085,40.747275],[-73.983815,40.747275],[-73.983815,40.746625]]]}},{"type":"Feature","properties":{"id":"sr-121","height":65,"levels":19,"source":"procedural-static-footprint"},"geometry":{"type":"Polygon","coordinates":[[[-73.98276,40.7466],[-73.98194,40.7466],[-73.98194,40.74732],[-73.98276,40.74732],[-73.98276,40.7466]]]}},{"type":"Feature","properties":{"id":"sr-122","height":103.5,"levels":30,"source":"procedural-static-footprint"},"geometry":{"type":"Polygon","coordinates":[[[-73.981705,40.74675],[-73.980795,40.74675],[-73.980795,40.74719],[-73.981705,40.74719],[-73.981705,40.74675]]]}},{"type":"Feature","properties":{"id":"sr-123","height":58,"levels":17,"source":"procedural-static-footprint"},"geometry":{"type":"Polygon","coordinates":[[[-73.9806,40.746725],[-73.97996,40.746725],[-73.97996,40.747235],[-73.9806,40.747235],[-73.9806,40.746725]]]}},{"type":"Feature","properties":{"id":"sr-124","height":96.5,"levels":28,"source":"procedural-static-footprint"},"geometry":{"type":"Polygon","coordinates":[[[-73.979545,40.7467],[-73.978815,40.7467],[-73.978815,40.74728],[-73.979545,40.74728],[-73.979545,40.7467]]]}},{"type":"Feature","properties":{"id":"sr-125","height":51,"levels":15,"source":"procedural-static-footprint"},"geometry":{"type":"Polygon","coordinates":[[[-73.97862,40.746675],[-73.9778,40.746675],[-73.9778,40.747325],[-73.97862,40.747325],[-73.97862,40.746675]]]}},{"type":"Feature","properties":{"id":"sr-126","height":89.5,"levels":26,"source":"procedural-static-footprint"},"geometry":{"type":"Polygon","coordinates":[[[-73.977565,40.74665],[-73.976655,40.74665],[-73.976655,40.74737],[-73.977565,40.74737],[-73.977565,40.74665]]]}},{"type":"Feature","properties":{"id":"sr-127","height":47.5,"levels":14,"source":"procedural-static-footprint"},"geometry":{"type":"Polygon","coordinates":[[[-73.995445,40.74728],[-73.994535,40.74728],[-73.994535,40.748],[-73.995445,40.748],[-73.995445,40.74728]]]}},{"type":"Feature","properties":{"id":"sr-128","height":86,"levels":25,"source":"procedural-static-footprint"},"geometry":{"type":"Polygon","coordinates":[[[-73.99421,40.74743],[-73.99357,40.74743],[-73.99357,40.74787],[-73.99421,40.74787],[-73.99421,40.74743]]]}},{"type":"Feature","properties":{"id":"sr-129","height":124.5,"levels":36,"source":"procedural-static-footprint"},"geometry":{"type":"Polygon","coordinates":[[[-73.993155,40.747405],[-73.992425,40.747405],[-73.992425,40.747915],[-73.993155,40.747915],[-73.993155,40.747405]]]}},{"type":"Feature","properties":{"id":"sr-130","height":79,"levels":23,"source":"procedural-static-footprint"},"geometry":{"type":"Polygon","coordinates":[[[-73.99223,40.74738],[-73.99141,40.74738],[-73.99141,40.74796],[-73.99223,40.74796],[-73.99223,40.74738]]]}},{"type":"Feature","properties":{"id":"sr-131","height":117.5,"levels":34,"source":"procedural-static-footprint"},"geometry":{"type":"Polygon","coordinates":[[[-73.991175,40.747355],[-73.990265,40.747355],[-73.990265,40.748005],[-73.991175,40.748005],[-73.991175,40.747355]]]}},{"type":"Feature","properties":{"id":"sr-132","height":72,"levels":21,"source":"procedural-static-footprint"},"geometry":{"type":"Polygon","coordinates":[[[-73.99007,40.74733],[-73.98943,40.74733],[-73.98943,40.74805],[-73.99007,40.74805],[-73.99007,40.74733]]]}},{"type":"Feature","properties":{"id":"sr-133","height":110.5,"levels":32,"source":"procedural-static-footprint"},"geometry":{"type":"Polygon","coordinates":[[[-73.989015,40.74748],[-73.988285,40.74748],[-73.988285,40.74792],[-73.989015,40.74792],[-73.989015,40.74748]]]}},{"type":"Feature","properties":{"id":"sr-134","height":65,"levels":19,"source":"procedural-static-footprint"},"geometry":{"type":"Polygon","coordinates":[[[-73.98796,40.747455],[-73.98714,40.747455],[-73.98714,40.747965],[-73.98796,40.747965],[-73.98796,40.747455]]]}},{"type":"Feature","properties":{"id":"sr-135","height":103.5,"levels":30,"source":"procedural-static-footprint"},"geometry":{"type":"Polygon","coordinates":[[[-73.987035,40.74743],[-73.986125,40.74743],[-73.986125,40.74801],[-73.987035,40.74801],[-73.987035,40.74743]]]}},{"type":"Feature","properties":{"id":"sr-136","height":58,"levels":17,"source":"procedural-static-footprint"},"geometry":{"type":"Polygon","coordinates":[[[-73.9858,40.747405],[-73.98516,40.747405],[-73.98516,40.748055],[-73.9858,40.748055],[-73.9858,40.747405]]]}},{"type":"Feature","properties":{"id":"sr-137","height":96.5,"levels":28,"source":"procedural-static-footprint"},"geometry":{"type":"Polygon","coordinates":[[[-73.984875,40.74727],[-73.984145,40.74727],[-73.984145,40.74799],[-73.984875,40.74799],[-73.984875,40.74727]]]}},{"type":"Feature","properties":{"id":"sr-138","height":51,"levels":15,"source":"procedural-static-footprint"},"geometry":{"type":"Polygon","coordinates":[[[-73.98382,40.74742],[-73.983,40.74742],[-73.983,40.74786],[-73.98382,40.74786],[-73.98382,40.74742]]]}},{"type":"Feature","properties":{"id":"sr-139","height":89.5,"levels":26,"source":"procedural-static-footprint"},"geometry":{"type":"Polygon","coordinates":[[[-73.982765,40.747395],[-73.981855,40.747395],[-73.981855,40.747905],[-73.982765,40.747905],[-73.982765,40.747395]]]}},{"type":"Feature","properties":{"id":"sr-140","height":44,"levels":13,"source":"procedural-static-footprint"},"geometry":{"type":"Polygon","coordinates":[[[-73.98166,40.74737],[-73.98102,40.74737],[-73.98102,40.74795],[-73.98166,40.74795],[-73.98166,40.74737]]]}},{"type":"Feature","properties":{"id":"sr-141","height":82.5,"levels":24,"source":"procedural-static-footprint"},"geometry":{"type":"Polygon","coordinates":[[[-73.980605,40.747345],[-73.979875,40.747345],[-73.979875,40.747995],[-73.980605,40.747995],[-73.980605,40.747345]]]}},{"type":"Feature","properties":{"id":"sr-142","height":121,"levels":35,"source":"procedural-static-footprint"},"geometry":{"type":"Polygon","coordinates":[[[-73.97955,40.74732],[-73.97873,40.74732],[-73.97873,40.74804],[-73.97955,40.74804],[-73.97955,40.74732]]]}},{"type":"Feature","properties":{"id":"sr-143","height":75.5,"levels":22,"source":"procedural-static-footprint"},"geometry":{"type":"Polygon","coordinates":[[[-73.978625,40.74747],[-73.977715,40.74747],[-73.977715,40.74791],[-73.978625,40.74791],[-73.978625,40.74747]]]}},{"type":"Feature","properties":{"id":"sr-144","height":114,"levels":33,"source":"procedural-static-footprint"},"geometry":{"type":"Polygon","coordinates":[[[-73.97739,40.747445],[-73.97675,40.747445],[-73.97675,40.747955],[-73.97739,40.747955],[-73.97739,40.747445]]]}},{"type":"Feature","properties":{"id":"sr-145","height":72,"levels":21,"source":"procedural-static-footprint"},"geometry":{"type":"Polygon","coordinates":[[[-73.99527,40.748185],[-73.99463,40.748185],[-73.99463,40.748695],[-73.99527,40.748695],[-73.99527,40.748185]]]}},{"type":"Feature","properties":{"id":"sr-146","height":110.5,"levels":32,"source":"procedural-static-footprint"},"geometry":{"type":"Polygon","coordinates":[[[-73.994215,40.74816],[-73.993485,40.74816],[-73.993485,40.74874],[-73.994215,40.74874],[-73.994215,40.74816]]]}},{"type":"Feature","properties":{"id":"sr-147","height":65,"levels":19,"source":"procedural-static-footprint"},"geometry":{"type":"Polygon","coordinates":[[[-73.99329,40.748025],[-73.99247,40.748025],[-73.99247,40.748675],[-73.99329,40.748675],[-73.99329,40.748025]]]}},{"type":"Feature","properties":{"id":"sr-148","height":103.5,"levels":30,"source":"procedural-static-footprint"},"geometry":{"type":"Polygon","coordinates":[[[-73.992235,40.748],[-73.991325,40.748],[-73.991325,40.74872],[-73.992235,40.74872],[-73.992235,40.748]]]}},{"type":"Feature","properties":{"id":"sr-149","height":58,"levels":17,"source":"procedural-static-footprint"},"geometry":{"type":"Polygon","coordinates":[[[-73.99113,40.74815],[-73.99049,40.74815],[-73.99049,40.74859],[-73.99113,40.74859],[-73.99113,40.74815]]]}},{"type":"Feature","properties":{"id":"sr-150","height":96.5,"levels":28,"source":"procedural-static-footprint"},"geometry":{"type":"Polygon","coordinates":[[[-73.990075,40.748125],[-73.989345,40.748125],[-73.989345,40.748635],[-73.990075,40.748635],[-73.990075,40.748125]]]}},{"type":"Feature","properties":{"id":"sr-151","height":51,"levels":15,"source":"procedural-static-footprint"},"geometry":{"type":"Polygon","coordinates":[[[-73.98902,40.7481],[-73.9882,40.7481],[-73.9882,40.74868],[-73.98902,40.74868],[-73.98902,40.7481]]]}},{"type":"Feature","properties":{"id":"sr-152","height":89.5,"levels":26,"source":"procedural-static-footprint"},"geometry":{"type":"Polygon","coordinates":[[[-73.988095,40.748075],[-73.987185,40.748075],[-73.987185,40.748725],[-73.988095,40.748725],[-73.988095,40.748075]]]}},{"type":"Feature","properties":{"id":"sr-153","height":44,"levels":13,"source":"procedural-static-footprint"},"geometry":{"type":"Polygon","coordinates":[[[-73.98686,40.74805],[-73.98622,40.74805],[-73.98622,40.74877],[-73.98686,40.74877],[-73.98686,40.74805]]]}},{"type":"Feature","properties":{"id":"sr-154","height":82.5,"levels":24,"source":"procedural-static-footprint"},"geometry":{"type":"Polygon","coordinates":[[[-73.985805,40.7482],[-73.985075,40.7482],[-73.985075,40.74864],[-73.985805,40.74864],[-73.985805,40.7482]]]}},{"type":"Feature","properties":{"id":"sr-155","height":121,"levels":35,"source":"procedural-static-footprint"},"geometry":{"type":"Polygon","coordinates":[[[-73.98488,40.748175],[-73.98406,40.748175],[-73.98406,40.748685],[-73.98488,40.748685],[-73.98488,40.748175]]]}},{"type":"Feature","properties":{"id":"sr-156","height":75.5,"levels":22,"source":"procedural-static-footprint"},"geometry":{"type":"Polygon","coordinates":[[[-73.983825,40.74815],[-73.982915,40.74815],[-73.982915,40.74873],[-73.983825,40.74873],[-73.983825,40.74815]]]}},{"type":"Feature","properties":{"id":"sr-157","height":114,"levels":33,"source":"procedural-static-footprint"},"geometry":{"type":"Polygon","coordinates":[[[-73.98272,40.748125],[-73.98208,40.748125],[-73.98208,40.748775],[-73.98272,40.748775],[-73.98272,40.748125]]]}},{"type":"Feature","properties":{"id":"sr-158","height":68.5,"levels":20,"source":"procedural-static-footprint"},"geometry":{"type":"Polygon","coordinates":[[[-73.981665,40.74799],[-73.980935,40.74799],[-73.980935,40.74871],[-73.981665,40.74871],[-73.981665,40.74799]]]}},{"type":"Feature","properties":{"id":"sr-159","height":107,"levels":31,"source":"procedural-static-footprint"},"geometry":{"type":"Polygon","coordinates":[[[-73.98061,40.74814],[-73.97979,40.74814],[-73.97979,40.74858],[-73.98061,40.74858],[-73.98061,40.74814]]]}},{"type":"Feature","properties":{"id":"sr-160","height":61.5,"levels":18,"source":"procedural-static-footprint"},"geometry":{"type":"Polygon","coordinates":[[[-73.979685,40.748115],[-73.978775,40.748115],[-73.978775,40.748625],[-73.979685,40.748625],[-73.979685,40.748115]]]}},{"type":"Feature","properties":{"id":"sr-161","height":100,"levels":29,"source":"procedural-static-footprint"},"geometry":{"type":"Polygon","coordinates":[[[-73.97845,40.74809],[-73.97781,40.74809],[-73.97781,40.74867],[-73.97845,40.74867],[-73.97845,40.74809]]]}},{"type":"Feature","properties":{"id":"sr-162","height":54.5,"levels":16,"source":"procedural-static-footprint"},"geometry":{"type":"Polygon","coordinates":[[[-73.977525,40.748065],[-73.976795,40.748065],[-73.976795,40.748715],[-73.977525,40.748715],[-73.977525,40.748065]]]}},{"type":"Feature","properties":{"id":"sr-163","height":96.5,"levels":28,"source":"procedural-static-footprint"},"geometry":{"type":"Polygon","coordinates":[[[-73.995275,40.748805],[-73.994545,40.748805],[-73.994545,40.749455],[-73.995275,40.749455],[-73.995275,40.748805]]]}},{"type":"Feature","properties":{"id":"sr-164","height":51,"levels":15,"source":"procedural-static-footprint"},"geometry":{"type":"Polygon","coordinates":[[[-73.99435,40.74878],[-73.99353,40.74878],[-73.99353,40.7495],[-73.99435,40.7495],[-73.99435,40.74878]]]}},{"type":"Feature","properties":{"id":"sr-165","height":89.5,"levels":26,"source":"procedural-static-footprint"},"geometry":{"type":"Polygon","coordinates":[[[-73.993295,40.74893],[-73.992385,40.74893],[-73.992385,40.74937],[-73.993295,40.74937],[-73.993295,40.74893]]]}},{"type":"Feature","properties":{"id":"sr-166","height":44,"levels":13,"source":"procedural-static-footprint"},"geometry":{"type":"Polygon","coordinates":[[[-73.99206,40.748905],[-73.99142,40.748905],[-73.99142,40.749415],[-73.99206,40.749415],[-73.99206,40.748905]]]}},{"type":"Feature","properties":{"id":"sr-167","height":82.5,"levels":24,"source":"procedural-static-footprint"},"geometry":{"type":"Polygon","coordinates":[[[-73.991135,40.74888],[-73.990405,40.74888],[-73.990405,40.74946],[-73.991135,40.74946],[-73.991135,40.74888]]]}},{"type":"Feature","properties":{"id":"sr-168","height":121,"levels":35,"source":"procedural-static-footprint"},"geometry":{"type":"Polygon","coordinates":[[[-73.99008,40.748745],[-73.98926,40.748745],[-73.98926,40.749395],[-73.99008,40.749395],[-73.99008,40.748745]]]}},{"type":"Feature","properties":{"id":"sr-169","height":75.5,"levels":22,"source":"procedural-static-footprint"},"geometry":{"type":"Polygon","coordinates":[[[-73.989155,40.74872],[-73.988245,40.74872],[-73.988245,40.74944],[-73.989155,40.74944],[-73.989155,40.74872]]]}},{"type":"Feature","properties":{"id":"sr-170","height":114,"levels":33,"source":"procedural-static-footprint"},"geometry":{"type":"Polygon","coordinates":[[[-73.98792,40.74887],[-73.98728,40.74887],[-73.98728,40.74931],[-73.98792,40.74931],[-73.98792,40.74887]]]}},{"type":"Feature","properties":{"id":"sr-171","height":68.5,"levels":20,"source":"procedural-static-footprint"},"geometry":{"type":"Polygon","coordinates":[[[-73.986865,40.748845],[-73.986135,40.748845],[-73.986135,40.749355],[-73.986865,40.749355],[-73.986865,40.748845]]]}},{"type":"Feature","properties":{"id":"sr-172","height":107,"levels":31,"source":"procedural-static-footprint"},"geometry":{"type":"Polygon","coordinates":[[[-73.98594,40.74882],[-73.98512,40.74882],[-73.98512,40.7494],[-73.98594,40.7494],[-73.98594,40.74882]]]}},{"type":"Feature","properties":{"id":"sr-173","height":61.5,"levels":18,"source":"procedural-static-footprint"},"geometry":{"type":"Polygon","coordinates":[[[-73.984885,40.748795],[-73.983975,40.748795],[-73.983975,40.749445],[-73.984885,40.749445],[-73.984885,40.748795]]]}},{"type":"Feature","properties":{"id":"sr-174","height":100,"levels":29,"source":"procedural-static-footprint"},"geometry":{"type":"Polygon","coordinates":[[[-73.98378,40.74877],[-73.98314,40.74877],[-73.98314,40.74949],[-73.98378,40.74949],[-73.98378,40.74877]]]}},{"type":"Feature","properties":{"id":"sr-175","height":54.5,"levels":16,"source":"procedural-static-footprint"},"geometry":{"type":"Polygon","coordinates":[[[-73.982725,40.74892],[-73.981995,40.74892],[-73.981995,40.74936],[-73.982725,40.74936],[-73.982725,40.74892]]]}},{"type":"Feature","properties":{"id":"sr-176","height":93,"levels":27,"source":"procedural-static-footprint"},"geometry":{"type":"Polygon","coordinates":[[[-73.98167,40.748895],[-73.98085,40.748895],[-73.98085,40.749405],[-73.98167,40.749405],[-73.98167,40.748895]]]}},{"type":"Feature","properties":{"id":"sr-177","height":47.5,"levels":14,"source":"procedural-static-footprint"},"geometry":{"type":"Polygon","coordinates":[[[-73.980745,40.74887],[-73.979835,40.74887],[-73.979835,40.74945],[-73.980745,40.74945],[-73.980745,40.74887]]]}},{"type":"Feature","properties":{"id":"sr-178","height":86,"levels":25,"source":"procedural-static-footprint"},"geometry":{"type":"Polygon","coordinates":[[[-73.97951,40.748845],[-73.97887,40.748845],[-73.97887,40.749495],[-73.97951,40.749495],[-73.97951,40.748845]]]}},{"type":"Feature","properties":{"id":"sr-179","height":124.5,"levels":36,"source":"procedural-static-footprint"},"geometry":{"type":"Polygon","coordinates":[[[-73.978455,40.74871],[-73.977725,40.74871],[-73.977725,40.74943],[-73.978455,40.74943],[-73.978455,40.74871]]]}},{"type":"Feature","properties":{"id":"sr-180","height":79,"levels":23,"source":"procedural-static-footprint"},"geometry":{"type":"Polygon","coordinates":[[[-73.97753,40.74886],[-73.97671,40.74886],[-73.97671,40.7493],[-73.97753,40.7493],[-73.97753,40.74886]]]}},{"type":"Feature","properties":{"id":"sr-181","height":121,"levels":35,"source":"procedural-static-footprint"},"geometry":{"type":"Polygon","coordinates":[[[-73.99541,40.7496],[-73.99459,40.7496],[-73.99459,40.75004],[-73.99541,40.75004],[-73.99541,40.7496]]]}},{"type":"Feature","properties":{"id":"sr-182","height":75.5,"levels":22,"source":"procedural-static-footprint"},"geometry":{"type":"Polygon","coordinates":[[[-73.994355,40.749575],[-73.993445,40.749575],[-73.993445,40.750085],[-73.994355,40.750085],[-73.994355,40.749575]]]}},{"type":"Feature","properties":{"id":"sr-183","height":114,"levels":33,"source":"procedural-static-footprint"},"geometry":{"type":"Polygon","coordinates":[[[-73.99312,40.74955],[-73.99248,40.74955],[-73.99248,40.75013],[-73.99312,40.75013],[-73.99312,40.74955]]]}},{"type":"Feature","properties":{"id":"sr-184","height":68.5,"levels":20,"source":"procedural-static-footprint"},"geometry":{"type":"Polygon","coordinates":[[[-73.992195,40.749525],[-73.991465,40.749525],[-73.991465,40.750175],[-73.992195,40.750175],[-73.992195,40.749525]]]}},{"type":"Feature","properties":{"id":"sr-185","height":107,"levels":31,"source":"procedural-static-footprint"},"geometry":{"type":"Polygon","coordinates":[[[-73.99114,40.7495],[-73.99032,40.7495],[-73.99032,40.75022],[-73.99114,40.75022],[-73.99114,40.7495]]]}},{"type":"Feature","properties":{"id":"sr-186","height":61.5,"levels":18,"source":"procedural-static-footprint"},"geometry":{"type":"Polygon","coordinates":[[[-73.990215,40.74965],[-73.989305,40.74965],[-73.989305,40.75009],[-73.990215,40.75009],[-73.990215,40.74965]]]}},{"type":"Feature","properties":{"id":"sr-187","height":100,"levels":29,"source":"procedural-static-footprint"},"geometry":{"type":"Polygon","coordinates":[[[-73.98898,40.749625],[-73.98834,40.749625],[-73.98834,40.750135],[-73.98898,40.750135],[-73.98898,40.749625]]]}},{"type":"Feature","properties":{"id":"sr-188","height":54.5,"levels":16,"source":"procedural-static-footprint"},"geometry":{"type":"Polygon","coordinates":[[[-73.987925,40.7496],[-73.987195,40.7496],[-73.987195,40.75018],[-73.987925,40.75018],[-73.987925,40.7496]]]}},{"type":"Feature","properties":{"id":"sr-189","height":93,"levels":27,"source":"procedural-static-footprint"},"geometry":{"type":"Polygon","coordinates":[[[-73.987,40.749465],[-73.98618,40.749465],[-73.98618,40.750115],[-73.987,40.750115],[-73.987,40.749465]]]}},{"type":"Feature","properties":{"id":"sr-190","height":47.5,"levels":14,"source":"procedural-static-footprint"},"geometry":{"type":"Polygon","coordinates":[[[-73.985945,40.74944],[-73.985035,40.74944],[-73.985035,40.75016],[-73.985945,40.75016],[-73.985945,40.74944]]]}},{"type":"Feature","properties":{"id":"sr-191","height":86,"levels":25,"source":"procedural-static-footprint"},"geometry":{"type":"Polygon","coordinates":[[[-73.98471,40.74959],[-73.98407,40.74959],[-73.98407,40.75003],[-73.98471,40.75003],[-73.98471,40.74959]]]}},{"type":"Feature","properties":{"id":"sr-192","height":124.5,"levels":36,"source":"procedural-static-footprint"},"geometry":{"type":"Polygon","coordinates":[[[-73.983785,40.749565],[-73.983055,40.749565],[-73.983055,40.750075],[-73.983785,40.750075],[-73.983785,40.749565]]]}},{"type":"Feature","properties":{"id":"sr-193","height":79,"levels":23,"source":"procedural-static-footprint"},"geometry":{"type":"Polygon","coordinates":[[[-73.98273,40.74954],[-73.98191,40.74954],[-73.98191,40.75012],[-73.98273,40.75012],[-73.98273,40.74954]]]}},{"type":"Feature","properties":{"id":"sr-194","height":117.5,"levels":34,"source":"procedural-static-footprint"},"geometry":{"type":"Polygon","coordinates":[[[-73.981805,40.749515],[-73.980895,40.749515],[-73.980895,40.750165],[-73.981805,40.750165],[-73.981805,40.749515]]]}},{"type":"Feature","properties":{"id":"sr-195","height":72,"levels":21,"source":"procedural-static-footprint"},"geometry":{"type":"Polygon","coordinates":[[[-73.98057,40.74949],[-73.97993,40.74949],[-73.97993,40.75021],[-73.98057,40.75021],[-73.98057,40.74949]]]}},{"type":"Feature","properties":{"id":"sr-196","height":110.5,"levels":32,"source":"procedural-static-footprint"},"geometry":{"type":"Polygon","coordinates":[[[-73.979515,40.74964],[-73.978785,40.74964],[-73.978785,40.75008],[-73.979515,40.75008],[-73.979515,40.74964]]]}},{"type":"Feature","properties":{"id":"sr-197","height":65,"levels":19,"source":"procedural-static-footprint"},"geometry":{"type":"Polygon","coordinates":[[[-73.97859,40.749615],[-73.97777,40.749615],[-73.97777,40.750125],[-73.97859,40.750125],[-73.97859,40.749615]]]}},{"type":"Feature","properties":{"id":"sr-198","height":103.5,"levels":30,"source":"procedural-static-footprint"},"geometry":{"type":"Polygon","coordinates":[[[-73.977535,40.74959],[-73.976625,40.74959],[-73.976625,40.75017],[-73.977535,40.75017],[-73.977535,40.74959]]]}},{"type":"Feature","properties":{"id":"sr-199","height":61.5,"levels":18,"source":"procedural-static-footprint"},"geometry":{"type":"Polygon","coordinates":[[[-73.995415,40.75022],[-73.994505,40.75022],[-73.994505,40.7508],[-73.995415,40.7508],[-73.995415,40.75022]]]}},{"type":"Feature","properties":{"id":"sr-200","height":100,"levels":29,"source":"procedural-static-footprint"},"geometry":{"type":"Polygon","coordinates":[[[-73.99418,40.750195],[-73.99354,40.750195],[-73.99354,40.750845],[-73.99418,40.750845],[-73.99418,40.750195]]]}},{"type":"Feature","properties":{"id":"sr-201","height":54.5,"levels":16,"source":"procedural-static-footprint"},"geometry":{"type":"Polygon","coordinates":[[[-73.993255,40.75017],[-73.992525,40.75017],[-73.992525,40.75089],[-73.993255,40.75089],[-73.993255,40.75017]]]}},{"type":"Feature","properties":{"id":"sr-202","height":93,"levels":27,"source":"procedural-static-footprint"},"geometry":{"type":"Polygon","coordinates":[[[-73.9922,40.75032],[-73.99138,40.75032],[-73.99138,40.75076],[-73.9922,40.75076],[-73.9922,40.75032]]]}},{"type":"Feature","properties":{"id":"sr-203","height":47.5,"levels":14,"source":"procedural-static-footprint"},"geometry":{"type":"Polygon","coordinates":[[[-73.991145,40.750295],[-73.990235,40.750295],[-73.990235,40.750805],[-73.991145,40.750805],[-73.991145,40.750295]]]}},{"type":"Feature","properties":{"id":"sr-204","height":86,"levels":25,"source":"procedural-static-footprint"},"geometry":{"type":"Polygon","coordinates":[[[-73.99004,40.75027],[-73.9894,40.75027],[-73.9894,40.75085],[-73.99004,40.75085],[-73.99004,40.75027]]]}},{"type":"Feature","properties":{"id":"sr-205","height":124.5,"levels":36,"source":"procedural-static-footprint"},"geometry":{"type":"Polygon","coordinates":[[[-73.988985,40.750245],[-73.988255,40.750245],[-73.988255,40.750895],[-73.988985,40.750895],[-73.988985,40.750245]]]}},{"type":"Feature","properties":{"id":"sr-206","height":79,"levels":23,"source":"procedural-static-footprint"},"geometry":{"type":"Polygon","coordinates":[[[-73.98806,40.75022],[-73.98724,40.75022],[-73.98724,40.75094],[-73.98806,40.75094],[-73.98806,40.75022]]]}},{"type":"Feature","properties":{"id":"sr-207","height":117.5,"levels":34,"source":"procedural-static-footprint"},"geometry":{"type":"Polygon","coordinates":[[[-73.987005,40.75037],[-73.986095,40.75037],[-73.986095,40.75081],[-73.987005,40.75081],[-73.987005,40.75037]]]}},{"type":"Feature","properties":{"id":"sr-208","height":72,"levels":21,"source":"procedural-static-footprint"},"geometry":{"type":"Polygon","coordinates":[[[-73.98577,40.750345],[-73.98513,40.750345],[-73.98513,40.750855],[-73.98577,40.750855],[-73.98577,40.750345]]]}},{"type":"Feature","properties":{"id":"sr-209","height":110.5,"levels":32,"source":"procedural-static-footprint"},"geometry":{"type":"Polygon","coordinates":[[[-73.984845,40.75032],[-73.984115,40.75032],[-73.984115,40.7509],[-73.984845,40.7509],[-73.984845,40.75032]]]}},{"type":"Feature","properties":{"id":"sr-210","height":65,"levels":19,"source":"procedural-static-footprint"},"geometry":{"type":"Polygon","coordinates":[[[-73.98379,40.750185],[-73.98297,40.750185],[-73.98297,40.750835],[-73.98379,40.750835],[-73.98379,40.750185]]]}},{"type":"Feature","properties":{"id":"sr-211","height":103.5,"levels":30,"source":"procedural-static-footprint"},"geometry":{"type":"Polygon","coordinates":[[[-73.982865,40.75016],[-73.981955,40.75016],[-73.981955,40.75088],[-73.982865,40.75088],[-73.982865,40.75016]]]}},{"type":"Feature","properties":{"id":"sr-212","height":58,"levels":17,"source":"procedural-static-footprint"},"geometry":{"type":"Polygon","coordinates":[[[-73.98163,40.75031],[-73.98099,40.75031],[-73.98099,40.75075],[-73.98163,40.75075],[-73.98163,40.75031]]]}},{"type":"Feature","properties":{"id":"sr-213","height":96.5,"levels":28,"source":"procedural-static-footprint"},"geometry":{"type":"Polygon","coordinates":[[[-73.980575,40.750285],[-73.979845,40.750285],[-73.979845,40.750795],[-73.980575,40.750795],[-73.980575,40.750285]]]}},{"type":"Feature","properties":{"id":"sr-214","height":51,"levels":15,"source":"procedural-static-footprint"},"geometry":{"type":"Polygon","coordinates":[[[-73.97965,40.75026],[-73.97883,40.75026],[-73.97883,40.75084],[-73.97965,40.75084],[-73.97965,40.75026]]]}},{"type":"Feature","properties":{"id":"sr-215","height":89.5,"levels":26,"source":"procedural-static-footprint"},"geometry":{"type":"Polygon","coordinates":[[[-73.978595,40.750235],[-73.977685,40.750235],[-73.977685,40.750885],[-73.978595,40.750885],[-73.978595,40.750235]]]}},{"type":"Feature","properties":{"id":"sr-216","height":44,"levels":13,"source":"procedural-static-footprint"},"geometry":{"type":"Polygon","coordinates":[[[-73.97736,40.75021],[-73.97672,40.75021],[-73.97672,40.75093],[-73.97736,40.75093],[-73.97736,40.75021]]]}},{"type":"Feature","properties":{"id":"sr-217","height":86,"levels":25,"source":"procedural-static-footprint"},"geometry":{"type":"Polygon","coordinates":[[[-73.99524,40.75095],[-73.9946,40.75095],[-73.9946,40.75167],[-73.99524,40.75167],[-73.99524,40.75095]]]}},{"type":"Feature","properties":{"id":"sr-218","height":124.5,"levels":36,"source":"procedural-static-footprint"},"geometry":{"type":"Polygon","coordinates":[[[-73.994315,40.7511],[-73.993585,40.7511],[-73.993585,40.75154],[-73.994315,40.75154],[-73.994315,40.7511]]]}},{"type":"Feature","properties":{"id":"sr-219","height":79,"levels":23,"source":"procedural-static-footprint"},"geometry":{"type":"Polygon","coordinates":[[[-73.99326,40.751075],[-73.99244,40.751075],[-73.99244,40.751585],[-73.99326,40.751585],[-73.99326,40.751075]]]}},{"type":"Feature","properties":{"id":"sr-220","height":117.5,"levels":34,"source":"procedural-static-footprint"},"geometry":{"type":"Polygon","coordinates":[[[-73.992205,40.75094],[-73.991295,40.75094],[-73.991295,40.75152],[-73.992205,40.75152],[-73.992205,40.75094]]]}},{"type":"Feature","properties":{"id":"sr-221","height":72,"levels":21,"source":"procedural-static-footprint"},"geometry":{"type":"Polygon","coordinates":[[[-73.9911,40.750915],[-73.99046,40.750915],[-73.99046,40.751565],[-73.9911,40.751565],[-73.9911,40.750915]]]}},{"type":"Feature","properties":{"id":"sr-222","height":110.5,"levels":32,"source":"procedural-static-footprint"},"geometry":{"type":"Polygon","coordinates":[[[-73.990045,40.75089],[-73.989315,40.75089],[-73.989315,40.75161],[-73.990045,40.75161],[-73.990045,40.75089]]]}},{"type":"Feature","properties":{"id":"sr-223","height":65,"levels":19,"source":"procedural-static-footprint"},"geometry":{"type":"Polygon","coordinates":[[[-73.98912,40.75104],[-73.9883,40.75104],[-73.9883,40.75148],[-73.98912,40.75148],[-73.98912,40.75104]]]}},{"type":"Feature","properties":{"id":"sr-224","height":103.5,"levels":30,"source":"procedural-static-footprint"},"geometry":{"type":"Polygon","coordinates":[[[-73.988065,40.751015],[-73.987155,40.751015],[-73.987155,40.751525],[-73.988065,40.751525],[-73.988065,40.751015]]]}},{"type":"Feature","properties":{"id":"sr-225","height":58,"levels":17,"source":"procedural-static-footprint"},"geometry":{"type":"Polygon","coordinates":[[[-73.98683,40.75099],[-73.98619,40.75099],[-73.98619,40.75157],[-73.98683,40.75157],[-73.98683,40.75099]]]}},{"type":"Feature","properties":{"id":"sr-226","height":96.5,"levels":28,"source":"procedural-static-footprint"},"geometry":{"type":"Polygon","coordinates":[[[-73.985905,40.750965],[-73.985175,40.750965],[-73.985175,40.751615],[-73.985905,40.751615],[-73.985905,40.750965]]]}},{"type":"Feature","properties":{"id":"sr-227","height":51,"levels":15,"source":"procedural-static-footprint"},"geometry":{"type":"Polygon","coordinates":[[[-73.98485,40.75094],[-73.98403,40.75094],[-73.98403,40.75166],[-73.98485,40.75166],[-73.98485,40.75094]]]}},{"type":"Feature","properties":{"id":"sr-228","height":89.5,"levels":26,"source":"procedural-static-footprint"},"geometry":{"type":"Polygon","coordinates":[[[-73.983795,40.75109],[-73.982885,40.75109],[-73.982885,40.75153],[-73.983795,40.75153],[-73.983795,40.75109]]]}},{"type":"Feature","properties":{"id":"sr-229","height":44,"levels":13,"source":"procedural-static-footprint"},"geometry":{"type":"Polygon","coordinates":[[[-73.98269,40.751065],[-73.98205,40.751065],[-73.98205,40.751575],[-73.98269,40.751575],[-73.98269,40.751065]]]}},{"type":"Feature","properties":{"id":"sr-230","height":82.5,"levels":24,"source":"procedural-static-footprint"},"geometry":{"type":"Polygon","coordinates":[[[-73.981635,40.75104],[-73.980905,40.75104],[-73.980905,40.75162],[-73.981635,40.75162],[-73.981635,40.75104]]]}},{"type":"Feature","properties":{"id":"sr-231","height":121,"levels":35,"source":"procedural-static-footprint"},"geometry":{"type":"Polygon","coordinates":[[[-73.98071,40.750905],[-73.97989,40.750905],[-73.97989,40.751555],[-73.98071,40.751555],[-73.98071,40.750905]]]}},{"type":"Feature","properties":{"id":"sr-232","height":75.5,"levels":22,"source":"procedural-static-footprint"},"geometry":{"type":"Polygon","coordinates":[[[-73.979655,40.75088],[-73.978745,40.75088],[-73.978745,40.7516],[-73.979655,40.7516],[-73.979655,40.75088]]]}},{"type":"Feature","properties":{"id":"sr-233","height":114,"levels":33,"source":"procedural-static-footprint"},"geometry":{"type":"Polygon","coordinates":[[[-73.97842,40.75103],[-73.97778,40.75103],[-73.97778,40.75147],[-73.97842,40.75147],[-73.97842,40.75103]]]}},{"type":"Feature","properties":{"id":"sr-234","height":68.5,"levels":20,"source":"procedural-static-footprint"},"geometry":{"type":"Polygon","coordinates":[[[-73.977495,40.751005],[-73.976765,40.751005],[-73.976765,40.751515],[-73.977495,40.751515],[-73.977495,40.751005]]]}},{"type":"Feature","properties":{"id":"sr-235","height":110.5,"levels":32,"source":"procedural-static-footprint"},"geometry":{"type":"Polygon","coordinates":[[[-73.995375,40.751745],[-73.994645,40.751745],[-73.994645,40.752255],[-73.995375,40.752255],[-73.995375,40.751745]]]}},{"type":"Feature","properties":{"id":"sr-236","height":65,"levels":19,"source":"procedural-static-footprint"},"geometry":{"type":"Polygon","coordinates":[[[-73.99432,40.75172],[-73.9935,40.75172],[-73.9935,40.7523],[-73.99432,40.7523],[-73.99432,40.75172]]]}},{"type":"Feature","properties":{"id":"sr-237","height":103.5,"levels":30,"source":"procedural-static-footprint"},"geometry":{"type":"Polygon","coordinates":[[[-73.993265,40.751695],[-73.992355,40.751695],[-73.992355,40.752345],[-73.993265,40.752345],[-73.993265,40.751695]]]}},{"type":"Feature","properties":{"id":"sr-238","height":58,"levels":17,"source":"procedural-static-footprint"},"geometry":{"type":"Polygon","coordinates":[[[-73.99216,40.75167],[-73.99152,40.75167],[-73.99152,40.75239],[-73.99216,40.75239],[-73.99216,40.75167]]]}},{"type":"Feature","properties":{"id":"sr-239","height":96.5,"levels":28,"source":"procedural-static-footprint"},"geometry":{"type":"Polygon","coordinates":[[[-73.991105,40.75182],[-73.990375,40.75182],[-73.990375,40.75226],[-73.991105,40.75226],[-73.991105,40.75182]]]}},{"type":"Feature","properties":{"id":"sr-240","height":51,"levels":15,"source":"procedural-static-footprint"},"geometry":{"type":"Polygon","coordinates":[[[-73.99005,40.751795],[-73.98923,40.751795],[-73.98923,40.752305],[-73.99005,40.752305],[-73.99005,40.751795]]]}},{"type":"Feature","properties":{"id":"sr-241","height":89.5,"levels":26,"source":"procedural-static-footprint"},"geometry":{"type":"Polygon","coordinates":[[[-73.989125,40.75166],[-73.988215,40.75166],[-73.988215,40.75224],[-73.989125,40.75224],[-73.989125,40.75166]]]}},{"type":"Feature","properties":{"id":"sr-242","height":44,"levels":13,"source":"procedural-static-footprint"},"geometry":{"type":"Polygon","coordinates":[[[-73.98789,40.751635],[-73.98725,40.751635],[-73.98725,40.752285],[-73.98789,40.752285],[-73.98789,40.751635]]]}},{"type":"Feature","properties":{"id":"sr-243","height":82.5,"levels":24,"source":"procedural-static-footprint"},"geometry":{"type":"Polygon","coordinates":[[[-73.986965,40.75161],[-73.986235,40.75161],[-73.986235,40.75233],[-73.986965,40.75233],[-73.986965,40.75161]]]}},{"type":"Feature","properties":{"id":"sr-244","height":121,"levels":35,"source":"procedural-static-footprint"},"geometry":{"type":"Polygon","coordinates":[[[-73.98591,40.75176],[-73.98509,40.75176],[-73.98509,40.7522],[-73.98591,40.7522],[-73.98591,40.75176]]]}},{"type":"Feature","properties":{"id":"sr-245","height":75.5,"levels":22,"source":"procedural-static-footprint"},"geometry":{"type":"Polygon","coordinates":[[[-73.984855,40.751735],[-73.983945,40.751735],[-73.983945,40.752245],[-73.984855,40.752245],[-73.984855,40.751735]]]}},{"type":"Feature","properties":{"id":"sr-246","height":114,"levels":33,"source":"procedural-static-footprint"},"geometry":{"type":"Polygon","coordinates":[[[-73.98375,40.75171],[-73.98311,40.75171],[-73.98311,40.75229],[-73.98375,40.75229],[-73.98375,40.75171]]]}},{"type":"Feature","properties":{"id":"sr-247","height":68.5,"levels":20,"source":"procedural-static-footprint"},"geometry":{"type":"Polygon","coordinates":[[[-73.982695,40.751685],[-73.981965,40.751685],[-73.981965,40.752335],[-73.982695,40.752335],[-73.982695,40.751685]]]}},{"type":"Feature","properties":{"id":"sr-248","height":107,"levels":31,"source":"procedural-static-footprint"},"geometry":{"type":"Polygon","coordinates":[[[-73.98177,40.75166],[-73.98095,40.75166],[-73.98095,40.75238],[-73.98177,40.75238],[-73.98177,40.75166]]]}},{"type":"Feature","properties":{"id":"sr-249","height":61.5,"levels":18,"source":"procedural-static-footprint"},"geometry":{"type":"Polygon","coordinates":[[[-73.980715,40.75181],[-73.979805,40.75181],[-73.979805,40.75225],[-73.980715,40.75225],[-73.980715,40.75181]]]}},{"type":"Feature","properties":{"id":"sr-250","height":100,"levels":29,"source":"procedural-static-footprint"},"geometry":{"type":"Polygon","coordinates":[[[-73.97948,40.751785],[-73.97884,40.751785],[-73.97884,40.752295],[-73.97948,40.752295],[-73.97948,40.751785]]]}},{"type":"Feature","properties":{"id":"sr-251","height":54.5,"levels":16,"source":"procedural-static-footprint"},"geometry":{"type":"Polygon","coordinates":[[[-73.978555,40.75176],[-73.977825,40.75176],[-73.977825,40.75234],[-73.978555,40.75234],[-73.978555,40.75176]]]}},{"type":"Feature","properties":{"id":"sr-252","height":93,"levels":27,"source":"procedural-static-footprint"},"geometry":{"type":"Polygon","coordinates":[[[-73.9775,40.751625],[-73.97668,40.751625],[-73.97668,40.752275],[-73.9775,40.752275],[-73.9775,40.751625]]]}},{"type":"Feature","properties":{"id":"sr-253","height":51,"levels":15,"source":"procedural-static-footprint"},"geometry":{"type":"Polygon","coordinates":[[[-73.99538,40.752365],[-73.99456,40.752365],[-73.99456,40.753015],[-73.99538,40.753015],[-73.99538,40.752365]]]}},{"type":"Feature","properties":{"id":"sr-254","height":89.5,"levels":26,"source":"procedural-static-footprint"},"geometry":{"type":"Polygon","coordinates":[[[-73.994325,40.75234],[-73.993415,40.75234],[-73.993415,40.75306],[-73.994325,40.75306],[-73.994325,40.75234]]]}},{"type":"Feature","properties":{"id":"sr-255","height":44,"levels":13,"source":"procedural-static-footprint"},"geometry":{"type":"Polygon","coordinates":[[[-73.99322,40.75249],[-73.99258,40.75249],[-73.99258,40.75293],[-73.99322,40.75293],[-73.99322,40.75249]]]}},{"type":"Feature","properties":{"id":"sr-256","height":82.5,"levels":24,"source":"procedural-static-footprint"},"geometry":{"type":"Polygon","coordinates":[[[-73.992165,40.752465],[-73.991435,40.752465],[-73.991435,40.752975],[-73.992165,40.752975],[-73.992165,40.752465]]]}},{"type":"Feature","properties":{"id":"sr-257","height":121,"levels":35,"source":"procedural-static-footprint"},"geometry":{"type":"Polygon","coordinates":[[[-73.99111,40.75244],[-73.99029,40.75244],[-73.99029,40.75302],[-73.99111,40.75302],[-73.99111,40.75244]]]}},{"type":"Feature","properties":{"id":"sr-258","height":75.5,"levels":22,"source":"procedural-static-footprint"},"geometry":{"type":"Polygon","coordinates":[[[-73.990185,40.752415],[-73.989275,40.752415],[-73.989275,40.753065],[-73.990185,40.753065],[-73.990185,40.752415]]]}},{"type":"Feature","properties":{"id":"sr-259","height":114,"levels":33,"source":"procedural-static-footprint"},"geometry":{"type":"Polygon","coordinates":[[[-73.98895,40.75239],[-73.98831,40.75239],[-73.98831,40.75311],[-73.98895,40.75311],[-73.98895,40.75239]]]}},{"type":"Feature","properties":{"id":"sr-260","height":68.5,"levels":20,"source":"procedural-static-footprint"},"geometry":{"type":"Polygon","coordinates":[[[-73.988025,40.75254],[-73.987295,40.75254],[-73.987295,40.75298],[-73.988025,40.75298],[-73.988025,40.75254]]]}},{"type":"Feature","properties":{"id":"sr-261","height":107,"levels":31,"source":"procedural-static-footprint"},"geometry":{"type":"Polygon","coordinates":[[[-73.98697,40.752515],[-73.98615,40.752515],[-73.98615,40.753025],[-73.98697,40.753025],[-73.98697,40.752515]]]}},{"type":"Feature","properties":{"id":"sr-262","height":61.5,"levels":18,"source":"procedural-static-footprint"},"geometry":{"type":"Polygon","coordinates":[[[-73.985915,40.75238],[-73.985005,40.75238],[-73.985005,40.75296],[-73.985915,40.75296],[-73.985915,40.75238]]]}},{"type":"Feature","properties":{"id":"sr-263","height":100,"levels":29,"source":"procedural-static-footprint"},"geometry":{"type":"Polygon","coordinates":[[[-73.98481,40.752355],[-73.98417,40.752355],[-73.98417,40.753005],[-73.98481,40.753005],[-73.98481,40.752355]]]}},{"type":"Feature","properties":{"id":"sr-264","height":54.5,"levels":16,"source":"procedural-static-footprint"},"geometry":{"type":"Polygon","coordinates":[[[-73.983755,40.75233],[-73.983025,40.75233],[-73.983025,40.75305],[-73.983755,40.75305],[-73.983755,40.75233]]]}},{"type":"Feature","properties":{"id":"sr-265","height":93,"levels":27,"source":"procedural-static-footprint"},"geometry":{"type":"Polygon","coordinates":[[[-73.9827,40.75248],[-73.98188,40.75248],[-73.98188,40.75292],[-73.9827,40.75292],[-73.9827,40.75248]]]}},{"type":"Feature","properties":{"id":"sr-266","height":47.5,"levels":14,"source":"procedural-static-footprint"},"geometry":{"type":"Polygon","coordinates":[[[-73.981775,40.752455],[-73.980865,40.752455],[-73.980865,40.752965],[-73.981775,40.752965],[-73.981775,40.752455]]]}},{"type":"Feature","properties":{"id":"sr-267","height":86,"levels":25,"source":"procedural-static-footprint"},"geometry":{"type":"Polygon","coordinates":[[[-73.98054,40.75243],[-73.9799,40.75243],[-73.9799,40.75301],[-73.98054,40.75301],[-73.98054,40.75243]]]}},{"type":"Feature","properties":{"id":"sr-268","height":124.5,"levels":36,"source":"procedural-static-footprint"},"geometry":{"type":"Polygon","coordinates":[[[-73.979615,40.752405],[-73.978885,40.752405],[-73.978885,40.753055],[-73.979615,40.753055],[-73.979615,40.752405]]]}},{"type":"Feature","properties":{"id":"sr-269","height":79,"levels":23,"source":"procedural-static-footprint"},"geometry":{"type":"Polygon","coordinates":[[[-73.97856,40.75238],[-73.97774,40.75238],[-73.97774,40.7531],[-73.97856,40.7531],[-73.97856,40.75238]]]}},{"type":"Feature","properties":{"id":"sr-270","height":117.5,"levels":34,"source":"procedural-static-footprint"},"geometry":{"type":"Polygon","coordinates":[[[-73.977505,40.75253],[-73.976595,40.75253],[-73.976595,40.75297],[-73.977505,40.75297],[-73.977505,40.75253]]]}},{"type":"Feature","properties":{"id":"sr-271","height":75.5,"levels":22,"source":"procedural-static-footprint"},"geometry":{"type":"Polygon","coordinates":[[[-73.995385,40.75327],[-73.994475,40.75327],[-73.994475,40.75371],[-73.995385,40.75371],[-73.995385,40.75327]]]}},{"type":"Feature","properties":{"id":"sr-272","height":114,"levels":33,"source":"procedural-static-footprint"},"geometry":{"type":"Polygon","coordinates":[[[-73.99428,40.753135],[-73.99364,40.753135],[-73.99364,40.753645],[-73.99428,40.753645],[-73.99428,40.753135]]]}},{"type":"Feature","properties":{"id":"sr-273","height":68.5,"levels":20,"source":"procedural-static-footprint"},"geometry":{"type":"Polygon","coordinates":[[[-73.993225,40.75311],[-73.992495,40.75311],[-73.992495,40.75369],[-73.993225,40.75369],[-73.993225,40.75311]]]}},{"type":"Feature","properties":{"id":"sr-274","height":107,"levels":31,"source":"procedural-static-footprint"},"geometry":{"type":"Polygon","coordinates":[[[-73.99217,40.753085],[-73.99135,40.753085],[-73.99135,40.753735],[-73.99217,40.753735],[-73.99217,40.753085]]]}},{"type":"Feature","properties":{"id":"sr-275","height":61.5,"levels":18,"source":"procedural-static-footprint"},"geometry":{"type":"Polygon","coordinates":[[[-73.991245,40.75306],[-73.990335,40.75306],[-73.990335,40.75378],[-73.991245,40.75378],[-73.991245,40.75306]]]}},{"type":"Feature","properties":{"id":"sr-276","height":100,"levels":29,"source":"procedural-static-footprint"},"geometry":{"type":"Polygon","coordinates":[[[-73.99001,40.75321],[-73.98937,40.75321],[-73.98937,40.75365],[-73.99001,40.75365],[-73.99001,40.75321]]]}},{"type":"Feature","properties":{"id":"sr-277","height":54.5,"levels":16,"source":"procedural-static-footprint"},"geometry":{"type":"Polygon","coordinates":[[[-73.988955,40.753185],[-73.988225,40.753185],[-73.988225,40.753695],[-73.988955,40.753695],[-73.988955,40.753185]]]}},{"type":"Feature","properties":{"id":"sr-278","height":93,"levels":27,"source":"procedural-static-footprint"},"geometry":{"type":"Polygon","coordinates":[[[-73.98803,40.75316],[-73.98721,40.75316],[-73.98721,40.75374],[-73.98803,40.75374],[-73.98803,40.75316]]]}},{"type":"Feature","properties":{"id":"sr-279","height":47.5,"levels":14,"source":"procedural-static-footprint"},"geometry":{"type":"Polygon","coordinates":[[[-73.986975,40.753135],[-73.986065,40.753135],[-73.986065,40.753785],[-73.986975,40.753785],[-73.986975,40.753135]]]}},{"type":"Feature","properties":{"id":"sr-280","height":86,"levels":25,"source":"procedural-static-footprint"},"geometry":{"type":"Polygon","coordinates":[[[-73.98587,40.75311],[-73.98523,40.75311],[-73.98523,40.75383],[-73.98587,40.75383],[-73.98587,40.75311]]]}},{"type":"Feature","properties":{"id":"sr-281","height":124.5,"levels":36,"source":"procedural-static-footprint"},"geometry":{"type":"Polygon","coordinates":[[[-73.984815,40.75326],[-73.984085,40.75326],[-73.984085,40.7537],[-73.984815,40.7537],[-73.984815,40.75326]]]}},{"type":"Feature","properties":{"id":"sr-282","height":79,"levels":23,"source":"procedural-static-footprint"},"geometry":{"type":"Polygon","coordinates":[[[-73.98376,40.753235],[-73.98294,40.753235],[-73.98294,40.753745],[-73.98376,40.753745],[-73.98376,40.753235]]]}},{"type":"Feature","properties":{"id":"sr-283","height":117.5,"levels":34,"source":"procedural-static-footprint"},"geometry":{"type":"Polygon","coordinates":[[[-73.982835,40.7531],[-73.981925,40.7531],[-73.981925,40.75368],[-73.982835,40.75368],[-73.982835,40.7531]]]}},{"type":"Feature","properties":{"id":"sr-284","height":72,"levels":21,"source":"procedural-static-footprint"},"geometry":{"type":"Polygon","coordinates":[[[-73.9816,40.753075],[-73.98096,40.753075],[-73.98096,40.753725],[-73.9816,40.753725],[-73.9816,40.753075]]]}},{"type":"Feature","properties":{"id":"sr-285","height":110.5,"levels":32,"source":"procedural-static-footprint"},"geometry":{"type":"Polygon","coordinates":[[[-73.980675,40.75305],[-73.979945,40.75305],[-73.979945,40.75377],[-73.980675,40.75377],[-73.980675,40.75305]]]}},{"type":"Feature","properties":{"id":"sr-286","height":65,"levels":19,"source":"procedural-static-footprint"},"geometry":{"type":"Polygon","coordinates":[[[-73.97962,40.7532],[-73.9788,40.7532],[-73.9788,40.75364],[-73.97962,40.75364],[-73.97962,40.7532]]]}},{"type":"Feature","properties":{"id":"sr-287","height":103.5,"levels":30,"source":"procedural-static-footprint"},"geometry":{"type":"Polygon","coordinates":[[[-73.978565,40.753175],[-73.977655,40.753175],[-73.977655,40.753685],[-73.978565,40.753685],[-73.978565,40.753175]]]}},{"type":"Feature","properties":{"id":"sr-288","height":58,"levels":17,"source":"procedural-static-footprint"},"geometry":{"type":"Polygon","coordinates":[[[-73.97746,40.75315],[-73.97682,40.75315],[-73.97682,40.75373],[-73.97746,40.75373],[-73.97746,40.75315]]]}},{"type":"Feature","properties":{"id":"sr-289","height":36,"levels":10,"source":"procedural-static-footprint"},"geometry":{"type":"Polygon","coordinates":[[[-74.01638,40.70833],[-74.01574,40.70833],[-74.01574,40.70877],[-74.01638,40.70877],[-74.01638,40.70833]]]}},{"type":"Feature","properties":{"id":"sr-290","height":74.5,"levels":21,"source":"procedural-static-footprint"},"geometry":{"type":"Polygon","coordinates":[[[-74.015375,40.708305],[-74.014645,40.708305],[-74.014645,40.708815],[-74.015375,40.708815],[-74.015375,40.708305]]]}},{"type":"Feature","properties":{"id":"sr-291","height":113,"levels":32,"source":"procedural-static-footprint"},"geometry":{"type":"Polygon","coordinates":[[[-74.01437,40.70828],[-74.01355,40.70828],[-74.01355,40.70886],[-74.01437,40.70886],[-74.01437,40.70828]]]}},{"type":"Feature","properties":{"id":"sr-292","height":67.5,"levels":19,"source":"procedural-static-footprint"},"geometry":{"type":"Polygon","coordinates":[[[-74.013495,40.708255],[-74.012585,40.708255],[-74.012585,40.708905],[-74.013495,40.708905],[-74.013495,40.708255]]]}},{"type":"Feature","properties":{"id":"sr-293","height":106,"levels":30,"source":"procedural-static-footprint"},"geometry":{"type":"Polygon","coordinates":[[[-74.01231,40.70823],[-74.01167,40.70823],[-74.01167,40.70895],[-74.01231,40.70895],[-74.01231,40.70823]]]}},{"type":"Feature","properties":{"id":"sr-294","height":60.5,"levels":17,"source":"procedural-static-footprint"},"geometry":{"type":"Polygon","coordinates":[[[-74.011305,40.70838],[-74.010575,40.70838],[-74.010575,40.70882],[-74.011305,40.70882],[-74.011305,40.70838]]]}},{"type":"Feature","properties":{"id":"sr-295","height":99,"levels":28,"source":"procedural-static-footprint"},"geometry":{"type":"Polygon","coordinates":[[[-74.01043,40.708355],[-74.00961,40.708355],[-74.00961,40.708865],[-74.01043,40.708865],[-74.01043,40.708355]]]}},{"type":"Feature","properties":{"id":"sr-296","height":53.5,"levels":15,"source":"procedural-static-footprint"},"geometry":{"type":"Polygon","coordinates":[[[-74.009425,40.70833],[-74.008515,40.70833],[-74.008515,40.70891],[-74.009425,40.70891],[-74.009425,40.70833]]]}},{"type":"Feature","properties":{"id":"sr-297","height":92,"levels":26,"source":"procedural-static-footprint"},"geometry":{"type":"Polygon","coordinates":[[[-74.00837,40.708305],[-74.00773,40.708305],[-74.00773,40.708955],[-74.00837,40.708955],[-74.00837,40.708305]]]}},{"type":"Feature","properties":{"id":"sr-298","height":46.5,"levels":13,"source":"procedural-static-footprint"},"geometry":{"type":"Polygon","coordinates":[[[-74.007365,40.70828],[-74.006635,40.70828],[-74.006635,40.709],[-74.007365,40.709],[-74.007365,40.70828]]]}},{"type":"Feature","properties":{"id":"sr-299","height":85,"levels":24,"source":"procedural-static-footprint"},"geometry":{"type":"Polygon","coordinates":[[[-74.00636,40.70843],[-74.00554,40.70843],[-74.00554,40.70887],[-74.00636,40.70887],[-74.00636,40.70843]]]}},{"type":"Feature","properties":{"id":"sr-300","height":39.5,"levels":11,"source":"procedural-static-footprint"},"geometry":{"type":"Polygon","coordinates":[[[-74.005485,40.708295],[-74.004575,40.708295],[-74.004575,40.708805],[-74.005485,40.708805],[-74.005485,40.708295]]]}},{"type":"Feature","properties":{"id":"sr-301","height":78,"levels":22,"source":"procedural-static-footprint"},"geometry":{"type":"Polygon","coordinates":[[[-74.0043,40.70827],[-74.00366,40.70827],[-74.00366,40.70885],[-74.0043,40.70885],[-74.0043,40.70827]]]}},{"type":"Feature","properties":{"id":"sr-302","height":116.5,"levels":33,"source":"procedural-static-footprint"},"geometry":{"type":"Polygon","coordinates":[[[-74.003425,40.708245],[-74.002695,40.708245],[-74.002695,40.708895],[-74.003425,40.708895],[-74.003425,40.708245]]]}},{"type":"Feature","properties":{"id":"sr-303","height":60.5,"levels":17,"source":"procedural-static-footprint"},"geometry":{"type":"Polygon","coordinates":[[[-74.016385,40.70904],[-74.015655,40.70904],[-74.015655,40.70962],[-74.016385,40.70962],[-74.016385,40.70904]]]}},{"type":"Feature","properties":{"id":"sr-304","height":99,"levels":28,"source":"procedural-static-footprint"},"geometry":{"type":"Polygon","coordinates":[[[-74.01538,40.709015],[-74.01456,40.709015],[-74.01456,40.709665],[-74.01538,40.709665],[-74.01538,40.709015]]]}},{"type":"Feature","properties":{"id":"sr-305","height":53.5,"levels":15,"source":"procedural-static-footprint"},"geometry":{"type":"Polygon","coordinates":[[[-74.014505,40.70899],[-74.013595,40.70899],[-74.013595,40.70971],[-74.014505,40.70971],[-74.014505,40.70899]]]}},{"type":"Feature","properties":{"id":"sr-306","height":92,"levels":26,"source":"procedural-static-footprint"},"geometry":{"type":"Polygon","coordinates":[[[-74.01332,40.70903],[-74.01268,40.70903],[-74.01268,40.70947],[-74.01332,40.70947],[-74.01332,40.70903]]]}},{"type":"Feature","properties":{"id":"sr-307","height":46.5,"levels":13,"source":"procedural-static-footprint"},"geometry":{"type":"Polygon","coordinates":[[[-74.012315,40.709005],[-74.011585,40.709005],[-74.011585,40.709515],[-74.012315,40.709515],[-74.012315,40.709005]]]}},{"type":"Feature","properties":{"id":"sr-308","height":85,"levels":24,"source":"procedural-static-footprint"},"geometry":{"type":"Polygon","coordinates":[[[-74.01144,40.70898],[-74.01062,40.70898],[-74.01062,40.70956],[-74.01144,40.70956],[-74.01144,40.70898]]]}},{"type":"Feature","properties":{"id":"sr-309","height":39.5,"levels":11,"source":"procedural-static-footprint"},"geometry":{"type":"Polygon","coordinates":[[[-74.010435,40.708955],[-74.009525,40.708955],[-74.009525,40.709605],[-74.010435,40.709605],[-74.010435,40.708955]]]}},{"type":"Feature","properties":{"id":"sr-310","height":78,"levels":22,"source":"procedural-static-footprint"},"geometry":{"type":"Polygon","coordinates":[[[-74.00938,40.70893],[-74.00874,40.70893],[-74.00874,40.70965],[-74.00938,40.70965],[-74.00938,40.70893]]]}},{"type":"Feature","properties":{"id":"sr-311","height":116.5,"levels":33,"source":"procedural-static-footprint"},"geometry":{"type":"Polygon","coordinates":[[[-74.008375,40.70908],[-74.007645,40.70908],[-74.007645,40.70952],[-74.008375,40.70952],[-74.008375,40.70908]]]}},{"type":"Feature","properties":{"id":"sr-312","height":71,"levels":20,"source":"procedural-static-footprint"},"geometry":{"type":"Polygon","coordinates":[[[-74.00737,40.709055],[-74.00655,40.709055],[-74.00655,40.709565],[-74.00737,40.709565],[-74.00737,40.709055]]]}},{"type":"Feature","properties":{"id":"sr-313","height":109.5,"levels":31,"source":"procedural-static-footprint"},"geometry":{"type":"Polygon","coordinates":[[[-74.006495,40.70903],[-74.005585,40.70903],[-74.005585,40.70961],[-74.006495,40.70961],[-74.006495,40.70903]]]}},{"type":"Feature","properties":{"id":"sr-314","height":64,"levels":18,"source":"procedural-static-footprint"},"geometry":{"type":"Polygon","coordinates":[[[-74.00531,40.709005],[-74.00467,40.709005],[-74.00467,40.709655],[-74.00531,40.709655],[-74.00531,40.709005]]]}},{"type":"Feature","properties":{"id":"sr-315","height":102.5,"levels":29,"source":"procedural-static-footprint"},"geometry":{"type":"Polygon","coordinates":[[[-74.004305,40.70898],[-74.003575,40.70898],[-74.003575,40.7097],[-74.004305,40.7097],[-74.004305,40.70898]]]}},{"type":"Feature","properties":{"id":"sr-316","height":57,"levels":16,"source":"procedural-static-footprint"},"geometry":{"type":"Polygon","coordinates":[[[-74.00343,40.70913],[-74.00261,40.70913],[-74.00261,40.70957],[-74.00343,40.70957],[-74.00343,40.70913]]]}},{"type":"Feature","properties":{"id":"sr-317","height":85,"levels":24,"source":"procedural-static-footprint"},"geometry":{"type":"Polygon","coordinates":[[[-74.01639,40.70964],[-74.01557,40.70964],[-74.01557,40.71036],[-74.01639,40.71036],[-74.01639,40.70964]]]}},{"type":"Feature","properties":{"id":"sr-318","height":39.5,"levels":11,"source":"procedural-static-footprint"},"geometry":{"type":"Polygon","coordinates":[[[-74.015515,40.70979],[-74.014605,40.70979],[-74.014605,40.71023],[-74.015515,40.71023],[-74.015515,40.70979]]]}},{"type":"Feature","properties":{"id":"sr-319","height":78,"levels":22,"source":"procedural-static-footprint"},"geometry":{"type":"Polygon","coordinates":[[[-74.01433,40.709765],[-74.01369,40.709765],[-74.01369,40.710275],[-74.01433,40.710275],[-74.01433,40.709765]]]}},{"type":"Feature","properties":{"id":"sr-320","height":116.5,"levels":33,"source":"procedural-static-footprint"},"geometry":{"type":"Polygon","coordinates":[[[-74.013325,40.70974],[-74.012595,40.70974],[-74.012595,40.71032],[-74.013325,40.71032],[-74.013325,40.70974]]]}},{"type":"Feature","properties":{"id":"sr-321","height":71,"levels":20,"source":"procedural-static-footprint"},"geometry":{"type":"Polygon","coordinates":[[[-74.01245,40.709715],[-74.01163,40.709715],[-74.01163,40.710365],[-74.01245,40.710365],[-74.01245,40.709715]]]}},{"type":"Feature","properties":{"id":"sr-322","height":109.5,"levels":31,"source":"procedural-static-footprint"},"geometry":{"type":"Polygon","coordinates":[[[-74.011445,40.70969],[-74.010535,40.70969],[-74.010535,40.71041],[-74.011445,40.71041],[-74.011445,40.70969]]]}},{"type":"Feature","properties":{"id":"sr-323","height":64,"levels":18,"source":"procedural-static-footprint"},"geometry":{"type":"Polygon","coordinates":[[[-74.01026,40.70973],[-74.00962,40.70973],[-74.00962,40.71017],[-74.01026,40.71017],[-74.01026,40.70973]]]}},{"type":"Feature","properties":{"id":"sr-324","height":102.5,"levels":29,"source":"procedural-static-footprint"},"geometry":{"type":"Polygon","coordinates":[[[-74.009385,40.709705],[-74.008655,40.709705],[-74.008655,40.710215],[-74.009385,40.710215],[-74.009385,40.709705]]]}},{"type":"Feature","properties":{"id":"sr-325","height":57,"levels":16,"source":"procedural-static-footprint"},"geometry":{"type":"Polygon","coordinates":[[[-74.00838,40.70968],[-74.00756,40.70968],[-74.00756,40.71026],[-74.00838,40.71026],[-74.00838,40.70968]]]}},{"type":"Feature","properties":{"id":"sr-326","height":95.5,"levels":27,"source":"procedural-static-footprint"},"geometry":{"type":"Polygon","coordinates":[[[-74.007505,40.709655],[-74.006595,40.709655],[-74.006595,40.710305],[-74.007505,40.710305],[-74.007505,40.709655]]]}},{"type":"Feature","properties":{"id":"sr-327","height":50,"levels":14,"source":"procedural-static-footprint"},"geometry":{"type":"Polygon","coordinates":[[[-74.00632,40.70963],[-74.00568,40.70963],[-74.00568,40.71035],[-74.00632,40.71035],[-74.00632,40.70963]]]}},{"type":"Feature","properties":{"id":"sr-328","height":88.5,"levels":25,"source":"procedural-static-footprint"},"geometry":{"type":"Polygon","coordinates":[[[-74.005315,40.70978],[-74.004585,40.70978],[-74.004585,40.71022],[-74.005315,40.71022],[-74.005315,40.70978]]]}},{"type":"Feature","properties":{"id":"sr-329","height":43,"levels":12,"source":"procedural-static-footprint"},"geometry":{"type":"Polygon","coordinates":[[[-74.00444,40.709755],[-74.00362,40.709755],[-74.00362,40.710265],[-74.00444,40.710265],[-74.00444,40.709755]]]}},{"type":"Feature","properties":{"id":"sr-330","height":81.5,"levels":23,"source":"procedural-static-footprint"},"geometry":{"type":"Polygon","coordinates":[[[-74.003435,40.70973],[-74.002525,40.70973],[-74.002525,40.71031],[-74.003435,40.71031],[-74.003435,40.70973]]]}},{"type":"Feature","properties":{"id":"sr-331","height":109.5,"levels":31,"source":"procedural-static-footprint"},"geometry":{"type":"Polygon","coordinates":[[[-74.016395,40.710415],[-74.015485,40.710415],[-74.015485,40.710925],[-74.016395,40.710925],[-74.016395,40.710415]]]}},{"type":"Feature","properties":{"id":"sr-332","height":64,"levels":18,"source":"procedural-static-footprint"},"geometry":{"type":"Polygon","coordinates":[[[-74.01534,40.71039],[-74.0147,40.71039],[-74.0147,40.71097],[-74.01534,40.71097],[-74.01534,40.71039]]]}},{"type":"Feature","properties":{"id":"sr-333","height":102.5,"levels":29,"source":"procedural-static-footprint"},"geometry":{"type":"Polygon","coordinates":[[[-74.014335,40.710365],[-74.013605,40.710365],[-74.013605,40.711015],[-74.014335,40.711015],[-74.014335,40.710365]]]}},{"type":"Feature","properties":{"id":"sr-334","height":57,"levels":16,"source":"procedural-static-footprint"},"geometry":{"type":"Polygon","coordinates":[[[-74.01346,40.71034],[-74.01264,40.71034],[-74.01264,40.71106],[-74.01346,40.71106],[-74.01346,40.71034]]]}},{"type":"Feature","properties":{"id":"sr-335","height":95.5,"levels":27,"source":"procedural-static-footprint"},"geometry":{"type":"Polygon","coordinates":[[[-74.012455,40.71049],[-74.011545,40.71049],[-74.011545,40.71093],[-74.012455,40.71093],[-74.012455,40.71049]]]}},{"type":"Feature","properties":{"id":"sr-336","height":50,"levels":14,"source":"procedural-static-footprint"},"geometry":{"type":"Polygon","coordinates":[[[-74.01127,40.710465],[-74.01063,40.710465],[-74.01063,40.710975],[-74.01127,40.710975],[-74.01127,40.710465]]]}},{"type":"Feature","properties":{"id":"sr-337","height":88.5,"levels":25,"source":"procedural-static-footprint"},"geometry":{"type":"Polygon","coordinates":[[[-74.010395,40.71044],[-74.009665,40.71044],[-74.009665,40.71102],[-74.010395,40.71102],[-74.010395,40.71044]]]}},{"type":"Feature","properties":{"id":"sr-338","height":43,"levels":12,"source":"procedural-static-footprint"},"geometry":{"type":"Polygon","coordinates":[[[-74.00939,40.710415],[-74.00857,40.710415],[-74.00857,40.711065],[-74.00939,40.711065],[-74.00939,40.710415]]]}},{"type":"Feature","properties":{"id":"sr-339","height":81.5,"levels":23,"source":"procedural-static-footprint"},"geometry":{"type":"Polygon","coordinates":[[[-74.008515,40.71039],[-74.007605,40.71039],[-74.007605,40.71111],[-74.008515,40.71111],[-74.008515,40.71039]]]}},{"type":"Feature","properties":{"id":"sr-340","height":36,"levels":10,"source":"procedural-static-footprint"},"geometry":{"type":"Polygon","coordinates":[[[-74.00733,40.71043],[-74.00669,40.71043],[-74.00669,40.71087],[-74.00733,40.71087],[-74.00733,40.71043]]]}},{"type":"Feature","properties":{"id":"sr-341","height":74.5,"levels":21,"source":"procedural-static-footprint"},"geometry":{"type":"Polygon","coordinates":[[[-74.006325,40.710405],[-74.005595,40.710405],[-74.005595,40.710915],[-74.006325,40.710915],[-74.006325,40.710405]]]}},{"type":"Feature","properties":{"id":"sr-342","height":113,"levels":32,"source":"procedural-static-footprint"},"geometry":{"type":"Polygon","coordinates":[[[-74.00545,40.71038],[-74.00463,40.71038],[-74.00463,40.71096],[-74.00545,40.71096],[-74.00545,40.71038]]]}},{"type":"Feature","properties":{"id":"sr-343","height":67.5,"levels":19,"source":"procedural-static-footprint"},"geometry":{"type":"Polygon","coordinates":[[[-74.004445,40.710355],[-74.003535,40.710355],[-74.003535,40.711005],[-74.004445,40.711005],[-74.004445,40.710355]]]}},{"type":"Feature","properties":{"id":"sr-344","height":106,"levels":30,"source":"procedural-static-footprint"},"geometry":{"type":"Polygon","coordinates":[[[-74.00326,40.71033],[-74.00262,40.71033],[-74.00262,40.71105],[-74.00326,40.71105],[-74.00326,40.71033]]]}},{"type":"Feature","properties":{"id":"sr-345","height":50,"levels":14,"source":"procedural-static-footprint"},"geometry":{"type":"Polygon","coordinates":[[[-74.01635,40.711125],[-74.01571,40.711125],[-74.01571,40.711775],[-74.01635,40.711775],[-74.01635,40.711125]]]}},{"type":"Feature","properties":{"id":"sr-346","height":88.5,"levels":25,"source":"procedural-static-footprint"},"geometry":{"type":"Polygon","coordinates":[[[-74.015345,40.71099],[-74.014615,40.71099],[-74.014615,40.71171],[-74.015345,40.71171],[-74.015345,40.71099]]]}},{"type":"Feature","properties":{"id":"sr-347","height":43,"levels":12,"source":"procedural-static-footprint"},"geometry":{"type":"Polygon","coordinates":[[[-74.01447,40.71114],[-74.01365,40.71114],[-74.01365,40.71158],[-74.01447,40.71158],[-74.01447,40.71114]]]}},{"type":"Feature","properties":{"id":"sr-348","height":81.5,"levels":23,"source":"procedural-static-footprint"},"geometry":{"type":"Polygon","coordinates":[[[-74.013465,40.711115],[-74.012555,40.711115],[-74.012555,40.711625],[-74.013465,40.711625],[-74.013465,40.711115]]]}},{"type":"Feature","properties":{"id":"sr-349","height":36,"levels":10,"source":"procedural-static-footprint"},"geometry":{"type":"Polygon","coordinates":[[[-74.01228,40.71109],[-74.01164,40.71109],[-74.01164,40.71167],[-74.01228,40.71167],[-74.01228,40.71109]]]}},{"type":"Feature","properties":{"id":"sr-350","height":74.5,"levels":21,"source":"procedural-static-footprint"},"geometry":{"type":"Polygon","coordinates":[[[-74.011405,40.711065],[-74.010675,40.711065],[-74.010675,40.711715],[-74.011405,40.711715],[-74.011405,40.711065]]]}},{"type":"Feature","properties":{"id":"sr-351","height":113,"levels":32,"source":"procedural-static-footprint"},"geometry":{"type":"Polygon","coordinates":[[[-74.0104,40.71104],[-74.00958,40.71104],[-74.00958,40.71176],[-74.0104,40.71176],[-74.0104,40.71104]]]}},{"type":"Feature","properties":{"id":"sr-352","height":67.5,"levels":19,"source":"procedural-static-footprint"},"geometry":{"type":"Polygon","coordinates":[[[-74.009395,40.71119],[-74.008485,40.71119],[-74.008485,40.71163],[-74.009395,40.71163],[-74.009395,40.71119]]]}},{"type":"Feature","properties":{"id":"sr-353","height":106,"levels":30,"source":"procedural-static-footprint"},"geometry":{"type":"Polygon","coordinates":[[[-74.00834,40.711165],[-74.0077,40.711165],[-74.0077,40.711675],[-74.00834,40.711675],[-74.00834,40.711165]]]}},{"type":"Feature","properties":{"id":"sr-354","height":60.5,"levels":17,"source":"procedural-static-footprint"},"geometry":{"type":"Polygon","coordinates":[[[-74.007335,40.71114],[-74.006605,40.71114],[-74.006605,40.71172],[-74.007335,40.71172],[-74.007335,40.71114]]]}},{"type":"Feature","properties":{"id":"sr-355","height":99,"levels":28,"source":"procedural-static-footprint"},"geometry":{"type":"Polygon","coordinates":[[[-74.00646,40.711115],[-74.00564,40.711115],[-74.00564,40.711765],[-74.00646,40.711765],[-74.00646,40.711115]]]}},{"type":"Feature","properties":{"id":"sr-356","height":53.5,"levels":15,"source":"procedural-static-footprint"},"geometry":{"type":"Polygon","coordinates":[[[-74.005455,40.71109],[-74.004545,40.71109],[-74.004545,40.71181],[-74.005455,40.71181],[-74.005455,40.71109]]]}},{"type":"Feature","properties":{"id":"sr-357","height":92,"levels":26,"source":"procedural-static-footprint"},"geometry":{"type":"Polygon","coordinates":[[[-74.00427,40.71113],[-74.00363,40.71113],[-74.00363,40.71157],[-74.00427,40.71157],[-74.00427,40.71113]]]}},{"type":"Feature","properties":{"id":"sr-358","height":46.5,"levels":13,"source":"procedural-static-footprint"},"geometry":{"type":"Polygon","coordinates":[[[-74.003395,40.711105],[-74.002665,40.711105],[-74.002665,40.711615],[-74.003395,40.711615],[-74.003395,40.711105]]]}},{"type":"Feature","properties":{"id":"sr-359","height":74.5,"levels":21,"source":"procedural-static-footprint"},"geometry":{"type":"Polygon","coordinates":[[[-74.016355,40.7119],[-74.015625,40.7119],[-74.015625,40.71234],[-74.016355,40.71234],[-74.016355,40.7119]]]}},{"type":"Feature","properties":{"id":"sr-360","height":113,"levels":32,"source":"procedural-static-footprint"},"geometry":{"type":"Polygon","coordinates":[[[-74.01535,40.711875],[-74.01453,40.711875],[-74.01453,40.712385],[-74.01535,40.712385],[-74.01535,40.711875]]]}},{"type":"Feature","properties":{"id":"sr-361","height":67.5,"levels":19,"source":"procedural-static-footprint"},"geometry":{"type":"Polygon","coordinates":[[[-74.014475,40.71185],[-74.013565,40.71185],[-74.013565,40.71243],[-74.014475,40.71243],[-74.014475,40.71185]]]}},{"type":"Feature","properties":{"id":"sr-362","height":106,"levels":30,"source":"procedural-static-footprint"},"geometry":{"type":"Polygon","coordinates":[[[-74.01329,40.711825],[-74.01265,40.711825],[-74.01265,40.712475],[-74.01329,40.712475],[-74.01329,40.711825]]]}},{"type":"Feature","properties":{"id":"sr-363","height":60.5,"levels":17,"source":"procedural-static-footprint"},"geometry":{"type":"Polygon","coordinates":[[[-74.012415,40.71169],[-74.011685,40.71169],[-74.011685,40.71241],[-74.012415,40.71241],[-74.012415,40.71169]]]}},{"type":"Feature","properties":{"id":"sr-364","height":99,"levels":28,"source":"procedural-static-footprint"},"geometry":{"type":"Polygon","coordinates":[[[-74.01141,40.71184],[-74.01059,40.71184],[-74.01059,40.71228],[-74.01141,40.71228],[-74.01141,40.71184]]]}},{"type":"Feature","properties":{"id":"sr-365","height":53.5,"levels":15,"source":"procedural-static-footprint"},"geometry":{"type":"Polygon","coordinates":[[[-74.010405,40.711815],[-74.009495,40.711815],[-74.009495,40.712325],[-74.010405,40.712325],[-74.010405,40.711815]]]}},{"type":"Feature","properties":{"id":"sr-366","height":92,"levels":26,"source":"procedural-static-footprint"},"geometry":{"type":"Polygon","coordinates":[[[-74.00935,40.71179],[-74.00871,40.71179],[-74.00871,40.71237],[-74.00935,40.71237],[-74.00935,40.71179]]]}},{"type":"Feature","properties":{"id":"sr-367","height":46.5,"levels":13,"source":"procedural-static-footprint"},"geometry":{"type":"Polygon","coordinates":[[[-74.008345,40.711765],[-74.007615,40.711765],[-74.007615,40.712415],[-74.008345,40.712415],[-74.008345,40.711765]]]}},{"type":"Feature","properties":{"id":"sr-368","height":85,"levels":24,"source":"procedural-static-footprint"},"geometry":{"type":"Polygon","coordinates":[[[-74.00747,40.71174],[-74.00665,40.71174],[-74.00665,40.71246],[-74.00747,40.71246],[-74.00747,40.71174]]]}},{"type":"Feature","properties":{"id":"sr-369","height":39.5,"levels":11,"source":"procedural-static-footprint"},"geometry":{"type":"Polygon","coordinates":[[[-74.006465,40.71189],[-74.005555,40.71189],[-74.005555,40.71233],[-74.006465,40.71233],[-74.006465,40.71189]]]}},{"type":"Feature","properties":{"id":"sr-370","height":78,"levels":22,"source":"procedural-static-footprint"},"geometry":{"type":"Polygon","coordinates":[[[-74.00528,40.711865],[-74.00464,40.711865],[-74.00464,40.712375],[-74.00528,40.712375],[-74.00528,40.711865]]]}},{"type":"Feature","properties":{"id":"sr-371","height":116.5,"levels":33,"source":"procedural-static-footprint"},"geometry":{"type":"Polygon","coordinates":[[[-74.004405,40.71184],[-74.003675,40.71184],[-74.003675,40.71242],[-74.004405,40.71242],[-74.004405,40.71184]]]}},{"type":"Feature","properties":{"id":"sr-372","height":71,"levels":20,"source":"procedural-static-footprint"},"geometry":{"type":"Polygon","coordinates":[[[-74.0034,40.711815],[-74.00258,40.711815],[-74.00258,40.712465],[-74.0034,40.712465],[-74.0034,40.711815]]]}},{"type":"Feature","properties":{"id":"sr-373","height":99,"levels":28,"source":"procedural-static-footprint"},"geometry":{"type":"Polygon","coordinates":[[[-74.01636,40.7125],[-74.01554,40.7125],[-74.01554,40.71308],[-74.01636,40.71308],[-74.01636,40.7125]]]}},{"type":"Feature","properties":{"id":"sr-374","height":53.5,"levels":15,"source":"procedural-static-footprint"},"geometry":{"type":"Polygon","coordinates":[[[-74.015485,40.712475],[-74.014575,40.712475],[-74.014575,40.713125],[-74.015485,40.713125],[-74.015485,40.712475]]]}},{"type":"Feature","properties":{"id":"sr-375","height":92,"levels":26,"source":"procedural-static-footprint"},"geometry":{"type":"Polygon","coordinates":[[[-74.0143,40.71245],[-74.01366,40.71245],[-74.01366,40.71317],[-74.0143,40.71317],[-74.0143,40.71245]]]}},{"type":"Feature","properties":{"id":"sr-376","height":46.5,"levels":13,"source":"procedural-static-footprint"},"geometry":{"type":"Polygon","coordinates":[[[-74.013425,40.7126],[-74.012695,40.7126],[-74.012695,40.71304],[-74.013425,40.71304],[-74.013425,40.7126]]]}},{"type":"Feature","properties":{"id":"sr-377","height":85,"levels":24,"source":"procedural-static-footprint"},"geometry":{"type":"Polygon","coordinates":[[[-74.01242,40.712575],[-74.0116,40.712575],[-74.0116,40.713085],[-74.01242,40.713085],[-74.01242,40.712575]]]}},{"type":"Feature","properties":{"id":"sr-378","height":39.5,"levels":11,"source":"procedural-static-footprint"},"geometry":{"type":"Polygon","coordinates":[[[-74.011415,40.71255],[-74.010505,40.71255],[-74.010505,40.71313],[-74.011415,40.71313],[-74.011415,40.71255]]]}},{"type":"Feature","properties":{"id":"sr-379","height":78,"levels":22,"source":"procedural-static-footprint"},"geometry":{"type":"Polygon","coordinates":[[[-74.01036,40.712525],[-74.00972,40.712525],[-74.00972,40.713175],[-74.01036,40.713175],[-74.01036,40.712525]]]}},{"type":"Feature","properties":{"id":"sr-380","height":116.5,"levels":33,"source":"procedural-static-footprint"},"geometry":{"type":"Polygon","coordinates":[[[-74.009355,40.71239],[-74.008625,40.71239],[-74.008625,40.71311],[-74.009355,40.71311],[-74.009355,40.71239]]]}},{"type":"Feature","properties":{"id":"sr-381","height":71,"levels":20,"source":"procedural-static-footprint"},"geometry":{"type":"Polygon","coordinates":[[[-74.00835,40.71254],[-74.00753,40.71254],[-74.00753,40.71298],[-74.00835,40.71298],[-74.00835,40.71254]]]}},{"type":"Feature","properties":{"id":"sr-382","height":109.5,"levels":31,"source":"procedural-static-footprint"},"geometry":{"type":"Polygon","coordinates":[[[-74.007475,40.712515],[-74.006565,40.712515],[-74.006565,40.713025],[-74.007475,40.713025],[-74.007475,40.712515]]]}},{"type":"Feature","properties":{"id":"sr-383","height":64,"levels":18,"source":"procedural-static-footprint"},"geometry":{"type":"Polygon","coordinates":[[[-74.00629,40.71249],[-74.00565,40.71249],[-74.00565,40.71307],[-74.00629,40.71307],[-74.00629,40.71249]]]}},{"type":"Feature","properties":{"id":"sr-384","height":102.5,"levels":29,"source":"procedural-static-footprint"},"geometry":{"type":"Polygon","coordinates":[[[-74.005415,40.712465],[-74.004685,40.712465],[-74.004685,40.713115],[-74.005415,40.713115],[-74.005415,40.712465]]]}},{"type":"Feature","properties":{"id":"sr-385","height":57,"levels":16,"source":"procedural-static-footprint"},"geometry":{"type":"Polygon","coordinates":[[[-74.00441,40.71244],[-74.00359,40.71244],[-74.00359,40.71316],[-74.00441,40.71316],[-74.00441,40.71244]]]}},{"type":"Feature","properties":{"id":"sr-386","height":95.5,"levels":27,"source":"procedural-static-footprint"},"geometry":{"type":"Polygon","coordinates":[[[-74.003405,40.71259],[-74.002495,40.71259],[-74.002495,40.71303],[-74.003405,40.71303],[-74.003405,40.71259]]]}},{"type":"Feature","properties":{"id":"sr-387","height":39.5,"levels":11,"source":"procedural-static-footprint"},"geometry":{"type":"Polygon","coordinates":[[[-74.016495,40.7131],[-74.015585,40.7131],[-74.015585,40.71382],[-74.016495,40.71382],[-74.016495,40.7131]]]}},{"type":"Feature","properties":{"id":"sr-388","height":78,"levels":22,"source":"procedural-static-footprint"},"geometry":{"type":"Polygon","coordinates":[[[-74.01531,40.71325],[-74.01467,40.71325],[-74.01467,40.71369],[-74.01531,40.71369],[-74.01531,40.71325]]]}},{"type":"Feature","properties":{"id":"sr-389","height":116.5,"levels":33,"source":"procedural-static-footprint"},"geometry":{"type":"Polygon","coordinates":[[[-74.014305,40.713225],[-74.013575,40.713225],[-74.013575,40.713735],[-74.014305,40.713735],[-74.014305,40.713225]]]}},{"type":"Feature","properties":{"id":"sr-390","height":71,"levels":20,"source":"procedural-static-footprint"},"geometry":{"type":"Polygon","coordinates":[[[-74.01343,40.7132],[-74.01261,40.7132],[-74.01261,40.71378],[-74.01343,40.71378],[-74.01343,40.7132]]]}},{"type":"Feature","properties":{"id":"sr-391","height":109.5,"levels":31,"source":"procedural-static-footprint"},"geometry":{"type":"Polygon","coordinates":[[[-74.012425,40.713175],[-74.011515,40.713175],[-74.011515,40.713825],[-74.012425,40.713825],[-74.012425,40.713175]]]}},{"type":"Feature","properties":{"id":"sr-392","height":64,"levels":18,"source":"procedural-static-footprint"},"geometry":{"type":"Polygon","coordinates":[[[-74.01137,40.71315],[-74.01073,40.71315],[-74.01073,40.71387],[-74.01137,40.71387],[-74.01137,40.71315]]]}},{"type":"Feature","properties":{"id":"sr-393","height":102.5,"levels":29,"source":"procedural-static-footprint"},"geometry":{"type":"Polygon","coordinates":[[[-74.010365,40.7133],[-74.009635,40.7133],[-74.009635,40.71374],[-74.010365,40.71374],[-74.010365,40.7133]]]}},{"type":"Feature","properties":{"id":"sr-394","height":57,"levels":16,"source":"procedural-static-footprint"},"geometry":{"type":"Polygon","coordinates":[[[-74.00936,40.713275],[-74.00854,40.713275],[-74.00854,40.713785],[-74.00936,40.713785],[-74.00936,40.713275]]]}},{"type":"Feature","properties":{"id":"sr-395","height":95.5,"levels":27,"source":"procedural-static-footprint"},"geometry":{"type":"Polygon","coordinates":[[[-74.008485,40.71325],[-74.007575,40.71325],[-74.007575,40.71383],[-74.008485,40.71383],[-74.008485,40.71325]]]}},{"type":"Feature","properties":{"id":"sr-396","height":50,"levels":14,"source":"procedural-static-footprint"},"geometry":{"type":"Polygon","coordinates":[[[-74.0073,40.713225],[-74.00666,40.713225],[-74.00666,40.713875],[-74.0073,40.713875],[-74.0073,40.713225]]]}},{"type":"Feature","properties":{"id":"sr-397","height":88.5,"levels":25,"source":"procedural-static-footprint"},"geometry":{"type":"Polygon","coordinates":[[[-74.006425,40.71309],[-74.005695,40.71309],[-74.005695,40.71381],[-74.006425,40.71381],[-74.006425,40.71309]]]}},{"type":"Feature","properties":{"id":"sr-398","height":43,"levels":12,"source":"procedural-static-footprint"},"geometry":{"type":"Polygon","coordinates":[[[-74.00542,40.71324],[-74.0046,40.71324],[-74.0046,40.71368],[-74.00542,40.71368],[-74.00542,40.71324]]]}},{"type":"Feature","properties":{"id":"sr-399","height":81.5,"levels":23,"source":"procedural-static-footprint"},"geometry":{"type":"Polygon","coordinates":[[[-74.004415,40.713215],[-74.003505,40.713215],[-74.003505,40.713725],[-74.004415,40.713725],[-74.004415,40.713215]]]}},{"type":"Feature","properties":{"id":"sr-400","height":36,"levels":10,"source":"procedural-static-footprint"},"geometry":{"type":"Polygon","coordinates":[[[-74.00336,40.71319],[-74.00272,40.71319],[-74.00272,40.71377],[-74.00336,40.71377],[-74.00336,40.71319]]]}},{"type":"Feature","properties":{"id":"sr-401","height":64,"levels":18,"source":"procedural-static-footprint"},"geometry":{"type":"Polygon","coordinates":[[[-74.01632,40.713985],[-74.01568,40.713985],[-74.01568,40.714495],[-74.01632,40.714495],[-74.01632,40.713985]]]}},{"type":"Feature","properties":{"id":"sr-402","height":102.5,"levels":29,"source":"procedural-static-footprint"},"geometry":{"type":"Polygon","coordinates":[[[-74.015315,40.71396],[-74.014585,40.71396],[-74.014585,40.71454],[-74.015315,40.71454],[-74.015315,40.71396]]]}},{"type":"Feature","properties":{"id":"sr-403","height":57,"levels":16,"source":"procedural-static-footprint"},"geometry":{"type":"Polygon","coordinates":[[[-74.01444,40.713825],[-74.01362,40.713825],[-74.01362,40.714475],[-74.01444,40.714475],[-74.01444,40.713825]]]}},{"type":"Feature","properties":{"id":"sr-404","height":95.5,"levels":27,"source":"procedural-static-footprint"},"geometry":{"type":"Polygon","coordinates":[[[-74.013435,40.7138],[-74.012525,40.7138],[-74.012525,40.71452],[-74.013435,40.71452],[-74.013435,40.7138]]]}},{"type":"Feature","properties":{"id":"sr-405","height":50,"levels":14,"source":"procedural-static-footprint"},"geometry":{"type":"Polygon","coordinates":[[[-74.01238,40.71395],[-74.01174,40.71395],[-74.01174,40.71439],[-74.01238,40.71439],[-74.01238,40.71395]]]}},{"type":"Feature","properties":{"id":"sr-406","height":88.5,"levels":25,"source":"procedural-static-footprint"},"geometry":{"type":"Polygon","coordinates":[[[-74.011375,40.713925],[-74.010645,40.713925],[-74.010645,40.714435],[-74.011375,40.714435],[-74.011375,40.713925]]]}},{"type":"Feature","properties":{"id":"sr-407","height":43,"levels":12,"source":"procedural-static-footprint"},"geometry":{"type":"Polygon","coordinates":[[[-74.01037,40.7139],[-74.00955,40.7139],[-74.00955,40.71448],[-74.01037,40.71448],[-74.01037,40.7139]]]}},{"type":"Feature","properties":{"id":"sr-408","height":81.5,"levels":23,"source":"procedural-static-footprint"},"geometry":{"type":"Polygon","coordinates":[[[-74.009495,40.713875],[-74.008585,40.713875],[-74.008585,40.714525],[-74.009495,40.714525],[-74.009495,40.713875]]]}},{"type":"Feature","properties":{"id":"sr-409","height":36,"levels":10,"source":"procedural-static-footprint"},"geometry":{"type":"Polygon","coordinates":[[[-74.00831,40.71385],[-74.00767,40.71385],[-74.00767,40.71457],[-74.00831,40.71457],[-74.00831,40.71385]]]}},{"type":"Feature","properties":{"id":"sr-410","height":74.5,"levels":21,"source":"procedural-static-footprint"},"geometry":{"type":"Polygon","coordinates":[[[-74.007305,40.714],[-74.006575,40.714],[-74.006575,40.71444],[-74.007305,40.71444],[-74.007305,40.714]]]}},{"type":"Feature","properties":{"id":"sr-411","height":113,"levels":32,"source":"procedural-static-footprint"},"geometry":{"type":"Polygon","coordinates":[[[-74.00643,40.713975],[-74.00561,40.713975],[-74.00561,40.714485],[-74.00643,40.714485],[-74.00643,40.713975]]]}},{"type":"Feature","properties":{"id":"sr-412","height":67.5,"levels":19,"source":"procedural-static-footprint"},"geometry":{"type":"Polygon","coordinates":[[[-74.005425,40.71395],[-74.004515,40.71395],[-74.004515,40.71453],[-74.005425,40.71453],[-74.005425,40.71395]]]}},{"type":"Feature","properties":{"id":"sr-413","height":106,"levels":30,"source":"procedural-static-footprint"},"geometry":{"type":"Polygon","coordinates":[[[-74.00437,40.713925],[-74.00373,40.713925],[-74.00373,40.714575],[-74.00437,40.714575],[-74.00437,40.713925]]]}},{"type":"Feature","properties":{"id":"sr-414","height":60.5,"levels":17,"source":"procedural-static-footprint"},"geometry":{"type":"Polygon","coordinates":[[[-74.003365,40.71379],[-74.002635,40.71379],[-74.002635,40.71451],[-74.003365,40.71451],[-74.003365,40.71379]]]}},{"type":"Feature","properties":{"id":"sr-415","height":88.5,"levels":25,"source":"procedural-static-footprint"},"geometry":{"type":"Polygon","coordinates":[[[-74.016325,40.714585],[-74.015595,40.714585],[-74.015595,40.715235],[-74.016325,40.715235],[-74.016325,40.714585]]]}},{"type":"Feature","properties":{"id":"sr-416","height":43,"levels":12,"source":"procedural-static-footprint"},"geometry":{"type":"Polygon","coordinates":[[[-74.01545,40.71456],[-74.01463,40.71456],[-74.01463,40.71528],[-74.01545,40.71528],[-74.01545,40.71456]]]}},{"type":"Feature","properties":{"id":"sr-417","height":81.5,"levels":23,"source":"procedural-static-footprint"},"geometry":{"type":"Polygon","coordinates":[[[-74.014445,40.71471],[-74.013535,40.71471],[-74.013535,40.71515],[-74.014445,40.71515],[-74.014445,40.71471]]]}},{"type":"Feature","properties":{"id":"sr-418","height":36,"levels":10,"source":"procedural-static-footprint"},"geometry":{"type":"Polygon","coordinates":[[[-74.01326,40.714685],[-74.01262,40.714685],[-74.01262,40.715195],[-74.01326,40.715195],[-74.01326,40.714685]]]}},{"type":"Feature","properties":{"id":"sr-419","height":74.5,"levels":21,"source":"procedural-static-footprint"},"geometry":{"type":"Polygon","coordinates":[[[-74.012385,40.71466],[-74.011655,40.71466],[-74.011655,40.71524],[-74.012385,40.71524],[-74.012385,40.71466]]]}},{"type":"Feature","properties":{"id":"sr-420","height":113,"levels":32,"source":"procedural-static-footprint"},"geometry":{"type":"Polygon","coordinates":[[[-74.01138,40.714525],[-74.01056,40.714525],[-74.01056,40.715175],[-74.01138,40.715175],[-74.01138,40.714525]]]}},{"type":"Feature","properties":{"id":"sr-421","height":67.5,"levels":19,"source":"procedural-static-footprint"},"geometry":{"type":"Polygon","coordinates":[[[-74.010505,40.7145],[-74.009595,40.7145],[-74.009595,40.71522],[-74.010505,40.71522],[-74.010505,40.7145]]]}},{"type":"Feature","properties":{"id":"sr-422","height":106,"levels":30,"source":"procedural-static-footprint"},"geometry":{"type":"Polygon","coordinates":[[[-74.00932,40.71465],[-74.00868,40.71465],[-74.00868,40.71509],[-74.00932,40.71509],[-74.00932,40.71465]]]}},{"type":"Feature","properties":{"id":"sr-423","height":60.5,"levels":17,"source":"procedural-static-footprint"},"geometry":{"type":"Polygon","coordinates":[[[-74.008315,40.714625],[-74.007585,40.714625],[-74.007585,40.715135],[-74.008315,40.715135],[-74.008315,40.714625]]]}},{"type":"Feature","properties":{"id":"sr-424","height":99,"levels":28,"source":"procedural-static-footprint"},"geometry":{"type":"Polygon","coordinates":[[[-74.00744,40.7146],[-74.00662,40.7146],[-74.00662,40.71518],[-74.00744,40.71518],[-74.00744,40.7146]]]}},{"type":"Feature","properties":{"id":"sr-425","height":53.5,"levels":15,"source":"procedural-static-footprint"},"geometry":{"type":"Polygon","coordinates":[[[-74.006435,40.714575],[-74.005525,40.714575],[-74.005525,40.715225],[-74.006435,40.715225],[-74.006435,40.714575]]]}},{"type":"Feature","properties":{"id":"sr-426","height":92,"levels":26,"source":"procedural-static-footprint"},"geometry":{"type":"Polygon","coordinates":[[[-74.00538,40.71455],[-74.00474,40.71455],[-74.00474,40.71527],[-74.00538,40.71527],[-74.00538,40.71455]]]}},{"type":"Feature","properties":{"id":"sr-427","height":46.5,"levels":13,"source":"procedural-static-footprint"},"geometry":{"type":"Polygon","coordinates":[[[-74.004375,40.7147],[-74.003645,40.7147],[-74.003645,40.71514],[-74.004375,40.71514],[-74.004375,40.7147]]]}},{"type":"Feature","properties":{"id":"sr-428","height":85,"levels":24,"source":"procedural-static-footprint"},"geometry":{"type":"Polygon","coordinates":[[[-74.00337,40.714675],[-74.00255,40.714675],[-74.00255,40.715185],[-74.00337,40.715185],[-74.00337,40.714675]]]}},{"type":"Feature","properties":{"id":"sr-429","height":113,"levels":32,"source":"procedural-static-footprint"},"geometry":{"type":"Polygon","coordinates":[[[-74.01646,40.71536],[-74.01564,40.71536],[-74.01564,40.7158],[-74.01646,40.7158],[-74.01646,40.71536]]]}},{"type":"Feature","properties":{"id":"sr-430","height":67.5,"levels":19,"source":"procedural-static-footprint"},"geometry":{"type":"Polygon","coordinates":[[[-74.015455,40.715335],[-74.014545,40.715335],[-74.014545,40.715845],[-74.015455,40.715845],[-74.015455,40.715335]]]}},{"type":"Feature","properties":{"id":"sr-431","height":106,"levels":30,"source":"procedural-static-footprint"},"geometry":{"type":"Polygon","coordinates":[[[-74.01427,40.71531],[-74.01363,40.71531],[-74.01363,40.71589],[-74.01427,40.71589],[-74.01427,40.71531]]]}},{"type":"Feature","properties":{"id":"sr-432","height":60.5,"levels":17,"source":"procedural-static-footprint"},"geometry":{"type":"Polygon","coordinates":[[[-74.013395,40.715285],[-74.012665,40.715285],[-74.012665,40.715935],[-74.013395,40.715935],[-74.013395,40.715285]]]}},{"type":"Feature","properties":{"id":"sr-433","height":99,"levels":28,"source":"procedural-static-footprint"},"geometry":{"type":"Polygon","coordinates":[[[-74.01239,40.71526],[-74.01157,40.71526],[-74.01157,40.71598],[-74.01239,40.71598],[-74.01239,40.71526]]]}},{"type":"Feature","properties":{"id":"sr-434","height":53.5,"levels":15,"source":"procedural-static-footprint"},"geometry":{"type":"Polygon","coordinates":[[[-74.011515,40.71541],[-74.010605,40.71541],[-74.010605,40.71585],[-74.011515,40.71585],[-74.011515,40.71541]]]}},{"type":"Feature","properties":{"id":"sr-435","height":92,"levels":26,"source":"procedural-static-footprint"},"geometry":{"type":"Polygon","coordinates":[[[-74.01033,40.715385],[-74.00969,40.715385],[-74.00969,40.715895],[-74.01033,40.715895],[-74.01033,40.715385]]]}},{"type":"Feature","properties":{"id":"sr-436","height":46.5,"levels":13,"source":"procedural-static-footprint"},"geometry":{"type":"Polygon","coordinates":[[[-74.009325,40.71536],[-74.008595,40.71536],[-74.008595,40.71594],[-74.009325,40.71594],[-74.009325,40.71536]]]}},{"type":"Feature","properties":{"id":"sr-437","height":85,"levels":24,"source":"procedural-static-footprint"},"geometry":{"type":"Polygon","coordinates":[[[-74.00845,40.715225],[-74.00763,40.715225],[-74.00763,40.715875],[-74.00845,40.715875],[-74.00845,40.715225]]]}},{"type":"Feature","properties":{"id":"sr-438","height":39.5,"levels":11,"source":"procedural-static-footprint"},"geometry":{"type":"Polygon","coordinates":[[[-74.007445,40.7152],[-74.006535,40.7152],[-74.006535,40.71592],[-74.007445,40.71592],[-74.007445,40.7152]]]}},{"type":"Feature","properties":{"id":"sr-439","height":78,"levels":22,"source":"procedural-static-footprint"},"geometry":{"type":"Polygon","coordinates":[[[-74.00626,40.71535],[-74.00562,40.71535],[-74.00562,40.71579],[-74.00626,40.71579],[-74.00626,40.71535]]]}},{"type":"Feature","properties":{"id":"sr-440","height":116.5,"levels":33,"source":"procedural-static-footprint"},"geometry":{"type":"Polygon","coordinates":[[[-74.005385,40.715325],[-74.004655,40.715325],[-74.004655,40.715835],[-74.005385,40.715835],[-74.005385,40.715325]]]}},{"type":"Feature","properties":{"id":"sr-441","height":71,"levels":20,"source":"procedural-static-footprint"},"geometry":{"type":"Polygon","coordinates":[[[-74.00438,40.7153],[-74.00356,40.7153],[-74.00356,40.71588],[-74.00438,40.71588],[-74.00438,40.7153]]]}},{"type":"Feature","properties":{"id":"sr-442","height":109.5,"levels":31,"source":"procedural-static-footprint"},"geometry":{"type":"Polygon","coordinates":[[[-74.003505,40.715275],[-74.002595,40.715275],[-74.002595,40.715925],[-74.003505,40.715925],[-74.003505,40.715275]]]}},{"type":"Feature","properties":{"id":"sr-443","height":53.5,"levels":15,"source":"procedural-static-footprint"},"geometry":{"type":"Polygon","coordinates":[[[-74.016465,40.71596],[-74.015555,40.71596],[-74.015555,40.71654],[-74.016465,40.71654],[-74.016465,40.71596]]]}},{"type":"Feature","properties":{"id":"sr-444","height":92,"levels":26,"source":"procedural-static-footprint"},"geometry":{"type":"Polygon","coordinates":[[[-74.01528,40.715935],[-74.01464,40.715935],[-74.01464,40.716585],[-74.01528,40.716585],[-74.01528,40.715935]]]}},{"type":"Feature","properties":{"id":"sr-445","height":46.5,"levels":13,"source":"procedural-static-footprint"},"geometry":{"type":"Polygon","coordinates":[[[-74.014405,40.71591],[-74.013675,40.71591],[-74.013675,40.71663],[-74.014405,40.71663],[-74.014405,40.71591]]]}},{"type":"Feature","properties":{"id":"sr-446","height":85,"levels":24,"source":"procedural-static-footprint"},"geometry":{"type":"Polygon","coordinates":[[[-74.0134,40.71606],[-74.01258,40.71606],[-74.01258,40.7165],[-74.0134,40.7165],[-74.0134,40.71606]]]}},{"type":"Feature","properties":{"id":"sr-447","height":39.5,"levels":11,"source":"procedural-static-footprint"},"geometry":{"type":"Polygon","coordinates":[[[-74.012395,40.716035],[-74.011485,40.716035],[-74.011485,40.716545],[-74.012395,40.716545],[-74.012395,40.716035]]]}},{"type":"Feature","properties":{"id":"sr-448","height":78,"levels":22,"source":"procedural-static-footprint"},"geometry":{"type":"Polygon","coordinates":[[[-74.01134,40.71601],[-74.0107,40.71601],[-74.0107,40.71659],[-74.01134,40.71659],[-74.01134,40.71601]]]}},{"type":"Feature","properties":{"id":"sr-449","height":116.5,"levels":33,"source":"procedural-static-footprint"},"geometry":{"type":"Polygon","coordinates":[[[-74.010335,40.715985],[-74.009605,40.715985],[-74.009605,40.716635],[-74.010335,40.716635],[-74.010335,40.715985]]]}},{"type":"Feature","properties":{"id":"sr-450","height":71,"levels":20,"source":"procedural-static-footprint"},"geometry":{"type":"Polygon","coordinates":[[[-74.00946,40.71596],[-74.00864,40.71596],[-74.00864,40.71668],[-74.00946,40.71668],[-74.00946,40.71596]]]}},{"type":"Feature","properties":{"id":"sr-451","height":109.5,"levels":31,"source":"procedural-static-footprint"},"geometry":{"type":"Polygon","coordinates":[[[-74.008455,40.71611],[-74.007545,40.71611],[-74.007545,40.71655],[-74.008455,40.71655],[-74.008455,40.71611]]]}},{"type":"Feature","properties":{"id":"sr-452","height":64,"levels":18,"source":"procedural-static-footprint"},"geometry":{"type":"Polygon","coordinates":[[[-74.00727,40.716085],[-74.00663,40.716085],[-74.00663,40.716595],[-74.00727,40.716595],[-74.00727,40.716085]]]}},{"type":"Feature","properties":{"id":"sr-453","height":102.5,"levels":29,"source":"procedural-static-footprint"},"geometry":{"type":"Polygon","coordinates":[[[-74.006395,40.71606],[-74.005665,40.71606],[-74.005665,40.71664],[-74.006395,40.71664],[-74.006395,40.71606]]]}},{"type":"Feature","properties":{"id":"sr-454","height":57,"levels":16,"source":"procedural-static-footprint"},"geometry":{"type":"Polygon","coordinates":[[[-74.00539,40.715925],[-74.00457,40.715925],[-74.00457,40.716575],[-74.00539,40.716575],[-74.00539,40.715925]]]}},{"type":"Feature","properties":{"id":"sr-455","height":95.5,"levels":27,"source":"procedural-static-footprint"},"geometry":{"type":"Polygon","coordinates":[[[-74.004515,40.7159],[-74.003605,40.7159],[-74.003605,40.71662],[-74.004515,40.71662],[-74.004515,40.7159]]]}},{"type":"Feature","properties":{"id":"sr-456","height":50,"levels":14,"source":"procedural-static-footprint"},"geometry":{"type":"Polygon","coordinates":[[[-74.00333,40.71605],[-74.00269,40.71605],[-74.00269,40.71649],[-74.00333,40.71649],[-74.00333,40.71605]]]}},{"type":"Feature","properties":{"id":"sr-457","height":18,"levels":5,"source":"procedural-static-footprint"},"geometry":{"type":"Polygon","coordinates":[[[-73.99498,40.66705],[-73.99434,40.66705],[-73.99434,40.66749],[-73.99498,40.66749],[-73.99498,40.66705]]]}},{"type":"Feature","properties":{"id":"sr-458","height":56.5,"levels":16,"source":"procedural-static-footprint"},"geometry":{"type":"Polygon","coordinates":[[[-73.993775,40.667025],[-73.993045,40.667025],[-73.993045,40.667535],[-73.993775,40.667535],[-73.993775,40.667025]]]}},{"type":"Feature","properties":{"id":"sr-459","height":95,"levels":27,"source":"procedural-static-footprint"},"geometry":{"type":"Polygon","coordinates":[[[-73.99257,40.667],[-73.99175,40.667],[-73.99175,40.66758],[-73.99257,40.66758],[-73.99257,40.667]]]}},{"type":"Feature","properties":{"id":"sr-460","height":49.5,"levels":14,"source":"procedural-static-footprint"},"geometry":{"type":"Polygon","coordinates":[[[-73.991495,40.666975],[-73.990585,40.666975],[-73.990585,40.667625],[-73.991495,40.667625],[-73.991495,40.666975]]]}},{"type":"Feature","properties":{"id":"sr-461","height":88,"levels":25,"source":"procedural-static-footprint"},"geometry":{"type":"Polygon","coordinates":[[[-73.99011,40.66695],[-73.98947,40.66695],[-73.98947,40.66767],[-73.99011,40.66767],[-73.99011,40.66695]]]}},{"type":"Feature","properties":{"id":"sr-462","height":42.5,"levels":12,"source":"procedural-static-footprint"},"geometry":{"type":"Polygon","coordinates":[[[-73.988905,40.6671],[-73.988175,40.6671],[-73.988175,40.66754],[-73.988905,40.66754],[-73.988905,40.6671]]]}},{"type":"Feature","properties":{"id":"sr-463","height":81,"levels":23,"source":"procedural-static-footprint"},"geometry":{"type":"Polygon","coordinates":[[[-73.98783,40.667075],[-73.98701,40.667075],[-73.98701,40.667585],[-73.98783,40.667585],[-73.98783,40.667075]]]}},{"type":"Feature","properties":{"id":"sr-464","height":35.5,"levels":10,"source":"procedural-static-footprint"},"geometry":{"type":"Polygon","coordinates":[[[-73.986625,40.66705],[-73.985715,40.66705],[-73.985715,40.66763],[-73.986625,40.66763],[-73.986625,40.66705]]]}},{"type":"Feature","properties":{"id":"sr-465","height":74,"levels":21,"source":"procedural-static-footprint"},"geometry":{"type":"Polygon","coordinates":[[[-73.98537,40.667025],[-73.98473,40.667025],[-73.98473,40.667675],[-73.98537,40.667675],[-73.98537,40.667025]]]}},{"type":"Feature","properties":{"id":"sr-466","height":28.5,"levels":8,"source":"procedural-static-footprint"},"geometry":{"type":"Polygon","coordinates":[[[-73.984165,40.667],[-73.983435,40.667],[-73.983435,40.66772],[-73.984165,40.66772],[-73.984165,40.667]]]}},{"type":"Feature","properties":{"id":"sr-467","height":67,"levels":19,"source":"procedural-static-footprint"},"geometry":{"type":"Polygon","coordinates":[[[-73.98296,40.66715],[-73.98214,40.66715],[-73.98214,40.66759],[-73.98296,40.66759],[-73.98296,40.66715]]]}},{"type":"Feature","properties":{"id":"sr-468","height":21.5,"levels":6,"source":"procedural-static-footprint"},"geometry":{"type":"Polygon","coordinates":[[[-73.981885,40.667015],[-73.980975,40.667015],[-73.980975,40.667525],[-73.981885,40.667525],[-73.981885,40.667015]]]}},{"type":"Feature","properties":{"id":"sr-469","height":60,"levels":17,"source":"procedural-static-footprint"},"geometry":{"type":"Polygon","coordinates":[[[-73.9805,40.66699],[-73.97986,40.66699],[-73.97986,40.66757],[-73.9805,40.66757],[-73.9805,40.66699]]]}},{"type":"Feature","properties":{"id":"sr-470","height":98.5,"levels":28,"source":"procedural-static-footprint"},"geometry":{"type":"Polygon","coordinates":[[[-73.979425,40.666965],[-73.978695,40.666965],[-73.978695,40.667615],[-73.979425,40.667615],[-73.979425,40.666965]]]}},{"type":"Feature","properties":{"id":"sr-471","height":53,"levels":15,"source":"procedural-static-footprint"},"geometry":{"type":"Polygon","coordinates":[[[-73.97822,40.66694],[-73.9774,40.66694],[-73.9774,40.66766],[-73.97822,40.66766],[-73.97822,40.66694]]]}},{"type":"Feature","properties":{"id":"sr-472","height":91.5,"levels":26,"source":"procedural-static-footprint"},"geometry":{"type":"Polygon","coordinates":[[[-73.977015,40.66709],[-73.976105,40.66709],[-73.976105,40.66753],[-73.977015,40.66753],[-73.977015,40.66709]]]}},{"type":"Feature","properties":{"id":"sr-473","height":42.5,"levels":12,"source":"procedural-static-footprint"},"geometry":{"type":"Polygon","coordinates":[[[-73.994985,40.66784],[-73.994255,40.66784],[-73.994255,40.66842],[-73.994985,40.66842],[-73.994985,40.66784]]]}},{"type":"Feature","properties":{"id":"sr-474","height":81,"levels":23,"source":"procedural-static-footprint"},"geometry":{"type":"Polygon","coordinates":[[[-73.99378,40.667815],[-73.99296,40.667815],[-73.99296,40.668465],[-73.99378,40.668465],[-73.99378,40.667815]]]}},{"type":"Feature","properties":{"id":"sr-475","height":35.5,"levels":10,"source":"procedural-static-footprint"},"geometry":{"type":"Polygon","coordinates":[[[-73.992705,40.66779],[-73.991795,40.66779],[-73.991795,40.66851],[-73.992705,40.66851],[-73.992705,40.66779]]]}},{"type":"Feature","properties":{"id":"sr-476","height":74,"levels":21,"source":"procedural-static-footprint"},"geometry":{"type":"Polygon","coordinates":[[[-73.99132,40.66783],[-73.99068,40.66783],[-73.99068,40.66827],[-73.99132,40.66827],[-73.99132,40.66783]]]}},{"type":"Feature","properties":{"id":"sr-477","height":28.5,"levels":8,"source":"procedural-static-footprint"},"geometry":{"type":"Polygon","coordinates":[[[-73.990115,40.667805],[-73.989385,40.667805],[-73.989385,40.668315],[-73.990115,40.668315],[-73.990115,40.667805]]]}},{"type":"Feature","properties":{"id":"sr-478","height":67,"levels":19,"source":"procedural-static-footprint"},"geometry":{"type":"Polygon","coordinates":[[[-73.98904,40.66778],[-73.98822,40.66778],[-73.98822,40.66836],[-73.98904,40.66836],[-73.98904,40.66778]]]}},{"type":"Feature","properties":{"id":"sr-479","height":21.5,"levels":6,"source":"procedural-static-footprint"},"geometry":{"type":"Polygon","coordinates":[[[-73.987835,40.667755],[-73.986925,40.667755],[-73.986925,40.668405],[-73.987835,40.668405],[-73.987835,40.667755]]]}},{"type":"Feature","properties":{"id":"sr-480","height":60,"levels":17,"source":"procedural-static-footprint"},"geometry":{"type":"Polygon","coordinates":[[[-73.98658,40.66773],[-73.98594,40.66773],[-73.98594,40.66845],[-73.98658,40.66845],[-73.98658,40.66773]]]}},{"type":"Feature","properties":{"id":"sr-481","height":98.5,"levels":28,"source":"procedural-static-footprint"},"geometry":{"type":"Polygon","coordinates":[[[-73.985375,40.66788],[-73.984645,40.66788],[-73.984645,40.66832],[-73.985375,40.66832],[-73.985375,40.66788]]]}},{"type":"Feature","properties":{"id":"sr-482","height":53,"levels":15,"source":"procedural-static-footprint"},"geometry":{"type":"Polygon","coordinates":[[[-73.98417,40.667855],[-73.98335,40.667855],[-73.98335,40.668365],[-73.98417,40.668365],[-73.98417,40.667855]]]}},{"type":"Feature","properties":{"id":"sr-483","height":91.5,"levels":26,"source":"procedural-static-footprint"},"geometry":{"type":"Polygon","coordinates":[[[-73.983095,40.66783],[-73.982185,40.66783],[-73.982185,40.66841],[-73.983095,40.66841],[-73.983095,40.66783]]]}},{"type":"Feature","properties":{"id":"sr-484","height":46,"levels":13,"source":"procedural-static-footprint"},"geometry":{"type":"Polygon","coordinates":[[[-73.98171,40.667805],[-73.98107,40.667805],[-73.98107,40.668455],[-73.98171,40.668455],[-73.98171,40.667805]]]}},{"type":"Feature","properties":{"id":"sr-485","height":84.5,"levels":24,"source":"procedural-static-footprint"},"geometry":{"type":"Polygon","coordinates":[[[-73.980505,40.66778],[-73.979775,40.66778],[-73.979775,40.6685],[-73.980505,40.6685],[-73.980505,40.66778]]]}},{"type":"Feature","properties":{"id":"sr-486","height":39,"levels":11,"source":"procedural-static-footprint"},"geometry":{"type":"Polygon","coordinates":[[[-73.97943,40.66793],[-73.97861,40.66793],[-73.97861,40.66837],[-73.97943,40.66837],[-73.97943,40.66793]]]}},{"type":"Feature","properties":{"id":"sr-487","height":77.5,"levels":22,"source":"procedural-static-footprint"},"geometry":{"type":"Polygon","coordinates":[[[-73.978225,40.667795],[-73.977315,40.667795],[-73.977315,40.668305],[-73.978225,40.668305],[-73.978225,40.667795]]]}},{"type":"Feature","properties":{"id":"sr-488","height":32,"levels":9,"source":"procedural-static-footprint"},"geometry":{"type":"Polygon","coordinates":[[[-73.97697,40.66777],[-73.97633,40.66777],[-73.97633,40.66835],[-73.97697,40.66835],[-73.97697,40.66777]]]}},{"type":"Feature","properties":{"id":"sr-489","height":67,"levels":19,"source":"procedural-static-footprint"},"geometry":{"type":"Polygon","coordinates":[[[-73.99499,40.66852],[-73.99417,40.66852],[-73.99417,40.66924],[-73.99499,40.66924],[-73.99499,40.66852]]]}},{"type":"Feature","properties":{"id":"sr-490","height":21.5,"levels":6,"source":"procedural-static-footprint"},"geometry":{"type":"Polygon","coordinates":[[[-73.993915,40.66867],[-73.993005,40.66867],[-73.993005,40.66911],[-73.993915,40.66911],[-73.993915,40.66867]]]}},{"type":"Feature","properties":{"id":"sr-491","height":60,"levels":17,"source":"procedural-static-footprint"},"geometry":{"type":"Polygon","coordinates":[[[-73.99253,40.668645],[-73.99189,40.668645],[-73.99189,40.669155],[-73.99253,40.669155],[-73.99253,40.668645]]]}},{"type":"Feature","properties":{"id":"sr-492","height":98.5,"levels":28,"source":"procedural-static-footprint"},"geometry":{"type":"Polygon","coordinates":[[[-73.991325,40.66862],[-73.990595,40.66862],[-73.990595,40.6692],[-73.991325,40.6692],[-73.991325,40.66862]]]}},{"type":"Feature","properties":{"id":"sr-493","height":53,"levels":15,"source":"procedural-static-footprint"},"geometry":{"type":"Polygon","coordinates":[[[-73.99025,40.668595],[-73.98943,40.668595],[-73.98943,40.669245],[-73.99025,40.669245],[-73.99025,40.668595]]]}},{"type":"Feature","properties":{"id":"sr-494","height":91.5,"levels":26,"source":"procedural-static-footprint"},"geometry":{"type":"Polygon","coordinates":[[[-73.989045,40.66857],[-73.988135,40.66857],[-73.988135,40.66929],[-73.989045,40.66929],[-73.989045,40.66857]]]}},{"type":"Feature","properties":{"id":"sr-495","height":46,"levels":13,"source":"procedural-static-footprint"},"geometry":{"type":"Polygon","coordinates":[[[-73.98766,40.66861],[-73.98702,40.66861],[-73.98702,40.66905],[-73.98766,40.66905],[-73.98766,40.66861]]]}},{"type":"Feature","properties":{"id":"sr-496","height":84.5,"levels":24,"source":"procedural-static-footprint"},"geometry":{"type":"Polygon","coordinates":[[[-73.986585,40.668585],[-73.985855,40.668585],[-73.985855,40.669095],[-73.986585,40.669095],[-73.986585,40.668585]]]}},{"type":"Feature","properties":{"id":"sr-497","height":39,"levels":11,"source":"procedural-static-footprint"},"geometry":{"type":"Polygon","coordinates":[[[-73.98538,40.66856],[-73.98456,40.66856],[-73.98456,40.66914],[-73.98538,40.66914],[-73.98538,40.66856]]]}},{"type":"Feature","properties":{"id":"sr-498","height":77.5,"levels":22,"source":"procedural-static-footprint"},"geometry":{"type":"Polygon","coordinates":[[[-73.984305,40.668535],[-73.983395,40.668535],[-73.983395,40.669185],[-73.984305,40.669185],[-73.984305,40.668535]]]}},{"type":"Feature","properties":{"id":"sr-499","height":32,"levels":9,"source":"procedural-static-footprint"},"geometry":{"type":"Polygon","coordinates":[[[-73.98292,40.66851],[-73.98228,40.66851],[-73.98228,40.66923],[-73.98292,40.66923],[-73.98292,40.66851]]]}},{"type":"Feature","properties":{"id":"sr-500","height":70.5,"levels":20,"source":"procedural-static-footprint"},"geometry":{"type":"Polygon","coordinates":[[[-73.981715,40.66866],[-73.980985,40.66866],[-73.980985,40.6691],[-73.981715,40.6691],[-73.981715,40.66866]]]}},{"type":"Feature","properties":{"id":"sr-501","height":25,"levels":7,"source":"procedural-static-footprint"},"geometry":{"type":"Polygon","coordinates":[[[-73.98064,40.668635],[-73.97982,40.668635],[-73.97982,40.669145],[-73.98064,40.669145],[-73.98064,40.668635]]]}},{"type":"Feature","properties":{"id":"sr-502","height":63.5,"levels":18,"source":"procedural-static-footprint"},"geometry":{"type":"Polygon","coordinates":[[[-73.979435,40.66861],[-73.978525,40.66861],[-73.978525,40.66919],[-73.979435,40.66919],[-73.979435,40.66861]]]}},{"type":"Feature","properties":{"id":"sr-503","height":18,"levels":5,"source":"procedural-static-footprint"},"geometry":{"type":"Polygon","coordinates":[[[-73.97818,40.668585],[-73.97754,40.668585],[-73.97754,40.669235],[-73.97818,40.669235],[-73.97818,40.668585]]]}},{"type":"Feature","properties":{"id":"sr-504","height":56.5,"levels":16,"source":"procedural-static-footprint"},"geometry":{"type":"Polygon","coordinates":[[[-73.976975,40.66856],[-73.976245,40.66856],[-73.976245,40.66928],[-73.976975,40.66928],[-73.976975,40.66856]]]}},{"type":"Feature","properties":{"id":"sr-505","height":91.5,"levels":26,"source":"procedural-static-footprint"},"geometry":{"type":"Polygon","coordinates":[[[-73.994995,40.669375],[-73.994085,40.669375],[-73.994085,40.669885],[-73.994995,40.669885],[-73.994995,40.669375]]]}},{"type":"Feature","properties":{"id":"sr-506","height":46,"levels":13,"source":"procedural-static-footprint"},"geometry":{"type":"Polygon","coordinates":[[[-73.99374,40.66935],[-73.9931,40.66935],[-73.9931,40.66993],[-73.99374,40.66993],[-73.99374,40.66935]]]}},{"type":"Feature","properties":{"id":"sr-507","height":84.5,"levels":24,"source":"procedural-static-footprint"},"geometry":{"type":"Polygon","coordinates":[[[-73.992535,40.669325],[-73.991805,40.669325],[-73.991805,40.669975],[-73.992535,40.669975],[-73.992535,40.669325]]]}},{"type":"Feature","properties":{"id":"sr-508","height":39,"levels":11,"source":"procedural-static-footprint"},"geometry":{"type":"Polygon","coordinates":[[[-73.99146,40.6693],[-73.99064,40.6693],[-73.99064,40.67002],[-73.99146,40.67002],[-73.99146,40.6693]]]}},{"type":"Feature","properties":{"id":"sr-509","height":77.5,"levels":22,"source":"procedural-static-footprint"},"geometry":{"type":"Polygon","coordinates":[[[-73.990255,40.66945],[-73.989345,40.66945],[-73.989345,40.66989],[-73.990255,40.66989],[-73.990255,40.66945]]]}},{"type":"Feature","properties":{"id":"sr-510","height":32,"levels":9,"source":"procedural-static-footprint"},"geometry":{"type":"Polygon","coordinates":[[[-73.98887,40.669425],[-73.98823,40.669425],[-73.98823,40.669935],[-73.98887,40.669935],[-73.98887,40.669425]]]}},{"type":"Feature","properties":{"id":"sr-511","height":70.5,"levels":20,"source":"procedural-static-footprint"},"geometry":{"type":"Polygon","coordinates":[[[-73.987795,40.6694],[-73.987065,40.6694],[-73.987065,40.66998],[-73.987795,40.66998],[-73.987795,40.6694]]]}},{"type":"Feature","properties":{"id":"sr-512","height":25,"levels":7,"source":"procedural-static-footprint"},"geometry":{"type":"Polygon","coordinates":[[[-73.98659,40.669375],[-73.98577,40.669375],[-73.98577,40.670025],[-73.98659,40.670025],[-73.98659,40.669375]]]}},{"type":"Feature","properties":{"id":"sr-513","height":63.5,"levels":18,"source":"procedural-static-footprint"},"geometry":{"type":"Polygon","coordinates":[[[-73.985515,40.66935],[-73.984605,40.66935],[-73.984605,40.67007],[-73.985515,40.67007],[-73.985515,40.66935]]]}},{"type":"Feature","properties":{"id":"sr-514","height":18,"levels":5,"source":"procedural-static-footprint"},"geometry":{"type":"Polygon","coordinates":[[[-73.98413,40.66939],[-73.98349,40.66939],[-73.98349,40.66983],[-73.98413,40.66983],[-73.98413,40.66939]]]}},{"type":"Feature","properties":{"id":"sr-515","height":56.5,"levels":16,"source":"procedural-static-footprint"},"geometry":{"type":"Polygon","coordinates":[[[-73.982925,40.669365],[-73.982195,40.669365],[-73.982195,40.669875],[-73.982925,40.669875],[-73.982925,40.669365]]]}},{"type":"Feature","properties":{"id":"sr-516","height":95,"levels":27,"source":"procedural-static-footprint"},"geometry":{"type":"Polygon","coordinates":[[[-73.98185,40.66934],[-73.98103,40.66934],[-73.98103,40.66992],[-73.98185,40.66992],[-73.98185,40.66934]]]}},{"type":"Feature","properties":{"id":"sr-517","height":49.5,"levels":14,"source":"procedural-static-footprint"},"geometry":{"type":"Polygon","coordinates":[[[-73.980645,40.669315],[-73.979735,40.669315],[-73.979735,40.669965],[-73.980645,40.669965],[-73.980645,40.669315]]]}},{"type":"Feature","properties":{"id":"sr-518","height":88,"levels":25,"source":"procedural-static-footprint"},"geometry":{"type":"Polygon","coordinates":[[[-73.97926,40.66929],[-73.97862,40.66929],[-73.97862,40.67001],[-73.97926,40.67001],[-73.97926,40.66929]]]}},{"type":"Feature","properties":{"id":"sr-519","height":42.5,"levels":12,"source":"procedural-static-footprint"},"geometry":{"type":"Polygon","coordinates":[[[-73.978185,40.66944],[-73.977455,40.66944],[-73.977455,40.66988],[-73.978185,40.66988],[-73.978185,40.66944]]]}},{"type":"Feature","properties":{"id":"sr-520","height":81,"levels":23,"source":"procedural-static-footprint"},"geometry":{"type":"Polygon","coordinates":[[[-73.97698,40.669415],[-73.97616,40.669415],[-73.97616,40.669925],[-73.97698,40.669925],[-73.97698,40.669415]]]}},{"type":"Feature","properties":{"id":"sr-521","height":32,"levels":9,"source":"procedural-static-footprint"},"geometry":{"type":"Polygon","coordinates":[[[-73.99495,40.670165],[-73.99431,40.670165],[-73.99431,40.670815],[-73.99495,40.670815],[-73.99495,40.670165]]]}},{"type":"Feature","properties":{"id":"sr-522","height":70.5,"levels":20,"source":"procedural-static-footprint"},"geometry":{"type":"Polygon","coordinates":[[[-73.993745,40.67003],[-73.993015,40.67003],[-73.993015,40.67075],[-73.993745,40.67075],[-73.993745,40.67003]]]}},{"type":"Feature","properties":{"id":"sr-523","height":25,"levels":7,"source":"procedural-static-footprint"},"geometry":{"type":"Polygon","coordinates":[[[-73.99267,40.67018],[-73.99185,40.67018],[-73.99185,40.67062],[-73.99267,40.67062],[-73.99267,40.67018]]]}},{"type":"Feature","properties":{"id":"sr-524","height":63.5,"levels":18,"source":"procedural-static-footprint"},"geometry":{"type":"Polygon","coordinates":[[[-73.991465,40.670155],[-73.990555,40.670155],[-73.990555,40.670665],[-73.991465,40.670665],[-73.991465,40.670155]]]}},{"type":"Feature","properties":{"id":"sr-525","height":18,"levels":5,"source":"procedural-static-footprint"},"geometry":{"type":"Polygon","coordinates":[[[-73.99008,40.67013],[-73.98944,40.67013],[-73.98944,40.67071],[-73.99008,40.67071],[-73.99008,40.67013]]]}},{"type":"Feature","properties":{"id":"sr-526","height":56.5,"levels":16,"source":"procedural-static-footprint"},"geometry":{"type":"Polygon","coordinates":[[[-73.989005,40.670105],[-73.988275,40.670105],[-73.988275,40.670755],[-73.989005,40.670755],[-73.989005,40.670105]]]}},{"type":"Feature","properties":{"id":"sr-527","height":95,"levels":27,"source":"procedural-static-footprint"},"geometry":{"type":"Polygon","coordinates":[[[-73.9878,40.67008],[-73.98698,40.67008],[-73.98698,40.6708],[-73.9878,40.6708],[-73.9878,40.67008]]]}},{"type":"Feature","properties":{"id":"sr-528","height":49.5,"levels":14,"source":"procedural-static-footprint"},"geometry":{"type":"Polygon","coordinates":[[[-73.986595,40.67023],[-73.985685,40.67023],[-73.985685,40.67067],[-73.986595,40.67067],[-73.986595,40.67023]]]}},{"type":"Feature","properties":{"id":"sr-529","height":88,"levels":25,"source":"procedural-static-footprint"},"geometry":{"type":"Polygon","coordinates":[[[-73.98534,40.670205],[-73.9847,40.670205],[-73.9847,40.670715],[-73.98534,40.670715],[-73.98534,40.670205]]]}},{"type":"Feature","properties":{"id":"sr-530","height":42.5,"levels":12,"source":"procedural-static-footprint"},"geometry":{"type":"Polygon","coordinates":[[[-73.984135,40.67018],[-73.983405,40.67018],[-73.983405,40.67076],[-73.984135,40.67076],[-73.984135,40.67018]]]}},{"type":"Feature","properties":{"id":"sr-531","height":81,"levels":23,"source":"procedural-static-footprint"},"geometry":{"type":"Polygon","coordinates":[[[-73.98306,40.670155],[-73.98224,40.670155],[-73.98224,40.670805],[-73.98306,40.670805],[-73.98306,40.670155]]]}},{"type":"Feature","properties":{"id":"sr-532","height":35.5,"levels":10,"source":"procedural-static-footprint"},"geometry":{"type":"Polygon","coordinates":[[[-73.981855,40.67013],[-73.980945,40.67013],[-73.980945,40.67085],[-73.981855,40.67085],[-73.981855,40.67013]]]}},{"type":"Feature","properties":{"id":"sr-533","height":74,"levels":21,"source":"procedural-static-footprint"},"geometry":{"type":"Polygon","coordinates":[[[-73.98047,40.67017],[-73.97983,40.67017],[-73.97983,40.67061],[-73.98047,40.67061],[-73.98047,40.67017]]]}},{"type":"Feature","properties":{"id":"sr-534","height":28.5,"levels":8,"source":"procedural-static-footprint"},"geometry":{"type":"Polygon","coordinates":[[[-73.979395,40.670145],[-73.978665,40.670145],[-73.978665,40.670655],[-73.979395,40.670655],[-73.979395,40.670145]]]}},{"type":"Feature","properties":{"id":"sr-535","height":67,"levels":19,"source":"procedural-static-footprint"},"geometry":{"type":"Polygon","coordinates":[[[-73.97819,40.67012],[-73.97737,40.67012],[-73.97737,40.6707],[-73.97819,40.6707],[-73.97819,40.67012]]]}},{"type":"Feature","properties":{"id":"sr-536","height":21.5,"levels":6,"source":"procedural-static-footprint"},"geometry":{"type":"Polygon","coordinates":[[[-73.977115,40.670095],[-73.976205,40.670095],[-73.976205,40.670745],[-73.977115,40.670745],[-73.977115,40.670095]]]}},{"type":"Feature","properties":{"id":"sr-537","height":56.5,"levels":16,"source":"procedural-static-footprint"},"geometry":{"type":"Polygon","coordinates":[[[-73.994955,40.67102],[-73.994225,40.67102],[-73.994225,40.67146],[-73.994955,40.67146],[-73.994955,40.67102]]]}},{"type":"Feature","properties":{"id":"sr-538","height":95,"levels":27,"source":"procedural-static-footprint"},"geometry":{"type":"Polygon","coordinates":[[[-73.99375,40.670995],[-73.99293,40.670995],[-73.99293,40.671505],[-73.99375,40.671505],[-73.99375,40.670995]]]}},{"type":"Feature","properties":{"id":"sr-539","height":49.5,"levels":14,"source":"procedural-static-footprint"},"geometry":{"type":"Polygon","coordinates":[[[-73.992675,40.67097],[-73.991765,40.67097],[-73.991765,40.67155],[-73.992675,40.67155],[-73.992675,40.67097]]]}},{"type":"Feature","properties":{"id":"sr-540","height":88,"levels":25,"source":"procedural-static-footprint"},"geometry":{"type":"Polygon","coordinates":[[[-73.99129,40.670945],[-73.99065,40.670945],[-73.99065,40.671595],[-73.99129,40.671595],[-73.99129,40.670945]]]}},{"type":"Feature","properties":{"id":"sr-541","height":42.5,"levels":12,"source":"procedural-static-footprint"},"geometry":{"type":"Polygon","coordinates":[[[-73.990215,40.67081],[-73.989485,40.67081],[-73.989485,40.67153],[-73.990215,40.67153],[-73.990215,40.67081]]]}},{"type":"Feature","properties":{"id":"sr-542","height":81,"levels":23,"source":"procedural-static-footprint"},"geometry":{"type":"Polygon","coordinates":[[[-73.98901,40.67096],[-73.98819,40.67096],[-73.98819,40.6714],[-73.98901,40.6714],[-73.98901,40.67096]]]}},{"type":"Feature","properties":{"id":"sr-543","height":35.5,"levels":10,"source":"procedural-static-footprint"},"geometry":{"type":"Polygon","coordinates":[[[-73.987805,40.670935],[-73.986895,40.670935],[-73.986895,40.671445],[-73.987805,40.671445],[-73.987805,40.670935]]]}},{"type":"Feature","properties":{"id":"sr-544","height":74,"levels":21,"source":"procedural-static-footprint"},"geometry":{"type":"Polygon","coordinates":[[[-73.98655,40.67091],[-73.98591,40.67091],[-73.98591,40.67149],[-73.98655,40.67149],[-73.98655,40.67091]]]}},{"type":"Feature","properties":{"id":"sr-545","height":28.5,"levels":8,"source":"procedural-static-footprint"},"geometry":{"type":"Polygon","coordinates":[[[-73.985345,40.670885],[-73.984615,40.670885],[-73.984615,40.671535],[-73.985345,40.671535],[-73.985345,40.670885]]]}},{"type":"Feature","properties":{"id":"sr-546","height":67,"levels":19,"source":"procedural-static-footprint"},"geometry":{"type":"Polygon","coordinates":[[[-73.98427,40.67086],[-73.98345,40.67086],[-73.98345,40.67158],[-73.98427,40.67158],[-73.98427,40.67086]]]}},{"type":"Feature","properties":{"id":"sr-547","height":21.5,"levels":6,"source":"procedural-static-footprint"},"geometry":{"type":"Polygon","coordinates":[[[-73.983065,40.67101],[-73.982155,40.67101],[-73.982155,40.67145],[-73.983065,40.67145],[-73.983065,40.67101]]]}},{"type":"Feature","properties":{"id":"sr-548","height":60,"levels":17,"source":"procedural-static-footprint"},"geometry":{"type":"Polygon","coordinates":[[[-73.98168,40.670985],[-73.98104,40.670985],[-73.98104,40.671495],[-73.98168,40.671495],[-73.98168,40.670985]]]}},{"type":"Feature","properties":{"id":"sr-549","height":98.5,"levels":28,"source":"procedural-static-footprint"},"geometry":{"type":"Polygon","coordinates":[[[-73.980605,40.67096],[-73.979875,40.67096],[-73.979875,40.67154],[-73.980605,40.67154],[-73.980605,40.67096]]]}},{"type":"Feature","properties":{"id":"sr-550","height":53,"levels":15,"source":"procedural-static-footprint"},"geometry":{"type":"Polygon","coordinates":[[[-73.9794,40.670935],[-73.97858,40.670935],[-73.97858,40.671585],[-73.9794,40.671585],[-73.9794,40.670935]]]}},{"type":"Feature","properties":{"id":"sr-551","height":91.5,"levels":26,"source":"procedural-static-footprint"},"geometry":{"type":"Polygon","coordinates":[[[-73.978195,40.67091],[-73.977285,40.67091],[-73.977285,40.67163],[-73.978195,40.67163],[-73.978195,40.67091]]]}},{"type":"Feature","properties":{"id":"sr-552","height":46,"levels":13,"source":"procedural-static-footprint"},"geometry":{"type":"Polygon","coordinates":[[[-73.97694,40.67095],[-73.9763,40.67095],[-73.9763,40.67139],[-73.97694,40.67139],[-73.97694,40.67095]]]}},{"type":"Feature","properties":{"id":"sr-553","height":81,"levels":23,"source":"procedural-static-footprint"},"geometry":{"type":"Polygon","coordinates":[[[-73.99496,40.6717],[-73.99414,40.6717],[-73.99414,40.67228],[-73.99496,40.67228],[-73.99496,40.6717]]]}},{"type":"Feature","properties":{"id":"sr-554","height":35.5,"levels":10,"source":"procedural-static-footprint"},"geometry":{"type":"Polygon","coordinates":[[[-73.993885,40.671675],[-73.992975,40.671675],[-73.992975,40.672325],[-73.993885,40.672325],[-73.993885,40.671675]]]}},{"type":"Feature","properties":{"id":"sr-555","height":74,"levels":21,"source":"procedural-static-footprint"},"geometry":{"type":"Polygon","coordinates":[[[-73.9925,40.67165],[-73.99186,40.67165],[-73.99186,40.67237],[-73.9925,40.67237],[-73.9925,40.67165]]]}},{"type":"Feature","properties":{"id":"sr-556","height":28.5,"levels":8,"source":"procedural-static-footprint"},"geometry":{"type":"Polygon","coordinates":[[[-73.991425,40.6718],[-73.990695,40.6718],[-73.990695,40.67224],[-73.991425,40.67224],[-73.991425,40.6718]]]}},{"type":"Feature","properties":{"id":"sr-557","height":67,"levels":19,"source":"procedural-static-footprint"},"geometry":{"type":"Polygon","coordinates":[[[-73.99022,40.671775],[-73.9894,40.671775],[-73.9894,40.672285],[-73.99022,40.672285],[-73.99022,40.671775]]]}},{"type":"Feature","properties":{"id":"sr-558","height":21.5,"levels":6,"source":"procedural-static-footprint"},"geometry":{"type":"Polygon","coordinates":[[[-73.989015,40.67175],[-73.988105,40.67175],[-73.988105,40.67233],[-73.989015,40.67233],[-73.989015,40.67175]]]}},{"type":"Feature","properties":{"id":"sr-559","height":60,"levels":17,"source":"procedural-static-footprint"},"geometry":{"type":"Polygon","coordinates":[[[-73.98776,40.671725],[-73.98712,40.671725],[-73.98712,40.672375],[-73.98776,40.672375],[-73.98776,40.671725]]]}},{"type":"Feature","properties":{"id":"sr-560","height":98.5,"levels":28,"source":"procedural-static-footprint"},"geometry":{"type":"Polygon","coordinates":[[[-73.986555,40.67159],[-73.985825,40.67159],[-73.985825,40.67231],[-73.986555,40.67231],[-73.986555,40.67159]]]}},{"type":"Feature","properties":{"id":"sr-561","height":53,"levels":15,"source":"procedural-static-footprint"},"geometry":{"type":"Polygon","coordinates":[[[-73.98535,40.67174],[-73.98453,40.67174],[-73.98453,40.67218],[-73.98535,40.67218],[-73.98535,40.67174]]]}},{"type":"Feature","properties":{"id":"sr-562","height":91.5,"levels":26,"source":"procedural-static-footprint"},"geometry":{"type":"Polygon","coordinates":[[[-73.984275,40.671715],[-73.983365,40.671715],[-73.983365,40.672225],[-73.984275,40.672225],[-73.984275,40.671715]]]}},{"type":"Feature","properties":{"id":"sr-563","height":46,"levels":13,"source":"procedural-static-footprint"},"geometry":{"type":"Polygon","coordinates":[[[-73.98289,40.67169],[-73.98225,40.67169],[-73.98225,40.67227],[-73.98289,40.67227],[-73.98289,40.67169]]]}},{"type":"Feature","properties":{"id":"sr-564","height":84.5,"levels":24,"source":"procedural-static-footprint"},"geometry":{"type":"Polygon","coordinates":[[[-73.981815,40.671665],[-73.981085,40.671665],[-73.981085,40.672315],[-73.981815,40.672315],[-73.981815,40.671665]]]}},{"type":"Feature","properties":{"id":"sr-565","height":39,"levels":11,"source":"procedural-static-footprint"},"geometry":{"type":"Polygon","coordinates":[[[-73.98061,40.67164],[-73.97979,40.67164],[-73.97979,40.67236],[-73.98061,40.67236],[-73.98061,40.67164]]]}},{"type":"Feature","properties":{"id":"sr-566","height":77.5,"levels":22,"source":"procedural-static-footprint"},"geometry":{"type":"Polygon","coordinates":[[[-73.979405,40.67179],[-73.978495,40.67179],[-73.978495,40.67223],[-73.979405,40.67223],[-73.979405,40.67179]]]}},{"type":"Feature","properties":{"id":"sr-567","height":32,"levels":9,"source":"procedural-static-footprint"},"geometry":{"type":"Polygon","coordinates":[[[-73.97815,40.671765],[-73.97751,40.671765],[-73.97751,40.672275],[-73.97815,40.672275],[-73.97815,40.671765]]]}},{"type":"Feature","properties":{"id":"sr-568","height":70.5,"levels":20,"source":"procedural-static-footprint"},"geometry":{"type":"Polygon","coordinates":[[[-73.976945,40.67174],[-73.976215,40.67174],[-73.976215,40.67232],[-73.976945,40.67232],[-73.976945,40.67174]]]}},{"type":"Feature","properties":{"id":"sr-569","height":21.5,"levels":6,"source":"procedural-static-footprint"},"geometry":{"type":"Polygon","coordinates":[[[-73.995095,40.67238],[-73.994185,40.67238],[-73.994185,40.6731],[-73.995095,40.6731],[-73.995095,40.67238]]]}},{"type":"Feature","properties":{"id":"sr-570","height":60,"levels":17,"source":"procedural-static-footprint"},"geometry":{"type":"Polygon","coordinates":[[[-73.99371,40.67253],[-73.99307,40.67253],[-73.99307,40.67297],[-73.99371,40.67297],[-73.99371,40.67253]]]}},{"type":"Feature","properties":{"id":"sr-571","height":98.5,"levels":28,"source":"procedural-static-footprint"},"geometry":{"type":"Polygon","coordinates":[[[-73.992505,40.672505],[-73.991775,40.672505],[-73.991775,40.673015],[-73.992505,40.673015],[-73.992505,40.672505]]]}},{"type":"Feature","properties":{"id":"sr-572","height":53,"levels":15,"source":"procedural-static-footprint"},"geometry":{"type":"Polygon","coordinates":[[[-73.99143,40.67248],[-73.99061,40.67248],[-73.99061,40.67306],[-73.99143,40.67306],[-73.99143,40.67248]]]}},{"type":"Feature","properties":{"id":"sr-573","height":91.5,"levels":26,"source":"procedural-static-footprint"},"geometry":{"type":"Polygon","coordinates":[[[-73.990225,40.672455],[-73.989315,40.672455],[-73.989315,40.673105],[-73.990225,40.673105],[-73.990225,40.672455]]]}},{"type":"Feature","properties":{"id":"sr-574","height":46,"levels":13,"source":"procedural-static-footprint"},"geometry":{"type":"Polygon","coordinates":[[[-73.98897,40.67243],[-73.98833,40.67243],[-73.98833,40.67315],[-73.98897,40.67315],[-73.98897,40.67243]]]}},{"type":"Feature","properties":{"id":"sr-575","height":84.5,"levels":24,"source":"procedural-static-footprint"},"geometry":{"type":"Polygon","coordinates":[[[-73.987765,40.67258],[-73.987035,40.67258],[-73.987035,40.67302],[-73.987765,40.67302],[-73.987765,40.67258]]]}},{"type":"Feature","properties":{"id":"sr-576","height":39,"levels":11,"source":"procedural-static-footprint"},"geometry":{"type":"Polygon","coordinates":[[[-73.98656,40.672555],[-73.98574,40.672555],[-73.98574,40.673065],[-73.98656,40.673065],[-73.98656,40.672555]]]}},{"type":"Feature","properties":{"id":"sr-577","height":77.5,"levels":22,"source":"procedural-static-footprint"},"geometry":{"type":"Polygon","coordinates":[[[-73.985485,40.67253],[-73.984575,40.67253],[-73.984575,40.67311],[-73.985485,40.67311],[-73.985485,40.67253]]]}},{"type":"Feature","properties":{"id":"sr-578","height":32,"levels":9,"source":"procedural-static-footprint"},"geometry":{"type":"Polygon","coordinates":[[[-73.9841,40.672505],[-73.98346,40.672505],[-73.98346,40.673155],[-73.9841,40.673155],[-73.9841,40.672505]]]}},{"type":"Feature","properties":{"id":"sr-579","height":70.5,"levels":20,"source":"procedural-static-footprint"},"geometry":{"type":"Polygon","coordinates":[[[-73.983025,40.67237],[-73.982295,40.67237],[-73.982295,40.67309],[-73.983025,40.67309],[-73.983025,40.67237]]]}},{"type":"Feature","properties":{"id":"sr-580","height":25,"levels":7,"source":"procedural-static-footprint"},"geometry":{"type":"Polygon","coordinates":[[[-73.98182,40.67252],[-73.981,40.67252],[-73.981,40.67296],[-73.98182,40.67296],[-73.98182,40.67252]]]}},{"type":"Feature","properties":{"id":"sr-581","height":63.5,"levels":18,"source":"procedural-static-footprint"},"geometry":{"type":"Polygon","coordinates":[[[-73.980615,40.672495],[-73.979705,40.672495],[-73.979705,40.673005],[-73.980615,40.673005],[-73.980615,40.672495]]]}},{"type":"Feature","properties":{"id":"sr-582","height":18,"levels":5,"source":"procedural-static-footprint"},"geometry":{"type":"Polygon","coordinates":[[[-73.97936,40.67247],[-73.97872,40.67247],[-73.97872,40.67305],[-73.97936,40.67305],[-73.97936,40.67247]]]}},{"type":"Feature","properties":{"id":"sr-583","height":56.5,"levels":16,"source":"procedural-static-footprint"},"geometry":{"type":"Polygon","coordinates":[[[-73.978155,40.672445],[-73.977425,40.672445],[-73.977425,40.673095],[-73.978155,40.673095],[-73.978155,40.672445]]]}},{"type":"Feature","properties":{"id":"sr-584","height":95,"levels":27,"source":"procedural-static-footprint"},"geometry":{"type":"Polygon","coordinates":[[[-73.97695,40.67242],[-73.97613,40.67242],[-73.97613,40.67314],[-73.97695,40.67314],[-73.97695,40.67242]]]}},{"type":"Feature","properties":{"id":"sr-585","height":46,"levels":13,"source":"procedural-static-footprint"},"geometry":{"type":"Polygon","coordinates":[[[-73.99492,40.673345],[-73.99428,40.673345],[-73.99428,40.673855],[-73.99492,40.673855],[-73.99492,40.673345]]]}},{"type":"Feature","properties":{"id":"sr-586","height":84.5,"levels":24,"source":"procedural-static-footprint"},"geometry":{"type":"Polygon","coordinates":[[[-73.993715,40.67332],[-73.992985,40.67332],[-73.992985,40.6739],[-73.993715,40.6739],[-73.993715,40.67332]]]}},{"type":"Feature","properties":{"id":"sr-587","height":39,"levels":11,"source":"procedural-static-footprint"},"geometry":{"type":"Polygon","coordinates":[[[-73.99264,40.673185],[-73.99182,40.673185],[-73.99182,40.673835],[-73.99264,40.673835],[-73.99264,40.673185]]]}},{"type":"Feature","properties":{"id":"sr-588","height":77.5,"levels":22,"source":"procedural-static-footprint"},"geometry":{"type":"Polygon","coordinates":[[[-73.991435,40.67316],[-73.990525,40.67316],[-73.990525,40.67388],[-73.991435,40.67388],[-73.991435,40.67316]]]}},{"type":"Feature","properties":{"id":"sr-589","height":32,"levels":9,"source":"procedural-static-footprint"},"geometry":{"type":"Polygon","coordinates":[[[-73.99018,40.67331],[-73.98954,40.67331],[-73.98954,40.67375],[-73.99018,40.67375],[-73.99018,40.67331]]]}},{"type":"Feature","properties":{"id":"sr-590","height":70.5,"levels":20,"source":"procedural-static-footprint"},"geometry":{"type":"Polygon","coordinates":[[[-73.988975,40.673285],[-73.988245,40.673285],[-73.988245,40.673795],[-73.988975,40.673795],[-73.988975,40.673285]]]}},{"type":"Feature","properties":{"id":"sr-591","height":25,"levels":7,"source":"procedural-static-footprint"},"geometry":{"type":"Polygon","coordinates":[[[-73.98777,40.67326],[-73.98695,40.67326],[-73.98695,40.67384],[-73.98777,40.67384],[-73.98777,40.67326]]]}},{"type":"Feature","properties":{"id":"sr-592","height":63.5,"levels":18,"source":"procedural-static-footprint"},"geometry":{"type":"Polygon","coordinates":[[[-73.986695,40.673235],[-73.985785,40.673235],[-73.985785,40.673885],[-73.986695,40.673885],[-73.986695,40.673235]]]}},{"type":"Feature","properties":{"id":"sr-593","height":18,"levels":5,"source":"procedural-static-footprint"},"geometry":{"type":"Polygon","coordinates":[[[-73.98531,40.67321],[-73.98467,40.67321],[-73.98467,40.67393],[-73.98531,40.67393],[-73.98531,40.67321]]]}},{"type":"Feature","properties":{"id":"sr-594","height":56.5,"levels":16,"source":"procedural-static-footprint"},"geometry":{"type":"Polygon","coordinates":[[[-73.984105,40.67336],[-73.983375,40.67336],[-73.983375,40.6738],[-73.984105,40.6738],[-73.984105,40.67336]]]}},{"type":"Feature","properties":{"id":"sr-595","height":95,"levels":27,"source":"procedural-static-footprint"},"geometry":{"type":"Polygon","coordinates":[[[-73.98303,40.673335],[-73.98221,40.673335],[-73.98221,40.673845],[-73.98303,40.673845],[-73.98303,40.673335]]]}},{"type":"Feature","properties":{"id":"sr-596","height":49.5,"levels":14,"source":"procedural-static-footprint"},"geometry":{"type":"Polygon","coordinates":[[[-73.981825,40.67331],[-73.980915,40.67331],[-73.980915,40.67389],[-73.981825,40.67389],[-73.981825,40.67331]]]}},{"type":"Feature","properties":{"id":"sr-597","height":88,"levels":25,"source":"procedural-static-footprint"},"geometry":{"type":"Polygon","coordinates":[[[-73.98057,40.673285],[-73.97993,40.673285],[-73.97993,40.673935],[-73.98057,40.673935],[-73.98057,40.673285]]]}},{"type":"Feature","properties":{"id":"sr-598","height":42.5,"levels":12,"source":"procedural-static-footprint"},"geometry":{"type":"Polygon","coordinates":[[[-73.979365,40.67315],[-73.978635,40.67315],[-73.978635,40.67387],[-73.979365,40.67387],[-73.979365,40.67315]]]}},{"type":"Feature","properties":{"id":"sr-599","height":81,"levels":23,"source":"procedural-static-footprint"},"geometry":{"type":"Polygon","coordinates":[[[-73.97816,40.6733],[-73.97734,40.6733],[-73.97734,40.67374],[-73.97816,40.67374],[-73.97816,40.6733]]]}},{"type":"Feature","properties":{"id":"sr-600","height":35.5,"levels":10,"source":"procedural-static-footprint"},"geometry":{"type":"Polygon","coordinates":[[[-73.977085,40.673275],[-73.976175,40.673275],[-73.976175,40.673785],[-73.977085,40.673785],[-73.977085,40.673275]]]}},{"type":"Feature","properties":{"id":"sr-601","height":70.5,"levels":20,"source":"procedural-static-footprint"},"geometry":{"type":"Polygon","coordinates":[[[-73.994925,40.674025],[-73.994195,40.674025],[-73.994195,40.674675],[-73.994925,40.674675],[-73.994925,40.674025]]]}},{"type":"Feature","properties":{"id":"sr-602","height":25,"levels":7,"source":"procedural-static-footprint"},"geometry":{"type":"Polygon","coordinates":[[[-73.99385,40.674],[-73.99303,40.674],[-73.99303,40.67472],[-73.99385,40.67472],[-73.99385,40.674]]]}},{"type":"Feature","properties":{"id":"sr-603","height":63.5,"levels":18,"source":"procedural-static-footprint"},"geometry":{"type":"Polygon","coordinates":[[[-73.992645,40.67415],[-73.991735,40.67415],[-73.991735,40.67459],[-73.992645,40.67459],[-73.992645,40.67415]]]}},{"type":"Feature","properties":{"id":"sr-604","height":18,"levels":5,"source":"procedural-static-footprint"},"geometry":{"type":"Polygon","coordinates":[[[-73.99126,40.674125],[-73.99062,40.674125],[-73.99062,40.674635],[-73.99126,40.674635],[-73.99126,40.674125]]]}},{"type":"Feature","properties":{"id":"sr-605","height":56.5,"levels":16,"source":"procedural-static-footprint"},"geometry":{"type":"Polygon","coordinates":[[[-73.990185,40.6741],[-73.989455,40.6741],[-73.989455,40.67468],[-73.990185,40.67468],[-73.990185,40.6741]]]}},{"type":"Feature","properties":{"id":"sr-606","height":95,"levels":27,"source":"procedural-static-footprint"},"geometry":{"type":"Polygon","coordinates":[[[-73.98898,40.673965],[-73.98816,40.673965],[-73.98816,40.674615],[-73.98898,40.674615],[-73.98898,40.673965]]]}},{"type":"Feature","properties":{"id":"sr-607","height":49.5,"levels":14,"source":"procedural-static-footprint"},"geometry":{"type":"Polygon","coordinates":[[[-73.987905,40.67394],[-73.986995,40.67394],[-73.986995,40.67466],[-73.987905,40.67466],[-73.987905,40.67394]]]}},{"type":"Feature","properties":{"id":"sr-608","height":88,"levels":25,"source":"procedural-static-footprint"},"geometry":{"type":"Polygon","coordinates":[[[-73.98652,40.67409],[-73.98588,40.67409],[-73.98588,40.67453],[-73.98652,40.67453],[-73.98652,40.67409]]]}},{"type":"Feature","properties":{"id":"sr-609","height":42.5,"levels":12,"source":"procedural-static-footprint"},"geometry":{"type":"Polygon","coordinates":[[[-73.985315,40.674065],[-73.984585,40.674065],[-73.984585,40.674575],[-73.985315,40.674575],[-73.985315,40.674065]]]}},{"type":"Feature","properties":{"id":"sr-610","height":81,"levels":23,"source":"procedural-static-footprint"},"geometry":{"type":"Polygon","coordinates":[[[-73.98424,40.67404],[-73.98342,40.67404],[-73.98342,40.67462],[-73.98424,40.67462],[-73.98424,40.67404]]]}},{"type":"Feature","properties":{"id":"sr-611","height":35.5,"levels":10,"source":"procedural-static-footprint"},"geometry":{"type":"Polygon","coordinates":[[[-73.983035,40.674015],[-73.982125,40.674015],[-73.982125,40.674665],[-73.983035,40.674665],[-73.983035,40.674015]]]}},{"type":"Feature","properties":{"id":"sr-612","height":74,"levels":21,"source":"procedural-static-footprint"},"geometry":{"type":"Polygon","coordinates":[[[-73.98178,40.67399],[-73.98114,40.67399],[-73.98114,40.67471],[-73.98178,40.67471],[-73.98178,40.67399]]]}},{"type":"Feature","properties":{"id":"sr-613","height":28.5,"levels":8,"source":"procedural-static-footprint"},"geometry":{"type":"Polygon","coordinates":[[[-73.980575,40.67414],[-73.979845,40.67414],[-73.979845,40.67458],[-73.980575,40.67458],[-73.980575,40.67414]]]}},{"type":"Feature","properties":{"id":"sr-614","height":67,"levels":19,"source":"procedural-static-footprint"},"geometry":{"type":"Polygon","coordinates":[[[-73.97937,40.674115],[-73.97855,40.674115],[-73.97855,40.674625],[-73.97937,40.674625],[-73.97937,40.674115]]]}},{"type":"Feature","properties":{"id":"sr-615","height":21.5,"levels":6,"source":"procedural-static-footprint"},"geometry":{"type":"Polygon","coordinates":[[[-73.978295,40.67409],[-73.977385,40.67409],[-73.977385,40.67467],[-73.978295,40.67467],[-73.978295,40.67409]]]}},{"type":"Feature","properties":{"id":"sr-616","height":60,"levels":17,"source":"procedural-static-footprint"},"geometry":{"type":"Polygon","coordinates":[[[-73.97691,40.674065],[-73.97627,40.674065],[-73.97627,40.674715],[-73.97691,40.674715],[-73.97691,40.674065]]]}},{"type":"Feature","properties":{"id":"sr-617","height":95,"levels":27,"source":"procedural-static-footprint"},"geometry":{"type":"Polygon","coordinates":[[[-73.99506,40.67488],[-73.99424,40.67488],[-73.99424,40.67532],[-73.99506,40.67532],[-73.99506,40.67488]]]}},{"type":"Feature","properties":{"id":"sr-618","height":49.5,"levels":14,"source":"procedural-static-footprint"},"geometry":{"type":"Polygon","coordinates":[[[-73.993855,40.674855],[-73.992945,40.674855],[-73.992945,40.675365],[-73.993855,40.675365],[-73.993855,40.674855]]]}},{"type":"Feature","properties":{"id":"sr-619","height":88,"levels":25,"source":"procedural-static-footprint"},"geometry":{"type":"Polygon","coordinates":[[[-73.99247,40.67483],[-73.99183,40.67483],[-73.99183,40.67541],[-73.99247,40.67541],[-73.99247,40.67483]]]}},{"type":"Feature","properties":{"id":"sr-620","height":42.5,"levels":12,"source":"procedural-static-footprint"},"geometry":{"type":"Polygon","coordinates":[[[-73.991395,40.674805],[-73.990665,40.674805],[-73.990665,40.675455],[-73.991395,40.675455],[-73.991395,40.674805]]]}},{"type":"Feature","properties":{"id":"sr-621","height":81,"levels":23,"source":"procedural-static-footprint"},"geometry":{"type":"Polygon","coordinates":[[[-73.99019,40.67478],[-73.98937,40.67478],[-73.98937,40.6755],[-73.99019,40.6755],[-73.99019,40.67478]]]}},{"type":"Feature","properties":{"id":"sr-622","height":35.5,"levels":10,"source":"procedural-static-footprint"},"geometry":{"type":"Polygon","coordinates":[[[-73.989115,40.67493],[-73.988205,40.67493],[-73.988205,40.67537],[-73.989115,40.67537],[-73.989115,40.67493]]]}},{"type":"Feature","properties":{"id":"sr-623","height":74,"levels":21,"source":"procedural-static-footprint"},"geometry":{"type":"Polygon","coordinates":[[[-73.98773,40.674905],[-73.98709,40.674905],[-73.98709,40.675415],[-73.98773,40.675415],[-73.98773,40.674905]]]}},{"type":"Feature","properties":{"id":"sr-624","height":28.5,"levels":8,"source":"procedural-static-footprint"},"geometry":{"type":"Polygon","coordinates":[[[-73.986525,40.67488],[-73.985795,40.67488],[-73.985795,40.67546],[-73.986525,40.67546],[-73.986525,40.67488]]]}},{"type":"Feature","properties":{"id":"sr-625","height":67,"levels":19,"source":"procedural-static-footprint"},"geometry":{"type":"Polygon","coordinates":[[[-73.98545,40.674745],[-73.98463,40.674745],[-73.98463,40.675395],[-73.98545,40.675395],[-73.98545,40.674745]]]}},{"type":"Feature","properties":{"id":"sr-626","height":21.5,"levels":6,"source":"procedural-static-footprint"},"geometry":{"type":"Polygon","coordinates":[[[-73.984245,40.67472],[-73.983335,40.67472],[-73.983335,40.67544],[-73.984245,40.67544],[-73.984245,40.67472]]]}},{"type":"Feature","properties":{"id":"sr-627","height":60,"levels":17,"source":"procedural-static-footprint"},"geometry":{"type":"Polygon","coordinates":[[[-73.98286,40.67487],[-73.98222,40.67487],[-73.98222,40.67531],[-73.98286,40.67531],[-73.98286,40.67487]]]}},{"type":"Feature","properties":{"id":"sr-628","height":98.5,"levels":28,"source":"procedural-static-footprint"},"geometry":{"type":"Polygon","coordinates":[[[-73.981785,40.674845],[-73.981055,40.674845],[-73.981055,40.675355],[-73.981785,40.675355],[-73.981785,40.674845]]]}},{"type":"Feature","properties":{"id":"sr-629","height":53,"levels":15,"source":"procedural-static-footprint"},"geometry":{"type":"Polygon","coordinates":[[[-73.98058,40.67482],[-73.97976,40.67482],[-73.97976,40.6754],[-73.98058,40.6754],[-73.98058,40.67482]]]}},{"type":"Feature","properties":{"id":"sr-630","height":91.5,"levels":26,"source":"procedural-static-footprint"},"geometry":{"type":"Polygon","coordinates":[[[-73.979505,40.674795],[-73.978595,40.674795],[-73.978595,40.675445],[-73.979505,40.675445],[-73.979505,40.674795]]]}},{"type":"Feature","properties":{"id":"sr-631","height":46,"levels":13,"source":"procedural-static-footprint"},"geometry":{"type":"Polygon","coordinates":[[[-73.97812,40.67477],[-73.97748,40.67477],[-73.97748,40.67549],[-73.97812,40.67549],[-73.97812,40.67477]]]}},{"type":"Feature","properties":{"id":"sr-632","height":84.5,"levels":24,"source":"procedural-static-footprint"},"geometry":{"type":"Polygon","coordinates":[[[-73.976915,40.67492],[-73.976185,40.67492],[-73.976185,40.67536],[-73.976915,40.67536],[-73.976915,40.67492]]]}},{"type":"Feature","properties":{"id":"sr-633","height":35.5,"levels":10,"source":"procedural-static-footprint"},"geometry":{"type":"Polygon","coordinates":[[[-73.995065,40.67556],[-73.994155,40.67556],[-73.994155,40.67614],[-73.995065,40.67614],[-73.995065,40.67556]]]}},{"type":"Feature","properties":{"id":"sr-634","height":74,"levels":21,"source":"procedural-static-footprint"},"geometry":{"type":"Polygon","coordinates":[[[-73.99368,40.675535],[-73.99304,40.675535],[-73.99304,40.676185],[-73.99368,40.676185],[-73.99368,40.675535]]]}},{"type":"Feature","properties":{"id":"sr-635","height":28.5,"levels":8,"source":"procedural-static-footprint"},"geometry":{"type":"Polygon","coordinates":[[[-73.992605,40.67551],[-73.991875,40.67551],[-73.991875,40.67623],[-73.992605,40.67623],[-73.992605,40.67551]]]}},{"type":"Feature","properties":{"id":"sr-636","height":67,"levels":19,"source":"procedural-static-footprint"},"geometry":{"type":"Polygon","coordinates":[[[-73.9914,40.67566],[-73.99058,40.67566],[-73.99058,40.6761],[-73.9914,40.6761],[-73.9914,40.67566]]]}},{"type":"Feature","properties":{"id":"sr-637","height":21.5,"levels":6,"source":"procedural-static-footprint"},"geometry":{"type":"Polygon","coordinates":[[[-73.990195,40.675635],[-73.989285,40.675635],[-73.989285,40.676145],[-73.990195,40.676145],[-73.990195,40.675635]]]}},{"type":"Feature","properties":{"id":"sr-638","height":60,"levels":17,"source":"procedural-static-footprint"},"geometry":{"type":"Polygon","coordinates":[[[-73.98894,40.67561],[-73.9883,40.67561],[-73.9883,40.67619],[-73.98894,40.67619],[-73.98894,40.67561]]]}},{"type":"Feature","properties":{"id":"sr-639","height":98.5,"levels":28,"source":"procedural-static-footprint"},"geometry":{"type":"Polygon","coordinates":[[[-73.987735,40.675585],[-73.987005,40.675585],[-73.987005,40.676235],[-73.987735,40.676235],[-73.987735,40.675585]]]}},{"type":"Feature","properties":{"id":"sr-640","height":53,"levels":15,"source":"procedural-static-footprint"},"geometry":{"type":"Polygon","coordinates":[[[-73.98666,40.67556],[-73.98584,40.67556],[-73.98584,40.67628],[-73.98666,40.67628],[-73.98666,40.67556]]]}},{"type":"Feature","properties":{"id":"sr-641","height":91.5,"levels":26,"source":"procedural-static-footprint"},"geometry":{"type":"Polygon","coordinates":[[[-73.985455,40.67571],[-73.984545,40.67571],[-73.984545,40.67615],[-73.985455,40.67615],[-73.985455,40.67571]]]}},{"type":"Feature","properties":{"id":"sr-642","height":46,"levels":13,"source":"procedural-static-footprint"},"geometry":{"type":"Polygon","coordinates":[[[-73.98407,40.675685],[-73.98343,40.675685],[-73.98343,40.676195],[-73.98407,40.676195],[-73.98407,40.675685]]]}},{"type":"Feature","properties":{"id":"sr-643","height":84.5,"levels":24,"source":"procedural-static-footprint"},"geometry":{"type":"Polygon","coordinates":[[[-73.982995,40.67566],[-73.982265,40.67566],[-73.982265,40.67624],[-73.982995,40.67624],[-73.982995,40.67566]]]}},{"type":"Feature","properties":{"id":"sr-644","height":39,"levels":11,"source":"procedural-static-footprint"},"geometry":{"type":"Polygon","coordinates":[[[-73.98179,40.675525],[-73.98097,40.675525],[-73.98097,40.676175],[-73.98179,40.676175],[-73.98179,40.675525]]]}},{"type":"Feature","properties":{"id":"sr-645","height":77.5,"levels":22,"source":"procedural-static-footprint"},"geometry":{"type":"Polygon","coordinates":[[[-73.980715,40.6755],[-73.979805,40.6755],[-73.979805,40.67622],[-73.980715,40.67622],[-73.980715,40.6755]]]}},{"type":"Feature","properties":{"id":"sr-646","height":32,"levels":9,"source":"procedural-static-footprint"},"geometry":{"type":"Polygon","coordinates":[[[-73.97933,40.67565],[-73.97869,40.67565],[-73.97869,40.67609],[-73.97933,40.67609],[-73.97933,40.67565]]]}},{"type":"Feature","properties":{"id":"sr-647","height":70.5,"levels":20,"source":"procedural-static-footprint"},"geometry":{"type":"Polygon","coordinates":[[[-73.978125,40.675625],[-73.977395,40.675625],[-73.977395,40.676135],[-73.978125,40.676135],[-73.978125,40.675625]]]}},{"type":"Feature","properties":{"id":"sr-648","height":25,"levels":7,"source":"procedural-static-footprint"},"geometry":{"type":"Polygon","coordinates":[[[-73.97705,40.6756],[-73.97623,40.6756],[-73.97623,40.67618],[-73.97705,40.67618],[-73.97705,40.6756]]]}},{"type":"Feature","properties":{"id":"sr-649","height":16,"levels":5,"source":"procedural-static-footprint"},"geometry":{"type":"Polygon","coordinates":[[[-73.94513,40.74783],[-73.94449,40.74783],[-73.94449,40.74827],[-73.94513,40.74827],[-73.94513,40.74783]]]}},{"type":"Feature","properties":{"id":"sr-650","height":54.5,"levels":16,"source":"procedural-static-footprint"},"geometry":{"type":"Polygon","coordinates":[[[-73.943875,40.747805],[-73.943145,40.747805],[-73.943145,40.748315],[-73.943875,40.748315],[-73.943875,40.747805]]]}},{"type":"Feature","properties":{"id":"sr-651","height":93,"levels":27,"source":"procedural-static-footprint"},"geometry":{"type":"Polygon","coordinates":[[[-73.94262,40.74778],[-73.9418,40.74778],[-73.9418,40.74836],[-73.94262,40.74836],[-73.94262,40.74778]]]}},{"type":"Feature","properties":{"id":"sr-652","height":47.5,"levels":14,"source":"procedural-static-footprint"},"geometry":{"type":"Polygon","coordinates":[[[-73.941495,40.747755],[-73.940585,40.747755],[-73.940585,40.748405],[-73.941495,40.748405],[-73.941495,40.747755]]]}},{"type":"Feature","properties":{"id":"sr-653","height":86,"levels":25,"source":"procedural-static-footprint"},"geometry":{"type":"Polygon","coordinates":[[[-73.94006,40.74773],[-73.93942,40.74773],[-73.93942,40.74845],[-73.94006,40.74845],[-73.94006,40.74773]]]}},{"type":"Feature","properties":{"id":"sr-654","height":40.5,"levels":12,"source":"procedural-static-footprint"},"geometry":{"type":"Polygon","coordinates":[[[-73.938805,40.74788],[-73.938075,40.74788],[-73.938075,40.74832],[-73.938805,40.74832],[-73.938805,40.74788]]]}},{"type":"Feature","properties":{"id":"sr-655","height":79,"levels":23,"source":"procedural-static-footprint"},"geometry":{"type":"Polygon","coordinates":[[[-73.93768,40.747855],[-73.93686,40.747855],[-73.93686,40.748365],[-73.93768,40.748365],[-73.93768,40.747855]]]}},{"type":"Feature","properties":{"id":"sr-656","height":33.5,"levels":10,"source":"procedural-static-footprint"},"geometry":{"type":"Polygon","coordinates":[[[-73.936425,40.74783],[-73.935515,40.74783],[-73.935515,40.74841],[-73.936425,40.74841],[-73.936425,40.74783]]]}},{"type":"Feature","properties":{"id":"sr-657","height":72,"levels":21,"source":"procedural-static-footprint"},"geometry":{"type":"Polygon","coordinates":[[[-73.93512,40.747805],[-73.93448,40.747805],[-73.93448,40.748455],[-73.93512,40.748455],[-73.93512,40.747805]]]}},{"type":"Feature","properties":{"id":"sr-658","height":26.5,"levels":8,"source":"procedural-static-footprint"},"geometry":{"type":"Polygon","coordinates":[[[-73.933865,40.74778],[-73.933135,40.74778],[-73.933135,40.7485],[-73.933865,40.7485],[-73.933865,40.74778]]]}},{"type":"Feature","properties":{"id":"sr-659","height":65,"levels":19,"source":"procedural-static-footprint"},"geometry":{"type":"Polygon","coordinates":[[[-73.93261,40.74793],[-73.93179,40.74793],[-73.93179,40.74837],[-73.93261,40.74837],[-73.93261,40.74793]]]}},{"type":"Feature","properties":{"id":"sr-660","height":19.5,"levels":6,"source":"procedural-static-footprint"},"geometry":{"type":"Polygon","coordinates":[[[-73.931485,40.747795],[-73.930575,40.747795],[-73.930575,40.748305],[-73.931485,40.748305],[-73.931485,40.747795]]]}},{"type":"Feature","properties":{"id":"sr-661","height":58,"levels":17,"source":"procedural-static-footprint"},"geometry":{"type":"Polygon","coordinates":[[[-73.93005,40.74777],[-73.92941,40.74777],[-73.92941,40.74835],[-73.93005,40.74835],[-73.93005,40.74777]]]}},{"type":"Feature","properties":{"id":"sr-662","height":96.5,"levels":28,"source":"procedural-static-footprint"},"geometry":{"type":"Polygon","coordinates":[[[-73.928925,40.747745],[-73.928195,40.747745],[-73.928195,40.748395],[-73.928925,40.748395],[-73.928925,40.747745]]]}},{"type":"Feature","properties":{"id":"sr-663","height":40.5,"levels":12,"source":"procedural-static-footprint"},"geometry":{"type":"Polygon","coordinates":[[[-73.945135,40.74862],[-73.944405,40.74862],[-73.944405,40.7492],[-73.945135,40.7492],[-73.945135,40.74862]]]}},{"type":"Feature","properties":{"id":"sr-664","height":79,"levels":23,"source":"procedural-static-footprint"},"geometry":{"type":"Polygon","coordinates":[[[-73.94388,40.748595],[-73.94306,40.748595],[-73.94306,40.749245],[-73.94388,40.749245],[-73.94388,40.748595]]]}},{"type":"Feature","properties":{"id":"sr-665","height":33.5,"levels":10,"source":"procedural-static-footprint"},"geometry":{"type":"Polygon","coordinates":[[[-73.942755,40.74857],[-73.941845,40.74857],[-73.941845,40.74929],[-73.942755,40.74929],[-73.942755,40.74857]]]}},{"type":"Feature","properties":{"id":"sr-666","height":72,"levels":21,"source":"procedural-static-footprint"},"geometry":{"type":"Polygon","coordinates":[[[-73.94132,40.74861],[-73.94068,40.74861],[-73.94068,40.74905],[-73.94132,40.74905],[-73.94132,40.74861]]]}},{"type":"Feature","properties":{"id":"sr-667","height":26.5,"levels":8,"source":"procedural-static-footprint"},"geometry":{"type":"Polygon","coordinates":[[[-73.940065,40.748585],[-73.939335,40.748585],[-73.939335,40.749095],[-73.940065,40.749095],[-73.940065,40.748585]]]}},{"type":"Feature","properties":{"id":"sr-668","height":65,"levels":19,"source":"procedural-static-footprint"},"geometry":{"type":"Polygon","coordinates":[[[-73.93894,40.74856],[-73.93812,40.74856],[-73.93812,40.74914],[-73.93894,40.74914],[-73.93894,40.74856]]]}},{"type":"Feature","properties":{"id":"sr-669","height":19.5,"levels":6,"source":"procedural-static-footprint"},"geometry":{"type":"Polygon","coordinates":[[[-73.937685,40.748535],[-73.936775,40.748535],[-73.936775,40.749185],[-73.937685,40.749185],[-73.937685,40.748535]]]}},{"type":"Feature","properties":{"id":"sr-670","height":58,"levels":17,"source":"procedural-static-footprint"},"geometry":{"type":"Polygon","coordinates":[[[-73.93638,40.74851],[-73.93574,40.74851],[-73.93574,40.74923],[-73.93638,40.74923],[-73.93638,40.74851]]]}},{"type":"Feature","properties":{"id":"sr-671","height":96.5,"levels":28,"source":"procedural-static-footprint"},"geometry":{"type":"Polygon","coordinates":[[[-73.935125,40.74866],[-73.934395,40.74866],[-73.934395,40.7491],[-73.935125,40.7491],[-73.935125,40.74866]]]}},{"type":"Feature","properties":{"id":"sr-672","height":51,"levels":15,"source":"procedural-static-footprint"},"geometry":{"type":"Polygon","coordinates":[[[-73.93387,40.748635],[-73.93305,40.748635],[-73.93305,40.749145],[-73.93387,40.749145],[-73.93387,40.748635]]]}},{"type":"Feature","properties":{"id":"sr-673","height":89.5,"levels":26,"source":"procedural-static-footprint"},"geometry":{"type":"Polygon","coordinates":[[[-73.932745,40.74861],[-73.931835,40.74861],[-73.931835,40.74919],[-73.932745,40.74919],[-73.932745,40.74861]]]}},{"type":"Feature","properties":{"id":"sr-674","height":44,"levels":13,"source":"procedural-static-footprint"},"geometry":{"type":"Polygon","coordinates":[[[-73.93131,40.748585],[-73.93067,40.748585],[-73.93067,40.749235],[-73.93131,40.749235],[-73.93131,40.748585]]]}},{"type":"Feature","properties":{"id":"sr-675","height":82.5,"levels":24,"source":"procedural-static-footprint"},"geometry":{"type":"Polygon","coordinates":[[[-73.930055,40.74856],[-73.929325,40.74856],[-73.929325,40.74928],[-73.930055,40.74928],[-73.930055,40.74856]]]}},{"type":"Feature","properties":{"id":"sr-676","height":37,"levels":11,"source":"procedural-static-footprint"},"geometry":{"type":"Polygon","coordinates":[[[-73.92893,40.74871],[-73.92811,40.74871],[-73.92811,40.74915],[-73.92893,40.74915],[-73.92893,40.74871]]]}},{"type":"Feature","properties":{"id":"sr-677","height":65,"levels":19,"source":"procedural-static-footprint"},"geometry":{"type":"Polygon","coordinates":[[[-73.94514,40.7493],[-73.94432,40.7493],[-73.94432,40.75002],[-73.94514,40.75002],[-73.94514,40.7493]]]}},{"type":"Feature","properties":{"id":"sr-678","height":19.5,"levels":6,"source":"procedural-static-footprint"},"geometry":{"type":"Polygon","coordinates":[[[-73.944015,40.74945],[-73.943105,40.74945],[-73.943105,40.74989],[-73.944015,40.74989],[-73.944015,40.74945]]]}},{"type":"Feature","properties":{"id":"sr-679","height":58,"levels":17,"source":"procedural-static-footprint"},"geometry":{"type":"Polygon","coordinates":[[[-73.94258,40.749425],[-73.94194,40.749425],[-73.94194,40.749935],[-73.94258,40.749935],[-73.94258,40.749425]]]}},{"type":"Feature","properties":{"id":"sr-680","height":96.5,"levels":28,"source":"procedural-static-footprint"},"geometry":{"type":"Polygon","coordinates":[[[-73.941325,40.7494],[-73.940595,40.7494],[-73.940595,40.74998],[-73.941325,40.74998],[-73.941325,40.7494]]]}},{"type":"Feature","properties":{"id":"sr-681","height":51,"levels":15,"source":"procedural-static-footprint"},"geometry":{"type":"Polygon","coordinates":[[[-73.9402,40.749375],[-73.93938,40.749375],[-73.93938,40.750025],[-73.9402,40.750025],[-73.9402,40.749375]]]}},{"type":"Feature","properties":{"id":"sr-682","height":89.5,"levels":26,"source":"procedural-static-footprint"},"geometry":{"type":"Polygon","coordinates":[[[-73.938945,40.74935],[-73.938035,40.74935],[-73.938035,40.75007],[-73.938945,40.75007],[-73.938945,40.74935]]]}},{"type":"Feature","properties":{"id":"sr-683","height":44,"levels":13,"source":"procedural-static-footprint"},"geometry":{"type":"Polygon","coordinates":[[[-73.93751,40.74939],[-73.93687,40.74939],[-73.93687,40.74983],[-73.93751,40.74983],[-73.93751,40.74939]]]}},{"type":"Feature","properties":{"id":"sr-684","height":82.5,"levels":24,"source":"procedural-static-footprint"},"geometry":{"type":"Polygon","coordinates":[[[-73.936385,40.749365],[-73.935655,40.749365],[-73.935655,40.749875],[-73.936385,40.749875],[-73.936385,40.749365]]]}},{"type":"Feature","properties":{"id":"sr-685","height":37,"levels":11,"source":"procedural-static-footprint"},"geometry":{"type":"Polygon","coordinates":[[[-73.93513,40.74934],[-73.93431,40.74934],[-73.93431,40.74992],[-73.93513,40.74992],[-73.93513,40.74934]]]}},{"type":"Feature","properties":{"id":"sr-686","height":75.5,"levels":22,"source":"procedural-static-footprint"},"geometry":{"type":"Polygon","coordinates":[[[-73.934005,40.749315],[-73.933095,40.749315],[-73.933095,40.749965],[-73.934005,40.749965],[-73.934005,40.749315]]]}},{"type":"Feature","properties":{"id":"sr-687","height":30,"levels":9,"source":"procedural-static-footprint"},"geometry":{"type":"Polygon","coordinates":[[[-73.93257,40.74929],[-73.93193,40.74929],[-73.93193,40.75001],[-73.93257,40.75001],[-73.93257,40.74929]]]}},{"type":"Feature","properties":{"id":"sr-688","height":68.5,"levels":20,"source":"procedural-static-footprint"},"geometry":{"type":"Polygon","coordinates":[[[-73.931315,40.74944],[-73.930585,40.74944],[-73.930585,40.74988],[-73.931315,40.74988],[-73.931315,40.74944]]]}},{"type":"Feature","properties":{"id":"sr-689","height":23,"levels":7,"source":"procedural-static-footprint"},"geometry":{"type":"Polygon","coordinates":[[[-73.93019,40.749415],[-73.92937,40.749415],[-73.92937,40.749925],[-73.93019,40.749925],[-73.93019,40.749415]]]}},{"type":"Feature","properties":{"id":"sr-690","height":61.5,"levels":18,"source":"procedural-static-footprint"},"geometry":{"type":"Polygon","coordinates":[[[-73.928935,40.74939],[-73.928025,40.74939],[-73.928025,40.74997],[-73.928935,40.74997],[-73.928935,40.74939]]]}},{"type":"Feature","properties":{"id":"sr-691","height":89.5,"levels":26,"source":"procedural-static-footprint"},"geometry":{"type":"Polygon","coordinates":[[[-73.945145,40.750155],[-73.944235,40.750155],[-73.944235,40.750665],[-73.945145,40.750665],[-73.945145,40.750155]]]}},{"type":"Feature","properties":{"id":"sr-692","height":44,"levels":13,"source":"procedural-static-footprint"},"geometry":{"type":"Polygon","coordinates":[[[-73.94384,40.75013],[-73.9432,40.75013],[-73.9432,40.75071],[-73.94384,40.75071],[-73.94384,40.75013]]]}},{"type":"Feature","properties":{"id":"sr-693","height":82.5,"levels":24,"source":"procedural-static-footprint"},"geometry":{"type":"Polygon","coordinates":[[[-73.942585,40.750105],[-73.941855,40.750105],[-73.941855,40.750755],[-73.942585,40.750755],[-73.942585,40.750105]]]}},{"type":"Feature","properties":{"id":"sr-694","height":37,"levels":11,"source":"procedural-static-footprint"},"geometry":{"type":"Polygon","coordinates":[[[-73.94146,40.75008],[-73.94064,40.75008],[-73.94064,40.7508],[-73.94146,40.7508],[-73.94146,40.75008]]]}},{"type":"Feature","properties":{"id":"sr-695","height":75.5,"levels":22,"source":"procedural-static-footprint"},"geometry":{"type":"Polygon","coordinates":[[[-73.940205,40.75023],[-73.939295,40.75023],[-73.939295,40.75067],[-73.940205,40.75067],[-73.940205,40.75023]]]}},{"type":"Feature","properties":{"id":"sr-696","height":30,"levels":9,"source":"procedural-static-footprint"},"geometry":{"type":"Polygon","coordinates":[[[-73.93877,40.750205],[-73.93813,40.750205],[-73.93813,40.750715],[-73.93877,40.750715],[-73.93877,40.750205]]]}},{"type":"Feature","properties":{"id":"sr-697","height":68.5,"levels":20,"source":"procedural-static-footprint"},"geometry":{"type":"Polygon","coordinates":[[[-73.937645,40.75018],[-73.936915,40.75018],[-73.936915,40.75076],[-73.937645,40.75076],[-73.937645,40.75018]]]}},{"type":"Feature","properties":{"id":"sr-698","height":23,"levels":7,"source":"procedural-static-footprint"},"geometry":{"type":"Polygon","coordinates":[[[-73.93639,40.750155],[-73.93557,40.750155],[-73.93557,40.750805],[-73.93639,40.750805],[-73.93639,40.750155]]]}},{"type":"Feature","properties":{"id":"sr-699","height":61.5,"levels":18,"source":"procedural-static-footprint"},"geometry":{"type":"Polygon","coordinates":[[[-73.935265,40.75013],[-73.934355,40.75013],[-73.934355,40.75085],[-73.935265,40.75085],[-73.935265,40.75013]]]}},{"type":"Feature","properties":{"id":"sr-700","height":16,"levels":5,"source":"procedural-static-footprint"},"geometry":{"type":"Polygon","coordinates":[[[-73.93383,40.75017],[-73.93319,40.75017],[-73.93319,40.75061],[-73.93383,40.75061],[-73.93383,40.75017]]]}},{"type":"Feature","properties":{"id":"sr-701","height":54.5,"levels":16,"source":"procedural-static-footprint"},"geometry":{"type":"Polygon","coordinates":[[[-73.932575,40.750145],[-73.931845,40.750145],[-73.931845,40.750655],[-73.932575,40.750655],[-73.932575,40.750145]]]}},{"type":"Feature","properties":{"id":"sr-702","height":93,"levels":27,"source":"procedural-static-footprint"},"geometry":{"type":"Polygon","coordinates":[[[-73.93145,40.75012],[-73.93063,40.75012],[-73.93063,40.7507],[-73.93145,40.7507],[-73.93145,40.75012]]]}},{"type":"Feature","properties":{"id":"sr-703","height":47.5,"levels":14,"source":"procedural-static-footprint"},"geometry":{"type":"Polygon","coordinates":[[[-73.930195,40.750095],[-73.929285,40.750095],[-73.929285,40.750745],[-73.930195,40.750745],[-73.930195,40.750095]]]}},{"type":"Feature","properties":{"id":"sr-704","height":86,"levels":25,"source":"procedural-static-footprint"},"geometry":{"type":"Polygon","coordinates":[[[-73.92876,40.75007],[-73.92812,40.75007],[-73.92812,40.75079],[-73.92876,40.75079],[-73.92876,40.75007]]]}},{"type":"Feature","properties":{"id":"sr-705","height":30,"levels":9,"source":"procedural-static-footprint"},"geometry":{"type":"Polygon","coordinates":[[[-73.9451,40.750945],[-73.94446,40.750945],[-73.94446,40.751595],[-73.9451,40.751595],[-73.9451,40.750945]]]}},{"type":"Feature","properties":{"id":"sr-706","height":68.5,"levels":20,"source":"procedural-static-footprint"},"geometry":{"type":"Polygon","coordinates":[[[-73.943845,40.75081],[-73.943115,40.75081],[-73.943115,40.75153],[-73.943845,40.75153],[-73.943845,40.75081]]]}},{"type":"Feature","properties":{"id":"sr-707","height":23,"levels":7,"source":"procedural-static-footprint"},"geometry":{"type":"Polygon","coordinates":[[[-73.94272,40.75096],[-73.9419,40.75096],[-73.9419,40.7514],[-73.94272,40.7514],[-73.94272,40.75096]]]}},{"type":"Feature","properties":{"id":"sr-708","height":61.5,"levels":18,"source":"procedural-static-footprint"},"geometry":{"type":"Polygon","coordinates":[[[-73.941465,40.750935],[-73.940555,40.750935],[-73.940555,40.751445],[-73.941465,40.751445],[-73.941465,40.750935]]]}},{"type":"Feature","properties":{"id":"sr-709","height":16,"levels":5,"source":"procedural-static-footprint"},"geometry":{"type":"Polygon","coordinates":[[[-73.94003,40.75091],[-73.93939,40.75091],[-73.93939,40.75149],[-73.94003,40.75149],[-73.94003,40.75091]]]}},{"type":"Feature","properties":{"id":"sr-710","height":54.5,"levels":16,"source":"procedural-static-footprint"},"geometry":{"type":"Polygon","coordinates":[[[-73.938905,40.750885],[-73.938175,40.750885],[-73.938175,40.751535],[-73.938905,40.751535],[-73.938905,40.750885]]]}},{"type":"Feature","properties":{"id":"sr-711","height":93,"levels":27,"source":"procedural-static-footprint"},"geometry":{"type":"Polygon","coordinates":[[[-73.93765,40.75086],[-73.93683,40.75086],[-73.93683,40.75158],[-73.93765,40.75158],[-73.93765,40.75086]]]}},{"type":"Feature","properties":{"id":"sr-712","height":47.5,"levels":14,"source":"procedural-static-footprint"},"geometry":{"type":"Polygon","coordinates":[[[-73.936395,40.75101],[-73.935485,40.75101],[-73.935485,40.75145],[-73.936395,40.75145],[-73.936395,40.75101]]]}},{"type":"Feature","properties":{"id":"sr-713","height":86,"levels":25,"source":"procedural-static-footprint"},"geometry":{"type":"Polygon","coordinates":[[[-73.93509,40.750985],[-73.93445,40.750985],[-73.93445,40.751495],[-73.93509,40.751495],[-73.93509,40.750985]]]}},{"type":"Feature","properties":{"id":"sr-714","height":40.5,"levels":12,"source":"procedural-static-footprint"},"geometry":{"type":"Polygon","coordinates":[[[-73.933835,40.75096],[-73.933105,40.75096],[-73.933105,40.75154],[-73.933835,40.75154],[-73.933835,40.75096]]]}},{"type":"Feature","properties":{"id":"sr-715","height":79,"levels":23,"source":"procedural-static-footprint"},"geometry":{"type":"Polygon","coordinates":[[[-73.93271,40.750935],[-73.93189,40.750935],[-73.93189,40.751585],[-73.93271,40.751585],[-73.93271,40.750935]]]}},{"type":"Feature","properties":{"id":"sr-716","height":33.5,"levels":10,"source":"procedural-static-footprint"},"geometry":{"type":"Polygon","coordinates":[[[-73.931455,40.75091],[-73.930545,40.75091],[-73.930545,40.75163],[-73.931455,40.75163],[-73.931455,40.75091]]]}},{"type":"Feature","properties":{"id":"sr-717","height":72,"levels":21,"source":"procedural-static-footprint"},"geometry":{"type":"Polygon","coordinates":[[[-73.93002,40.75095],[-73.92938,40.75095],[-73.92938,40.75139],[-73.93002,40.75139],[-73.93002,40.75095]]]}},{"type":"Feature","properties":{"id":"sr-718","height":26.5,"levels":8,"source":"procedural-static-footprint"},"geometry":{"type":"Polygon","coordinates":[[[-73.928895,40.750925],[-73.928165,40.750925],[-73.928165,40.751435],[-73.928895,40.751435],[-73.928895,40.750925]]]}},{"type":"Feature","properties":{"id":"sr-719","height":54.5,"levels":16,"source":"procedural-static-footprint"},"geometry":{"type":"Polygon","coordinates":[[[-73.945105,40.7518],[-73.944375,40.7518],[-73.944375,40.75224],[-73.945105,40.75224],[-73.945105,40.7518]]]}},{"type":"Feature","properties":{"id":"sr-720","height":93,"levels":27,"source":"procedural-static-footprint"},"geometry":{"type":"Polygon","coordinates":[[[-73.94385,40.751775],[-73.94303,40.751775],[-73.94303,40.752285],[-73.94385,40.752285],[-73.94385,40.751775]]]}},{"type":"Feature","properties":{"id":"sr-721","height":47.5,"levels":14,"source":"procedural-static-footprint"},"geometry":{"type":"Polygon","coordinates":[[[-73.942725,40.75175],[-73.941815,40.75175],[-73.941815,40.75233],[-73.942725,40.75233],[-73.942725,40.75175]]]}},{"type":"Feature","properties":{"id":"sr-722","height":86,"levels":25,"source":"procedural-static-footprint"},"geometry":{"type":"Polygon","coordinates":[[[-73.94129,40.751725],[-73.94065,40.751725],[-73.94065,40.752375],[-73.94129,40.752375],[-73.94129,40.751725]]]}},{"type":"Feature","properties":{"id":"sr-723","height":40.5,"levels":12,"source":"procedural-static-footprint"},"geometry":{"type":"Polygon","coordinates":[[[-73.940165,40.75159],[-73.939435,40.75159],[-73.939435,40.75231],[-73.940165,40.75231],[-73.940165,40.75159]]]}},{"type":"Feature","properties":{"id":"sr-724","height":79,"levels":23,"source":"procedural-static-footprint"},"geometry":{"type":"Polygon","coordinates":[[[-73.93891,40.75174],[-73.93809,40.75174],[-73.93809,40.75218],[-73.93891,40.75218],[-73.93891,40.75174]]]}},{"type":"Feature","properties":{"id":"sr-725","height":33.5,"levels":10,"source":"procedural-static-footprint"},"geometry":{"type":"Polygon","coordinates":[[[-73.937655,40.751715],[-73.936745,40.751715],[-73.936745,40.752225],[-73.937655,40.752225],[-73.937655,40.751715]]]}},{"type":"Feature","properties":{"id":"sr-726","height":72,"levels":21,"source":"procedural-static-footprint"},"geometry":{"type":"Polygon","coordinates":[[[-73.93635,40.75169],[-73.93571,40.75169],[-73.93571,40.75227],[-73.93635,40.75227],[-73.93635,40.75169]]]}},{"type":"Feature","properties":{"id":"sr-727","height":26.5,"levels":8,"source":"procedural-static-footprint"},"geometry":{"type":"Polygon","coordinates":[[[-73.935095,40.751665],[-73.934365,40.751665],[-73.934365,40.752315],[-73.935095,40.752315],[-73.935095,40.751665]]]}},{"type":"Feature","properties":{"id":"sr-728","height":65,"levels":19,"source":"procedural-static-footprint"},"geometry":{"type":"Polygon","coordinates":[[[-73.93397,40.75164],[-73.93315,40.75164],[-73.93315,40.75236],[-73.93397,40.75236],[-73.93397,40.75164]]]}},{"type":"Feature","properties":{"id":"sr-729","height":19.5,"levels":6,"source":"procedural-static-footprint"},"geometry":{"type":"Polygon","coordinates":[[[-73.932715,40.75179],[-73.931805,40.75179],[-73.931805,40.75223],[-73.932715,40.75223],[-73.932715,40.75179]]]}},{"type":"Feature","properties":{"id":"sr-730","height":58,"levels":17,"source":"procedural-static-footprint"},"geometry":{"type":"Polygon","coordinates":[[[-73.93128,40.751765],[-73.93064,40.751765],[-73.93064,40.752275],[-73.93128,40.752275],[-73.93128,40.751765]]]}},{"type":"Feature","properties":{"id":"sr-731","height":96.5,"levels":28,"source":"procedural-static-footprint"},"geometry":{"type":"Polygon","coordinates":[[[-73.930155,40.75174],[-73.929425,40.75174],[-73.929425,40.75232],[-73.930155,40.75232],[-73.930155,40.75174]]]}},{"type":"Feature","properties":{"id":"sr-732","height":51,"levels":15,"source":"procedural-static-footprint"},"geometry":{"type":"Polygon","coordinates":[[[-73.9289,40.751715],[-73.92808,40.751715],[-73.92808,40.752365],[-73.9289,40.752365],[-73.9289,40.751715]]]}},{"type":"Feature","properties":{"id":"sr-733","height":79,"levels":23,"source":"procedural-static-footprint"},"geometry":{"type":"Polygon","coordinates":[[[-73.94511,40.75248],[-73.94429,40.75248],[-73.94429,40.75306],[-73.94511,40.75306],[-73.94511,40.75248]]]}},{"type":"Feature","properties":{"id":"sr-734","height":33.5,"levels":10,"source":"procedural-static-footprint"},"geometry":{"type":"Polygon","coordinates":[[[-73.943985,40.752455],[-73.943075,40.752455],[-73.943075,40.753105],[-73.943985,40.753105],[-73.943985,40.752455]]]}},{"type":"Feature","properties":{"id":"sr-735","height":72,"levels":21,"source":"procedural-static-footprint"},"geometry":{"type":"Polygon","coordinates":[[[-73.94255,40.75243],[-73.94191,40.75243],[-73.94191,40.75315],[-73.94255,40.75315],[-73.94255,40.75243]]]}},{"type":"Feature","properties":{"id":"sr-736","height":26.5,"levels":8,"source":"procedural-static-footprint"},"geometry":{"type":"Polygon","coordinates":[[[-73.941425,40.75258],[-73.940695,40.75258],[-73.940695,40.75302],[-73.941425,40.75302],[-73.941425,40.75258]]]}},{"type":"Feature","properties":{"id":"sr-737","height":65,"levels":19,"source":"procedural-static-footprint"},"geometry":{"type":"Polygon","coordinates":[[[-73.94017,40.752555],[-73.93935,40.752555],[-73.93935,40.753065],[-73.94017,40.753065],[-73.94017,40.752555]]]}},{"type":"Feature","properties":{"id":"sr-738","height":19.5,"levels":6,"source":"procedural-static-footprint"},"geometry":{"type":"Polygon","coordinates":[[[-73.938915,40.75253],[-73.938005,40.75253],[-73.938005,40.75311],[-73.938915,40.75311],[-73.938915,40.75253]]]}},{"type":"Feature","properties":{"id":"sr-739","height":58,"levels":17,"source":"procedural-static-footprint"},"geometry":{"type":"Polygon","coordinates":[[[-73.93761,40.752505],[-73.93697,40.752505],[-73.93697,40.753155],[-73.93761,40.753155],[-73.93761,40.752505]]]}},{"type":"Feature","properties":{"id":"sr-740","height":96.5,"levels":28,"source":"procedural-static-footprint"},"geometry":{"type":"Polygon","coordinates":[[[-73.936355,40.75237],[-73.935625,40.75237],[-73.935625,40.75309],[-73.936355,40.75309],[-73.936355,40.75237]]]}},{"type":"Feature","properties":{"id":"sr-741","height":51,"levels":15,"source":"procedural-static-footprint"},"geometry":{"type":"Polygon","coordinates":[[[-73.9351,40.75252],[-73.93428,40.75252],[-73.93428,40.75296],[-73.9351,40.75296],[-73.9351,40.75252]]]}},{"type":"Feature","properties":{"id":"sr-742","height":89.5,"levels":26,"source":"procedural-static-footprint"},"geometry":{"type":"Polygon","coordinates":[[[-73.933975,40.752495],[-73.933065,40.752495],[-73.933065,40.753005],[-73.933975,40.753005],[-73.933975,40.752495]]]}},{"type":"Feature","properties":{"id":"sr-743","height":44,"levels":13,"source":"procedural-static-footprint"},"geometry":{"type":"Polygon","coordinates":[[[-73.93254,40.75247],[-73.9319,40.75247],[-73.9319,40.75305],[-73.93254,40.75305],[-73.93254,40.75247]]]}},{"type":"Feature","properties":{"id":"sr-744","height":82.5,"levels":24,"source":"procedural-static-footprint"},"geometry":{"type":"Polygon","coordinates":[[[-73.931415,40.752445],[-73.930685,40.752445],[-73.930685,40.753095],[-73.931415,40.753095],[-73.931415,40.752445]]]}},{"type":"Feature","properties":{"id":"sr-745","height":37,"levels":11,"source":"procedural-static-footprint"},"geometry":{"type":"Polygon","coordinates":[[[-73.93016,40.75242],[-73.92934,40.75242],[-73.92934,40.75314],[-73.93016,40.75314],[-73.93016,40.75242]]]}},{"type":"Feature","properties":{"id":"sr-746","height":75.5,"levels":22,"source":"procedural-static-footprint"},"geometry":{"type":"Polygon","coordinates":[[[-73.928905,40.75257],[-73.927995,40.75257],[-73.927995,40.75301],[-73.928905,40.75301],[-73.928905,40.75257]]]}},{"type":"Feature","properties":{"id":"sr-747","height":19.5,"levels":6,"source":"procedural-static-footprint"},"geometry":{"type":"Polygon","coordinates":[[[-73.945245,40.75316],[-73.944335,40.75316],[-73.944335,40.75388],[-73.945245,40.75388],[-73.945245,40.75316]]]}},{"type":"Feature","properties":{"id":"sr-748","height":58,"levels":17,"source":"procedural-static-footprint"},"geometry":{"type":"Polygon","coordinates":[[[-73.94381,40.75331],[-73.94317,40.75331],[-73.94317,40.75375],[-73.94381,40.75375],[-73.94381,40.75331]]]}},{"type":"Feature","properties":{"id":"sr-749","height":96.5,"levels":28,"source":"procedural-static-footprint"},"geometry":{"type":"Polygon","coordinates":[[[-73.942555,40.753285],[-73.941825,40.753285],[-73.941825,40.753795],[-73.942555,40.753795],[-73.942555,40.753285]]]}},{"type":"Feature","properties":{"id":"sr-750","height":51,"levels":15,"source":"procedural-static-footprint"},"geometry":{"type":"Polygon","coordinates":[[[-73.94143,40.75326],[-73.94061,40.75326],[-73.94061,40.75384],[-73.94143,40.75384],[-73.94143,40.75326]]]}},{"type":"Feature","properties":{"id":"sr-751","height":89.5,"levels":26,"source":"procedural-static-footprint"},"geometry":{"type":"Polygon","coordinates":[[[-73.940175,40.753235],[-73.939265,40.753235],[-73.939265,40.753885],[-73.940175,40.753885],[-73.940175,40.753235]]]}},{"type":"Feature","properties":{"id":"sr-752","height":44,"levels":13,"source":"procedural-static-footprint"},"geometry":{"type":"Polygon","coordinates":[[[-73.93887,40.75321],[-73.93823,40.75321],[-73.93823,40.75393],[-73.93887,40.75393],[-73.93887,40.75321]]]}},{"type":"Feature","properties":{"id":"sr-753","height":82.5,"levels":24,"source":"procedural-static-footprint"},"geometry":{"type":"Polygon","coordinates":[[[-73.937615,40.75336],[-73.936885,40.75336],[-73.936885,40.7538],[-73.937615,40.7538],[-73.937615,40.75336]]]}},{"type":"Feature","properties":{"id":"sr-754","height":37,"levels":11,"source":"procedural-static-footprint"},"geometry":{"type":"Polygon","coordinates":[[[-73.93636,40.753335],[-73.93554,40.753335],[-73.93554,40.753845],[-73.93636,40.753845],[-73.93636,40.753335]]]}},{"type":"Feature","properties":{"id":"sr-755","height":75.5,"levels":22,"source":"procedural-static-footprint"},"geometry":{"type":"Polygon","coordinates":[[[-73.935235,40.75331],[-73.934325,40.75331],[-73.934325,40.75389],[-73.935235,40.75389],[-73.935235,40.75331]]]}},{"type":"Feature","properties":{"id":"sr-756","height":30,"levels":9,"source":"procedural-static-footprint"},"geometry":{"type":"Polygon","coordinates":[[[-73.9338,40.753285],[-73.93316,40.753285],[-73.93316,40.753935],[-73.9338,40.753935],[-73.9338,40.753285]]]}},{"type":"Feature","properties":{"id":"sr-757","height":68.5,"levels":20,"source":"procedural-static-footprint"},"geometry":{"type":"Polygon","coordinates":[[[-73.932675,40.75315],[-73.931945,40.75315],[-73.931945,40.75387],[-73.932675,40.75387],[-73.932675,40.75315]]]}},{"type":"Feature","properties":{"id":"sr-758","height":23,"levels":7,"source":"procedural-static-footprint"},"geometry":{"type":"Polygon","coordinates":[[[-73.93142,40.7533],[-73.9306,40.7533],[-73.9306,40.75374],[-73.93142,40.75374],[-73.93142,40.7533]]]}},{"type":"Feature","properties":{"id":"sr-759","height":61.5,"levels":18,"source":"procedural-static-footprint"},"geometry":{"type":"Polygon","coordinates":[[[-73.930165,40.753275],[-73.929255,40.753275],[-73.929255,40.753785],[-73.930165,40.753785],[-73.930165,40.753275]]]}},{"type":"Feature","properties":{"id":"sr-760","height":16,"levels":5,"source":"procedural-static-footprint"},"geometry":{"type":"Polygon","coordinates":[[[-73.92886,40.75325],[-73.92822,40.75325],[-73.92822,40.75383],[-73.92886,40.75383],[-73.92886,40.75325]]]}},{"type":"Feature","properties":{"id":"sr-761","height":44,"levels":13,"source":"procedural-static-footprint"},"geometry":{"type":"Polygon","coordinates":[[[-73.94507,40.754125],[-73.94443,40.754125],[-73.94443,40.754635],[-73.94507,40.754635],[-73.94507,40.754125]]]}},{"type":"Feature","properties":{"id":"sr-762","height":82.5,"levels":24,"source":"procedural-static-footprint"},"geometry":{"type":"Polygon","coordinates":[[[-73.943815,40.7541],[-73.943085,40.7541],[-73.943085,40.75468],[-73.943815,40.75468],[-73.943815,40.7541]]]}},{"type":"Feature","properties":{"id":"sr-763","height":37,"levels":11,"source":"procedural-static-footprint"},"geometry":{"type":"Polygon","coordinates":[[[-73.94269,40.753965],[-73.94187,40.753965],[-73.94187,40.754615],[-73.94269,40.754615],[-73.94269,40.753965]]]}},{"type":"Feature","properties":{"id":"sr-764","height":75.5,"levels":22,"source":"procedural-static-footprint"},"geometry":{"type":"Polygon","coordinates":[[[-73.941435,40.75394],[-73.940525,40.75394],[-73.940525,40.75466],[-73.941435,40.75466],[-73.941435,40.75394]]]}},{"type":"Feature","properties":{"id":"sr-765","height":30,"levels":9,"source":"procedural-static-footprint"},"geometry":{"type":"Polygon","coordinates":[[[-73.94013,40.75409],[-73.93949,40.75409],[-73.93949,40.75453],[-73.94013,40.75453],[-73.94013,40.75409]]]}},{"type":"Feature","properties":{"id":"sr-766","height":68.5,"levels":20,"source":"procedural-static-footprint"},"geometry":{"type":"Polygon","coordinates":[[[-73.938875,40.754065],[-73.938145,40.754065],[-73.938145,40.754575],[-73.938875,40.754575],[-73.938875,40.754065]]]}},{"type":"Feature","properties":{"id":"sr-767","height":23,"levels":7,"source":"procedural-static-footprint"},"geometry":{"type":"Polygon","coordinates":[[[-73.93762,40.75404],[-73.9368,40.75404],[-73.9368,40.75462],[-73.93762,40.75462],[-73.93762,40.75404]]]}},{"type":"Feature","properties":{"id":"sr-768","height":61.5,"levels":18,"source":"procedural-static-footprint"},"geometry":{"type":"Polygon","coordinates":[[[-73.936495,40.754015],[-73.935585,40.754015],[-73.935585,40.754665],[-73.936495,40.754665],[-73.936495,40.754015]]]}},{"type":"Feature","properties":{"id":"sr-769","height":16,"levels":5,"source":"procedural-static-footprint"},"geometry":{"type":"Polygon","coordinates":[[[-73.93506,40.75399],[-73.93442,40.75399],[-73.93442,40.75471],[-73.93506,40.75471],[-73.93506,40.75399]]]}},{"type":"Feature","properties":{"id":"sr-770","height":54.5,"levels":16,"source":"procedural-static-footprint"},"geometry":{"type":"Polygon","coordinates":[[[-73.933805,40.75414],[-73.933075,40.75414],[-73.933075,40.75458],[-73.933805,40.75458],[-73.933805,40.75414]]]}},{"type":"Feature","properties":{"id":"sr-771","height":93,"levels":27,"source":"procedural-static-footprint"},"geometry":{"type":"Polygon","coordinates":[[[-73.93268,40.754115],[-73.93186,40.754115],[-73.93186,40.754625],[-73.93268,40.754625],[-73.93268,40.754115]]]}},{"type":"Feature","properties":{"id":"sr-772","height":47.5,"levels":14,"source":"procedural-static-footprint"},"geometry":{"type":"Polygon","coordinates":[[[-73.931425,40.75409],[-73.930515,40.75409],[-73.930515,40.75467],[-73.931425,40.75467],[-73.931425,40.75409]]]}},{"type":"Feature","properties":{"id":"sr-773","height":86,"levels":25,"source":"procedural-static-footprint"},"geometry":{"type":"Polygon","coordinates":[[[-73.93012,40.754065],[-73.92948,40.754065],[-73.92948,40.754715],[-73.93012,40.754715],[-73.93012,40.754065]]]}},{"type":"Feature","properties":{"id":"sr-774","height":40.5,"levels":12,"source":"procedural-static-footprint"},"geometry":{"type":"Polygon","coordinates":[[[-73.928865,40.75393],[-73.928135,40.75393],[-73.928135,40.75465],[-73.928865,40.75465],[-73.928865,40.75393]]]}},{"type":"Feature","properties":{"id":"sr-775","height":68.5,"levels":20,"source":"procedural-static-footprint"},"geometry":{"type":"Polygon","coordinates":[[[-73.945075,40.754805],[-73.944345,40.754805],[-73.944345,40.755455],[-73.945075,40.755455],[-73.945075,40.754805]]]}},{"type":"Feature","properties":{"id":"sr-776","height":23,"levels":7,"source":"procedural-static-footprint"},"geometry":{"type":"Polygon","coordinates":[[[-73.94395,40.75478],[-73.94313,40.75478],[-73.94313,40.7555],[-73.94395,40.7555],[-73.94395,40.75478]]]}},{"type":"Feature","properties":{"id":"sr-777","height":61.5,"levels":18,"source":"procedural-static-footprint"},"geometry":{"type":"Polygon","coordinates":[[[-73.942695,40.75493],[-73.941785,40.75493],[-73.941785,40.75537],[-73.942695,40.75537],[-73.942695,40.75493]]]}},{"type":"Feature","properties":{"id":"sr-778","height":16,"levels":5,"source":"procedural-static-footprint"},"geometry":{"type":"Polygon","coordinates":[[[-73.94126,40.754905],[-73.94062,40.754905],[-73.94062,40.755415],[-73.94126,40.755415],[-73.94126,40.754905]]]}},{"type":"Feature","properties":{"id":"sr-779","height":54.5,"levels":16,"source":"procedural-static-footprint"},"geometry":{"type":"Polygon","coordinates":[[[-73.940135,40.75488],[-73.939405,40.75488],[-73.939405,40.75546],[-73.940135,40.75546],[-73.940135,40.75488]]]}},{"type":"Feature","properties":{"id":"sr-780","height":93,"levels":27,"source":"procedural-static-footprint"},"geometry":{"type":"Polygon","coordinates":[[[-73.93888,40.754745],[-73.93806,40.754745],[-73.93806,40.755395],[-73.93888,40.755395],[-73.93888,40.754745]]]}},{"type":"Feature","properties":{"id":"sr-781","height":47.5,"levels":14,"source":"procedural-static-footprint"},"geometry":{"type":"Polygon","coordinates":[[[-73.937755,40.75472],[-73.936845,40.75472],[-73.936845,40.75544],[-73.937755,40.75544],[-73.937755,40.75472]]]}},{"type":"Feature","properties":{"id":"sr-782","height":86,"levels":25,"source":"procedural-static-footprint"},"geometry":{"type":"Polygon","coordinates":[[[-73.93632,40.75487],[-73.93568,40.75487],[-73.93568,40.75531],[-73.93632,40.75531],[-73.93632,40.75487]]]}},{"type":"Feature","properties":{"id":"sr-783","height":40.5,"levels":12,"source":"procedural-static-footprint"},"geometry":{"type":"Polygon","coordinates":[[[-73.935065,40.754845],[-73.934335,40.754845],[-73.934335,40.755355],[-73.935065,40.755355],[-73.935065,40.754845]]]}},{"type":"Feature","properties":{"id":"sr-784","height":79,"levels":23,"source":"procedural-static-footprint"},"geometry":{"type":"Polygon","coordinates":[[[-73.93394,40.75482],[-73.93312,40.75482],[-73.93312,40.7554],[-73.93394,40.7554],[-73.93394,40.75482]]]}},{"type":"Feature","properties":{"id":"sr-785","height":33.5,"levels":10,"source":"procedural-static-footprint"},"geometry":{"type":"Polygon","coordinates":[[[-73.932685,40.754795],[-73.931775,40.754795],[-73.931775,40.755445],[-73.932685,40.755445],[-73.932685,40.754795]]]}},{"type":"Feature","properties":{"id":"sr-786","height":72,"levels":21,"source":"procedural-static-footprint"},"geometry":{"type":"Polygon","coordinates":[[[-73.93138,40.75477],[-73.93074,40.75477],[-73.93074,40.75549],[-73.93138,40.75549],[-73.93138,40.75477]]]}},{"type":"Feature","properties":{"id":"sr-787","height":26.5,"levels":8,"source":"procedural-static-footprint"},"geometry":{"type":"Polygon","coordinates":[[[-73.930125,40.75492],[-73.929395,40.75492],[-73.929395,40.75536],[-73.930125,40.75536],[-73.930125,40.75492]]]}},{"type":"Feature","properties":{"id":"sr-788","height":65,"levels":19,"source":"procedural-static-footprint"},"geometry":{"type":"Polygon","coordinates":[[[-73.92887,40.754895],[-73.92805,40.754895],[-73.92805,40.755405],[-73.92887,40.755405],[-73.92887,40.754895]]]}}]}