{"type":"FeatureCollection","features":[{"type":"Feature","geometry":{"type":"Point","coordinates":[-73.898583,40.889248]},"properties":{"station_id":"101","source_station_ids":["101"],"name":"Van Cortlandt Park-242 St","route_ids":["1"],"is_transfer":false,"route_count":1,"marker_kind":"single","track_bearing":20.83,"ribbon_bearing":110.83,"bearing_confidence":"medium","bearing_source_route_ids":["1"],"nearest_line_distance_m":0,"source_coordinate":null}},{"type":"Feature","geometry":{"type":"Point","coordinates":[-73.90087,40.88466700000001]},"properties":{"station_id":"103","source_station_ids":["103"],"name":"238 St","route_ids":["1"],"is_transfer":false,"route_count":1,"marker_kind":"single","track_bearing":22.07,"ribbon_bearing":112.07,"bearing_confidence":"medium","bearing_source_route_ids":["1"],"nearest_line_distance_m":0,"source_coordinate":null}},{"type":"Feature","geometry":{"type":"Point","coordinates":[-73.904834,40.878856000000006]},"properties":{"station_id":"104","source_station_ids":["104"],"name":"231 St","route_ids":["1"],"is_transfer":false,"route_count":1,"marker_kind":"single","track_bearing":28.28,"ribbon_bearing":118.28,"bearing_confidence":"medium","bearing_source_route_ids":["1"],"nearest_line_distance_m":0,"source_coordinate":null}},{"type":"Feature","geometry":{"type":"Point","coordinates":[-73.909831,40.874561]},"properties":{"station_id":"106","source_station_ids":["106"],"name":"Marble Hill-225 St","route_ids":["1"],"is_transfer":false,"route_count":1,"marker_kind":"single","track_bearing":47.59,"ribbon_bearing":137.59,"bearing_confidence":"medium","bearing_source_route_ids":["1"],"nearest_line_distance_m":0,"source_coordinate":null}},{"type":"Feature","geometry":{"type":"Point","coordinates":[-73.915279,40.869443999999994]},"properties":{"station_id":"107","source_station_ids":["107"],"name":"215 St","route_ids":["1"],"is_transfer":false,"route_count":1,"marker_kind":"single","track_bearing":29.12,"ribbon_bearing":119.12,"bearing_confidence":"medium","bearing_source_route_ids":["1"],"nearest_line_distance_m":0,"source_coordinate":null}},{"type":"Feature","geometry":{"type":"Point","coordinates":[-73.918822,40.864621]},"properties":{"station_id":"108","source_station_ids":["108"],"name":"207 St","route_ids":["1"],"is_transfer":false,"route_count":1,"marker_kind":"single","track_bearing":29.05,"ribbon_bearing":119.05,"bearing_confidence":"medium","bearing_source_route_ids":["1"],"nearest_line_distance_m":0,"source_coordinate":null}},{"type":"Feature","geometry":{"type":"Point","coordinates":[-73.925536,40.860531]},"properties":{"station_id":"109","source_station_ids":["109"],"name":"Dyckman St","route_ids":["1"],"is_transfer":false,"route_count":1,"marker_kind":"single","track_bearing":29.16,"ribbon_bearing":119.16,"bearing_confidence":"medium","bearing_source_route_ids":["1"],"nearest_line_distance_m":0,"source_coordinate":null}},{"type":"Feature","geometry":{"type":"Point","coordinates":[-73.929412,40.855225]},"properties":{"station_id":"110","source_station_ids":["110"],"name":"191 St","route_ids":["1"],"is_transfer":false,"route_count":1,"marker_kind":"single","track_bearing":28.92,"ribbon_bearing":118.92,"bearing_confidence":"medium","bearing_source_route_ids":["1"],"nearest_line_distance_m":0,"source_coordinate":null}},{"type":"Feature","geometry":{"type":"Point","coordinates":[-73.933596,40.84950499999999]},"properties":{"station_id":"111","source_station_ids":["111"],"name":"181 St","route_ids":["1"],"is_transfer":false,"route_count":1,"marker_kind":"single","track_bearing":28.95,"ribbon_bearing":118.95,"bearing_confidence":"medium","bearing_source_route_ids":["1"],"nearest_line_distance_m":0,"source_coordinate":null}},{"type":"Feature","geometry":{"type":"Point","coordinates":[-73.940133,40.84055599999999]},"properties":{"station_id":"112","source_station_ids":["112"],"name":"168 St-Washington Hts","route_ids":["1"],"is_transfer":false,"route_count":1,"marker_kind":"single","track_bearing":28.92,"ribbon_bearing":118.92,"bearing_confidence":"medium","bearing_source_route_ids":["1"],"nearest_line_distance_m":0,"source_coordinate":null}},{"type":"Feature","geometry":{"type":"Point","coordinates":[-73.94489,40.834041]},"properties":{"station_id":"113","source_station_ids":["113"],"name":"157 St","route_ids":["1"],"is_transfer":false,"route_count":1,"marker_kind":"single","track_bearing":28.92,"ribbon_bearing":118.92,"bearing_confidence":"medium","bearing_source_route_ids":["1"],"nearest_line_distance_m":0,"source_coordinate":null}},{"type":"Feature","geometry":{"type":"Point","coordinates":[-73.95036,40.826551]},"properties":{"station_id":"114","source_station_ids":["114"],"name":"145 St","route_ids":["1"],"is_transfer":false,"route_count":1,"marker_kind":"single","track_bearing":28.92,"ribbon_bearing":118.92,"bearing_confidence":"medium","bearing_source_route_ids":["1"],"nearest_line_distance_m":0,"source_coordinate":null}},{"type":"Feature","geometry":{"type":"Point","coordinates":[-73.953676,40.822008]},"properties":{"station_id":"115","source_station_ids":["115"],"name":"137 St-City College","route_ids":["1"],"is_transfer":false,"route_count":1,"marker_kind":"single","track_bearing":28.91,"ribbon_bearing":118.91,"bearing_confidence":"medium","bearing_source_route_ids":["1"],"nearest_line_distance_m":0,"source_coordinate":null}},{"type":"Feature","geometry":{"type":"Point","coordinates":[-73.958372,40.815581]},"properties":{"station_id":"116","source_station_ids":["116"],"name":"125 St","route_ids":["1"],"is_transfer":false,"route_count":1,"marker_kind":"single","track_bearing":28.94,"ribbon_bearing":118.94,"bearing_confidence":"medium","bearing_source_route_ids":["1"],"nearest_line_distance_m":0,"source_coordinate":null}},{"type":"Feature","geometry":{"type":"Point","coordinates":[-73.96411,40.807722]},"properties":{"station_id":"117","source_station_ids":["117"],"name":"116 St-Columbia University","route_ids":["1"],"is_transfer":false,"route_count":1,"marker_kind":"single","track_bearing":28.92,"ribbon_bearing":118.92,"bearing_confidence":"medium","bearing_source_route_ids":["1"],"nearest_line_distance_m":0,"source_coordinate":null}},{"type":"Feature","geometry":{"type":"Point","coordinates":[-73.966847,40.803967]},"properties":{"station_id":"118","source_station_ids":["118"],"name":"Cathedral Pkwy (110 St)","route_ids":["1"],"is_transfer":false,"route_count":1,"marker_kind":"single","track_bearing":28.89,"ribbon_bearing":118.89,"bearing_confidence":"medium","bearing_source_route_ids":["1"],"nearest_line_distance_m":0,"source_coordinate":null}},{"type":"Feature","geometry":{"type":"Point","coordinates":[-73.968379,40.799446]},"properties":{"station_id":"119","source_station_ids":["119"],"name":"103 St","route_ids":["1"],"is_transfer":false,"route_count":1,"marker_kind":"single","track_bearing":21.43,"ribbon_bearing":111.43,"bearing_confidence":"medium","bearing_source_route_ids":["1"],"nearest_line_distance_m":0,"source_coordinate":null}},{"type":"Feature","geometry":{"type":"Point","coordinates":[-73.972323,40.79391900000001]},"properties":{"station_id":"120","source_station_ids":["120"],"name":"96 St","route_ids":["1","2","3"],"is_transfer":true,"route_count":3,"marker_kind":"transfer","track_bearing":27.05,"ribbon_bearing":117.05,"bearing_confidence":"high","bearing_source_route_ids":["1","2","3"],"nearest_line_distance_m":0,"source_coordinate":null}},{"type":"Feature","geometry":{"type":"Point","coordinates":[-73.976218,40.78864399999999]},"properties":{"station_id":"121","source_station_ids":["121"],"name":"86 St","route_ids":["1","2"],"is_transfer":true,"route_count":2,"marker_kind":"transfer","track_bearing":33.73,"ribbon_bearing":123.73,"bearing_confidence":"high","bearing_source_route_ids":["1","2"],"nearest_line_distance_m":0,"source_coordinate":null}},{"type":"Feature","geometry":{"type":"Point","coordinates":[-73.979917,40.783933999999995]},"properties":{"station_id":"122","source_station_ids":["122"],"name":"79 St","route_ids":["1","2"],"is_transfer":true,"route_count":2,"marker_kind":"transfer","track_bearing":29.56,"ribbon_bearing":119.56,"bearing_confidence":"high","bearing_source_route_ids":["1","2"],"nearest_line_distance_m":0,"source_coordinate":null}},{"type":"Feature","geometry":{"type":"Point","coordinates":[-73.98197,40.778453]},"properties":{"station_id":"123","source_station_ids":["123"],"name":"72 St","route_ids":["1","2","3"],"is_transfer":true,"route_count":3,"marker_kind":"transfer","track_bearing":7.48,"ribbon_bearing":97.48,"bearing_confidence":"high","bearing_source_route_ids":["1","2","3"],"nearest_line_distance_m":0,"source_coordinate":null}},{"type":"Feature","geometry":{"type":"Point","coordinates":[-73.982209,40.77344]},"properties":{"station_id":"124","source_station_ids":["124"],"name":"66 St-Lincoln Center","route_ids":["1","2"],"is_transfer":true,"route_count":2,"marker_kind":"transfer","track_bearing":179.82,"ribbon_bearing":269.82,"bearing_confidence":"high","bearing_source_route_ids":["1","2"],"nearest_line_distance_m":0,"source_coordinate":null}},{"type":"Feature","geometry":{"type":"Point","coordinates":[-73.981929,40.768247]},"properties":{"station_id":"125+A24","source_station_ids":["125","A24"],"name":"59 St-Columbus Circle","route_ids":["1","2","A","C","B","D"],"is_transfer":true,"route_count":6,"marker_kind":"transfer","track_bearing":15.48,"ribbon_bearing":105.48,"bearing_confidence":"low","bearing_source_route_ids":["1","2","A","C","B","D"],"nearest_line_distance_m":0,"source_coordinate":[-73.9818325,40.7682715]}},{"type":"Feature","geometry":{"type":"Point","coordinates":[-73.983849,40.761728]},"properties":{"station_id":"126+A25","source_station_ids":["126","A25"],"name":"50 St","route_ids":["1","2"],"is_transfer":true,"route_count":2,"marker_kind":"transfer","track_bearing":27.78,"ribbon_bearing":117.78,"bearing_confidence":"high","bearing_source_route_ids":["1","2","A","C","E"],"nearest_line_distance_m":0,"source_coordinate":[-73.9849165,40.762091999999996]}},{"type":"Feature","geometry":{"type":"Point","coordinates":[-73.987495,40.755289999999995]},"properties":{"station_id":"127+725+902+R16","source_station_ids":["127","725","902","R16"],"name":"Times Sq-42 St","route_ids":["1","2","3","7","N","Q","R","W"],"is_transfer":true,"route_count":8,"marker_kind":"transfer","track_bearing":13.85,"ribbon_bearing":103.85,"bearing_confidence":"low","bearing_source_route_ids":["1","2","3","7","N","Q","R","W","S"],"nearest_line_distance_m":0,"source_coordinate":[-73.98704225,40.75535549999999]}},{"type":"Feature","geometry":{"type":"Point","coordinates":[-73.991057,40.750373]},"properties":{"station_id":"128","source_station_ids":["128"],"name":"34 St-Penn Station","route_ids":["1","2","3"],"is_transfer":true,"route_count":3,"marker_kind":"transfer","track_bearing":28.76,"ribbon_bearing":118.76,"bearing_confidence":"high","bearing_source_route_ids":["1","2","3"],"nearest_line_distance_m":0,"source_coordinate":null}},{"type":"Feature","geometry":{"type":"Point","coordinates":[-73.993365,40.747215]},"properties":{"station_id":"129","source_station_ids":["129"],"name":"28 St","route_ids":["1","2"],"is_transfer":true,"route_count":2,"marker_kind":"transfer","track_bearing":28.97,"ribbon_bearing":118.97,"bearing_confidence":"high","bearing_source_route_ids":["1","2"],"nearest_line_distance_m":0,"source_coordinate":null}},{"type":"Feature","geometry":{"type":"Point","coordinates":[-73.995657,40.744081]},"properties":{"station_id":"130","source_station_ids":["130"],"name":"23 St","route_ids":["1","2"],"is_transfer":true,"route_count":2,"marker_kind":"transfer","track_bearing":28.99,"ribbon_bearing":118.99,"bearing_confidence":"high","bearing_source_route_ids":["1","2"],"nearest_line_distance_m":0,"source_coordinate":null}},{"type":"Feature","geometry":{"type":"Point","coordinates":[-73.997871,40.741040000000005]},"properties":{"station_id":"131","source_station_ids":["131"],"name":"18 St","route_ids":["1","2"],"is_transfer":true,"route_count":2,"marker_kind":"transfer","track_bearing":28.88,"ribbon_bearing":118.88,"bearing_confidence":"high","bearing_source_route_ids":["1","2"],"nearest_line_distance_m":0,"source_coordinate":null}},{"type":"Feature","geometry":{"type":"Point","coordinates":[-74.000201,40.737826]},"properties":{"station_id":"132","source_station_ids":["132"],"name":"14 St","route_ids":["1","2","3"],"is_transfer":true,"route_count":3,"marker_kind":"transfer","track_bearing":28.78,"ribbon_bearing":118.78,"bearing_confidence":"high","bearing_source_route_ids":["1","2","3"],"nearest_line_distance_m":0,"source_coordinate":null}},{"type":"Feature","geometry":{"type":"Point","coordinates":[-74.002906,40.733422]},"properties":{"station_id":"133","source_station_ids":["133"],"name":"Christopher St-Stonewall","route_ids":["1","2"],"is_transfer":true,"route_count":2,"marker_kind":"transfer","track_bearing":23.36,"ribbon_bearing":113.36,"bearing_confidence":"high","bearing_source_route_ids":["1","2"],"nearest_line_distance_m":0,"source_coordinate":null}},{"type":"Feature","geometry":{"type":"Point","coordinates":[-74.005367,40.728251]},"properties":{"station_id":"134","source_station_ids":["134"],"name":"Houston St","route_ids":["1","2"],"is_transfer":true,"route_count":2,"marker_kind":"transfer","track_bearing":6.76,"ribbon_bearing":96.76,"bearing_confidence":"high","bearing_source_route_ids":["1","2"],"nearest_line_distance_m":0,"source_coordinate":null}},{"type":"Feature","geometry":{"type":"Point","coordinates":[-74.006277,40.722854]},"properties":{"station_id":"135+A34","source_station_ids":["135","A34"],"name":"Canal St","route_ids":["1","2","A","C","E"],"is_transfer":true,"route_count":5,"marker_kind":"transfer","track_bearing":1.09,"ribbon_bearing":91.09,"bearing_confidence":"high","bearing_source_route_ids":["1","2","A","C","E"],"nearest_line_distance_m":0,"source_coordinate":[-74.005753,40.721839]}},{"type":"Feature","geometry":{"type":"Point","coordinates":[-74.006886,40.719318]},"properties":{"station_id":"136","source_station_ids":["136"],"name":"Franklin St","route_ids":["1","2"],"is_transfer":true,"route_count":2,"marker_kind":"transfer","track_bearing":7.44,"ribbon_bearing":97.44,"bearing_confidence":"high","bearing_source_route_ids":["1","2"],"nearest_line_distance_m":0,"source_coordinate":null}},{"type":"Feature","geometry":{"type":"Point","coordinates":[-74.009266,40.715478]},"properties":{"station_id":"137+A36","source_station_ids":["137","A36"],"name":"Chambers St","route_ids":["1","2","3","A","C"],"is_transfer":true,"route_count":5,"marker_kind":"transfer","track_bearing":30.87,"ribbon_bearing":120.87,"bearing_confidence":"high","bearing_source_route_ids":["1","2","3","A","C"],"nearest_line_distance_m":0,"source_coordinate":[-74.0089255,40.714794499999996]}},{"type":"Feature","geometry":{"type":"Point","coordinates":[-74.012188,40.711835]},"properties":{"station_id":"138","source_station_ids":["138"],"name":"WTC Cortlandt","route_ids":["1"],"is_transfer":false,"route_count":1,"marker_kind":"single","track_bearing":12.66,"ribbon_bearing":102.66,"bearing_confidence":"medium","bearing_source_route_ids":["1"],"nearest_line_distance_m":0,"source_coordinate":null}},{"type":"Feature","geometry":{"type":"Point","coordinates":[-74.013783,40.70751299999999]},"properties":{"station_id":"139+R26","source_station_ids":["139","R26"],"name":"Rector St","route_ids":["1","N","R","W"],"is_transfer":true,"route_count":4,"marker_kind":"transfer","track_bearing":28.53,"ribbon_bearing":118.53,"bearing_confidence":"medium","bearing_source_route_ids":["1","N","R","W"],"nearest_line_distance_m":0,"source_coordinate":[-74.0135625,40.70736649999999]}},{"type":"Feature","geometry":{"type":"Point","coordinates":[-74.013664,40.702068]},"properties":{"station_id":"142","source_station_ids":["142"],"name":"South Ferry","route_ids":["1"],"is_transfer":false,"route_count":1,"marker_kind":"single","track_bearing":142.91,"ribbon_bearing":232.91,"bearing_confidence":"medium","bearing_source_route_ids":["1"],"nearest_line_distance_m":0,"source_coordinate":null}},{"type":"Feature","geometry":{"type":"Point","coordinates":[-73.85062,40.903125]},"properties":{"station_id":"201","source_station_ids":["201"],"name":"Wakefield-241 St","route_ids":["2"],"is_transfer":false,"route_count":1,"marker_kind":"single","track_bearing":32.92,"ribbon_bearing":122.92,"bearing_confidence":"medium","bearing_source_route_ids":["2"],"nearest_line_distance_m":0,"source_coordinate":null}},{"type":"Feature","geometry":{"type":"Point","coordinates":[-73.854376,40.898379]},"properties":{"station_id":"204","source_station_ids":["204"],"name":"Nereid Av","route_ids":["2"],"is_transfer":false,"route_count":1,"marker_kind":"single","track_bearing":32.87,"ribbon_bearing":122.87,"bearing_confidence":"high","bearing_source_route_ids":["2","5"],"nearest_line_distance_m":0,"source_coordinate":null}},{"type":"Feature","geometry":{"type":"Point","coordinates":[-73.857473,40.89319299999999]},"properties":{"station_id":"205","source_station_ids":["205"],"name":"233 St","route_ids":["2"],"is_transfer":false,"route_count":1,"marker_kind":"single","track_bearing":22.64,"ribbon_bearing":112.64,"bearing_confidence":"high","bearing_source_route_ids":["2","5"],"nearest_line_distance_m":0,"source_coordinate":null}},{"type":"Feature","geometry":{"type":"Point","coordinates":[-73.860341,40.888022]},"properties":{"station_id":"206","source_station_ids":["206"],"name":"225 St","route_ids":["2"],"is_transfer":false,"route_count":1,"marker_kind":"single","track_bearing":22.75,"ribbon_bearing":112.75,"bearing_confidence":"high","bearing_source_route_ids":["2","5"],"nearest_line_distance_m":0,"source_coordinate":null}},{"type":"Feature","geometry":{"type":"Point","coordinates":[-73.862633,40.883895]},"properties":{"station_id":"207","source_station_ids":["207"],"name":"219 St","route_ids":["2"],"is_transfer":false,"route_count":1,"marker_kind":"single","track_bearing":22.78,"ribbon_bearing":112.78,"bearing_confidence":"high","bearing_source_route_ids":["2","5"],"nearest_line_distance_m":0,"source_coordinate":null}},{"type":"Feature","geometry":{"type":"Point","coordinates":[-73.866256,40.87785]},"properties":{"station_id":"208","source_station_ids":["208"],"name":"Gun Hill Rd","route_ids":["2"],"is_transfer":false,"route_count":1,"marker_kind":"single","track_bearing":25.24,"ribbon_bearing":115.24,"bearing_confidence":"high","bearing_source_route_ids":["2","5"],"nearest_line_distance_m":0,"source_coordinate":null}},{"type":"Feature","geometry":{"type":"Point","coordinates":[-73.867164,40.871356]},"properties":{"station_id":"209","source_station_ids":["209"],"name":"Burke Av","route_ids":["2"],"is_transfer":false,"route_count":1,"marker_kind":"single","track_bearing":1.35,"ribbon_bearing":91.35,"bearing_confidence":"high","bearing_source_route_ids":["2","5"],"nearest_line_distance_m":0,"source_coordinate":null}},{"type":"Feature","geometry":{"type":"Point","coordinates":[-73.867352,40.865462]},"properties":{"station_id":"210","source_station_ids":["210"],"name":"Allerton Av","route_ids":["2"],"is_transfer":false,"route_count":1,"marker_kind":"single","track_bearing":1.38,"ribbon_bearing":91.38,"bearing_confidence":"high","bearing_source_route_ids":["2","5"],"nearest_line_distance_m":0,"source_coordinate":null}},{"type":"Feature","geometry":{"type":"Point","coordinates":[-73.867615,40.857192]},"properties":{"station_id":"211","source_station_ids":["211"],"name":"Pelham Pkwy","route_ids":["2"],"is_transfer":false,"route_count":1,"marker_kind":"single","track_bearing":1.38,"ribbon_bearing":91.38,"bearing_confidence":"high","bearing_source_route_ids":["2","5"],"nearest_line_distance_m":0,"source_coordinate":null}},{"type":"Feature","geometry":{"type":"Point","coordinates":[-73.868457,40.848828]},"properties":{"station_id":"212","source_station_ids":["212"],"name":"Bronx Park East","route_ids":["2","5"],"is_transfer":true,"route_count":2,"marker_kind":"transfer","track_bearing":24.27,"ribbon_bearing":114.27,"bearing_confidence":"high","bearing_source_route_ids":["2","5"],"nearest_line_distance_m":0,"source_coordinate":null}},{"type":"Feature","geometry":{"type":"Point","coordinates":[-73.873488,40.841894]},"properties":{"station_id":"213","source_station_ids":["213"],"name":"E 180 St","route_ids":["2","5"],"is_transfer":true,"route_count":2,"marker_kind":"transfer","track_bearing":43.45,"ribbon_bearing":133.45,"bearing_confidence":"high","bearing_source_route_ids":["2","5"],"nearest_line_distance_m":0,"source_coordinate":null}},{"type":"Feature","geometry":{"type":"Point","coordinates":[-73.880049,40.840295]},"properties":{"station_id":"214","source_station_ids":["214"],"name":"West Farms Sq-E Tremont Av","route_ids":["2","5"],"is_transfer":true,"route_count":2,"marker_kind":"transfer","track_bearing":43.4,"ribbon_bearing":133.4,"bearing_confidence":"high","bearing_source_route_ids":["2","5"],"nearest_line_distance_m":0,"source_coordinate":null}},{"type":"Feature","geometry":{"type":"Point","coordinates":[-73.887734,40.837288]},"properties":{"station_id":"215","source_station_ids":["215"],"name":"174 St","route_ids":["2","5"],"is_transfer":true,"route_count":2,"marker_kind":"transfer","track_bearing":37.44,"ribbon_bearing":127.44,"bearing_confidence":"high","bearing_source_route_ids":["2","5"],"nearest_line_distance_m":0,"source_coordinate":null}},{"type":"Feature","geometry":{"type":"Point","coordinates":[-73.891865,40.829993]},"properties":{"station_id":"216","source_station_ids":["216"],"name":"Freeman St","route_ids":["2","5"],"is_transfer":true,"route_count":2,"marker_kind":"transfer","track_bearing":5.76,"ribbon_bearing":95.76,"bearing_confidence":"high","bearing_source_route_ids":["2","5"],"nearest_line_distance_m":0,"source_coordinate":null}},{"type":"Feature","geometry":{"type":"Point","coordinates":[-73.893064,40.824073]},"properties":{"station_id":"217","source_station_ids":["217"],"name":"Simpson St","route_ids":["2","5"],"is_transfer":true,"route_count":2,"marker_kind":"transfer","track_bearing":55.92,"ribbon_bearing":145.92,"bearing_confidence":"high","bearing_source_route_ids":["2","5"],"nearest_line_distance_m":0,"source_coordinate":null}},{"type":"Feature","geometry":{"type":"Point","coordinates":[-73.896736,40.82218099999999]},"properties":{"station_id":"218","source_station_ids":["218"],"name":"Intervale Av","route_ids":["2","5"],"is_transfer":true,"route_count":2,"marker_kind":"transfer","track_bearing":55.75,"ribbon_bearing":145.75,"bearing_confidence":"high","bearing_source_route_ids":["2","5"],"nearest_line_distance_m":0,"source_coordinate":null}},{"type":"Feature","geometry":{"type":"Point","coordinates":[-73.90177,40.819585]},"properties":{"station_id":"219","source_station_ids":["219"],"name":"Prospect Av","route_ids":["2","5"],"is_transfer":true,"route_count":2,"marker_kind":"transfer","track_bearing":55.73,"ribbon_bearing":145.73,"bearing_confidence":"high","bearing_source_route_ids":["2","5"],"nearest_line_distance_m":0,"source_coordinate":null}},{"type":"Feature","geometry":{"type":"Point","coordinates":[-73.907807,40.816489999999995]},"properties":{"station_id":"220","source_station_ids":["220"],"name":"Jackson Av","route_ids":["2","5"],"is_transfer":true,"route_count":2,"marker_kind":"transfer","track_bearing":52.31,"ribbon_bearing":142.31,"bearing_confidence":"high","bearing_source_route_ids":["2","5"],"nearest_line_distance_m":0,"source_coordinate":null}},{"type":"Feature","geometry":{"type":"Point","coordinates":[-73.917757,40.816109]},"properties":{"station_id":"221","source_station_ids":["221"],"name":"3 Av-149 St","route_ids":["2","5"],"is_transfer":true,"route_count":2,"marker_kind":"transfer","track_bearing":111.77,"ribbon_bearing":201.77,"bearing_confidence":"high","bearing_source_route_ids":["2","5"],"nearest_line_distance_m":0,"source_coordinate":null}},{"type":"Feature","geometry":{"type":"Point","coordinates":[-73.926718,40.81841]},"properties":{"station_id":"222+415","source_station_ids":["222","415"],"name":"149 St-Grand Concourse","route_ids":["2","4","5"],"is_transfer":true,"route_count":3,"marker_kind":"transfer","track_bearing":107.95,"ribbon_bearing":197.95,"bearing_confidence":"low","bearing_source_route_ids":["2","4","5"],"nearest_line_distance_m":0,"source_coordinate":[-73.92703449999999,40.8183925]}},{"type":"Feature","geometry":{"type":"Point","coordinates":[-73.94077,40.814229]},"properties":{"station_id":"224","source_station_ids":["224"],"name":"135 St","route_ids":["2","3"],"is_transfer":true,"route_count":2,"marker_kind":"transfer","track_bearing":28.86,"ribbon_bearing":118.86,"bearing_confidence":"high","bearing_source_route_ids":["2","3"],"nearest_line_distance_m":0,"source_coordinate":null}},{"type":"Feature","geometry":{"type":"Point","coordinates":[-73.945495,40.807754]},"properties":{"station_id":"225","source_station_ids":["225"],"name":"125 St","route_ids":["2","3"],"is_transfer":true,"route_count":2,"marker_kind":"transfer","track_bearing":28.91,"ribbon_bearing":118.91,"bearing_confidence":"high","bearing_source_route_ids":["2","3"],"nearest_line_distance_m":0,"source_coordinate":null}},{"type":"Feature","geometry":{"type":"Point","coordinates":[-73.949625,40.80209800000001]},"properties":{"station_id":"226","source_station_ids":["226"],"name":"116 St","route_ids":["2","3"],"is_transfer":true,"route_count":2,"marker_kind":"transfer","track_bearing":28.93,"ribbon_bearing":118.93,"bearing_confidence":"high","bearing_source_route_ids":["2","3"],"nearest_line_distance_m":0,"source_coordinate":null}},{"type":"Feature","geometry":{"type":"Point","coordinates":[-73.951822,40.799075]},"properties":{"station_id":"227","source_station_ids":["227"],"name":"110 St-Malcolm X Plaza","route_ids":["2","3"],"is_transfer":true,"route_count":2,"marker_kind":"transfer","track_bearing":28.82,"ribbon_bearing":118.82,"bearing_confidence":"high","bearing_source_route_ids":["2","3"],"nearest_line_distance_m":0,"source_coordinate":null}},{"type":"Feature","geometry":{"type":"Point","coordinates":[-74.008811,40.713051]},"properties":{"station_id":"228","source_station_ids":["228"],"name":"Park Place","route_ids":["2","3"],"is_transfer":true,"route_count":2,"marker_kind":"transfer","track_bearing":120.65,"ribbon_bearing":210.65,"bearing_confidence":"high","bearing_source_route_ids":["2","3"],"nearest_line_distance_m":0,"source_coordinate":null}},{"type":"Feature","geometry":{"type":"Point","coordinates":[-74.006571,40.70941599999999]},"properties":{"station_id":"229+A38+M22","source_station_ids":["229","A38","M22"],"name":"Fulton St","route_ids":["2","3","A","C","J","Z"],"is_transfer":true,"route_count":6,"marker_kind":"transfer","track_bearing":40.27,"ribbon_bearing":130.27,"bearing_confidence":"low","bearing_source_route_ids":["2","3","A","C","J","Z"],"nearest_line_distance_m":0,"source_coordinate":[-74.00728133333332,40.709995666666664]}},{"type":"Feature","geometry":{"type":"Point","coordinates":[-74.0091,40.706821]},"properties":{"station_id":"230+419","source_station_ids":["230","419"],"name":"Wall St","route_ids":["2","3"],"is_transfer":true,"route_count":2,"marker_kind":"transfer","track_bearing":33.43,"ribbon_bearing":123.43,"bearing_confidence":"high","bearing_source_route_ids":["2","3","4","5"],"nearest_line_distance_m":0,"source_coordinate":[-74.010481,40.707189]}},{"type":"Feature","geometry":{"type":"Point","coordinates":[-73.993086,40.697466]},"properties":{"station_id":"231","source_station_ids":["231"],"name":"Clark St","route_ids":["2","3"],"is_transfer":true,"route_count":2,"marker_kind":"transfer","track_bearing":109.98,"ribbon_bearing":199.98,"bearing_confidence":"high","bearing_source_route_ids":["2","3"],"nearest_line_distance_m":0,"source_coordinate":null}},{"type":"Feature","geometry":{"type":"Point","coordinates":[-73.989998,40.693219]},"properties":{"station_id":"232+423","source_station_ids":["232","423"],"name":"Borough Hall","route_ids":["2","3","4","5"],"is_transfer":true,"route_count":4,"marker_kind":"transfer","track_bearing":130.32,"ribbon_bearing":220.32,"bearing_confidence":"low","bearing_source_route_ids":["2","3","4","5"],"nearest_line_distance_m":0,"source_coordinate":[-73.99007449999999,40.692811500000005]}},{"type":"Feature","geometry":{"type":"Point","coordinates":[-73.985065,40.690545]},"properties":{"station_id":"233","source_station_ids":["233"],"name":"Hoyt St","route_ids":["2","3"],"is_transfer":true,"route_count":2,"marker_kind":"transfer","track_bearing":117.84,"ribbon_bearing":207.84,"bearing_confidence":"high","bearing_source_route_ids":["2","3"],"nearest_line_distance_m":0,"source_coordinate":null}},{"type":"Feature","geometry":{"type":"Point","coordinates":[-73.980492,40.688246]},"properties":{"station_id":"234","source_station_ids":["234"],"name":"Nevins St","route_ids":["2","3","4","5"],"is_transfer":true,"route_count":4,"marker_kind":"transfer","track_bearing":151.79,"ribbon_bearing":241.79,"bearing_confidence":"high","bearing_source_route_ids":["2","3","4","5"],"nearest_line_distance_m":0,"source_coordinate":null}},{"type":"Feature","geometry":{"type":"Point","coordinates":[-73.977666,40.68435900000001]},"properties":{"station_id":"235+D24+R31","source_station_ids":["235","D24","R31"],"name":"Atlantic Av-Barclays Ctr","route_ids":["2","3","4","5","B","D","N","Q","R","W"],"is_transfer":true,"route_count":10,"marker_kind":"transfer","track_bearing":176.61,"ribbon_bearing":266.61,"bearing_confidence":"low","bearing_source_route_ids":["2","3","4","5","B","D","N","Q","R","W"],"nearest_line_distance_m":0,"source_coordinate":[-73.97778866666667,40.68416166666667]}},{"type":"Feature","geometry":{"type":"Point","coordinates":[-73.975098,40.680828999999996]},"properties":{"station_id":"236","source_station_ids":["236"],"name":"Bergen St","route_ids":["2","3","4"],"is_transfer":true,"route_count":3,"marker_kind":"transfer","track_bearing":151.12,"ribbon_bearing":241.12,"bearing_confidence":"high","bearing_source_route_ids":["2","3","4"],"nearest_line_distance_m":0,"source_coordinate":null}},{"type":"Feature","geometry":{"type":"Point","coordinates":[-73.971046,40.675235]},"properties":{"station_id":"237","source_station_ids":["237"],"name":"Grand Army Plaza","route_ids":["2","3","4"],"is_transfer":true,"route_count":3,"marker_kind":"transfer","track_bearing":151.22,"ribbon_bearing":241.22,"bearing_confidence":"high","bearing_source_route_ids":["2","3","4"],"nearest_line_distance_m":0,"source_coordinate":null}},{"type":"Feature","geometry":{"type":"Point","coordinates":[-73.964375,40.671987]},"properties":{"station_id":"238","source_station_ids":["238"],"name":"Eastern Pkwy-Brooklyn Museum","route_ids":["2","3","4"],"is_transfer":true,"route_count":3,"marker_kind":"transfer","track_bearing":106.65,"ribbon_bearing":196.65,"bearing_confidence":"high","bearing_source_route_ids":["2","3","4"],"nearest_line_distance_m":0,"source_coordinate":null}},{"type":"Feature","geometry":{"type":"Point","coordinates":[-73.958131,40.670682]},"properties":{"station_id":"239","source_station_ids":["239"],"name":"Franklin Av-Medgar Evers College","route_ids":["2","3","4","5"],"is_transfer":true,"route_count":4,"marker_kind":"transfer","track_bearing":105.41,"ribbon_bearing":195.41,"bearing_confidence":"high","bearing_source_route_ids":["2","3","4","5"],"nearest_line_distance_m":0,"source_coordinate":null}},{"type":"Feature","geometry":{"type":"Point","coordinates":[-73.950683,40.667882999999996]},"properties":{"station_id":"241","source_station_ids":["241"],"name":"President St-Medgar Evers College","route_ids":["2"],"is_transfer":false,"route_count":1,"marker_kind":"single","track_bearing":3.8,"ribbon_bearing":93.8,"bearing_confidence":"high","bearing_source_route_ids":["2","5"],"nearest_line_distance_m":0,"source_coordinate":null}},{"type":"Feature","geometry":{"type":"Point","coordinates":[-73.95085,40.662742]},"properties":{"station_id":"242","source_station_ids":["242"],"name":"Sterling St","route_ids":["2"],"is_transfer":false,"route_count":1,"marker_kind":"single","track_bearing":175.72,"ribbon_bearing":265.72,"bearing_confidence":"high","bearing_source_route_ids":["2","5"],"nearest_line_distance_m":0,"source_coordinate":null}},{"type":"Feature","geometry":{"type":"Point","coordinates":[-73.9502,40.656652]},"properties":{"station_id":"243","source_station_ids":["243"],"name":"Winthrop St","route_ids":["2"],"is_transfer":false,"route_count":1,"marker_kind":"single","track_bearing":175.37,"ribbon_bearing":265.37,"bearing_confidence":"high","bearing_source_route_ids":["2","5"],"nearest_line_distance_m":0,"source_coordinate":null}},{"type":"Feature","geometry":{"type":"Point","coordinates":[-73.949575,40.650843]},"properties":{"station_id":"244","source_station_ids":["244"],"name":"Church Av","route_ids":["2"],"is_transfer":false,"route_count":1,"marker_kind":"single","track_bearing":175.33,"ribbon_bearing":265.33,"bearing_confidence":"high","bearing_source_route_ids":["2","5"],"nearest_line_distance_m":0,"source_coordinate":null}},{"type":"Feature","geometry":{"type":"Point","coordinates":[-73.948959,40.645098]},"properties":{"station_id":"245","source_station_ids":["245"],"name":"Beverly Rd","route_ids":["2"],"is_transfer":false,"route_count":1,"marker_kind":"single","track_bearing":175.35,"ribbon_bearing":265.35,"bearing_confidence":"high","bearing_source_route_ids":["2","5"],"nearest_line_distance_m":0,"source_coordinate":null}},{"type":"Feature","geometry":{"type":"Point","coordinates":[-73.948411,40.639967]},"properties":{"station_id":"246","source_station_ids":["246"],"name":"Newkirk Av-Little Haiti","route_ids":["2"],"is_transfer":false,"route_count":1,"marker_kind":"single","track_bearing":175.37,"ribbon_bearing":265.37,"bearing_confidence":"high","bearing_source_route_ids":["2","5"],"nearest_line_distance_m":0,"source_coordinate":null}},{"type":"Feature","geometry":{"type":"Point","coordinates":[-73.947642,40.632836]},"properties":{"station_id":"247","source_station_ids":["247"],"name":"Flatbush Av-Brooklyn College","route_ids":["2"],"is_transfer":false,"route_count":1,"marker_kind":"single","track_bearing":175.32,"ribbon_bearing":265.32,"bearing_confidence":"high","bearing_source_route_ids":["2","5"],"nearest_line_distance_m":0,"source_coordinate":null}},{"type":"Feature","geometry":{"type":"Point","coordinates":[-73.950466,40.669847000000004]},"properties":{"station_id":"248","source_station_ids":["248"],"name":"Nostrand Av","route_ids":["2","3","4","5"],"is_transfer":true,"route_count":4,"marker_kind":"transfer","track_bearing":94.44,"ribbon_bearing":184.44,"bearing_confidence":"high","bearing_source_route_ids":["2","3","4","5"],"nearest_line_distance_m":0,"source_coordinate":null}},{"type":"Feature","geometry":{"type":"Point","coordinates":[-73.942161,40.669399]},"properties":{"station_id":"249","source_station_ids":["249"],"name":"Kingston Av","route_ids":["3","4","5"],"is_transfer":true,"route_count":3,"marker_kind":"transfer","track_bearing":94.08,"ribbon_bearing":184.08,"bearing_confidence":"high","bearing_source_route_ids":["2","3","4","5"],"nearest_line_distance_m":0,"source_coordinate":null}},{"type":"Feature","geometry":{"type":"Point","coordinates":[-73.932942,40.668897]},"properties":{"station_id":"250","source_station_ids":["250"],"name":"Crown Hts-Utica Av","route_ids":["3","4","5"],"is_transfer":true,"route_count":3,"marker_kind":"transfer","track_bearing":94.1,"ribbon_bearing":184.1,"bearing_confidence":"high","bearing_source_route_ids":["2","3","4","5"],"nearest_line_distance_m":0,"source_coordinate":null}},{"type":"Feature","geometry":{"type":"Point","coordinates":[-73.92261,40.664717]},"properties":{"station_id":"251","source_station_ids":["251"],"name":"Sutter Av-Rutland Rd","route_ids":["3","4","5"],"is_transfer":true,"route_count":3,"marker_kind":"transfer","track_bearing":139.78,"ribbon_bearing":229.78,"bearing_confidence":"high","bearing_source_route_ids":["2","3","4","5"],"nearest_line_distance_m":0,"source_coordinate":null}},{"type":"Feature","geometry":{"type":"Point","coordinates":[-73.916327,40.661453]},"properties":{"station_id":"252","source_station_ids":["252"],"name":"Saratoga Av","route_ids":["3","4","5"],"is_transfer":true,"route_count":3,"marker_kind":"transfer","track_bearing":78.84,"ribbon_bearing":168.84,"bearing_confidence":"high","bearing_source_route_ids":["2","3","4","5"],"nearest_line_distance_m":0,"source_coordinate":null}},{"type":"Feature","geometry":{"type":"Point","coordinates":[-73.908946,40.662549]},"properties":{"station_id":"253","source_station_ids":["253"],"name":"Rockaway Av","route_ids":["3","4","5"],"is_transfer":true,"route_count":3,"marker_kind":"transfer","track_bearing":78.92,"ribbon_bearing":168.92,"bearing_confidence":"high","bearing_source_route_ids":["2","3","4","5"],"nearest_line_distance_m":0,"source_coordinate":null}},{"type":"Feature","geometry":{"type":"Point","coordinates":[-73.902447,40.663515]},"properties":{"station_id":"254","source_station_ids":["254"],"name":"Junius St","route_ids":["3","4","5"],"is_transfer":true,"route_count":3,"marker_kind":"transfer","track_bearing":78.92,"ribbon_bearing":168.92,"bearing_confidence":"high","bearing_source_route_ids":["2","3","4","5"],"nearest_line_distance_m":0,"source_coordinate":null}},{"type":"Feature","geometry":{"type":"Point","coordinates":[-73.894895,40.66463499999999]},"properties":{"station_id":"255","source_station_ids":["255"],"name":"Pennsylvania Av","route_ids":["3","4","5"],"is_transfer":true,"route_count":3,"marker_kind":"transfer","track_bearing":78.94,"ribbon_bearing":168.94,"bearing_confidence":"high","bearing_source_route_ids":["2","3","4","5"],"nearest_line_distance_m":0,"source_coordinate":null}},{"type":"Feature","geometry":{"type":"Point","coordinates":[-73.889395,40.665449]},"properties":{"station_id":"256","source_station_ids":["256"],"name":"Van Siclen Av","route_ids":["3","4","5"],"is_transfer":true,"route_count":3,"marker_kind":"transfer","track_bearing":78.96,"ribbon_bearing":168.96,"bearing_confidence":"high","bearing_source_route_ids":["2","3","4","5"],"nearest_line_distance_m":0,"source_coordinate":null}},{"type":"Feature","geometry":{"type":"Point","coordinates":[-73.884079,40.666235]},"properties":{"station_id":"257","source_station_ids":["257"],"name":"New Lots Av","route_ids":["3","4","5"],"is_transfer":true,"route_count":3,"marker_kind":"transfer","track_bearing":78.97,"ribbon_bearing":168.97,"bearing_confidence":"high","bearing_source_route_ids":["2","3","4","5"],"nearest_line_distance_m":0,"source_coordinate":null}},{"type":"Feature","geometry":{"type":"Point","coordinates":[-73.93647,40.82388]},"properties":{"station_id":"301","source_station_ids":["301"],"name":"Harlem-148 St","route_ids":["3"],"is_transfer":false,"route_count":1,"marker_kind":"single","track_bearing":118.78,"ribbon_bearing":208.78,"bearing_confidence":"medium","bearing_source_route_ids":["3"],"nearest_line_distance_m":0,"source_coordinate":null}},{"type":"Feature","geometry":{"type":"Point","coordinates":[-73.936245,40.820421]},"properties":{"station_id":"302","source_station_ids":["302"],"name":"145 St","route_ids":["3"],"is_transfer":false,"route_count":1,"marker_kind":"single","track_bearing":29.27,"ribbon_bearing":119.27,"bearing_confidence":"medium","bearing_source_route_ids":["3"],"nearest_line_distance_m":0,"source_coordinate":null}},{"type":"Feature","geometry":{"type":"Point","coordinates":[-73.878751,40.886037]},"properties":{"station_id":"401","source_station_ids":["401"],"name":"Woodlawn","route_ids":["4"],"is_transfer":false,"route_count":1,"marker_kind":"single","track_bearing":29.34,"ribbon_bearing":119.34,"bearing_confidence":"medium","bearing_source_route_ids":["4"],"nearest_line_distance_m":0,"source_coordinate":null}},{"type":"Feature","geometry":{"type":"Point","coordinates":[-73.884655,40.87975]},"properties":{"station_id":"402","source_station_ids":["402"],"name":"Mosholu Pkwy","route_ids":["4"],"is_transfer":false,"route_count":1,"marker_kind":"single","track_bearing":41.19,"ribbon_bearing":131.19,"bearing_confidence":"medium","bearing_source_route_ids":["4"],"nearest_line_distance_m":0,"source_coordinate":null}},{"type":"Feature","geometry":{"type":"Point","coordinates":[-73.890064,40.873412]},"properties":{"station_id":"405","source_station_ids":["405"],"name":"Bedford Park Blvd-Lehman College","route_ids":["4"],"is_transfer":false,"route_count":1,"marker_kind":"single","track_bearing":42.91,"ribbon_bearing":132.91,"bearing_confidence":"medium","bearing_source_route_ids":["4"],"nearest_line_distance_m":0,"source_coordinate":null}},{"type":"Feature","geometry":{"type":"Point","coordinates":[-73.897174,40.86775999999999]},"properties":{"station_id":"406","source_station_ids":["406"],"name":"Kingsbridge Rd","route_ids":["4"],"is_transfer":false,"route_count":1,"marker_kind":"single","track_bearing":30.42,"ribbon_bearing":120.42,"bearing_confidence":"medium","bearing_source_route_ids":["4"],"nearest_line_distance_m":0,"source_coordinate":null}},{"type":"Feature","geometry":{"type":"Point","coordinates":[-73.901034,40.862803]},"properties":{"station_id":"407","source_station_ids":["407"],"name":"Fordham Rd","route_ids":["4"],"is_transfer":false,"route_count":1,"marker_kind":"single","track_bearing":30.49,"ribbon_bearing":120.49,"bearing_confidence":"medium","bearing_source_route_ids":["4"],"nearest_line_distance_m":0,"source_coordinate":null}},{"type":"Feature","geometry":{"type":"Point","coordinates":[-73.903879,40.858407]},"properties":{"station_id":"408","source_station_ids":["408"],"name":"183 St","route_ids":["4"],"is_transfer":false,"route_count":1,"marker_kind":"single","track_bearing":24.91,"ribbon_bearing":114.91,"bearing_confidence":"medium","bearing_source_route_ids":["4"],"nearest_line_distance_m":0,"source_coordinate":null}},{"type":"Feature","geometry":{"type":"Point","coordinates":[-73.907684,40.853453]},"properties":{"station_id":"409","source_station_ids":["409"],"name":"Burnside Av","route_ids":["4"],"is_transfer":false,"route_count":1,"marker_kind":"single","track_bearing":34.35,"ribbon_bearing":124.35,"bearing_confidence":"medium","bearing_source_route_ids":["4"],"nearest_line_distance_m":0,"source_coordinate":null}},{"type":"Feature","geometry":{"type":"Point","coordinates":[-73.911794,40.84848]},"properties":{"station_id":"410","source_station_ids":["410"],"name":"176 St","route_ids":["4"],"is_transfer":false,"route_count":1,"marker_kind":"single","track_bearing":28.43,"ribbon_bearing":118.43,"bearing_confidence":"medium","bearing_source_route_ids":["4"],"nearest_line_distance_m":0,"source_coordinate":null}},{"type":"Feature","geometry":{"type":"Point","coordinates":[-73.914685,40.844434]},"properties":{"station_id":"411","source_station_ids":["411"],"name":"Mt Eden Av","route_ids":["4"],"is_transfer":false,"route_count":1,"marker_kind":"single","track_bearing":28.39,"ribbon_bearing":118.39,"bearing_confidence":"medium","bearing_source_route_ids":["4"],"nearest_line_distance_m":0,"source_coordinate":null}},{"type":"Feature","geometry":{"type":"Point","coordinates":[-73.917791,40.840075]},"properties":{"station_id":"412","source_station_ids":["412"],"name":"170 St","route_ids":["4"],"is_transfer":false,"route_count":1,"marker_kind":"single","track_bearing":28.33,"ribbon_bearing":118.33,"bearing_confidence":"medium","bearing_source_route_ids":["4"],"nearest_line_distance_m":0,"source_coordinate":null}},{"type":"Feature","geometry":{"type":"Point","coordinates":[-73.9214,40.835537]},"properties":{"station_id":"413","source_station_ids":["413"],"name":"167 St","route_ids":["4"],"is_transfer":false,"route_count":1,"marker_kind":"single","track_bearing":24.03,"ribbon_bearing":114.03,"bearing_confidence":"medium","bearing_source_route_ids":["4"],"nearest_line_distance_m":0,"source_coordinate":null}},{"type":"Feature","geometry":{"type":"Point","coordinates":[-73.925831,40.827994000000004]},"properties":{"station_id":"414+D11","source_station_ids":["414","D11"],"name":"161 St-Yankee Stadium","route_ids":["4","B","D"],"is_transfer":true,"route_count":3,"marker_kind":"transfer","track_bearing":107.84,"ribbon_bearing":197.84,"bearing_confidence":"low","bearing_source_route_ids":["4","B","D"],"nearest_line_distance_m":0,"source_coordinate":[-73.925741,40.8279495]}},{"type":"Feature","geometry":{"type":"Point","coordinates":[-73.929849,40.813224000000005]},"properties":{"station_id":"416","source_station_ids":["416"],"name":"138 St-Grand Concourse","route_ids":["4","5"],"is_transfer":true,"route_count":2,"marker_kind":"transfer","track_bearing":33.2,"ribbon_bearing":123.2,"bearing_confidence":"high","bearing_source_route_ids":["4","5"],"nearest_line_distance_m":0,"source_coordinate":null}},{"type":"Feature","geometry":{"type":"Point","coordinates":[-74.009509,40.710368]},"properties":{"station_id":"418","source_station_ids":["418"],"name":"Fulton St","route_ids":["4","5"],"is_transfer":true,"route_count":2,"marker_kind":"transfer","track_bearing":33.39,"ribbon_bearing":123.39,"bearing_confidence":"high","bearing_source_route_ids":["4","5"],"nearest_line_distance_m":0,"source_coordinate":null}},{"type":"Feature","geometry":{"type":"Point","coordinates":[-74.014065,40.704817]},"properties":{"station_id":"420","source_station_ids":["420"],"name":"Bowling Green","route_ids":["4","5"],"is_transfer":true,"route_count":2,"marker_kind":"transfer","track_bearing":23.13,"ribbon_bearing":113.13,"bearing_confidence":"high","bearing_source_route_ids":["4","5"],"nearest_line_distance_m":0,"source_coordinate":null}},{"type":"Feature","geometry":{"type":"Point","coordinates":[-73.830834,40.8883]},"properties":{"station_id":"501","source_station_ids":["501"],"name":"Eastchester-Dyre Av","route_ids":["5"],"is_transfer":false,"route_count":1,"marker_kind":"single","track_bearing":24.8,"ribbon_bearing":114.8,"bearing_confidence":"medium","bearing_source_route_ids":["5"],"nearest_line_distance_m":0,"source_coordinate":null}},{"type":"Feature","geometry":{"type":"Point","coordinates":[-73.838591,40.878663]},"properties":{"station_id":"502","source_station_ids":["502"],"name":"Baychester Av","route_ids":["5"],"is_transfer":false,"route_count":1,"marker_kind":"single","track_bearing":32.7,"ribbon_bearing":122.7,"bearing_confidence":"medium","bearing_source_route_ids":["5"],"nearest_line_distance_m":0,"source_coordinate":null}},{"type":"Feature","geometry":{"type":"Point","coordinates":[-73.846384,40.869526]},"properties":{"station_id":"503","source_station_ids":["503"],"name":"Gun Hill Rd","route_ids":["5"],"is_transfer":false,"route_count":1,"marker_kind":"single","track_bearing":32.82,"ribbon_bearing":122.82,"bearing_confidence":"medium","bearing_source_route_ids":["5"],"nearest_line_distance_m":0,"source_coordinate":null}},{"type":"Feature","geometry":{"type":"Point","coordinates":[-73.855359,40.858985]},"properties":{"station_id":"504","source_station_ids":["504"],"name":"Pelham Pkwy","route_ids":["5"],"is_transfer":false,"route_count":1,"marker_kind":"single","track_bearing":32.78,"ribbon_bearing":122.78,"bearing_confidence":"medium","bearing_source_route_ids":["5"],"nearest_line_distance_m":0,"source_coordinate":null}},{"type":"Feature","geometry":{"type":"Point","coordinates":[-73.860495,40.854364]},"properties":{"station_id":"505","source_station_ids":["505"],"name":"Morris Park","route_ids":["5"],"is_transfer":false,"route_count":1,"marker_kind":"single","track_bearing":43.06,"ribbon_bearing":133.06,"bearing_confidence":"medium","bearing_source_route_ids":["5"],"nearest_line_distance_m":0,"source_coordinate":null}},{"type":"Feature","geometry":{"type":"Point","coordinates":[-73.828121,40.852462]},"properties":{"station_id":"601","source_station_ids":["601"],"name":"Pelham Bay Park","route_ids":["6"],"is_transfer":false,"route_count":1,"marker_kind":"single","track_bearing":58.89,"ribbon_bearing":148.89,"bearing_confidence":"medium","bearing_source_route_ids":["6"],"nearest_line_distance_m":0,"source_coordinate":null}},{"type":"Feature","geometry":{"type":"Point","coordinates":[-73.832569,40.84681]},"properties":{"station_id":"602","source_station_ids":["602"],"name":"Buhre Av","route_ids":["6"],"is_transfer":false,"route_count":1,"marker_kind":"single","track_bearing":43.82,"ribbon_bearing":133.82,"bearing_confidence":"medium","bearing_source_route_ids":["6"],"nearest_line_distance_m":0,"source_coordinate":null}},{"type":"Feature","geometry":{"type":"Point","coordinates":[-73.836322,40.843863]},"properties":{"station_id":"603","source_station_ids":["603"],"name":"Middletown Rd","route_ids":["6"],"is_transfer":false,"route_count":1,"marker_kind":"single","track_bearing":43.93,"ribbon_bearing":133.93,"bearing_confidence":"medium","bearing_source_route_ids":["6"],"nearest_line_distance_m":0,"source_coordinate":null}},{"type":"Feature","geometry":{"type":"Point","coordinates":[-73.842952,40.839892000000006]},"properties":{"station_id":"604","source_station_ids":["604"],"name":"Westchester Sq-E Tremont Av","route_ids":["6"],"is_transfer":false,"route_count":1,"marker_kind":"single","track_bearing":42.12,"ribbon_bearing":132.12,"bearing_confidence":"medium","bearing_source_route_ids":["6"],"nearest_line_distance_m":0,"source_coordinate":null}},{"type":"Feature","geometry":{"type":"Point","coordinates":[-73.847036,40.836487999999996]},"properties":{"station_id":"606","source_station_ids":["606"],"name":"Zerega Av","route_ids":["6"],"is_transfer":false,"route_count":1,"marker_kind":"single","track_bearing":42.23,"ribbon_bearing":132.23,"bearing_confidence":"medium","bearing_source_route_ids":["6"],"nearest_line_distance_m":0,"source_coordinate":null}},{"type":"Feature","geometry":{"type":"Point","coordinates":[-73.851222,40.834255]},"properties":{"station_id":"607","source_station_ids":["607"],"name":"Castle Hill Av","route_ids":["6"],"is_transfer":false,"route_count":1,"marker_kind":"single","track_bearing":82.01,"ribbon_bearing":172.01,"bearing_confidence":"medium","bearing_source_route_ids":["6"],"nearest_line_distance_m":0,"source_coordinate":null}},{"type":"Feature","geometry":{"type":"Point","coordinates":[-73.860816,40.833226]},"properties":{"station_id":"608","source_station_ids":["608"],"name":"Parkchester","route_ids":["6"],"is_transfer":false,"route_count":1,"marker_kind":"single","track_bearing":81.93,"ribbon_bearing":171.93,"bearing_confidence":"medium","bearing_source_route_ids":["6"],"nearest_line_distance_m":0,"source_coordinate":null}},{"type":"Feature","geometry":{"type":"Point","coordinates":[-73.867618,40.831509]},"properties":{"station_id":"609","source_station_ids":["609"],"name":"St Lawrence Av","route_ids":["6"],"is_transfer":false,"route_count":1,"marker_kind":"single","track_bearing":69.14,"ribbon_bearing":159.14,"bearing_confidence":"medium","bearing_source_route_ids":["6"],"nearest_line_distance_m":0,"source_coordinate":null}},{"type":"Feature","geometry":{"type":"Point","coordinates":[-73.874516,40.829521]},"properties":{"station_id":"610","source_station_ids":["610"],"name":"Morrison Av-Soundview","route_ids":["6"],"is_transfer":false,"route_count":1,"marker_kind":"single","track_bearing":69.15,"ribbon_bearing":159.15,"bearing_confidence":"medium","bearing_source_route_ids":["6"],"nearest_line_distance_m":0,"source_coordinate":null}},{"type":"Feature","geometry":{"type":"Point","coordinates":[-73.879159,40.828584]},"properties":{"station_id":"611","source_station_ids":["611"],"name":"Elder Av","route_ids":["6"],"is_transfer":false,"route_count":1,"marker_kind":"single","track_bearing":83.73,"ribbon_bearing":173.73,"bearing_confidence":"medium","bearing_source_route_ids":["6"],"nearest_line_distance_m":0,"source_coordinate":null}},{"type":"Feature","geometry":{"type":"Point","coordinates":[-73.886283,40.826525]},"properties":{"station_id":"612","source_station_ids":["612"],"name":"Whitlock Av","route_ids":["6"],"is_transfer":false,"route_count":1,"marker_kind":"single","track_bearing":7.02,"ribbon_bearing":97.02,"bearing_confidence":"medium","bearing_source_route_ids":["6"],"nearest_line_distance_m":0,"source_coordinate":null}},{"type":"Feature","geometry":{"type":"Point","coordinates":[-73.890549,40.820948]},"properties":{"station_id":"613","source_station_ids":["613"],"name":"Hunts Point Av","route_ids":["6"],"is_transfer":false,"route_count":1,"marker_kind":"single","track_bearing":69.3,"ribbon_bearing":159.3,"bearing_confidence":"medium","bearing_source_route_ids":["6"],"nearest_line_distance_m":0,"source_coordinate":null}},{"type":"Feature","geometry":{"type":"Point","coordinates":[-73.896435,40.816104]},"properties":{"station_id":"614","source_station_ids":["614"],"name":"Longwood Av","route_ids":["6"],"is_transfer":false,"route_count":1,"marker_kind":"single","track_bearing":37.99,"ribbon_bearing":127.99,"bearing_confidence":"medium","bearing_source_route_ids":["6"],"nearest_line_distance_m":0,"source_coordinate":null}},{"type":"Feature","geometry":{"type":"Point","coordinates":[-73.904098,40.812118]},"properties":{"station_id":"615","source_station_ids":["615"],"name":"E 149 St","route_ids":["6"],"is_transfer":false,"route_count":1,"marker_kind":"single","track_bearing":59.01,"ribbon_bearing":149.01,"bearing_confidence":"medium","bearing_source_route_ids":["6"],"nearest_line_distance_m":0,"source_coordinate":null}},{"type":"Feature","geometry":{"type":"Point","coordinates":[-73.907657,40.808719]},"properties":{"station_id":"616","source_station_ids":["616"],"name":"E 143 St-St Mary's St","route_ids":["6"],"is_transfer":false,"route_count":1,"marker_kind":"single","track_bearing":14.96,"ribbon_bearing":104.96,"bearing_confidence":"medium","bearing_source_route_ids":["6"],"nearest_line_distance_m":0,"source_coordinate":null}},{"type":"Feature","geometry":{"type":"Point","coordinates":[-73.914042,40.80536800000001]},"properties":{"station_id":"617","source_station_ids":["617"],"name":"Cypress Av","route_ids":["6"],"is_transfer":false,"route_count":1,"marker_kind":"single","track_bearing":119.01,"ribbon_bearing":209.01,"bearing_confidence":"medium","bearing_source_route_ids":["6"],"nearest_line_distance_m":0,"source_coordinate":null}},{"type":"Feature","geometry":{"type":"Point","coordinates":[-73.91924,40.807566]},"properties":{"station_id":"618","source_station_ids":["618"],"name":"Brook Av","route_ids":["6"],"is_transfer":false,"route_count":1,"marker_kind":"single","track_bearing":119.19,"ribbon_bearing":209.19,"bearing_confidence":"medium","bearing_source_route_ids":["6"],"nearest_line_distance_m":0,"source_coordinate":null}},{"type":"Feature","geometry":{"type":"Point","coordinates":[-73.926138,40.810475999999994]},"properties":{"station_id":"619","source_station_ids":["619"],"name":"3 Av-138 St","route_ids":["6"],"is_transfer":false,"route_count":1,"marker_kind":"single","track_bearing":119.13,"ribbon_bearing":209.13,"bearing_confidence":"medium","bearing_source_route_ids":["6"],"nearest_line_distance_m":0,"source_coordinate":null}},{"type":"Feature","geometry":{"type":"Point","coordinates":[-73.937594,40.804138]},"properties":{"station_id":"621","source_station_ids":["621"],"name":"125 St","route_ids":["4","5","6"],"is_transfer":true,"route_count":3,"marker_kind":"transfer","track_bearing":28.12,"ribbon_bearing":118.12,"bearing_confidence":"high","bearing_source_route_ids":["4","5","6"],"nearest_line_distance_m":0,"source_coordinate":null}},{"type":"Feature","geometry":{"type":"Point","coordinates":[-73.941617,40.798629]},"properties":{"station_id":"622","source_station_ids":["622"],"name":"116 St","route_ids":["4","6"],"is_transfer":true,"route_count":2,"marker_kind":"transfer","track_bearing":28.92,"ribbon_bearing":118.92,"bearing_confidence":"high","bearing_source_route_ids":["4","6"],"nearest_line_distance_m":0,"source_coordinate":null}},{"type":"Feature","geometry":{"type":"Point","coordinates":[-73.94425,40.79502]},"properties":{"station_id":"623","source_station_ids":["623"],"name":"110 St","route_ids":["4","6"],"is_transfer":true,"route_count":2,"marker_kind":"transfer","track_bearing":28.93,"ribbon_bearing":118.93,"bearing_confidence":"high","bearing_source_route_ids":["4","6"],"nearest_line_distance_m":0,"source_coordinate":null}},{"type":"Feature","geometry":{"type":"Point","coordinates":[-73.947478,40.790600000000005]},"properties":{"station_id":"624","source_station_ids":["624"],"name":"103 St","route_ids":["4","6"],"is_transfer":true,"route_count":2,"marker_kind":"transfer","track_bearing":28.92,"ribbon_bearing":118.92,"bearing_confidence":"high","bearing_source_route_ids":["4","6"],"nearest_line_distance_m":0,"source_coordinate":null}},{"type":"Feature","geometry":{"type":"Point","coordinates":[-73.95107,40.785672]},"properties":{"station_id":"625","source_station_ids":["625"],"name":"96 St","route_ids":["4","6"],"is_transfer":true,"route_count":2,"marker_kind":"transfer","track_bearing":28.93,"ribbon_bearing":118.93,"bearing_confidence":"high","bearing_source_route_ids":["4","6"],"nearest_line_distance_m":0,"source_coordinate":null}},{"type":"Feature","geometry":{"type":"Point","coordinates":[-73.955589,40.77949199999999]},"properties":{"station_id":"626","source_station_ids":["626"],"name":"86 St","route_ids":["4","5","6"],"is_transfer":true,"route_count":3,"marker_kind":"transfer","track_bearing":28.97,"ribbon_bearing":118.97,"bearing_confidence":"high","bearing_source_route_ids":["4","5","6"],"nearest_line_distance_m":0,"source_coordinate":null}},{"type":"Feature","geometry":{"type":"Point","coordinates":[-73.959874,40.77362]},"properties":{"station_id":"627","source_station_ids":["627"],"name":"77 St","route_ids":["4","6"],"is_transfer":true,"route_count":2,"marker_kind":"transfer","track_bearing":28.92,"ribbon_bearing":118.92,"bearing_confidence":"high","bearing_source_route_ids":["4","6"],"nearest_line_distance_m":0,"source_coordinate":null}},{"type":"Feature","geometry":{"type":"Point","coordinates":[-73.96387,40.768141]},"properties":{"station_id":"628","source_station_ids":["628"],"name":"68 St-Hunter College","route_ids":["4","6"],"is_transfer":true,"route_count":2,"marker_kind":"transfer","track_bearing":28.92,"ribbon_bearing":118.92,"bearing_confidence":"high","bearing_source_route_ids":["4","6"],"nearest_line_distance_m":0,"source_coordinate":null}},{"type":"Feature","geometry":{"type":"Point","coordinates":[-73.967967,40.762526]},"properties":{"station_id":"629","source_station_ids":["629"],"name":"59 St","route_ids":["4","5","6"],"is_transfer":true,"route_count":3,"marker_kind":"transfer","track_bearing":28.93,"ribbon_bearing":118.93,"bearing_confidence":"high","bearing_source_route_ids":["4","5","6"],"nearest_line_distance_m":0,"source_coordinate":null}},{"type":"Feature","geometry":{"type":"Point","coordinates":[-73.97192,40.757107]},"properties":{"station_id":"630","source_station_ids":["630"],"name":"51 St","route_ids":["4","6"],"is_transfer":true,"route_count":2,"marker_kind":"transfer","track_bearing":28.92,"ribbon_bearing":118.92,"bearing_confidence":"high","bearing_source_route_ids":["4","6"],"nearest_line_distance_m":0,"source_coordinate":null}},{"type":"Feature","geometry":{"type":"Point","coordinates":[-73.976848,40.75177599999999]},"properties":{"station_id":"631+723","source_station_ids":["631","723"],"name":"Grand Central-42 St","route_ids":["4","5","6","7"],"is_transfer":true,"route_count":4,"marker_kind":"transfer","track_bearing":82.05,"ribbon_bearing":172.05,"bearing_confidence":"low","bearing_source_route_ids":["4","5","6","7"],"nearest_line_distance_m":0,"source_coordinate":[-73.9764445,40.751603499999995]}},{"type":"Feature","geometry":{"type":"Point","coordinates":[-73.982076,40.746081000000004]},"properties":{"station_id":"632","source_station_ids":["632"],"name":"33 St","route_ids":["4","6"],"is_transfer":true,"route_count":2,"marker_kind":"transfer","track_bearing":28.9,"ribbon_bearing":118.9,"bearing_confidence":"high","bearing_source_route_ids":["4","6"],"nearest_line_distance_m":0,"source_coordinate":null}},{"type":"Feature","geometry":{"type":"Point","coordinates":[-73.984264,40.74307]},"properties":{"station_id":"633","source_station_ids":["633"],"name":"28 St","route_ids":["4","6"],"is_transfer":true,"route_count":2,"marker_kind":"transfer","track_bearing":28.86,"ribbon_bearing":118.86,"bearing_confidence":"high","bearing_source_route_ids":["4","6"],"nearest_line_distance_m":0,"source_coordinate":null}},{"type":"Feature","geometry":{"type":"Point","coordinates":[-73.986599,40.739864]},"properties":{"station_id":"634","source_station_ids":["634"],"name":"23 St-Baruch College","route_ids":["4","6"],"is_transfer":true,"route_count":2,"marker_kind":"transfer","track_bearing":28.9,"ribbon_bearing":118.9,"bearing_confidence":"high","bearing_source_route_ids":["4","6"],"nearest_line_distance_m":0,"source_coordinate":null}},{"type":"Feature","geometry":{"type":"Point","coordinates":[-73.989951,40.734673]},"properties":{"station_id":"635+L03+R20","source_station_ids":["635","L03","R20"],"name":"14 St-Union Sq","route_ids":["4","5","6","N","Q","R","W","L"],"is_transfer":true,"route_count":8,"marker_kind":"transfer","track_bearing":179.15,"ribbon_bearing":269.15,"bearing_confidence":"low","bearing_source_route_ids":["4","5","6","N","Q","R","W","L"],"nearest_line_distance_m":0,"source_coordinate":[-73.99041633333333,40.735065999999996]}},{"type":"Feature","geometry":{"type":"Point","coordinates":[-73.99107,40.730053999999996]},"properties":{"station_id":"636","source_station_ids":["636"],"name":"Astor Pl","route_ids":["4","6"],"is_transfer":true,"route_count":2,"marker_kind":"transfer","track_bearing":51.22,"ribbon_bearing":141.22,"bearing_confidence":"high","bearing_source_route_ids":["4","6"],"nearest_line_distance_m":0,"source_coordinate":null}},{"type":"Feature","geometry":{"type":"Point","coordinates":[-73.994659,40.725915]},"properties":{"station_id":"637","source_station_ids":["637"],"name":"Bleecker St","route_ids":["4","6"],"is_transfer":true,"route_count":2,"marker_kind":"transfer","track_bearing":30.54,"ribbon_bearing":120.54,"bearing_confidence":"high","bearing_source_route_ids":["4","6"],"nearest_line_distance_m":0,"source_coordinate":null}},{"type":"Feature","geometry":{"type":"Point","coordinates":[-73.997141,40.722301]},"properties":{"station_id":"638","source_station_ids":["638"],"name":"Spring St","route_ids":["4","6"],"is_transfer":true,"route_count":2,"marker_kind":"transfer","track_bearing":25.24,"ribbon_bearing":115.24,"bearing_confidence":"high","bearing_source_route_ids":["4","6"],"nearest_line_distance_m":0,"source_coordinate":null}},{"type":"Feature","geometry":{"type":"Point","coordinates":[-74.000193,40.718803]},"properties":{"station_id":"639+M20+Q01+R23","source_station_ids":["639","M20","Q01","R23"],"name":"Canal St","route_ids":["4","6","N","Q","R","J","Z"],"is_transfer":true,"route_count":7,"marker_kind":"transfer","track_bearing":28.88,"ribbon_bearing":118.88,"bearing_confidence":"low","bearing_source_route_ids":["4","6","N","Q","R","W","J","Z"],"nearest_line_distance_m":0,"source_coordinate":[-74.00058000000001,40.71870125]}},{"type":"Feature","geometry":{"type":"Point","coordinates":[-74.004131,40.713065]},"properties":{"station_id":"640","source_station_ids":["640"],"name":"Brooklyn Bridge-City Hall","route_ids":["4","5","6"],"is_transfer":true,"route_count":3,"marker_kind":"transfer","track_bearing":33.83,"ribbon_bearing":123.83,"bearing_confidence":"high","bearing_source_route_ids":["4","5","6"],"nearest_line_distance_m":0,"source_coordinate":null}},{"type":"Feature","geometry":{"type":"Point","coordinates":[-73.83003,40.7596]},"properties":{"station_id":"701","source_station_ids":["701"],"name":"Flushing-Main St","route_ids":["7"],"is_transfer":false,"route_count":1,"marker_kind":"single","track_bearing":67.21,"ribbon_bearing":157.21,"bearing_confidence":"medium","bearing_source_route_ids":["7"],"nearest_line_distance_m":0,"source_coordinate":null}},{"type":"Feature","geometry":{"type":"Point","coordinates":[-73.845625,40.754622]},"properties":{"station_id":"702","source_station_ids":["702"],"name":"Mets-Willets Point","route_ids":["7"],"is_transfer":false,"route_count":1,"marker_kind":"single","track_bearing":68.51,"ribbon_bearing":158.51,"bearing_confidence":"medium","bearing_source_route_ids":["7"],"nearest_line_distance_m":0,"source_coordinate":null}},{"type":"Feature","geometry":{"type":"Point","coordinates":[-73.855334,40.75173]},"properties":{"station_id":"705","source_station_ids":["705"],"name":"111 St","route_ids":["7"],"is_transfer":false,"route_count":1,"marker_kind":"single","track_bearing":68.53,"ribbon_bearing":158.53,"bearing_confidence":"medium","bearing_source_route_ids":["7"],"nearest_line_distance_m":0,"source_coordinate":null}},{"type":"Feature","geometry":{"type":"Point","coordinates":[-73.8627,40.74986500000001]},"properties":{"station_id":"706","source_station_ids":["706"],"name":"103 St-Corona Plaza","route_ids":["7"],"is_transfer":false,"route_count":1,"marker_kind":"single","track_bearing":81.97,"ribbon_bearing":171.97,"bearing_confidence":"medium","bearing_source_route_ids":["7"],"nearest_line_distance_m":0,"source_coordinate":null}},{"type":"Feature","geometry":{"type":"Point","coordinates":[-73.869527,40.749145]},"properties":{"station_id":"707","source_station_ids":["707"],"name":"Junction Blvd","route_ids":["7"],"is_transfer":false,"route_count":1,"marker_kind":"single","track_bearing":82.07,"ribbon_bearing":172.07,"bearing_confidence":"medium","bearing_source_route_ids":["7"],"nearest_line_distance_m":0,"source_coordinate":null}},{"type":"Feature","geometry":{"type":"Point","coordinates":[-73.876613,40.748408]},"properties":{"station_id":"708","source_station_ids":["708"],"name":"90 St-Elmhurst Av","route_ids":["7"],"is_transfer":false,"route_count":1,"marker_kind":"single","track_bearing":82.18,"ribbon_bearing":172.18,"bearing_confidence":"medium","bearing_source_route_ids":["7"],"nearest_line_distance_m":0,"source_coordinate":null}},{"type":"Feature","geometry":{"type":"Point","coordinates":[-73.883697,40.74765899999999]},"properties":{"station_id":"709","source_station_ids":["709"],"name":"82 St-Jackson Hts","route_ids":["7"],"is_transfer":false,"route_count":1,"marker_kind":"single","track_bearing":82.05,"ribbon_bearing":172.05,"bearing_confidence":"medium","bearing_source_route_ids":["7"],"nearest_line_distance_m":0,"source_coordinate":null}},{"type":"Feature","geometry":{"type":"Point","coordinates":[-73.891394,40.746848]},"properties":{"station_id":"710","source_station_ids":["710"],"name":"74 St-Broadway","route_ids":["7"],"is_transfer":false,"route_count":1,"marker_kind":"single","track_bearing":82.08,"ribbon_bearing":172.08,"bearing_confidence":"medium","bearing_source_route_ids":["7"],"nearest_line_distance_m":0,"source_coordinate":null}},{"type":"Feature","geometry":{"type":"Point","coordinates":[-73.896403,40.746325]},"properties":{"station_id":"711","source_station_ids":["711"],"name":"69 St","route_ids":["7"],"is_transfer":false,"route_count":1,"marker_kind":"single","track_bearing":82.06,"ribbon_bearing":172.06,"bearing_confidence":"medium","bearing_source_route_ids":["7"],"nearest_line_distance_m":0,"source_coordinate":null}},{"type":"Feature","geometry":{"type":"Point","coordinates":[-73.902984,40.74562999999999]},"properties":{"station_id":"712","source_station_ids":["712"],"name":"61 St-Woodside","route_ids":["7"],"is_transfer":false,"route_count":1,"marker_kind":"single","track_bearing":82.06,"ribbon_bearing":172.06,"bearing_confidence":"medium","bearing_source_route_ids":["7"],"nearest_line_distance_m":0,"source_coordinate":null}},{"type":"Feature","geometry":{"type":"Point","coordinates":[-73.912549,40.744149]},"properties":{"station_id":"713","source_station_ids":["713"],"name":"52 St","route_ids":["7"],"is_transfer":false,"route_count":1,"marker_kind":"single","track_bearing":67.99,"ribbon_bearing":157.99,"bearing_confidence":"medium","bearing_source_route_ids":["7"],"nearest_line_distance_m":0,"source_coordinate":null}},{"type":"Feature","geometry":{"type":"Point","coordinates":[-73.918435,40.743131999999996]},"properties":{"station_id":"714","source_station_ids":["714"],"name":"46 St-Bliss St","route_ids":["7"],"is_transfer":false,"route_count":1,"marker_kind":"single","track_bearing":98.49,"ribbon_bearing":188.49,"bearing_confidence":"medium","bearing_source_route_ids":["7"],"nearest_line_distance_m":0,"source_coordinate":null}},{"type":"Feature","geometry":{"type":"Point","coordinates":[-73.924016,40.743781]},"properties":{"station_id":"715","source_station_ids":["715"],"name":"40 St-Lowery St","route_ids":["7"],"is_transfer":false,"route_count":1,"marker_kind":"single","track_bearing":98.73,"ribbon_bearing":188.73,"bearing_confidence":"medium","bearing_source_route_ids":["7"],"nearest_line_distance_m":0,"source_coordinate":null}},{"type":"Feature","geometry":{"type":"Point","coordinates":[-73.930997,40.744587]},"properties":{"station_id":"716","source_station_ids":["716"],"name":"33 St-Rawson St","route_ids":["7"],"is_transfer":false,"route_count":1,"marker_kind":"single","track_bearing":98.66,"ribbon_bearing":188.66,"bearing_confidence":"medium","bearing_source_route_ids":["7"],"nearest_line_distance_m":0,"source_coordinate":null}},{"type":"Feature","geometry":{"type":"Point","coordinates":[-73.940202,40.75058200000001]},"properties":{"station_id":"718+R09","source_station_ids":["718","R09"],"name":"Queensboro Plaza","route_ids":["7","N","W"],"is_transfer":true,"route_count":3,"marker_kind":"transfer","track_bearing":119.91,"ribbon_bearing":209.91,"bearing_confidence":"high","bearing_source_route_ids":["7","N","W"],"nearest_line_distance_m":0,"source_coordinate":null}},{"type":"Feature","geometry":{"type":"Point","coordinates":[-73.945264,40.747023]},"properties":{"station_id":"719+G22","source_station_ids":["719","G22"],"name":"Court Sq","route_ids":["7","G"],"is_transfer":true,"route_count":2,"marker_kind":"transfer","track_bearing":38.04,"ribbon_bearing":128.04,"bearing_confidence":"low","bearing_source_route_ids":["7","G"],"nearest_line_distance_m":0,"source_coordinate":[-73.944548,40.7467885]}},{"type":"Feature","geometry":{"type":"Point","coordinates":[-73.948916,40.742216000000006]},"properties":{"station_id":"720","source_station_ids":["720"],"name":"Hunters Point Av","route_ids":["7"],"is_transfer":false,"route_count":1,"marker_kind":"single","track_bearing":72.66,"ribbon_bearing":162.66,"bearing_confidence":"medium","bearing_source_route_ids":["7"],"nearest_line_distance_m":0,"source_coordinate":null}},{"type":"Feature","geometry":{"type":"Point","coordinates":[-73.953581,40.742626]},"properties":{"station_id":"721","source_station_ids":["721"],"name":"Vernon Blvd-Jackson Av","route_ids":["7"],"is_transfer":false,"route_count":1,"marker_kind":"single","track_bearing":104.5,"ribbon_bearing":194.5,"bearing_confidence":"medium","bearing_source_route_ids":["7"],"nearest_line_distance_m":0,"source_coordinate":null}},{"type":"Feature","geometry":{"type":"Point","coordinates":[-73.981963,40.753821]},"properties":{"station_id":"724","source_station_ids":["724"],"name":"5 Av","route_ids":["7"],"is_transfer":false,"route_count":1,"marker_kind":"single","track_bearing":118.79,"ribbon_bearing":208.79,"bearing_confidence":"medium","bearing_source_route_ids":["7"],"nearest_line_distance_m":0,"source_coordinate":null}},{"type":"Feature","geometry":{"type":"Point","coordinates":[-74.00191,40.755882]},"properties":{"station_id":"726","source_station_ids":["726"],"name":"34 St-Hudson Yards","route_ids":["7"],"is_transfer":false,"route_count":1,"marker_kind":"single","track_bearing":28.94,"ribbon_bearing":118.94,"bearing_confidence":"medium","bearing_source_route_ids":["7"],"nearest_line_distance_m":0,"source_coordinate":null}},{"type":"Feature","geometry":{"type":"Point","coordinates":[-73.919899,40.868072]},"properties":{"station_id":"A02","source_station_ids":["A02"],"name":"Inwood-207 St","route_ids":["A"],"is_transfer":false,"route_count":1,"marker_kind":"single","track_bearing":70.58,"ribbon_bearing":160.58,"bearing_confidence":"medium","bearing_source_route_ids":["A"],"nearest_line_distance_m":0,"source_coordinate":null}},{"type":"Feature","geometry":{"type":"Point","coordinates":[-73.927271,40.865491]},"properties":{"station_id":"A03","source_station_ids":["A03"],"name":"Dyckman St","route_ids":["A"],"is_transfer":false,"route_count":1,"marker_kind":"single","track_bearing":60.46,"ribbon_bearing":150.46,"bearing_confidence":"medium","bearing_source_route_ids":["A"],"nearest_line_distance_m":0,"source_coordinate":null}},{"type":"Feature","geometry":{"type":"Point","coordinates":[-73.93418,40.859022]},"properties":{"station_id":"A05","source_station_ids":["A05"],"name":"190 St","route_ids":["A"],"is_transfer":false,"route_count":1,"marker_kind":"single","track_bearing":30.39,"ribbon_bearing":120.39,"bearing_confidence":"medium","bearing_source_route_ids":["A"],"nearest_line_distance_m":0,"source_coordinate":null}},{"type":"Feature","geometry":{"type":"Point","coordinates":[-73.937969,40.851695]},"properties":{"station_id":"A06","source_station_ids":["A06"],"name":"181 St","route_ids":["A"],"is_transfer":false,"route_count":1,"marker_kind":"single","track_bearing":13.47,"ribbon_bearing":103.47,"bearing_confidence":"medium","bearing_source_route_ids":["A"],"nearest_line_distance_m":0,"source_coordinate":null}},{"type":"Feature","geometry":{"type":"Point","coordinates":[-73.939704,40.847391]},"properties":{"station_id":"A07","source_station_ids":["A07"],"name":"175 St","route_ids":["A"],"is_transfer":false,"route_count":1,"marker_kind":"single","track_bearing":16.96,"ribbon_bearing":106.96,"bearing_confidence":"medium","bearing_source_route_ids":["A"],"nearest_line_distance_m":0,"source_coordinate":null}},{"type":"Feature","geometry":{"type":"Point","coordinates":[-73.939561,40.840719]},"properties":{"station_id":"A09","source_station_ids":["A09"],"name":"168 St","route_ids":["A","C"],"is_transfer":true,"route_count":2,"marker_kind":"transfer","track_bearing":11.26,"ribbon_bearing":101.26,"bearing_confidence":"high","bearing_source_route_ids":["A","C"],"nearest_line_distance_m":0,"source_coordinate":null}},{"type":"Feature","geometry":{"type":"Point","coordinates":[-73.939892,40.836013]},"properties":{"station_id":"A10","source_station_ids":["A10"],"name":"163 St-Amsterdam Av","route_ids":["A","C"],"is_transfer":true,"route_count":2,"marker_kind":"transfer","track_bearing":173.29,"ribbon_bearing":263.29,"bearing_confidence":"high","bearing_source_route_ids":["A","C"],"nearest_line_distance_m":0,"source_coordinate":null}},{"type":"Feature","geometry":{"type":"Point","coordinates":[-73.941514,40.830518]},"properties":{"station_id":"A11","source_station_ids":["A11"],"name":"155 St","route_ids":["A","C"],"is_transfer":true,"route_count":2,"marker_kind":"transfer","track_bearing":14.29,"ribbon_bearing":104.29,"bearing_confidence":"high","bearing_source_route_ids":["A","C"],"nearest_line_distance_m":0,"source_coordinate":null}},{"type":"Feature","geometry":{"type":"Point","coordinates":[-73.944216,40.824783]},"properties":{"station_id":"A12+D13","source_station_ids":["A12","D13"],"name":"145 St","route_ids":["A","C","B","D"],"is_transfer":true,"route_count":4,"marker_kind":"transfer","track_bearing":27.46,"ribbon_bearing":117.46,"bearing_confidence":"high","bearing_source_route_ids":["A","C","B","D"],"nearest_line_distance_m":0,"source_coordinate":null}},{"type":"Feature","geometry":{"type":"Point","coordinates":[-73.947649,40.817894]},"properties":{"station_id":"A14","source_station_ids":["A14"],"name":"135 St","route_ids":["A","C","B"],"is_transfer":true,"route_count":3,"marker_kind":"transfer","track_bearing":19.41,"ribbon_bearing":109.41,"bearing_confidence":"high","bearing_source_route_ids":["A","C","B"],"nearest_line_distance_m":0,"source_coordinate":null}},{"type":"Feature","geometry":{"type":"Point","coordinates":[-73.952343,40.811109]},"properties":{"station_id":"A15","source_station_ids":["A15"],"name":"125 St","route_ids":["A","C","B","D"],"is_transfer":true,"route_count":4,"marker_kind":"transfer","track_bearing":29.3,"ribbon_bearing":119.3,"bearing_confidence":"high","bearing_source_route_ids":["A","C","B","D"],"nearest_line_distance_m":0,"source_coordinate":null}},{"type":"Feature","geometry":{"type":"Point","coordinates":[-73.954882,40.805085]},"properties":{"station_id":"A16","source_station_ids":["A16"],"name":"116 St","route_ids":["A","C","B"],"is_transfer":true,"route_count":3,"marker_kind":"transfer","track_bearing":28.94,"ribbon_bearing":118.94,"bearing_confidence":"high","bearing_source_route_ids":["A","C","B"],"nearest_line_distance_m":0,"source_coordinate":null}},{"type":"Feature","geometry":{"type":"Point","coordinates":[-73.958161,40.800602999999995]},"properties":{"station_id":"A17","source_station_ids":["A17"],"name":"Cathedral Pkwy (110 St)","route_ids":["A","C","B"],"is_transfer":true,"route_count":3,"marker_kind":"transfer","track_bearing":28.98,"ribbon_bearing":118.98,"bearing_confidence":"high","bearing_source_route_ids":["A","C","B"],"nearest_line_distance_m":0,"source_coordinate":null}},{"type":"Feature","geometry":{"type":"Point","coordinates":[-73.961454,40.796091999999994]},"properties":{"station_id":"A18","source_station_ids":["A18"],"name":"103 St","route_ids":["A","C","B"],"is_transfer":true,"route_count":3,"marker_kind":"transfer","track_bearing":28.93,"ribbon_bearing":118.93,"bearing_confidence":"high","bearing_source_route_ids":["A","C","B"],"nearest_line_distance_m":0,"source_coordinate":null}},{"type":"Feature","geometry":{"type":"Point","coordinates":[-73.964696,40.791641999999996]},"properties":{"station_id":"A19","source_station_ids":["A19"],"name":"96 St","route_ids":["A","C","B"],"is_transfer":true,"route_count":3,"marker_kind":"transfer","track_bearing":28.88,"ribbon_bearing":118.88,"bearing_confidence":"high","bearing_source_route_ids":["A","C","B"],"nearest_line_distance_m":0,"source_coordinate":null}},{"type":"Feature","geometry":{"type":"Point","coordinates":[-73.968916,40.785868]},"properties":{"station_id":"A20","source_station_ids":["A20"],"name":"86 St","route_ids":["A","C","B"],"is_transfer":true,"route_count":3,"marker_kind":"transfer","track_bearing":28.96,"ribbon_bearing":118.96,"bearing_confidence":"high","bearing_source_route_ids":["A","C","B"],"nearest_line_distance_m":0,"source_coordinate":null}},{"type":"Feature","geometry":{"type":"Point","coordinates":[-73.972143,40.781433]},"properties":{"station_id":"A21","source_station_ids":["A21"],"name":"81 St-Museum of Natural History","route_ids":["A","C","B"],"is_transfer":true,"route_count":3,"marker_kind":"transfer","track_bearing":28.85,"ribbon_bearing":118.85,"bearing_confidence":"high","bearing_source_route_ids":["A","C","B"],"nearest_line_distance_m":0,"source_coordinate":null}},{"type":"Feature","geometry":{"type":"Point","coordinates":[-73.97641,40.775594]},"properties":{"station_id":"A22","source_station_ids":["A22"],"name":"72 St","route_ids":["A","C","B"],"is_transfer":true,"route_count":3,"marker_kind":"transfer","track_bearing":28.96,"ribbon_bearing":118.96,"bearing_confidence":"high","bearing_source_route_ids":["A","C","B"],"nearest_line_distance_m":0,"source_coordinate":null}},{"type":"Feature","geometry":{"type":"Point","coordinates":[-73.989735,40.757308]},"properties":{"station_id":"A27","source_station_ids":["A27"],"name":"42 St-Port Authority Bus Terminal","route_ids":["A","C","E"],"is_transfer":true,"route_count":3,"marker_kind":"transfer","track_bearing":28.89,"ribbon_bearing":118.89,"bearing_confidence":"high","bearing_source_route_ids":["A","C","E"],"nearest_line_distance_m":0,"source_coordinate":null}},{"type":"Feature","geometry":{"type":"Point","coordinates":[-73.993391,40.752287]},"properties":{"station_id":"A28","source_station_ids":["A28"],"name":"34 St-Penn Station","route_ids":["A","C","E"],"is_transfer":true,"route_count":3,"marker_kind":"transfer","track_bearing":28.88,"ribbon_bearing":118.88,"bearing_confidence":"high","bearing_source_route_ids":["A","C","E"],"nearest_line_distance_m":0,"source_coordinate":null}},{"type":"Feature","geometry":{"type":"Point","coordinates":[-73.998041,40.745906]},"properties":{"station_id":"A30","source_station_ids":["A30"],"name":"23 St","route_ids":["A","C","E"],"is_transfer":true,"route_count":3,"marker_kind":"transfer","track_bearing":28.9,"ribbon_bearing":118.9,"bearing_confidence":"high","bearing_source_route_ids":["A","C","E"],"nearest_line_distance_m":0,"source_coordinate":null}},{"type":"Feature","geometry":{"type":"Point","coordinates":[-74.00169,40.740893]},"properties":{"station_id":"A31","source_station_ids":["A31"],"name":"14 St","route_ids":["A","C","E"],"is_transfer":true,"route_count":3,"marker_kind":"transfer","track_bearing":28.88,"ribbon_bearing":118.88,"bearing_confidence":"high","bearing_source_route_ids":["A","C","E"],"nearest_line_distance_m":0,"source_coordinate":null}},{"type":"Feature","geometry":{"type":"Point","coordinates":[-74.000495,40.732338]},"properties":{"station_id":"A32+D20","source_station_ids":["A32","D20"],"name":"W 4 St-Wash Sq","route_ids":["A","C","E","B","D","F","M"],"is_transfer":true,"route_count":7,"marker_kind":"transfer","track_bearing":29.61,"ribbon_bearing":119.61,"bearing_confidence":"high","bearing_source_route_ids":["A","C","E","B","D","F","M"],"nearest_line_distance_m":0,"source_coordinate":null}},{"type":"Feature","geometry":{"type":"Point","coordinates":[-74.003739,40.726227]},"properties":{"station_id":"A33","source_station_ids":["A33"],"name":"Spring St","route_ids":["A","C","E"],"is_transfer":true,"route_count":3,"marker_kind":"transfer","track_bearing":18.15,"ribbon_bearing":108.15,"bearing_confidence":"high","bearing_source_route_ids":["A","C","E"],"nearest_line_distance_m":0,"source_coordinate":null}},{"type":"Feature","geometry":{"type":"Point","coordinates":[-73.990531,40.699337]},"properties":{"station_id":"A40","source_station_ids":["A40"],"name":"High St","route_ids":["A","C"],"is_transfer":true,"route_count":2,"marker_kind":"transfer","track_bearing":93.02,"ribbon_bearing":183.02,"bearing_confidence":"high","bearing_source_route_ids":["A","C"],"nearest_line_distance_m":0,"source_coordinate":null}},{"type":"Feature","geometry":{"type":"Point","coordinates":[-73.987342,40.692338]},"properties":{"station_id":"A41+R29","source_station_ids":["A41","R29"],"name":"Jay St-MetroTech","route_ids":["A","C","F","N","R","W"],"is_transfer":true,"route_count":6,"marker_kind":"transfer","track_bearing":133.73,"ribbon_bearing":223.73,"bearing_confidence":"low","bearing_source_route_ids":["A","C","F","N","R","W"],"nearest_line_distance_m":0,"source_coordinate":[-73.98664199999999,40.692259]}},{"type":"Feature","geometry":{"type":"Point","coordinates":[-73.985001,40.688484]},"properties":{"station_id":"A42","source_station_ids":["A42"],"name":"Hoyt-Schermerhorn Sts","route_ids":["A","C","G"],"is_transfer":true,"route_count":3,"marker_kind":"transfer","track_bearing":117.22,"ribbon_bearing":207.22,"bearing_confidence":"high","bearing_source_route_ids":["A","C","G"],"nearest_line_distance_m":0,"source_coordinate":null}},{"type":"Feature","geometry":{"type":"Point","coordinates":[-73.973946,40.686113]},"properties":{"station_id":"A43","source_station_ids":["A43"],"name":"Lafayette Av","route_ids":["A","C"],"is_transfer":true,"route_count":2,"marker_kind":"transfer","track_bearing":118.21,"ribbon_bearing":208.21,"bearing_confidence":"high","bearing_source_route_ids":["A","C"],"nearest_line_distance_m":0,"source_coordinate":null}},{"type":"Feature","geometry":{"type":"Point","coordinates":[-73.965838,40.683263]},"properties":{"station_id":"A44","source_station_ids":["A44"],"name":"Clinton-Washington Avs","route_ids":["A","C"],"is_transfer":true,"route_count":2,"marker_kind":"transfer","track_bearing":105.38,"ribbon_bearing":195.38,"bearing_confidence":"high","bearing_source_route_ids":["A","C"],"nearest_line_distance_m":0,"source_coordinate":null}},{"type":"Feature","geometry":{"type":"Point","coordinates":[-73.956848,40.68138]},"properties":{"station_id":"A45+S01","source_station_ids":["A45","S01"],"name":"Franklin Av","route_ids":["A","C"],"is_transfer":true,"route_count":2,"marker_kind":"transfer","track_bearing":116.77,"ribbon_bearing":206.77,"bearing_confidence":"low","bearing_source_route_ids":["A","C","S"],"nearest_line_distance_m":0,"source_coordinate":[-73.95633749999999,40.680988]}},{"type":"Feature","geometry":{"type":"Point","coordinates":[-73.950426,40.680438]},"properties":{"station_id":"A46","source_station_ids":["A46"],"name":"Nostrand Av","route_ids":["A","C"],"is_transfer":true,"route_count":2,"marker_kind":"transfer","track_bearing":94.14,"ribbon_bearing":184.14,"bearing_confidence":"high","bearing_source_route_ids":["A","C"],"nearest_line_distance_m":0,"source_coordinate":null}},{"type":"Feature","geometry":{"type":"Point","coordinates":[-73.940858,40.67992099999999]},"properties":{"station_id":"A47","source_station_ids":["A47"],"name":"Kingston-Throop Avs","route_ids":["A","C"],"is_transfer":true,"route_count":2,"marker_kind":"transfer","track_bearing":94.08,"ribbon_bearing":184.08,"bearing_confidence":"high","bearing_source_route_ids":["A","C"],"nearest_line_distance_m":0,"source_coordinate":null}},{"type":"Feature","geometry":{"type":"Point","coordinates":[-73.930729,40.679364]},"properties":{"station_id":"A48","source_station_ids":["A48"],"name":"Utica Av","route_ids":["A","C"],"is_transfer":true,"route_count":2,"marker_kind":"transfer","track_bearing":94.15,"ribbon_bearing":184.15,"bearing_confidence":"high","bearing_source_route_ids":["A","C"],"nearest_line_distance_m":0,"source_coordinate":null}},{"type":"Feature","geometry":{"type":"Point","coordinates":[-73.920786,40.67882199999999]},"properties":{"station_id":"A49","source_station_ids":["A49"],"name":"Ralph Av","route_ids":["A","C"],"is_transfer":true,"route_count":2,"marker_kind":"transfer","track_bearing":94.11,"ribbon_bearing":184.11,"bearing_confidence":"high","bearing_source_route_ids":["A","C"],"nearest_line_distance_m":0,"source_coordinate":null}},{"type":"Feature","geometry":{"type":"Point","coordinates":[-73.911946,40.67834]},"properties":{"station_id":"A50","source_station_ids":["A50"],"name":"Rockaway Av","route_ids":["A","C"],"is_transfer":true,"route_count":2,"marker_kind":"transfer","track_bearing":94.11,"ribbon_bearing":184.11,"bearing_confidence":"high","bearing_source_route_ids":["A","C"],"nearest_line_distance_m":0,"source_coordinate":null}},{"type":"Feature","geometry":{"type":"Point","coordinates":[-73.905316,40.678334]},"properties":{"station_id":"A51+J27+L22","source_station_ids":["A51","J27","L22"],"name":"Broadway Junction","route_ids":["A","C","J","Z"],"is_transfer":true,"route_count":4,"marker_kind":"transfer","track_bearing":116.93,"ribbon_bearing":206.93,"bearing_confidence":"low","bearing_source_route_ids":["A","C","J","Z","L"],"nearest_line_distance_m":0,"source_coordinate":[-73.90435599999999,40.678896]}},{"type":"Feature","geometry":{"type":"Point","coordinates":[-73.896548,40.674542]},"properties":{"station_id":"A52","source_station_ids":["A52"],"name":"Liberty Av","route_ids":["A","C"],"is_transfer":true,"route_count":2,"marker_kind":"transfer","track_bearing":169.02,"ribbon_bearing":259.02,"bearing_confidence":"high","bearing_source_route_ids":["A","C"],"nearest_line_distance_m":0,"source_coordinate":null}},{"type":"Feature","geometry":{"type":"Point","coordinates":[-73.890358,40.67271]},"properties":{"station_id":"A53","source_station_ids":["A53"],"name":"Van Siclen Av","route_ids":["A","C"],"is_transfer":true,"route_count":2,"marker_kind":"transfer","track_bearing":78.96,"ribbon_bearing":168.96,"bearing_confidence":"high","bearing_source_route_ids":["A","C"],"nearest_line_distance_m":0,"source_coordinate":null}},{"type":"Feature","geometry":{"type":"Point","coordinates":[-73.88075,40.67413]},"properties":{"station_id":"A54","source_station_ids":["A54"],"name":"Shepherd Av","route_ids":["A","C"],"is_transfer":true,"route_count":2,"marker_kind":"transfer","track_bearing":78.97,"ribbon_bearing":168.97,"bearing_confidence":"high","bearing_source_route_ids":["A","C"],"nearest_line_distance_m":0,"source_coordinate":null}},{"type":"Feature","geometry":{"type":"Point","coordinates":[-73.872106,40.675377]},"properties":{"station_id":"A55","source_station_ids":["A55"],"name":"Euclid Av","route_ids":["A","C"],"is_transfer":true,"route_count":2,"marker_kind":"transfer","track_bearing":79.23,"ribbon_bearing":169.23,"bearing_confidence":"high","bearing_source_route_ids":["A","C"],"nearest_line_distance_m":0,"source_coordinate":null}},{"type":"Feature","geometry":{"type":"Point","coordinates":[-73.86505,40.677044]},"properties":{"station_id":"A57","source_station_ids":["A57"],"name":"Grant Av","route_ids":["A"],"is_transfer":false,"route_count":1,"marker_kind":"single","track_bearing":47.2,"ribbon_bearing":137.2,"bearing_confidence":"medium","bearing_source_route_ids":["A"],"nearest_line_distance_m":0,"source_coordinate":null}},{"type":"Feature","geometry":{"type":"Point","coordinates":[-73.858992,40.679371]},"properties":{"station_id":"A59","source_station_ids":["A59"],"name":"80 St","route_ids":["A"],"is_transfer":false,"route_count":1,"marker_kind":"single","track_bearing":85.31,"ribbon_bearing":175.31,"bearing_confidence":"medium","bearing_source_route_ids":["A"],"nearest_line_distance_m":0,"source_coordinate":null}},{"type":"Feature","geometry":{"type":"Point","coordinates":[-73.85147,40.679843]},"properties":{"station_id":"A60","source_station_ids":["A60"],"name":"88 St","route_ids":["A"],"is_transfer":false,"route_count":1,"marker_kind":"single","track_bearing":85.27,"ribbon_bearing":175.27,"bearing_confidence":"medium","bearing_source_route_ids":["A"],"nearest_line_distance_m":0,"source_coordinate":null}},{"type":"Feature","geometry":{"type":"Point","coordinates":[-73.843853,40.680429]},"properties":{"station_id":"A61","source_station_ids":["A61"],"name":"Rockaway Blvd","route_ids":["A"],"is_transfer":false,"route_count":1,"marker_kind":"single","track_bearing":75.65,"ribbon_bearing":165.65,"bearing_confidence":"medium","bearing_source_route_ids":["A"],"nearest_line_distance_m":0,"source_coordinate":null}},{"type":"Feature","geometry":{"type":"Point","coordinates":[-73.942836,40.754203]},"properties":{"station_id":"B04","source_station_ids":["B04"],"name":"21 St-Queensbridge","route_ids":["F","M"],"is_transfer":true,"route_count":2,"marker_kind":"transfer","track_bearing":124.25,"ribbon_bearing":214.25,"bearing_confidence":"high","bearing_source_route_ids":["F","M"],"nearest_line_distance_m":0,"source_coordinate":null}},{"type":"Feature","geometry":{"type":"Point","coordinates":[-73.95326,40.759145]},"properties":{"station_id":"B06","source_station_ids":["B06"],"name":"Roosevelt Island","route_ids":["F","M"],"is_transfer":true,"route_count":2,"marker_kind":"transfer","track_bearing":120.28,"ribbon_bearing":210.28,"bearing_confidence":"high","bearing_source_route_ids":["F","M"],"nearest_line_distance_m":0,"source_coordinate":null}},{"type":"Feature","geometry":{"type":"Point","coordinates":[-73.966113,40.764629]},"properties":{"station_id":"B08","source_station_ids":["B08"],"name":"Lexington Av/63 St","route_ids":["F","M","Q"],"is_transfer":true,"route_count":3,"marker_kind":"transfer","track_bearing":119.1,"ribbon_bearing":209.1,"bearing_confidence":"high","bearing_source_route_ids":["F","M","N","Q","R"],"nearest_line_distance_m":0,"source_coordinate":null}},{"type":"Feature","geometry":{"type":"Point","coordinates":[-73.97745,40.763972]},"properties":{"station_id":"B10","source_station_ids":["B10"],"name":"57 St","route_ids":["F","M"],"is_transfer":true,"route_count":2,"marker_kind":"transfer","track_bearing":28.92,"ribbon_bearing":118.92,"bearing_confidence":"high","bearing_source_route_ids":["F","M"],"nearest_line_distance_m":0,"source_coordinate":null}},{"type":"Feature","geometry":{"type":"Point","coordinates":[-73.994324,40.646292]},"properties":{"station_id":"B12","source_station_ids":["B12"],"name":"9 Av","route_ids":["D","R"],"is_transfer":true,"route_count":2,"marker_kind":"transfer","track_bearing":128.68,"ribbon_bearing":218.68,"bearing_confidence":"high","bearing_source_route_ids":["D","R","W"],"nearest_line_distance_m":0,"source_coordinate":null}},{"type":"Feature","geometry":{"type":"Point","coordinates":[-73.994304,40.640914]},"properties":{"station_id":"B13","source_station_ids":["B13"],"name":"Fort Hamilton Pkwy","route_ids":["D"],"is_transfer":false,"route_count":1,"marker_kind":"single","track_bearing":0.78,"ribbon_bearing":90.78,"bearing_confidence":"medium","bearing_source_route_ids":["D"],"nearest_line_distance_m":0,"source_coordinate":null}},{"type":"Feature","geometry":{"type":"Point","coordinates":[-73.994791,40.63626]},"properties":{"station_id":"B14","source_station_ids":["B14"],"name":"50 St","route_ids":["D"],"is_transfer":false,"route_count":1,"marker_kind":"single","track_bearing":5.56,"ribbon_bearing":95.56,"bearing_confidence":"medium","bearing_source_route_ids":["D"],"nearest_line_distance_m":0,"source_coordinate":null}},{"type":"Feature","geometry":{"type":"Point","coordinates":[-73.995476,40.631435]},"properties":{"station_id":"B15","source_station_ids":["B15"],"name":"55 St","route_ids":["D"],"is_transfer":false,"route_count":1,"marker_kind":"single","track_bearing":11.49,"ribbon_bearing":101.49,"bearing_confidence":"medium","bearing_source_route_ids":["D"],"nearest_line_distance_m":0,"source_coordinate":null}},{"type":"Feature","geometry":{"type":"Point","coordinates":[-73.996895,40.626472]},"properties":{"station_id":"B16","source_station_ids":["B16"],"name":"62 St","route_ids":["D","R","W"],"is_transfer":true,"route_count":3,"marker_kind":"transfer","track_bearing":12.24,"ribbon_bearing":102.24,"bearing_confidence":"high","bearing_source_route_ids":["D","R","W"],"nearest_line_distance_m":0,"source_coordinate":null}},{"type":"Feature","geometry":{"type":"Point","coordinates":[-73.998864,40.619589]},"properties":{"station_id":"B17","source_station_ids":["B17"],"name":"71 St","route_ids":["D"],"is_transfer":false,"route_count":1,"marker_kind":"single","track_bearing":12.25,"ribbon_bearing":102.25,"bearing_confidence":"medium","bearing_source_route_ids":["D"],"nearest_line_distance_m":0,"source_coordinate":null}},{"type":"Feature","geometry":{"type":"Point","coordinates":[-74.00061,40.61350099999999]},"properties":{"station_id":"B18","source_station_ids":["B18"],"name":"79 St","route_ids":["D"],"is_transfer":false,"route_count":1,"marker_kind":"single","track_bearing":12.28,"ribbon_bearing":102.28,"bearing_confidence":"medium","bearing_source_route_ids":["D"],"nearest_line_distance_m":0,"source_coordinate":null}},{"type":"Feature","geometry":{"type":"Point","coordinates":[-74.001736,40.607954]},"properties":{"station_id":"B19","source_station_ids":["B19"],"name":"18 Av","route_ids":["D"],"is_transfer":false,"route_count":1,"marker_kind":"single","track_bearing":175.02,"ribbon_bearing":265.02,"bearing_confidence":"medium","bearing_source_route_ids":["D"],"nearest_line_distance_m":0,"source_coordinate":null}},{"type":"Feature","geometry":{"type":"Point","coordinates":[-73.998168,40.604556]},"properties":{"station_id":"B20","source_station_ids":["B20"],"name":"20 Av","route_ids":["D"],"is_transfer":false,"route_count":1,"marker_kind":"single","track_bearing":128.51,"ribbon_bearing":218.51,"bearing_confidence":"medium","bearing_source_route_ids":["D"],"nearest_line_distance_m":0,"source_coordinate":null}},{"type":"Feature","geometry":{"type":"Point","coordinates":[-73.993728,40.601875]},"properties":{"station_id":"B21","source_station_ids":["B21"],"name":"Bay Pkwy","route_ids":["D","R"],"is_transfer":true,"route_count":2,"marker_kind":"transfer","track_bearing":128.5,"ribbon_bearing":218.5,"bearing_confidence":"high","bearing_source_route_ids":["D","R","W"],"nearest_line_distance_m":0,"source_coordinate":null}},{"type":"Feature","geometry":{"type":"Point","coordinates":[-73.986829,40.597704]},"properties":{"station_id":"B22","source_station_ids":["B22"],"name":"25 Av","route_ids":["D"],"is_transfer":false,"route_count":1,"marker_kind":"single","track_bearing":128.53,"ribbon_bearing":218.53,"bearing_confidence":"medium","bearing_source_route_ids":["D"],"nearest_line_distance_m":0,"source_coordinate":null}},{"type":"Feature","geometry":{"type":"Point","coordinates":[-73.983765,40.588841]},"properties":{"station_id":"B23","source_station_ids":["B23"],"name":"Bay 50 St","route_ids":["D"],"is_transfer":false,"route_count":1,"marker_kind":"single","track_bearing":171.78,"ribbon_bearing":261.78,"bearing_confidence":"medium","bearing_source_route_ids":["D"],"nearest_line_distance_m":0,"source_coordinate":null}},{"type":"Feature","geometry":{"type":"Point","coordinates":[-73.878855,40.874811]},"properties":{"station_id":"D01","source_station_ids":["D01"],"name":"Norwood-205 St","route_ids":["D"],"is_transfer":false,"route_count":1,"marker_kind":"single","track_bearing":120.89,"ribbon_bearing":210.89,"bearing_confidence":"medium","bearing_source_route_ids":["D"],"nearest_line_distance_m":0,"source_coordinate":null}},{"type":"Feature","geometry":{"type":"Point","coordinates":[-73.887138,40.87324399999999]},"properties":{"station_id":"D03","source_station_ids":["D03"],"name":"Bedford Park Blvd","route_ids":["B","D"],"is_transfer":true,"route_count":2,"marker_kind":"transfer","track_bearing":30.31,"ribbon_bearing":120.31,"bearing_confidence":"high","bearing_source_route_ids":["B","D"],"nearest_line_distance_m":0,"source_coordinate":null}},{"type":"Feature","geometry":{"type":"Point","coordinates":[-73.893509,40.866978]},"properties":{"station_id":"D04","source_station_ids":["D04"],"name":"Kingsbridge Rd","route_ids":["B","D"],"is_transfer":true,"route_count":2,"marker_kind":"transfer","track_bearing":30.1,"ribbon_bearing":120.1,"bearing_confidence":"high","bearing_source_route_ids":["B","D"],"nearest_line_distance_m":0,"source_coordinate":null}},{"type":"Feature","geometry":{"type":"Point","coordinates":[-73.897749,40.861296]},"properties":{"station_id":"D05","source_station_ids":["D05"],"name":"Fordham Rd","route_ids":["B","D"],"is_transfer":true,"route_count":2,"marker_kind":"transfer","track_bearing":21.85,"ribbon_bearing":111.85,"bearing_confidence":"high","bearing_source_route_ids":["B","D"],"nearest_line_distance_m":0,"source_coordinate":null}},{"type":"Feature","geometry":{"type":"Point","coordinates":[-73.900741,40.856093]},"properties":{"station_id":"D06","source_station_ids":["D06"],"name":"182-183 Sts","route_ids":["B","D"],"is_transfer":true,"route_count":2,"marker_kind":"transfer","track_bearing":24.28,"ribbon_bearing":114.28,"bearing_confidence":"high","bearing_source_route_ids":["B","D"],"nearest_line_distance_m":0,"source_coordinate":null}},{"type":"Feature","geometry":{"type":"Point","coordinates":[-73.905227,40.85041]},"properties":{"station_id":"D07","source_station_ids":["D07"],"name":"Tremont Av","route_ids":["B","D"],"is_transfer":true,"route_count":2,"marker_kind":"transfer","track_bearing":31.36,"ribbon_bearing":121.36,"bearing_confidence":"high","bearing_source_route_ids":["B","D"],"nearest_line_distance_m":0,"source_coordinate":null}},{"type":"Feature","geometry":{"type":"Point","coordinates":[-73.910136,40.84590000000001]},"properties":{"station_id":"D08","source_station_ids":["D08"],"name":"174-175 Sts","route_ids":["B","D"],"is_transfer":true,"route_count":2,"marker_kind":"transfer","track_bearing":47.18,"ribbon_bearing":137.18,"bearing_confidence":"high","bearing_source_route_ids":["B","D"],"nearest_line_distance_m":0,"source_coordinate":null}},{"type":"Feature","geometry":{"type":"Point","coordinates":[-73.9134,40.839306]},"properties":{"station_id":"D09","source_station_ids":["D09"],"name":"170 St","route_ids":["B","D"],"is_transfer":true,"route_count":2,"marker_kind":"transfer","track_bearing":24.19,"ribbon_bearing":114.19,"bearing_confidence":"high","bearing_source_route_ids":["B","D"],"nearest_line_distance_m":0,"source_coordinate":null}},{"type":"Feature","geometry":{"type":"Point","coordinates":[-73.91844,40.833771]},"properties":{"station_id":"D10","source_station_ids":["D10"],"name":"167 St","route_ids":["B","D"],"is_transfer":true,"route_count":2,"marker_kind":"transfer","track_bearing":36.52,"ribbon_bearing":126.52,"bearing_confidence":"high","bearing_source_route_ids":["B","D"],"nearest_line_distance_m":0,"source_coordinate":null}},{"type":"Feature","geometry":{"type":"Point","coordinates":[-73.938209,40.830135]},"properties":{"station_id":"D12","source_station_ids":["D12"],"name":"155 St","route_ids":["B","D"],"is_transfer":true,"route_count":2,"marker_kind":"transfer","track_bearing":92.05,"ribbon_bearing":182.05,"bearing_confidence":"high","bearing_source_route_ids":["B","D"],"nearest_line_distance_m":0,"source_coordinate":null}},{"type":"Feature","geometry":{"type":"Point","coordinates":[-73.981637,40.762862]},"properties":{"station_id":"D14","source_station_ids":["D14"],"name":"7 Av","route_ids":["E","B","D"],"is_transfer":true,"route_count":3,"marker_kind":"transfer","track_bearing":120.63,"ribbon_bearing":210.63,"bearing_confidence":"high","bearing_source_route_ids":["E","B","D"],"nearest_line_distance_m":0,"source_coordinate":null}},{"type":"Feature","geometry":{"type":"Point","coordinates":[-73.981329,40.758663]},"properties":{"station_id":"D15","source_station_ids":["D15"],"name":"47-50 Sts-Rockefeller Ctr","route_ids":["B","D","F","M"],"is_transfer":true,"route_count":4,"marker_kind":"transfer","track_bearing":28.94,"ribbon_bearing":118.94,"bearing_confidence":"high","bearing_source_route_ids":["B","D","F","M"],"nearest_line_distance_m":0,"source_coordinate":null}},{"type":"Feature","geometry":{"type":"Point","coordinates":[-73.984569,40.754222]},"properties":{"station_id":"D16","source_station_ids":["D16"],"name":"42 St-Bryant Pk","route_ids":["B","D","F","M"],"is_transfer":true,"route_count":4,"marker_kind":"transfer","track_bearing":28.93,"ribbon_bearing":118.93,"bearing_confidence":"high","bearing_source_route_ids":["B","D","F","M"],"nearest_line_distance_m":0,"source_coordinate":null}},{"type":"Feature","geometry":{"type":"Point","coordinates":[-73.987823,40.749719]},"properties":{"station_id":"D17+R17","source_station_ids":["D17","R17"],"name":"34 St-Herald Sq","route_ids":["B","D","F","M","N","Q","R","W"],"is_transfer":true,"route_count":8,"marker_kind":"transfer","track_bearing":18,"ribbon_bearing":108,"bearing_confidence":"medium","bearing_source_route_ids":["B","D","F","M","N","Q","R","W"],"nearest_line_distance_m":0,"source_coordinate":[-73.9878865,40.749643]}},{"type":"Feature","geometry":{"type":"Point","coordinates":[-73.992821,40.742878000000005]},"properties":{"station_id":"D18","source_station_ids":["D18"],"name":"23 St","route_ids":["F","M"],"is_transfer":true,"route_count":2,"marker_kind":"transfer","track_bearing":28.96,"ribbon_bearing":118.96,"bearing_confidence":"high","bearing_source_route_ids":["F","M"],"nearest_line_distance_m":0,"source_coordinate":null}},{"type":"Feature","geometry":{"type":"Point","coordinates":[-73.996209,40.738228]},"properties":{"station_id":"D19","source_station_ids":["D19"],"name":"14 St","route_ids":["F","M"],"is_transfer":true,"route_count":2,"marker_kind":"transfer","track_bearing":28.9,"ribbon_bearing":118.9,"bearing_confidence":"high","bearing_source_route_ids":["F","M"],"nearest_line_distance_m":0,"source_coordinate":null}},{"type":"Feature","geometry":{"type":"Point","coordinates":[-73.996204,40.72529699999999]},"properties":{"station_id":"D21","source_station_ids":["D21"],"name":"Broadway-Lafayette St","route_ids":["B","D","F","M"],"is_transfer":true,"route_count":4,"marker_kind":"transfer","track_bearing":112.92,"ribbon_bearing":202.92,"bearing_confidence":"high","bearing_source_route_ids":["B","D","F","M"],"nearest_line_distance_m":0,"source_coordinate":null}},{"type":"Feature","geometry":{"type":"Point","coordinates":[-73.993753,40.718267]},"properties":{"station_id":"D22","source_station_ids":["D22"],"name":"Grand St","route_ids":["B","D"],"is_transfer":true,"route_count":2,"marker_kind":"transfer","track_bearing":21.13,"ribbon_bearing":111.13,"bearing_confidence":"high","bearing_source_route_ids":["B","D"],"nearest_line_distance_m":0,"source_coordinate":null}},{"type":"Feature","geometry":{"type":"Point","coordinates":[-73.972367,40.67705]},"properties":{"station_id":"D25","source_station_ids":["D25"],"name":"7 Av","route_ids":["B","Q"],"is_transfer":true,"route_count":2,"marker_kind":"transfer","track_bearing":151.19,"ribbon_bearing":241.19,"bearing_confidence":"high","bearing_source_route_ids":["B","Q"],"nearest_line_distance_m":0,"source_coordinate":null}},{"type":"Feature","geometry":{"type":"Point","coordinates":[-73.962246,40.661614]},"properties":{"station_id":"D26","source_station_ids":["D26"],"name":"Prospect Park","route_ids":["B","Q"],"is_transfer":true,"route_count":2,"marker_kind":"transfer","track_bearing":173.93,"ribbon_bearing":263.93,"bearing_confidence":"high","bearing_source_route_ids":["B","Q","S"],"nearest_line_distance_m":0,"source_coordinate":null}},{"type":"Feature","geometry":{"type":"Point","coordinates":[-73.961495,40.655292]},"properties":{"station_id":"D27","source_station_ids":["D27"],"name":"Parkside Av","route_ids":["Q"],"is_transfer":false,"route_count":1,"marker_kind":"single","track_bearing":10.19,"ribbon_bearing":100.19,"bearing_confidence":"medium","bearing_source_route_ids":["Q"],"nearest_line_distance_m":0,"source_coordinate":null}},{"type":"Feature","geometry":{"type":"Point","coordinates":[-73.962982,40.650527]},"properties":{"station_id":"D28","source_station_ids":["D28"],"name":"Church Av","route_ids":["B","Q"],"is_transfer":true,"route_count":2,"marker_kind":"transfer","track_bearing":12.77,"ribbon_bearing":102.77,"bearing_confidence":"high","bearing_source_route_ids":["B","Q"],"nearest_line_distance_m":0,"source_coordinate":null}},{"type":"Feature","geometry":{"type":"Point","coordinates":[-73.964492,40.644031]},"properties":{"station_id":"D29","source_station_ids":["D29"],"name":"Beverley Rd","route_ids":["Q"],"is_transfer":false,"route_count":1,"marker_kind":"single","track_bearing":173.13,"ribbon_bearing":263.13,"bearing_confidence":"medium","bearing_source_route_ids":["Q"],"nearest_line_distance_m":0,"source_coordinate":null}},{"type":"Feature","geometry":{"type":"Point","coordinates":[-73.963891,40.640927]},"properties":{"station_id":"D30","source_station_ids":["D30"],"name":"Cortelyou Rd","route_ids":["Q"],"is_transfer":false,"route_count":1,"marker_kind":"single","track_bearing":171.64,"ribbon_bearing":261.64,"bearing_confidence":"medium","bearing_source_route_ids":["Q"],"nearest_line_distance_m":0,"source_coordinate":null}},{"type":"Feature","geometry":{"type":"Point","coordinates":[-73.962793,40.635082]},"properties":{"station_id":"D31","source_station_ids":["D31"],"name":"Newkirk Plaza","route_ids":["B","Q"],"is_transfer":true,"route_count":2,"marker_kind":"transfer","track_bearing":171.89,"ribbon_bearing":261.89,"bearing_confidence":"high","bearing_source_route_ids":["B","Q"],"nearest_line_distance_m":0,"source_coordinate":null}},{"type":"Feature","geometry":{"type":"Point","coordinates":[-73.961639,40.62927]},"properties":{"station_id":"D32","source_station_ids":["D32"],"name":"Avenue H","route_ids":["Q"],"is_transfer":false,"route_count":1,"marker_kind":"single","track_bearing":169.32,"ribbon_bearing":259.32,"bearing_confidence":"medium","bearing_source_route_ids":["Q"],"nearest_line_distance_m":0,"source_coordinate":null}},{"type":"Feature","geometry":{"type":"Point","coordinates":[-73.960803,40.625039]},"properties":{"station_id":"D33","source_station_ids":["D33"],"name":"Avenue J","route_ids":["Q"],"is_transfer":false,"route_count":1,"marker_kind":"single","track_bearing":171.81,"ribbon_bearing":261.81,"bearing_confidence":"medium","bearing_source_route_ids":["Q"],"nearest_line_distance_m":0,"source_coordinate":null}},{"type":"Feature","geometry":{"type":"Point","coordinates":[-73.959399,40.61761799999999]},"properties":{"station_id":"D34","source_station_ids":["D34"],"name":"Avenue M","route_ids":["Q"],"is_transfer":false,"route_count":1,"marker_kind":"single","track_bearing":171.83,"ribbon_bearing":261.83,"bearing_confidence":"medium","bearing_source_route_ids":["Q"],"nearest_line_distance_m":0,"source_coordinate":null}},{"type":"Feature","geometry":{"type":"Point","coordinates":[-73.957734,40.60867]},"properties":{"station_id":"D35","source_station_ids":["D35"],"name":"Kings Hwy","route_ids":["B","Q"],"is_transfer":true,"route_count":2,"marker_kind":"transfer","track_bearing":171.82,"ribbon_bearing":261.82,"bearing_confidence":"high","bearing_source_route_ids":["B","Q"],"nearest_line_distance_m":0,"source_coordinate":null}},{"type":"Feature","geometry":{"type":"Point","coordinates":[-73.955929,40.59930000000001]},"properties":{"station_id":"D37","source_station_ids":["D37"],"name":"Avenue U","route_ids":["Q"],"is_transfer":false,"route_count":1,"marker_kind":"single","track_bearing":171.8,"ribbon_bearing":261.8,"bearing_confidence":"medium","bearing_source_route_ids":["Q"],"nearest_line_distance_m":0,"source_coordinate":null}},{"type":"Feature","geometry":{"type":"Point","coordinates":[-73.955161,40.595245999999996]},"properties":{"station_id":"D38","source_station_ids":["D38"],"name":"Neck Rd","route_ids":["Q"],"is_transfer":false,"route_count":1,"marker_kind":"single","track_bearing":171.81,"ribbon_bearing":261.81,"bearing_confidence":"medium","bearing_source_route_ids":["Q"],"nearest_line_distance_m":0,"source_coordinate":null}},{"type":"Feature","geometry":{"type":"Point","coordinates":[-73.954155,40.586896]},"properties":{"station_id":"D39","source_station_ids":["D39"],"name":"Sheepshead Bay","route_ids":["B","Q"],"is_transfer":true,"route_count":2,"marker_kind":"transfer","track_bearing":0.67,"ribbon_bearing":90.67,"bearing_confidence":"high","bearing_source_route_ids":["B","Q"],"nearest_line_distance_m":0,"source_coordinate":null}},{"type":"Feature","geometry":{"type":"Point","coordinates":[-73.961376,40.577621]},"properties":{"station_id":"D40","source_station_ids":["D40"],"name":"Brighton Beach","route_ids":["B","Q"],"is_transfer":true,"route_count":2,"marker_kind":"transfer","track_bearing":74.31,"ribbon_bearing":164.31,"bearing_confidence":"high","bearing_source_route_ids":["B","Q"],"nearest_line_distance_m":0,"source_coordinate":null}},{"type":"Feature","geometry":{"type":"Point","coordinates":[-73.968501,40.576312]},"properties":{"station_id":"D41","source_station_ids":["D41"],"name":"Ocean Pkwy","route_ids":["Q"],"is_transfer":false,"route_count":1,"marker_kind":"single","track_bearing":91.55,"ribbon_bearing":181.55,"bearing_confidence":"medium","bearing_source_route_ids":["Q"],"nearest_line_distance_m":0,"source_coordinate":null}},{"type":"Feature","geometry":{"type":"Point","coordinates":[-73.975939,40.576127]},"properties":{"station_id":"D42","source_station_ids":["D42"],"name":"W 8 St-NY Aquarium","route_ids":["F","Q"],"is_transfer":true,"route_count":2,"marker_kind":"transfer","track_bearing":67.4,"ribbon_bearing":157.4,"bearing_confidence":"high","bearing_source_route_ids":["F","Q"],"nearest_line_distance_m":0,"source_coordinate":null}},{"type":"Feature","geometry":{"type":"Point","coordinates":[-73.981233,40.577422]},"properties":{"station_id":"D43","source_station_ids":["D43"],"name":"Coney Island-Stillwell Av","route_ids":["D","F","N","Q"],"is_transfer":true,"route_count":4,"marker_kind":"transfer","track_bearing":171.79,"ribbon_bearing":261.79,"bearing_confidence":"high","bearing_source_route_ids":["D","F","N","Q"],"nearest_line_distance_m":0,"source_coordinate":null}},{"type":"Feature","geometry":{"type":"Point","coordinates":[-74.009781,40.712582]},"properties":{"station_id":"E01","source_station_ids":["E01"],"name":"World Trade Center","route_ids":["E"],"is_transfer":false,"route_count":1,"marker_kind":"single","track_bearing":30.8,"ribbon_bearing":120.8,"bearing_confidence":"medium","bearing_source_route_ids":["E"],"nearest_line_distance_m":0,"source_coordinate":null}},{"type":"Feature","geometry":{"type":"Point","coordinates":[-73.783817,40.712646]},"properties":{"station_id":"F01","source_station_ids":["F01"],"name":"Jamaica-179 St","route_ids":["E","F"],"is_transfer":true,"route_count":2,"marker_kind":"transfer","track_bearing":72.76,"ribbon_bearing":162.76,"bearing_confidence":"high","bearing_source_route_ids":["E","F"],"nearest_line_distance_m":0,"source_coordinate":null}},{"type":"Feature","geometry":{"type":"Point","coordinates":[-73.793604,40.71047]},"properties":{"station_id":"F02","source_station_ids":["F02"],"name":"169 St","route_ids":["E","F"],"is_transfer":true,"route_count":2,"marker_kind":"transfer","track_bearing":63.7,"ribbon_bearing":153.7,"bearing_confidence":"high","bearing_source_route_ids":["E","F"],"nearest_line_distance_m":0,"source_coordinate":null}},{"type":"Feature","geometry":{"type":"Point","coordinates":[-73.803326,40.707564]},"properties":{"station_id":"F03","source_station_ids":["F03"],"name":"Parsons Blvd","route_ids":["E","F"],"is_transfer":true,"route_count":2,"marker_kind":"transfer","track_bearing":69.46,"ribbon_bearing":159.46,"bearing_confidence":"high","bearing_source_route_ids":["E","F"],"nearest_line_distance_m":0,"source_coordinate":null}},{"type":"Feature","geometry":{"type":"Point","coordinates":[-73.810708,40.70546]},"properties":{"station_id":"F04","source_station_ids":["F04"],"name":"Sutphin Blvd","route_ids":["E","F"],"is_transfer":true,"route_count":2,"marker_kind":"transfer","track_bearing":69.48,"ribbon_bearing":159.48,"bearing_confidence":"high","bearing_source_route_ids":["E","F"],"nearest_line_distance_m":0,"source_coordinate":null}},{"type":"Feature","geometry":{"type":"Point","coordinates":[-73.820574,40.709179]},"properties":{"station_id":"F05","source_station_ids":["F05"],"name":"Briarwood","route_ids":["E","F"],"is_transfer":true,"route_count":2,"marker_kind":"transfer","track_bearing":156.12,"ribbon_bearing":246.12,"bearing_confidence":"high","bearing_source_route_ids":["E","F"],"nearest_line_distance_m":0,"source_coordinate":null}},{"type":"Feature","geometry":{"type":"Point","coordinates":[-73.831008,40.714440999999994]},"properties":{"station_id":"F06","source_station_ids":["F06"],"name":"Kew Gardens-Union Tpke","route_ids":["E","F"],"is_transfer":true,"route_count":2,"marker_kind":"transfer","track_bearing":123.01,"ribbon_bearing":213.01,"bearing_confidence":"high","bearing_source_route_ids":["E","F"],"nearest_line_distance_m":0,"source_coordinate":null}},{"type":"Feature","geometry":{"type":"Point","coordinates":[-73.837324,40.718331]},"properties":{"station_id":"F07","source_station_ids":["F07"],"name":"75 Av","route_ids":["E","F"],"is_transfer":true,"route_count":2,"marker_kind":"transfer","track_bearing":123.9,"ribbon_bearing":213.9,"bearing_confidence":"high","bearing_source_route_ids":["E","F"],"nearest_line_distance_m":0,"source_coordinate":null}},{"type":"Feature","geometry":{"type":"Point","coordinates":[-73.946,40.747846]},"properties":{"station_id":"F09","source_station_ids":["F09"],"name":"Court Sq-23 St","route_ids":["E"],"is_transfer":false,"route_count":1,"marker_kind":"single","track_bearing":104.36,"ribbon_bearing":194.36,"bearing_confidence":"high","bearing_source_route_ids":["E","F"],"nearest_line_distance_m":0,"source_coordinate":null}},{"type":"Feature","geometry":{"type":"Point","coordinates":[-73.969055,40.757552]},"properties":{"station_id":"F11","source_station_ids":["F11"],"name":"Lexington Av/53 St","route_ids":["E"],"is_transfer":false,"route_count":1,"marker_kind":"single","track_bearing":119.12,"ribbon_bearing":209.12,"bearing_confidence":"high","bearing_source_route_ids":["E","F"],"nearest_line_distance_m":0,"source_coordinate":null}},{"type":"Feature","geometry":{"type":"Point","coordinates":[-73.975224,40.760167]},"properties":{"station_id":"F12","source_station_ids":["F12"],"name":"5 Av/53 St","route_ids":["E"],"is_transfer":false,"route_count":1,"marker_kind":"single","track_bearing":119.23,"ribbon_bearing":209.23,"bearing_confidence":"high","bearing_source_route_ids":["E","F"],"nearest_line_distance_m":0,"source_coordinate":null}},{"type":"Feature","geometry":{"type":"Point","coordinates":[-73.989938,40.723402]},"properties":{"station_id":"F14","source_station_ids":["F14"],"name":"2 Av","route_ids":["F"],"is_transfer":false,"route_count":1,"marker_kind":"single","track_bearing":111.58,"ribbon_bearing":201.58,"bearing_confidence":"medium","bearing_source_route_ids":["F"],"nearest_line_distance_m":0,"source_coordinate":null}},{"type":"Feature","geometry":{"type":"Point","coordinates":[-73.988114,40.71861100000001]},"properties":{"station_id":"F15+M18","source_station_ids":["F15","M18"],"name":"Delancey St-Essex St","route_ids":["F","M","J","Z"],"is_transfer":true,"route_count":4,"marker_kind":"transfer","track_bearing":112.95,"ribbon_bearing":202.95,"bearing_confidence":"low","bearing_source_route_ids":["F","M","J","Z"],"nearest_line_distance_m":0,"source_coordinate":[-73.9877755,40.718463]}},{"type":"Feature","geometry":{"type":"Point","coordinates":[-73.990173,40.713715]},"properties":{"station_id":"F16","source_station_ids":["F16"],"name":"East Broadway","route_ids":["F"],"is_transfer":false,"route_count":1,"marker_kind":"single","track_bearing":175.97,"ribbon_bearing":265.97,"bearing_confidence":"medium","bearing_source_route_ids":["F"],"nearest_line_distance_m":0,"source_coordinate":null}},{"type":"Feature","geometry":{"type":"Point","coordinates":[-73.9867717916404,40.70139781749802]},"properties":{"station_id":"F18","source_station_ids":["F18"],"name":"York St","route_ids":["F"],"is_transfer":false,"route_count":1,"marker_kind":"single","track_bearing":2.97,"ribbon_bearing":92.97,"bearing_confidence":"medium","bearing_source_route_ids":["F"],"nearest_line_distance_m":1.76,"source_coordinate":null}},{"type":"Feature","geometry":{"type":"Point","coordinates":[-73.990862,40.686145]},"properties":{"station_id":"F20","source_station_ids":["F20"],"name":"Bergen St","route_ids":["F","G"],"is_transfer":true,"route_count":2,"marker_kind":"transfer","track_bearing":27.67,"ribbon_bearing":117.67,"bearing_confidence":"high","bearing_source_route_ids":["F","G"],"nearest_line_distance_m":0,"source_coordinate":null}},{"type":"Feature","geometry":{"type":"Point","coordinates":[-73.995048,40.680302999999995]},"properties":{"station_id":"F21","source_station_ids":["F21"],"name":"Carroll St","route_ids":["F","G"],"is_transfer":true,"route_count":2,"marker_kind":"transfer","track_bearing":36.9,"ribbon_bearing":126.9,"bearing_confidence":"high","bearing_source_route_ids":["F","G"],"nearest_line_distance_m":0,"source_coordinate":null}},{"type":"Feature","geometry":{"type":"Point","coordinates":[-73.995959,40.673579999999994]},"properties":{"station_id":"F22","source_station_ids":["F22"],"name":"Smith-9 Sts","route_ids":["F","G"],"is_transfer":true,"route_count":2,"marker_kind":"transfer","track_bearing":133.04,"ribbon_bearing":223.04,"bearing_confidence":"high","bearing_source_route_ids":["F","G"],"nearest_line_distance_m":0,"source_coordinate":null}},{"type":"Feature","geometry":{"type":"Point","coordinates":[-73.989779,40.670272]},"properties":{"station_id":"F23+R33","source_station_ids":["F23","R33"],"name":"4 Av-9 St","route_ids":["D","F","N","R","W","G"],"is_transfer":true,"route_count":6,"marker_kind":"transfer","track_bearing":32.17,"ribbon_bearing":122.17,"bearing_confidence":"low","bearing_source_route_ids":["D","F","N","R","W","G"],"nearest_line_distance_m":0,"source_coordinate":[-73.9890405,40.670559499999996]}},{"type":"Feature","geometry":{"type":"Point","coordinates":[-73.980305,40.666271]},"properties":{"station_id":"F24","source_station_ids":["F24"],"name":"7 Av","route_ids":["F","G"],"is_transfer":true,"route_count":2,"marker_kind":"transfer","track_bearing":122.54,"ribbon_bearing":212.54,"bearing_confidence":"high","bearing_source_route_ids":["F","G"],"nearest_line_distance_m":0,"source_coordinate":null}},{"type":"Feature","geometry":{"type":"Point","coordinates":[-73.979493,40.660365]},"properties":{"station_id":"F25","source_station_ids":["F25"],"name":"15 St-Prospect Park","route_ids":["F","G"],"is_transfer":true,"route_count":2,"marker_kind":"transfer","track_bearing":31.48,"ribbon_bearing":121.48,"bearing_confidence":"high","bearing_source_route_ids":["F","G"],"nearest_line_distance_m":0,"source_coordinate":null}},{"type":"Feature","geometry":{"type":"Point","coordinates":[-73.975776,40.650782]},"properties":{"station_id":"F26","source_station_ids":["F26"],"name":"Fort Hamilton Pkwy","route_ids":["F","G"],"is_transfer":true,"route_count":2,"marker_kind":"transfer","track_bearing":177.91,"ribbon_bearing":267.91,"bearing_confidence":"high","bearing_source_route_ids":["F","G"],"nearest_line_distance_m":0,"source_coordinate":null}},{"type":"Feature","geometry":{"type":"Point","coordinates":[-73.979678,40.644041]},"properties":{"station_id":"F27","source_station_ids":["F27"],"name":"Church Av","route_ids":["F","G"],"is_transfer":true,"route_count":2,"marker_kind":"transfer","track_bearing":171.94,"ribbon_bearing":261.94,"bearing_confidence":"high","bearing_source_route_ids":["F","G"],"nearest_line_distance_m":0,"source_coordinate":null}},{"type":"Feature","geometry":{"type":"Point","coordinates":[-73.978172,40.636118999999994]},"properties":{"station_id":"F29","source_station_ids":["F29"],"name":"Ditmas Av","route_ids":["F"],"is_transfer":false,"route_count":1,"marker_kind":"single","track_bearing":171.83,"ribbon_bearing":261.83,"bearing_confidence":"medium","bearing_source_route_ids":["F"],"nearest_line_distance_m":0,"source_coordinate":null}},{"type":"Feature","geometry":{"type":"Point","coordinates":[-73.976971,40.629755]},"properties":{"station_id":"F30","source_station_ids":["F30"],"name":"18 Av","route_ids":["F"],"is_transfer":false,"route_count":1,"marker_kind":"single","track_bearing":171.85,"ribbon_bearing":261.85,"bearing_confidence":"medium","bearing_source_route_ids":["F"],"nearest_line_distance_m":0,"source_coordinate":null}},{"type":"Feature","geometry":{"type":"Point","coordinates":[-73.976127,40.625322]},"properties":{"station_id":"F31","source_station_ids":["F31"],"name":"Avenue I","route_ids":["F"],"is_transfer":false,"route_count":1,"marker_kind":"single","track_bearing":171.78,"ribbon_bearing":261.78,"bearing_confidence":"medium","bearing_source_route_ids":["F"],"nearest_line_distance_m":0,"source_coordinate":null}},{"type":"Feature","geometry":{"type":"Point","coordinates":[-73.975264,40.620769]},"properties":{"station_id":"F32","source_station_ids":["F32"],"name":"Bay Pkwy","route_ids":["F"],"is_transfer":false,"route_count":1,"marker_kind":"single","track_bearing":171.81,"ribbon_bearing":261.81,"bearing_confidence":"medium","bearing_source_route_ids":["F"],"nearest_line_distance_m":0,"source_coordinate":null}},{"type":"Feature","geometry":{"type":"Point","coordinates":[-73.974197,40.61513999999999]},"properties":{"station_id":"F33","source_station_ids":["F33"],"name":"Avenue N","route_ids":["F"],"is_transfer":false,"route_count":1,"marker_kind":"single","track_bearing":171.81,"ribbon_bearing":261.81,"bearing_confidence":"medium","bearing_source_route_ids":["F"],"nearest_line_distance_m":0,"source_coordinate":null}},{"type":"Feature","geometry":{"type":"Point","coordinates":[-73.973022,40.608944]},"properties":{"station_id":"F34","source_station_ids":["F34"],"name":"Avenue P","route_ids":["F"],"is_transfer":false,"route_count":1,"marker_kind":"single","track_bearing":171.81,"ribbon_bearing":261.81,"bearing_confidence":"medium","bearing_source_route_ids":["F"],"nearest_line_distance_m":0,"source_coordinate":null}},{"type":"Feature","geometry":{"type":"Point","coordinates":[-73.972361,40.603217]},"properties":{"station_id":"F35","source_station_ids":["F35"],"name":"Kings Hwy","route_ids":["F"],"is_transfer":false,"route_count":1,"marker_kind":"single","track_bearing":5.91,"ribbon_bearing":95.91,"bearing_confidence":"medium","bearing_source_route_ids":["F"],"nearest_line_distance_m":0,"source_coordinate":null}},{"type":"Feature","geometry":{"type":"Point","coordinates":[-73.973357,40.596063]},"properties":{"station_id":"F36","source_station_ids":["F36"],"name":"Avenue U","route_ids":["F"],"is_transfer":false,"route_count":1,"marker_kind":"single","track_bearing":6.03,"ribbon_bearing":96.03,"bearing_confidence":"medium","bearing_source_route_ids":["F"],"nearest_line_distance_m":0,"source_coordinate":null}},{"type":"Feature","geometry":{"type":"Point","coordinates":[-73.97425,40.58962]},"properties":{"station_id":"F38","source_station_ids":["F38"],"name":"Avenue X","route_ids":["F"],"is_transfer":false,"route_count":1,"marker_kind":"single","track_bearing":4.34,"ribbon_bearing":94.34,"bearing_confidence":"medium","bearing_source_route_ids":["F"],"nearest_line_distance_m":0,"source_coordinate":null}},{"type":"Feature","geometry":{"type":"Point","coordinates":[-73.974574,40.581011]},"properties":{"station_id":"F39","source_station_ids":["F39"],"name":"Neptune Av","route_ids":["F"],"is_transfer":false,"route_count":1,"marker_kind":"single","track_bearing":3.03,"ribbon_bearing":93.03,"bearing_confidence":"medium","bearing_source_route_ids":["F"],"nearest_line_distance_m":0,"source_coordinate":null}},{"type":"Feature","geometry":{"type":"Point","coordinates":[-73.801109,40.702147000000004]},"properties":{"station_id":"G05","source_station_ids":["G05"],"name":"Jamaica Center-Parsons/Archer","route_ids":["J","Z"],"is_transfer":true,"route_count":2,"marker_kind":"transfer","track_bearing":73.43,"ribbon_bearing":163.43,"bearing_confidence":"high","bearing_source_route_ids":["E","J","Z"],"nearest_line_distance_m":0,"source_coordinate":null}},{"type":"Feature","geometry":{"type":"Point","coordinates":[-73.807969,40.700486]},"properties":{"station_id":"G06","source_station_ids":["G06"],"name":"Sutphin Blvd-Archer Av-JFK Airport","route_ids":["J","Z"],"is_transfer":true,"route_count":2,"marker_kind":"transfer","track_bearing":71.32,"ribbon_bearing":161.32,"bearing_confidence":"high","bearing_source_route_ids":["E","J","Z"],"nearest_line_distance_m":0,"source_coordinate":null}},{"type":"Feature","geometry":{"type":"Point","coordinates":[-73.844521,40.721691]},"properties":{"station_id":"G08","source_station_ids":["G08"],"name":"Forest Hills-71 Av","route_ids":["E","F","M","R"],"is_transfer":true,"route_count":4,"marker_kind":"transfer","track_bearing":120.31,"ribbon_bearing":210.31,"bearing_confidence":"high","bearing_source_route_ids":["E","F","M","R"],"nearest_line_distance_m":0,"source_coordinate":null}},{"type":"Feature","geometry":{"type":"Point","coordinates":[-73.852719,40.726523]},"properties":{"station_id":"G09","source_station_ids":["G09"],"name":"67 Av","route_ids":["E","F","M","R"],"is_transfer":true,"route_count":4,"marker_kind":"transfer","track_bearing":120.25,"ribbon_bearing":210.25,"bearing_confidence":"high","bearing_source_route_ids":["E","F","M","R"],"nearest_line_distance_m":0,"source_coordinate":null}},{"type":"Feature","geometry":{"type":"Point","coordinates":[-73.861604,40.729846]},"properties":{"station_id":"G10","source_station_ids":["G10"],"name":"63 Dr-Rego Park","route_ids":["E","F","M","R"],"is_transfer":true,"route_count":4,"marker_kind":"transfer","track_bearing":115.65,"ribbon_bearing":205.65,"bearing_confidence":"high","bearing_source_route_ids":["E","F","M","R"],"nearest_line_distance_m":0,"source_coordinate":null}},{"type":"Feature","geometry":{"type":"Point","coordinates":[-73.869229,40.733106]},"properties":{"station_id":"G11","source_station_ids":["G11"],"name":"Woodhaven Blvd","route_ids":["E","F","M","R"],"is_transfer":true,"route_count":4,"marker_kind":"transfer","track_bearing":117.19,"ribbon_bearing":207.19,"bearing_confidence":"high","bearing_source_route_ids":["E","F","M","R"],"nearest_line_distance_m":0,"source_coordinate":null}},{"type":"Feature","geometry":{"type":"Point","coordinates":[-73.877223,40.737015]},"properties":{"station_id":"G12","source_station_ids":["G12"],"name":"Grand Av-Newtown","route_ids":["E","F","M","R"],"is_transfer":true,"route_count":4,"marker_kind":"transfer","track_bearing":157.35,"ribbon_bearing":247.35,"bearing_confidence":"high","bearing_source_route_ids":["E","F","M","R"],"nearest_line_distance_m":0,"source_coordinate":null}},{"type":"Feature","geometry":{"type":"Point","coordinates":[-73.882017,40.742454]},"properties":{"station_id":"G13","source_station_ids":["G13"],"name":"Elmhurst Av","route_ids":["E","F","M","R"],"is_transfer":true,"route_count":4,"marker_kind":"transfer","track_bearing":125.56,"ribbon_bearing":215.56,"bearing_confidence":"high","bearing_source_route_ids":["E","F","M","R"],"nearest_line_distance_m":0,"source_coordinate":null}},{"type":"Feature","geometry":{"type":"Point","coordinates":[-73.891338,40.746644]},"properties":{"station_id":"G14","source_station_ids":["G14"],"name":"Jackson Hts-Roosevelt Av","route_ids":["E","F","M","R"],"is_transfer":true,"route_count":4,"marker_kind":"transfer","track_bearing":119.36,"ribbon_bearing":209.36,"bearing_confidence":"high","bearing_source_route_ids":["E","F","M","R"],"nearest_line_distance_m":0,"source_coordinate":null}},{"type":"Feature","geometry":{"type":"Point","coordinates":[-73.898453,40.749669]},"properties":{"station_id":"G15","source_station_ids":["G15"],"name":"65 St","route_ids":["E","F","M","R"],"is_transfer":true,"route_count":4,"marker_kind":"transfer","track_bearing":119.3,"ribbon_bearing":209.3,"bearing_confidence":"high","bearing_source_route_ids":["E","F","M","R"],"nearest_line_distance_m":0,"source_coordinate":null}},{"type":"Feature","geometry":{"type":"Point","coordinates":[-73.906006,40.75288499999999]},"properties":{"station_id":"G16","source_station_ids":["G16"],"name":"Northern Blvd","route_ids":["E","F","M","R"],"is_transfer":true,"route_count":4,"marker_kind":"transfer","track_bearing":119.34,"ribbon_bearing":209.34,"bearing_confidence":"high","bearing_source_route_ids":["E","F","M","R"],"nearest_line_distance_m":0,"source_coordinate":null}},{"type":"Feature","geometry":{"type":"Point","coordinates":[-73.913333,40.756312]},"properties":{"station_id":"G18","source_station_ids":["G18"],"name":"46 St","route_ids":["F","M","R"],"is_transfer":true,"route_count":3,"marker_kind":"transfer","track_bearing":121.82,"ribbon_bearing":211.82,"bearing_confidence":"high","bearing_source_route_ids":["E","F","M","R"],"nearest_line_distance_m":0,"source_coordinate":null}},{"type":"Feature","geometry":{"type":"Point","coordinates":[-73.92074,40.756879]},"properties":{"station_id":"G19","source_station_ids":["G19"],"name":"Steinway St","route_ids":["F","M","R"],"is_transfer":true,"route_count":3,"marker_kind":"transfer","track_bearing":31.67,"ribbon_bearing":121.67,"bearing_confidence":"high","bearing_source_route_ids":["E","F","M","R"],"nearest_line_distance_m":0,"source_coordinate":null}},{"type":"Feature","geometry":{"type":"Point","coordinates":[-73.928781,40.752039]},"properties":{"station_id":"G20","source_station_ids":["G20"],"name":"36 St","route_ids":["E","F","M","R"],"is_transfer":true,"route_count":4,"marker_kind":"transfer","track_bearing":88.81,"ribbon_bearing":178.81,"bearing_confidence":"high","bearing_source_route_ids":["E","F","M","R"],"nearest_line_distance_m":0,"source_coordinate":null}},{"type":"Feature","geometry":{"type":"Point","coordinates":[-73.937243,40.748973]},"properties":{"station_id":"G21","source_station_ids":["G21"],"name":"Queens Plaza","route_ids":["E","R"],"is_transfer":true,"route_count":2,"marker_kind":"transfer","track_bearing":64.82,"ribbon_bearing":154.82,"bearing_confidence":"high","bearing_source_route_ids":["E","F","R"],"nearest_line_distance_m":0,"source_coordinate":null}},{"type":"Feature","geometry":{"type":"Point","coordinates":[-73.949724,40.744065]},"properties":{"station_id":"G24","source_station_ids":["G24"],"name":"21 St","route_ids":["G"],"is_transfer":false,"route_count":1,"marker_kind":"single","track_bearing":55.74,"ribbon_bearing":145.74,"bearing_confidence":"medium","bearing_source_route_ids":["G"],"nearest_line_distance_m":0,"source_coordinate":null}},{"type":"Feature","geometry":{"type":"Point","coordinates":[-73.954449,40.731352]},"properties":{"station_id":"G26","source_station_ids":["G26"],"name":"Greenpoint Av","route_ids":["G"],"is_transfer":false,"route_count":1,"marker_kind":"single","track_bearing":172.92,"ribbon_bearing":262.92,"bearing_confidence":"medium","bearing_source_route_ids":["G"],"nearest_line_distance_m":0,"source_coordinate":null}},{"type":"Feature","geometry":{"type":"Point","coordinates":[-73.951277,40.724635000000006]},"properties":{"station_id":"G28","source_station_ids":["G28"],"name":"Nassau Av","route_ids":["G"],"is_transfer":false,"route_count":1,"marker_kind":"single","track_bearing":156.58,"ribbon_bearing":246.58,"bearing_confidence":"medium","bearing_source_route_ids":["G"],"nearest_line_distance_m":0,"source_coordinate":null}},{"type":"Feature","geometry":{"type":"Point","coordinates":[-73.951418,40.71279200000001]},"properties":{"station_id":"G29","source_station_ids":["G29"],"name":"Metropolitan Av","route_ids":["G"],"is_transfer":false,"route_count":1,"marker_kind":"single","track_bearing":172.96,"ribbon_bearing":262.96,"bearing_confidence":"medium","bearing_source_route_ids":["G"],"nearest_line_distance_m":0,"source_coordinate":null}},{"type":"Feature","geometry":{"type":"Point","coordinates":[-73.950308,40.706092]},"properties":{"station_id":"G30","source_station_ids":["G30"],"name":"Broadway","route_ids":["G"],"is_transfer":false,"route_count":1,"marker_kind":"single","track_bearing":172.84,"ribbon_bearing":262.84,"bearing_confidence":"medium","bearing_source_route_ids":["G"],"nearest_line_distance_m":0,"source_coordinate":null}},{"type":"Feature","geometry":{"type":"Point","coordinates":[-73.950234,40.700377]},"properties":{"station_id":"G31","source_station_ids":["G31"],"name":"Flushing Av","route_ids":["G"],"is_transfer":false,"route_count":1,"marker_kind":"single","track_bearing":172.25,"ribbon_bearing":262.25,"bearing_confidence":"medium","bearing_source_route_ids":["G"],"nearest_line_distance_m":0,"source_coordinate":null}},{"type":"Feature","geometry":{"type":"Point","coordinates":[-73.949046,40.694568]},"properties":{"station_id":"G32","source_station_ids":["G32"],"name":"Myrtle-Willoughby Avs","route_ids":["G"],"is_transfer":false,"route_count":1,"marker_kind":"single","track_bearing":171.19,"ribbon_bearing":261.19,"bearing_confidence":"medium","bearing_source_route_ids":["G"],"nearest_line_distance_m":0,"source_coordinate":null}},{"type":"Feature","geometry":{"type":"Point","coordinates":[-73.953522,40.689627]},"properties":{"station_id":"G33","source_station_ids":["G33"],"name":"Bedford-Nostrand Avs","route_ids":["G"],"is_transfer":false,"route_count":1,"marker_kind":"single","track_bearing":81.37,"ribbon_bearing":171.37,"bearing_confidence":"medium","bearing_source_route_ids":["G"],"nearest_line_distance_m":0,"source_coordinate":null}},{"type":"Feature","geometry":{"type":"Point","coordinates":[-73.96007,40.688873]},"properties":{"station_id":"G34","source_station_ids":["G34"],"name":"Classon Av","route_ids":["G"],"is_transfer":false,"route_count":1,"marker_kind":"single","track_bearing":81.36,"ribbon_bearing":171.36,"bearing_confidence":"medium","bearing_source_route_ids":["G"],"nearest_line_distance_m":0,"source_coordinate":null}},{"type":"Feature","geometry":{"type":"Point","coordinates":[-73.966839,40.688089]},"properties":{"station_id":"G35","source_station_ids":["G35"],"name":"Clinton-Washington Avs","route_ids":["G"],"is_transfer":false,"route_count":1,"marker_kind":"single","track_bearing":81.32,"ribbon_bearing":171.32,"bearing_confidence":"medium","bearing_source_route_ids":["G"],"nearest_line_distance_m":0,"source_coordinate":null}},{"type":"Feature","geometry":{"type":"Point","coordinates":[-73.975375,40.687119]},"properties":{"station_id":"G36","source_station_ids":["G36"],"name":"Fulton St","route_ids":["G"],"is_transfer":false,"route_count":1,"marker_kind":"single","track_bearing":81.48,"ribbon_bearing":171.48,"bearing_confidence":"medium","bearing_source_route_ids":["G"],"nearest_line_distance_m":0,"source_coordinate":null}},{"type":"Feature","geometry":{"type":"Point","coordinates":[-73.835919,40.672097]},"properties":{"station_id":"H01","source_station_ids":["H01"],"name":"Aqueduct Racetrack","route_ids":["A"],"is_transfer":false,"route_count":1,"marker_kind":"single","track_bearing":159.93,"ribbon_bearing":249.93,"bearing_confidence":"medium","bearing_source_route_ids":["A"],"nearest_line_distance_m":0,"source_coordinate":null}},{"type":"Feature","geometry":{"type":"Point","coordinates":[-73.834058,40.668234]},"properties":{"station_id":"H02","source_station_ids":["H02"],"name":"Aqueduct-N Conduit Av","route_ids":["A"],"is_transfer":false,"route_count":1,"marker_kind":"single","track_bearing":159.93,"ribbon_bearing":249.93,"bearing_confidence":"medium","bearing_source_route_ids":["A"],"nearest_line_distance_m":0,"source_coordinate":null}},{"type":"Feature","geometry":{"type":"Point","coordinates":[-73.830301,40.660476]},"properties":{"station_id":"H03","source_station_ids":["H03"],"name":"Howard Beach-JFK Airport","route_ids":["A"],"is_transfer":false,"route_count":1,"marker_kind":"single","track_bearing":159.83,"ribbon_bearing":249.83,"bearing_confidence":"medium","bearing_source_route_ids":["A"],"nearest_line_distance_m":0,"source_coordinate":null}},{"type":"Feature","geometry":{"type":"Point","coordinates":[-73.815925,40.608382]},"properties":{"station_id":"H04","source_station_ids":["H04"],"name":"Broad Channel","route_ids":["A","S"],"is_transfer":true,"route_count":2,"marker_kind":"transfer","track_bearing":165.06,"ribbon_bearing":255.06,"bearing_confidence":"high","bearing_source_route_ids":["A","S"],"nearest_line_distance_m":0,"source_coordinate":null}},{"type":"Feature","geometry":{"type":"Point","coordinates":[-73.796924,40.590927]},"properties":{"station_id":"H06","source_station_ids":["H06"],"name":"Beach 67 St","route_ids":["A"],"is_transfer":false,"route_count":1,"marker_kind":"single","track_bearing":80.82,"ribbon_bearing":170.82,"bearing_confidence":"medium","bearing_source_route_ids":["A"],"nearest_line_distance_m":0,"source_coordinate":null}},{"type":"Feature","geometry":{"type":"Point","coordinates":[-73.788522,40.59237400000001]},"properties":{"station_id":"H07","source_station_ids":["H07"],"name":"Beach 60 St","route_ids":["A"],"is_transfer":false,"route_count":1,"marker_kind":"single","track_bearing":89.64,"ribbon_bearing":179.64,"bearing_confidence":"medium","bearing_source_route_ids":["A"],"nearest_line_distance_m":0,"source_coordinate":null}},{"type":"Feature","geometry":{"type":"Point","coordinates":[-73.776013,40.592943]},"properties":{"station_id":"H08","source_station_ids":["H08"],"name":"Beach 44 St","route_ids":["A"],"is_transfer":false,"route_count":1,"marker_kind":"single","track_bearing":82.43,"ribbon_bearing":172.43,"bearing_confidence":"medium","bearing_source_route_ids":["A"],"nearest_line_distance_m":0,"source_coordinate":null}},{"type":"Feature","geometry":{"type":"Point","coordinates":[-73.768175,40.595398]},"properties":{"station_id":"H09","source_station_ids":["H09"],"name":"Beach 36 St","route_ids":["A"],"is_transfer":false,"route_count":1,"marker_kind":"single","track_bearing":51.54,"ribbon_bearing":141.54,"bearing_confidence":"medium","bearing_source_route_ids":["A"],"nearest_line_distance_m":0,"source_coordinate":null}},{"type":"Feature","geometry":{"type":"Point","coordinates":[-73.761353,40.600066]},"properties":{"station_id":"H10","source_station_ids":["H10"],"name":"Beach 25 St","route_ids":["A"],"is_transfer":false,"route_count":1,"marker_kind":"single","track_bearing":33.23,"ribbon_bearing":123.23,"bearing_confidence":"medium","bearing_source_route_ids":["A"],"nearest_line_distance_m":0,"source_coordinate":null}},{"type":"Feature","geometry":{"type":"Point","coordinates":[-73.755405,40.603995]},"properties":{"station_id":"H11","source_station_ids":["H11"],"name":"Far Rockaway-Mott Av","route_ids":["A"],"is_transfer":false,"route_count":1,"marker_kind":"single","track_bearing":54.6,"ribbon_bearing":144.6,"bearing_confidence":"medium","bearing_source_route_ids":["A"],"nearest_line_distance_m":0,"source_coordinate":null}},{"type":"Feature","geometry":{"type":"Point","coordinates":[-73.813641,40.588034]},"properties":{"station_id":"H12","source_station_ids":["H12"],"name":"Beach 90 St","route_ids":["S"],"is_transfer":false,"route_count":1,"marker_kind":"single","track_bearing":62.52,"ribbon_bearing":152.52,"bearing_confidence":"high","bearing_source_route_ids":["A","S"],"nearest_line_distance_m":0,"source_coordinate":null}},{"type":"Feature","geometry":{"type":"Point","coordinates":[-73.820558,40.585307]},"properties":{"station_id":"H13","source_station_ids":["H13"],"name":"Beach 98 St","route_ids":["S"],"is_transfer":false,"route_count":1,"marker_kind":"single","track_bearing":63.01,"ribbon_bearing":153.01,"bearing_confidence":"high","bearing_source_route_ids":["A","S"],"nearest_line_distance_m":0,"source_coordinate":null}},{"type":"Feature","geometry":{"type":"Point","coordinates":[-73.827559,40.583209]},"properties":{"station_id":"H14","source_station_ids":["H14"],"name":"Beach 105 St","route_ids":["S"],"is_transfer":false,"route_count":1,"marker_kind":"single","track_bearing":69.59,"ribbon_bearing":159.59,"bearing_confidence":"high","bearing_source_route_ids":["A","S"],"nearest_line_distance_m":0,"source_coordinate":null}},{"type":"Feature","geometry":{"type":"Point","coordinates":[-73.835592,40.580903]},"properties":{"station_id":"H15","source_station_ids":["H15"],"name":"Rockaway Park-Beach 116 St","route_ids":["S"],"is_transfer":false,"route_count":1,"marker_kind":"single","track_bearing":69.79,"ribbon_bearing":159.79,"bearing_confidence":"high","bearing_source_route_ids":["A","S"],"nearest_line_distance_m":0,"source_coordinate":null}},{"type":"Feature","geometry":{"type":"Point","coordinates":[-73.828294,40.700492]},"properties":{"station_id":"J12","source_station_ids":["J12"],"name":"121 St","route_ids":["J","Z"],"is_transfer":true,"route_count":2,"marker_kind":"transfer","track_bearing":77.72,"ribbon_bearing":167.72,"bearing_confidence":"high","bearing_source_route_ids":["J","Z"],"nearest_line_distance_m":0,"source_coordinate":null}},{"type":"Feature","geometry":{"type":"Point","coordinates":[-73.836345,40.697418]},"properties":{"station_id":"J13","source_station_ids":["J13"],"name":"111 St","route_ids":["J"],"is_transfer":false,"route_count":1,"marker_kind":"single","track_bearing":50.39,"ribbon_bearing":140.39,"bearing_confidence":"medium","bearing_source_route_ids":["J"],"nearest_line_distance_m":0,"source_coordinate":null}},{"type":"Feature","geometry":{"type":"Point","coordinates":[-73.84433,40.695178]},"properties":{"station_id":"J14","source_station_ids":["J14"],"name":"104 St","route_ids":["J","Z"],"is_transfer":true,"route_count":2,"marker_kind":"transfer","track_bearing":89.06,"ribbon_bearing":179.06,"bearing_confidence":"high","bearing_source_route_ids":["J","Z"],"nearest_line_distance_m":0,"source_coordinate":null}},{"type":"Feature","geometry":{"type":"Point","coordinates":[-73.851576,40.693879]},"properties":{"station_id":"J15","source_station_ids":["J15"],"name":"Woodhaven Blvd","route_ids":["J","Z"],"is_transfer":true,"route_count":2,"marker_kind":"transfer","track_bearing":63.32,"ribbon_bearing":153.32,"bearing_confidence":"high","bearing_source_route_ids":["J","Z"],"nearest_line_distance_m":0,"source_coordinate":null}},{"type":"Feature","geometry":{"type":"Point","coordinates":[-73.86001,40.692435]},"properties":{"station_id":"J16","source_station_ids":["J16"],"name":"85 St-Forest Pkwy","route_ids":["J"],"is_transfer":false,"route_count":1,"marker_kind":"single","track_bearing":81.24,"ribbon_bearing":171.24,"bearing_confidence":"medium","bearing_source_route_ids":["J"],"nearest_line_distance_m":0,"source_coordinate":null}},{"type":"Feature","geometry":{"type":"Point","coordinates":[-73.867139,40.691324]},"properties":{"station_id":"J17","source_station_ids":["J17"],"name":"75 St-Elderts Ln","route_ids":["J","Z"],"is_transfer":true,"route_count":2,"marker_kind":"transfer","track_bearing":78.4,"ribbon_bearing":168.4,"bearing_confidence":"high","bearing_source_route_ids":["J","Z"],"nearest_line_distance_m":0,"source_coordinate":null}},{"type":"Feature","geometry":{"type":"Point","coordinates":[-73.87255,40.689941]},"properties":{"station_id":"J19","source_station_ids":["J19"],"name":"Cypress Hills","route_ids":["J"],"is_transfer":false,"route_count":1,"marker_kind":"single","track_bearing":60.24,"ribbon_bearing":150.24,"bearing_confidence":"medium","bearing_source_route_ids":["J"],"nearest_line_distance_m":0,"source_coordinate":null}},{"type":"Feature","geometry":{"type":"Point","coordinates":[-73.873785,40.683194]},"properties":{"station_id":"J20","source_station_ids":["J20"],"name":"Crescent St","route_ids":["J","Z"],"is_transfer":true,"route_count":2,"marker_kind":"transfer","track_bearing":69.42,"ribbon_bearing":159.42,"bearing_confidence":"high","bearing_source_route_ids":["J","Z"],"nearest_line_distance_m":0,"source_coordinate":null}},{"type":"Feature","geometry":{"type":"Point","coordinates":[-73.880039,40.68141]},"properties":{"station_id":"J21","source_station_ids":["J21"],"name":"Norwood Av","route_ids":["J","Z"],"is_transfer":true,"route_count":2,"marker_kind":"transfer","track_bearing":67.84,"ribbon_bearing":157.84,"bearing_confidence":"high","bearing_source_route_ids":["J","Z"],"nearest_line_distance_m":0,"source_coordinate":null}},{"type":"Feature","geometry":{"type":"Point","coordinates":[-73.884639,40.679947]},"properties":{"station_id":"J22","source_station_ids":["J22"],"name":"Cleveland St","route_ids":["J"],"is_transfer":false,"route_count":1,"marker_kind":"single","track_bearing":67.25,"ribbon_bearing":157.25,"bearing_confidence":"medium","bearing_source_route_ids":["J"],"nearest_line_distance_m":0,"source_coordinate":null}},{"type":"Feature","geometry":{"type":"Point","coordinates":[-73.891688,40.67802399999999]},"properties":{"station_id":"J23","source_station_ids":["J23"],"name":"Van Siclen Av","route_ids":["J","Z"],"is_transfer":true,"route_count":2,"marker_kind":"transfer","track_bearing":78.8,"ribbon_bearing":168.8,"bearing_confidence":"high","bearing_source_route_ids":["J","Z"],"nearest_line_distance_m":0,"source_coordinate":null}},{"type":"Feature","geometry":{"type":"Point","coordinates":[-73.898654,40.676992]},"properties":{"station_id":"J24","source_station_ids":["J24"],"name":"Alabama Av","route_ids":["J","Z"],"is_transfer":true,"route_count":2,"marker_kind":"transfer","track_bearing":78.95,"ribbon_bearing":168.95,"bearing_confidence":"high","bearing_source_route_ids":["J","Z"],"nearest_line_distance_m":0,"source_coordinate":null}},{"type":"Feature","geometry":{"type":"Point","coordinates":[-73.910456,40.682893]},"properties":{"station_id":"J28","source_station_ids":["J28"],"name":"Chauncey St","route_ids":["J","Z"],"is_transfer":true,"route_count":2,"marker_kind":"transfer","track_bearing":126.99,"ribbon_bearing":216.99,"bearing_confidence":"high","bearing_source_route_ids":["J","Z"],"nearest_line_distance_m":0,"source_coordinate":null}},{"type":"Feature","geometry":{"type":"Point","coordinates":[-73.916559,40.68637]},"properties":{"station_id":"J29","source_station_ids":["J29"],"name":"Halsey St","route_ids":["J"],"is_transfer":false,"route_count":1,"marker_kind":"single","track_bearing":126.92,"ribbon_bearing":216.92,"bearing_confidence":"medium","bearing_source_route_ids":["J"],"nearest_line_distance_m":0,"source_coordinate":null}},{"type":"Feature","geometry":{"type":"Point","coordinates":[-73.92227,40.68963]},"properties":{"station_id":"J30","source_station_ids":["J30"],"name":"Gates Av","route_ids":["J","Z"],"is_transfer":true,"route_count":2,"marker_kind":"transfer","track_bearing":126.97,"ribbon_bearing":216.97,"bearing_confidence":"high","bearing_source_route_ids":["J","Z"],"nearest_line_distance_m":0,"source_coordinate":null}},{"type":"Feature","geometry":{"type":"Point","coordinates":[-73.928814,40.693342]},"properties":{"station_id":"J31","source_station_ids":["J31"],"name":"Kosciuszko St","route_ids":["J"],"is_transfer":false,"route_count":1,"marker_kind":"single","track_bearing":126.8,"ribbon_bearing":216.8,"bearing_confidence":"medium","bearing_source_route_ids":["J"],"nearest_line_distance_m":0,"source_coordinate":null}},{"type":"Feature","geometry":{"type":"Point","coordinates":[-74.002578,40.739777]},"properties":{"station_id":"L01","source_station_ids":["L01"],"name":"8 Av","route_ids":["L"],"is_transfer":false,"route_count":1,"marker_kind":"single","track_bearing":119.09,"ribbon_bearing":209.09,"bearing_confidence":"medium","bearing_source_route_ids":["L"],"nearest_line_distance_m":0,"source_coordinate":null}},{"type":"Feature","geometry":{"type":"Point","coordinates":[-73.996786,40.737335]},"properties":{"station_id":"L02","source_station_ids":["L02"],"name":"6 Av","route_ids":["L"],"is_transfer":false,"route_count":1,"marker_kind":"single","track_bearing":119.02,"ribbon_bearing":209.02,"bearing_confidence":"medium","bearing_source_route_ids":["L"],"nearest_line_distance_m":0,"source_coordinate":null}},{"type":"Feature","geometry":{"type":"Point","coordinates":[-73.986122,40.732849]},"properties":{"station_id":"L05","source_station_ids":["L05"],"name":"3 Av","route_ids":["L"],"is_transfer":false,"route_count":1,"marker_kind":"single","track_bearing":119.11,"ribbon_bearing":209.11,"bearing_confidence":"medium","bearing_source_route_ids":["L"],"nearest_line_distance_m":0,"source_coordinate":null}},{"type":"Feature","geometry":{"type":"Point","coordinates":[-73.981628,40.730953]},"properties":{"station_id":"L06","source_station_ids":["L06"],"name":"1 Av","route_ids":["L"],"is_transfer":false,"route_count":1,"marker_kind":"single","track_bearing":119.12,"ribbon_bearing":209.12,"bearing_confidence":"medium","bearing_source_route_ids":["L"],"nearest_line_distance_m":0,"source_coordinate":null}},{"type":"Feature","geometry":{"type":"Point","coordinates":[-73.956872,40.717304]},"properties":{"station_id":"L08","source_station_ids":["L08"],"name":"Bedford Av","route_ids":["L"],"is_transfer":false,"route_count":1,"marker_kind":"single","track_bearing":129.34,"ribbon_bearing":219.34,"bearing_confidence":"medium","bearing_source_route_ids":["L"],"nearest_line_distance_m":0,"source_coordinate":null}},{"type":"Feature","geometry":{"type":"Point","coordinates":[-73.950275,40.714063]},"properties":{"station_id":"L10","source_station_ids":["L10"],"name":"Lorimer St","route_ids":["L"],"is_transfer":false,"route_count":1,"marker_kind":"single","track_bearing":92.01,"ribbon_bearing":182.01,"bearing_confidence":"medium","bearing_source_route_ids":["L"],"nearest_line_distance_m":0,"source_coordinate":null}},{"type":"Feature","geometry":{"type":"Point","coordinates":[-73.944053,40.71456499999999]},"properties":{"station_id":"L11","source_station_ids":["L11"],"name":"Graham Av","route_ids":["L"],"is_transfer":false,"route_count":1,"marker_kind":"single","track_bearing":83.09,"ribbon_bearing":173.09,"bearing_confidence":"medium","bearing_source_route_ids":["L"],"nearest_line_distance_m":0,"source_coordinate":null}},{"type":"Feature","geometry":{"type":"Point","coordinates":[-73.94067,40.711926]},"properties":{"station_id":"L12","source_station_ids":["L12"],"name":"Grand St","route_ids":["L"],"is_transfer":false,"route_count":1,"marker_kind":"single","track_bearing":161.17,"ribbon_bearing":251.17,"bearing_confidence":"medium","bearing_source_route_ids":["L"],"nearest_line_distance_m":0,"source_coordinate":null}},{"type":"Feature","geometry":{"type":"Point","coordinates":[-73.93985,40.707739]},"properties":{"station_id":"L13","source_station_ids":["L13"],"name":"Montrose Av","route_ids":["L"],"is_transfer":false,"route_count":1,"marker_kind":"single","track_bearing":172.9,"ribbon_bearing":262.9,"bearing_confidence":"medium","bearing_source_route_ids":["L"],"nearest_line_distance_m":0,"source_coordinate":null}},{"type":"Feature","geometry":{"type":"Point","coordinates":[-73.933147,40.706152]},"properties":{"station_id":"L14","source_station_ids":["L14"],"name":"Morgan Av","route_ids":["L"],"is_transfer":false,"route_count":1,"marker_kind":"single","track_bearing":77.92,"ribbon_bearing":167.92,"bearing_confidence":"medium","bearing_source_route_ids":["L"],"nearest_line_distance_m":0,"source_coordinate":null}},{"type":"Feature","geometry":{"type":"Point","coordinates":[-73.922913,40.706607]},"properties":{"station_id":"L15","source_station_ids":["L15"],"name":"Jefferson St","route_ids":["L"],"is_transfer":false,"route_count":1,"marker_kind":"single","track_bearing":129.41,"ribbon_bearing":219.41,"bearing_confidence":"medium","bearing_source_route_ids":["L"],"nearest_line_distance_m":0,"source_coordinate":null}},{"type":"Feature","geometry":{"type":"Point","coordinates":[-73.918425,40.703811]},"properties":{"station_id":"L16","source_station_ids":["L16"],"name":"DeKalb Av","route_ids":["L"],"is_transfer":false,"route_count":1,"marker_kind":"single","track_bearing":129.5,"ribbon_bearing":219.5,"bearing_confidence":"medium","bearing_source_route_ids":["L"],"nearest_line_distance_m":0,"source_coordinate":null}},{"type":"Feature","geometry":{"type":"Point","coordinates":[-73.911586,40.699814]},"properties":{"station_id":"L17+M08","source_station_ids":["L17","M08"],"name":"Myrtle-Wyckoff Avs","route_ids":["M","L"],"is_transfer":true,"route_count":2,"marker_kind":"transfer","track_bearing":104.33,"ribbon_bearing":194.33,"bearing_confidence":"low","bearing_source_route_ids":["M","L"],"nearest_line_distance_m":0,"source_coordinate":[-73.9119855,40.699622000000005]}},{"type":"Feature","geometry":{"type":"Point","coordinates":[-73.904084,40.695602]},"properties":{"station_id":"L19","source_station_ids":["L19"],"name":"Halsey St","route_ids":["L"],"is_transfer":false,"route_count":1,"marker_kind":"single","track_bearing":126.76,"ribbon_bearing":216.76,"bearing_confidence":"medium","bearing_source_route_ids":["L"],"nearest_line_distance_m":0,"source_coordinate":null}},{"type":"Feature","geometry":{"type":"Point","coordinates":[-73.904046,40.688764]},"properties":{"station_id":"L20","source_station_ids":["L20"],"name":"Wilson Av","route_ids":["L"],"is_transfer":false,"route_count":1,"marker_kind":"single","track_bearing":32.54,"ribbon_bearing":122.54,"bearing_confidence":"medium","bearing_source_route_ids":["L"],"nearest_line_distance_m":0,"source_coordinate":null}},{"type":"Feature","geometry":{"type":"Point","coordinates":[-73.905249,40.682829]},"properties":{"station_id":"L21","source_station_ids":["L21"],"name":"Bushwick Av-Aberdeen St","route_ids":["L"],"is_transfer":false,"route_count":1,"marker_kind":"single","track_bearing":158.24,"ribbon_bearing":248.24,"bearing_confidence":"medium","bearing_source_route_ids":["L"],"nearest_line_distance_m":0,"source_coordinate":null}},{"type":"Feature","geometry":{"type":"Point","coordinates":[-73.903097,40.67534499999999]},"properties":{"station_id":"L24","source_station_ids":["L24"],"name":"Atlantic Av","route_ids":["L"],"is_transfer":false,"route_count":1,"marker_kind":"single","track_bearing":11.33,"ribbon_bearing":101.33,"bearing_confidence":"medium","bearing_source_route_ids":["L"],"nearest_line_distance_m":0,"source_coordinate":null}},{"type":"Feature","geometry":{"type":"Point","coordinates":[-73.901975,40.669367]},"properties":{"station_id":"L25","source_station_ids":["L25"],"name":"Sutter Av","route_ids":["L"],"is_transfer":false,"route_count":1,"marker_kind":"single","track_bearing":168.7,"ribbon_bearing":258.7,"bearing_confidence":"medium","bearing_source_route_ids":["L"],"nearest_line_distance_m":0,"source_coordinate":null}},{"type":"Feature","geometry":{"type":"Point","coordinates":[-73.900571,40.66403799999999]},"properties":{"station_id":"L26","source_station_ids":["L26"],"name":"Livonia Av","route_ids":["L"],"is_transfer":false,"route_count":1,"marker_kind":"single","track_bearing":169.16,"ribbon_bearing":259.16,"bearing_confidence":"medium","bearing_source_route_ids":["L"],"nearest_line_distance_m":0,"source_coordinate":null}},{"type":"Feature","geometry":{"type":"Point","coordinates":[-73.899232,40.658733000000005]},"properties":{"station_id":"L27","source_station_ids":["L27"],"name":"New Lots Av","route_ids":["L"],"is_transfer":false,"route_count":1,"marker_kind":"single","track_bearing":168.91,"ribbon_bearing":258.91,"bearing_confidence":"medium","bearing_source_route_ids":["L"],"nearest_line_distance_m":0,"source_coordinate":null}},{"type":"Feature","geometry":{"type":"Point","coordinates":[-73.899485,40.650573]},"properties":{"station_id":"L28","source_station_ids":["L28"],"name":"East 105 St","route_ids":["L"],"is_transfer":false,"route_count":1,"marker_kind":"single","track_bearing":24.6,"ribbon_bearing":114.6,"bearing_confidence":"medium","bearing_source_route_ids":["L"],"nearest_line_distance_m":0,"source_coordinate":null}},{"type":"Feature","geometry":{"type":"Point","coordinates":[-73.90185,40.64665399999999]},"properties":{"station_id":"L29","source_station_ids":["L29"],"name":"Canarsie-Rockaway Pkwy","route_ids":["L"],"is_transfer":false,"route_count":1,"marker_kind":"single","track_bearing":24.6,"ribbon_bearing":114.6,"bearing_confidence":"medium","bearing_source_route_ids":["L"],"nearest_line_distance_m":0,"source_coordinate":null}},{"type":"Feature","geometry":{"type":"Point","coordinates":[-73.889601,40.711396]},"properties":{"station_id":"M01","source_station_ids":["M01"],"name":"Middle Village-Metropolitan Av","route_ids":["M"],"is_transfer":false,"route_count":1,"marker_kind":"single","track_bearing":19.6,"ribbon_bearing":109.6,"bearing_confidence":"medium","bearing_source_route_ids":["M"],"nearest_line_distance_m":0,"source_coordinate":null}},{"type":"Feature","geometry":{"type":"Point","coordinates":[-73.895877,40.706186]},"properties":{"station_id":"M04","source_station_ids":["M04"],"name":"Fresh Pond Rd","route_ids":["M"],"is_transfer":false,"route_count":1,"marker_kind":"single","track_bearing":72.1,"ribbon_bearing":162.1,"bearing_confidence":"medium","bearing_source_route_ids":["M"],"nearest_line_distance_m":0,"source_coordinate":null}},{"type":"Feature","geometry":{"type":"Point","coordinates":[-73.903077,40.704423]},"properties":{"station_id":"M05","source_station_ids":["M05"],"name":"Forest Av","route_ids":["M"],"is_transfer":false,"route_count":1,"marker_kind":"single","track_bearing":72.13,"ribbon_bearing":162.13,"bearing_confidence":"medium","bearing_source_route_ids":["M"],"nearest_line_distance_m":0,"source_coordinate":null}},{"type":"Feature","geometry":{"type":"Point","coordinates":[-73.90774,40.702762]},"properties":{"station_id":"M06","source_station_ids":["M06"],"name":"Seneca Av","route_ids":["M"],"is_transfer":false,"route_count":1,"marker_kind":"single","track_bearing":37.78,"ribbon_bearing":127.78,"bearing_confidence":"medium","bearing_source_route_ids":["M"],"nearest_line_distance_m":0,"source_coordinate":null}},{"type":"Feature","geometry":{"type":"Point","coordinates":[-73.919711,40.698664]},"properties":{"station_id":"M09","source_station_ids":["M09"],"name":"Knickerbocker Av","route_ids":["M"],"is_transfer":false,"route_count":1,"marker_kind":"single","track_bearing":82.12,"ribbon_bearing":172.12,"bearing_confidence":"medium","bearing_source_route_ids":["M"],"nearest_line_distance_m":0,"source_coordinate":null}},{"type":"Feature","geometry":{"type":"Point","coordinates":[-73.927397,40.697857]},"properties":{"station_id":"M10","source_station_ids":["M10"],"name":"Central Av","route_ids":["M"],"is_transfer":false,"route_count":1,"marker_kind":"single","track_bearing":81.62,"ribbon_bearing":171.62,"bearing_confidence":"medium","bearing_source_route_ids":["M"],"nearest_line_distance_m":0,"source_coordinate":null}},{"type":"Feature","geometry":{"type":"Point","coordinates":[-73.935657,40.697207]},"properties":{"station_id":"M11","source_station_ids":["M11"],"name":"Myrtle Av","route_ids":["M","J","Z"],"is_transfer":true,"route_count":3,"marker_kind":"transfer","track_bearing":126.72,"ribbon_bearing":216.72,"bearing_confidence":"high","bearing_source_route_ids":["M","J","Z"],"nearest_line_distance_m":0,"source_coordinate":null}},{"type":"Feature","geometry":{"type":"Point","coordinates":[-73.941126,40.70026]},"properties":{"station_id":"M12","source_station_ids":["M12"],"name":"Flushing Av","route_ids":["M","J"],"is_transfer":true,"route_count":2,"marker_kind":"transfer","track_bearing":126.36,"ribbon_bearing":216.36,"bearing_confidence":"high","bearing_source_route_ids":["M","J"],"nearest_line_distance_m":0,"source_coordinate":null}},{"type":"Feature","geometry":{"type":"Point","coordinates":[-73.947408,40.703869]},"properties":{"station_id":"M13","source_station_ids":["M13"],"name":"Lorimer St","route_ids":["M","J"],"is_transfer":true,"route_count":2,"marker_kind":"transfer","track_bearing":126.49,"ribbon_bearing":216.49,"bearing_confidence":"high","bearing_source_route_ids":["M","J"],"nearest_line_distance_m":0,"source_coordinate":null}},{"type":"Feature","geometry":{"type":"Point","coordinates":[-73.953431,40.70687]},"properties":{"station_id":"M14","source_station_ids":["M14"],"name":"Hewes St","route_ids":["M","J"],"is_transfer":true,"route_count":2,"marker_kind":"transfer","track_bearing":114.39,"ribbon_bearing":204.39,"bearing_confidence":"high","bearing_source_route_ids":["M","J"],"nearest_line_distance_m":0,"source_coordinate":null}},{"type":"Feature","geometry":{"type":"Point","coordinates":[-73.957757,40.708359]},"properties":{"station_id":"M16","source_station_ids":["M16"],"name":"Marcy Av","route_ids":["M","J","Z"],"is_transfer":true,"route_count":3,"marker_kind":"transfer","track_bearing":114.42,"ribbon_bearing":204.42,"bearing_confidence":"high","bearing_source_route_ids":["M","J","Z"],"nearest_line_distance_m":0,"source_coordinate":null}},{"type":"Feature","geometry":{"type":"Point","coordinates":[-73.993915,40.72028]},"properties":{"station_id":"M19","source_station_ids":["M19"],"name":"Bowery","route_ids":["J","Z"],"is_transfer":true,"route_count":2,"marker_kind":"transfer","track_bearing":111.81,"ribbon_bearing":201.81,"bearing_confidence":"high","bearing_source_route_ids":["J","Z"],"nearest_line_distance_m":0,"source_coordinate":null}},{"type":"Feature","geometry":{"type":"Point","coordinates":[-74.003401,40.713243]},"properties":{"station_id":"M21","source_station_ids":["M21"],"name":"Chambers St","route_ids":["J","Z"],"is_transfer":true,"route_count":2,"marker_kind":"transfer","track_bearing":25.65,"ribbon_bearing":115.65,"bearing_confidence":"high","bearing_source_route_ids":["J","Z"],"nearest_line_distance_m":0,"source_coordinate":null}},{"type":"Feature","geometry":{"type":"Point","coordinates":[-74.011056,40.706476]},"properties":{"station_id":"M23","source_station_ids":["M23"],"name":"Broad St","route_ids":["J","Z"],"is_transfer":true,"route_count":2,"marker_kind":"transfer","track_bearing":24.95,"ribbon_bearing":114.95,"bearing_confidence":"high","bearing_source_route_ids":["J","Z"],"nearest_line_distance_m":0,"source_coordinate":null}},{"type":"Feature","geometry":{"type":"Point","coordinates":[-74.011719,40.635064]},"properties":{"station_id":"N02","source_station_ids":["N02"],"name":"8 Av","route_ids":["N","W"],"is_transfer":true,"route_count":2,"marker_kind":"transfer","track_bearing":119.35,"ribbon_bearing":209.35,"bearing_confidence":"high","bearing_source_route_ids":["N","W"],"nearest_line_distance_m":0,"source_coordinate":null}},{"type":"Feature","geometry":{"type":"Point","coordinates":[-74.005351,40.631386]},"properties":{"station_id":"N03","source_station_ids":["N03"],"name":"Fort Hamilton Pkwy","route_ids":["N","W"],"is_transfer":true,"route_count":2,"marker_kind":"transfer","track_bearing":128.62,"ribbon_bearing":218.62,"bearing_confidence":"high","bearing_source_route_ids":["N","W"],"nearest_line_distance_m":0,"source_coordinate":null}},{"type":"Feature","geometry":{"type":"Point","coordinates":[-73.996353,40.624842]},"properties":{"station_id":"N04","source_station_ids":["N04"],"name":"New Utrecht Av","route_ids":["N","W"],"is_transfer":true,"route_count":2,"marker_kind":"transfer","track_bearing":153.28,"ribbon_bearing":243.28,"bearing_confidence":"high","bearing_source_route_ids":["N","W"],"nearest_line_distance_m":0,"source_coordinate":null}},{"type":"Feature","geometry":{"type":"Point","coordinates":[-73.990414,40.620671]},"properties":{"station_id":"N05","source_station_ids":["N05"],"name":"18 Av","route_ids":["N","W"],"is_transfer":true,"route_count":2,"marker_kind":"transfer","track_bearing":128.54,"ribbon_bearing":218.54,"bearing_confidence":"high","bearing_source_route_ids":["N","W"],"nearest_line_distance_m":0,"source_coordinate":null}},{"type":"Feature","geometry":{"type":"Point","coordinates":[-73.985026,40.61741]},"properties":{"station_id":"N06","source_station_ids":["N06"],"name":"20 Av","route_ids":["N","W"],"is_transfer":true,"route_count":2,"marker_kind":"transfer","track_bearing":128.8,"ribbon_bearing":218.8,"bearing_confidence":"high","bearing_source_route_ids":["N","W"],"nearest_line_distance_m":0,"source_coordinate":null}},{"type":"Feature","geometry":{"type":"Point","coordinates":[-73.981848,40.611815]},"properties":{"station_id":"N07","source_station_ids":["N07"],"name":"Bay Pkwy","route_ids":["N","W"],"is_transfer":true,"route_count":2,"marker_kind":"transfer","track_bearing":171.49,"ribbon_bearing":261.49,"bearing_confidence":"high","bearing_source_route_ids":["N","W"],"nearest_line_distance_m":0,"source_coordinate":null}},{"type":"Feature","geometry":{"type":"Point","coordinates":[-73.980353,40.603923]},"properties":{"station_id":"N08","source_station_ids":["N08"],"name":"Kings Hwy","route_ids":["N","W"],"is_transfer":true,"route_count":2,"marker_kind":"transfer","track_bearing":171.84,"ribbon_bearing":261.84,"bearing_confidence":"high","bearing_source_route_ids":["N","W"],"nearest_line_distance_m":0,"source_coordinate":null}},{"type":"Feature","geometry":{"type":"Point","coordinates":[-73.979137,40.597473]},"properties":{"station_id":"N09","source_station_ids":["N09"],"name":"Avenue U","route_ids":["N","W"],"is_transfer":true,"route_count":2,"marker_kind":"transfer","track_bearing":171.8,"ribbon_bearing":261.8,"bearing_confidence":"high","bearing_source_route_ids":["N","W"],"nearest_line_distance_m":0,"source_coordinate":null}},{"type":"Feature","geometry":{"type":"Point","coordinates":[-73.97823,40.59272099999999]},"properties":{"station_id":"N10","source_station_ids":["N10"],"name":"86 St","route_ids":["N","W"],"is_transfer":true,"route_count":2,"marker_kind":"transfer","track_bearing":171.75,"ribbon_bearing":261.75,"bearing_confidence":"high","bearing_source_route_ids":["N","W"],"nearest_line_distance_m":0,"source_coordinate":null}},{"type":"Feature","geometry":{"type":"Point","coordinates":[-73.95837967255088,40.768780448746284]},"properties":{"station_id":"Q03","source_station_ids":["Q03"],"name":"72 St","route_ids":["Q"],"is_transfer":false,"route_count":1,"marker_kind":"single","track_bearing":28.92,"ribbon_bearing":118.92,"bearing_confidence":"high","bearing_source_route_ids":["N","Q","R"],"nearest_line_distance_m":4.27,"source_coordinate":null}},{"type":"Feature","geometry":{"type":"Point","coordinates":[-73.95174477110017,40.77787331337279]},"properties":{"station_id":"Q04","source_station_ids":["Q04"],"name":"86 St","route_ids":["Q"],"is_transfer":false,"route_count":1,"marker_kind":"single","track_bearing":28.95,"ribbon_bearing":118.95,"bearing_confidence":"high","bearing_source_route_ids":["N","Q","R"],"nearest_line_distance_m":4.07,"source_coordinate":null}},{"type":"Feature","geometry":{"type":"Point","coordinates":[-73.912034,40.77503600000001]},"properties":{"station_id":"R01","source_station_ids":["R01"],"name":"Astoria-Ditmars Blvd","route_ids":["N","W"],"is_transfer":true,"route_count":2,"marker_kind":"transfer","track_bearing":42.64,"ribbon_bearing":132.64,"bearing_confidence":"high","bearing_source_route_ids":["N","W"],"nearest_line_distance_m":0,"source_coordinate":null}},{"type":"Feature","geometry":{"type":"Point","coordinates":[-73.917843,40.770258]},"properties":{"station_id":"R03","source_station_ids":["R03"],"name":"Astoria Blvd","route_ids":["N","W"],"is_transfer":true,"route_count":2,"marker_kind":"transfer","track_bearing":42.64,"ribbon_bearing":132.64,"bearing_confidence":"high","bearing_source_route_ids":["N","W"],"nearest_line_distance_m":0,"source_coordinate":null}},{"type":"Feature","geometry":{"type":"Point","coordinates":[-73.921479,40.766779]},"properties":{"station_id":"R04","source_station_ids":["R04"],"name":"30 Av","route_ids":["N","W"],"is_transfer":true,"route_count":2,"marker_kind":"transfer","track_bearing":31.72,"ribbon_bearing":121.72,"bearing_confidence":"high","bearing_source_route_ids":["N","W"],"nearest_line_distance_m":0,"source_coordinate":null}},{"type":"Feature","geometry":{"type":"Point","coordinates":[-73.925508,40.76182]},"properties":{"station_id":"R05","source_station_ids":["R05"],"name":"Broadway","route_ids":["N","W"],"is_transfer":true,"route_count":2,"marker_kind":"transfer","track_bearing":31.61,"ribbon_bearing":121.61,"bearing_confidence":"high","bearing_source_route_ids":["N","W"],"nearest_line_distance_m":0,"source_coordinate":null}},{"type":"Feature","geometry":{"type":"Point","coordinates":[-73.929575,40.756804]},"properties":{"station_id":"R06","source_station_ids":["R06"],"name":"36 Av","route_ids":["N","W"],"is_transfer":true,"route_count":2,"marker_kind":"transfer","track_bearing":31.56,"ribbon_bearing":121.56,"bearing_confidence":"high","bearing_source_route_ids":["N","W"],"nearest_line_distance_m":0,"source_coordinate":null}},{"type":"Feature","geometry":{"type":"Point","coordinates":[-73.932755,40.752882]},"properties":{"station_id":"R08","source_station_ids":["R08"],"name":"39 Av-Dutch Kills","route_ids":["N","W"],"is_transfer":true,"route_count":2,"marker_kind":"transfer","track_bearing":31.56,"ribbon_bearing":121.56,"bearing_confidence":"high","bearing_source_route_ids":["N","W"],"nearest_line_distance_m":0,"source_coordinate":null}},{"type":"Feature","geometry":{"type":"Point","coordinates":[-73.967258,40.76266]},"properties":{"station_id":"R11","source_station_ids":["R11"],"name":"Lexington Av/59 St","route_ids":["N","R","W"],"is_transfer":true,"route_count":3,"marker_kind":"transfer","track_bearing":119.13,"ribbon_bearing":209.13,"bearing_confidence":"high","bearing_source_route_ids":["N","R","W"],"nearest_line_distance_m":0,"source_coordinate":null}},{"type":"Feature","geometry":{"type":"Point","coordinates":[-73.973347,40.764811]},"properties":{"station_id":"R13","source_station_ids":["R13"],"name":"5 Av/59 St","route_ids":["N","R","W"],"is_transfer":true,"route_count":3,"marker_kind":"transfer","track_bearing":82.59,"ribbon_bearing":172.59,"bearing_confidence":"high","bearing_source_route_ids":["N","R","W"],"nearest_line_distance_m":0,"source_coordinate":null}},{"type":"Feature","geometry":{"type":"Point","coordinates":[-73.980658,40.764664]},"properties":{"station_id":"R14","source_station_ids":["R14"],"name":"57 St-7 Av","route_ids":["N","Q","R","W"],"is_transfer":true,"route_count":4,"marker_kind":"transfer","track_bearing":28.9,"ribbon_bearing":118.9,"bearing_confidence":"high","bearing_source_route_ids":["N","Q","R","W"],"nearest_line_distance_m":0,"source_coordinate":null}},{"type":"Feature","geometry":{"type":"Point","coordinates":[-73.984139,40.759901]},"properties":{"station_id":"R15","source_station_ids":["R15"],"name":"49 St","route_ids":["N","Q","R","W"],"is_transfer":true,"route_count":4,"marker_kind":"transfer","track_bearing":28.97,"ribbon_bearing":118.97,"bearing_confidence":"high","bearing_source_route_ids":["N","Q","R","W"],"nearest_line_distance_m":0,"source_coordinate":null}},{"type":"Feature","geometry":{"type":"Point","coordinates":[-73.988691,40.745493999999994]},"properties":{"station_id":"R18","source_station_ids":["R18"],"name":"28 St","route_ids":["N","Q","R","W"],"is_transfer":true,"route_count":4,"marker_kind":"transfer","track_bearing":7.85,"ribbon_bearing":97.85,"bearing_confidence":"high","bearing_source_route_ids":["N","Q","R","W"],"nearest_line_distance_m":0,"source_coordinate":null}},{"type":"Feature","geometry":{"type":"Point","coordinates":[-73.989344,40.741303]},"properties":{"station_id":"R19","source_station_ids":["R19"],"name":"23 St","route_ids":["N","Q","R","W"],"is_transfer":true,"route_count":4,"marker_kind":"transfer","track_bearing":4.91,"ribbon_bearing":94.91,"bearing_confidence":"high","bearing_source_route_ids":["N","Q","R","W"],"nearest_line_distance_m":0,"source_coordinate":null}},{"type":"Feature","geometry":{"type":"Point","coordinates":[-73.992629,40.73032799999999]},"properties":{"station_id":"R21","source_station_ids":["R21"],"name":"8 St-NYU","route_ids":["N","Q","R","W"],"is_transfer":true,"route_count":4,"marker_kind":"transfer","track_bearing":32.69,"ribbon_bearing":122.69,"bearing_confidence":"high","bearing_source_route_ids":["N","Q","R","W"],"nearest_line_distance_m":0,"source_coordinate":null}},{"type":"Feature","geometry":{"type":"Point","coordinates":[-73.997702,40.724329]},"properties":{"station_id":"R22","source_station_ids":["R22"],"name":"Prince St","route_ids":["N","Q","R","W"],"is_transfer":true,"route_count":4,"marker_kind":"transfer","track_bearing":32.65,"ribbon_bearing":122.65,"bearing_confidence":"high","bearing_source_route_ids":["N","Q","R","W"],"nearest_line_distance_m":0,"source_coordinate":null}},{"type":"Feature","geometry":{"type":"Point","coordinates":[-74.006978,40.713282]},"properties":{"station_id":"R24","source_station_ids":["R24"],"name":"City Hall","route_ids":["N","R","W"],"is_transfer":true,"route_count":3,"marker_kind":"transfer","track_bearing":32.13,"ribbon_bearing":122.13,"bearing_confidence":"high","bearing_source_route_ids":["N","R","W"],"nearest_line_distance_m":0,"source_coordinate":null}},{"type":"Feature","geometry":{"type":"Point","coordinates":[-74.011029,40.710668]},"properties":{"station_id":"R25","source_station_ids":["R25"],"name":"Cortlandt St","route_ids":["N","R","W"],"is_transfer":true,"route_count":3,"marker_kind":"transfer","track_bearing":26.2,"ribbon_bearing":116.2,"bearing_confidence":"high","bearing_source_route_ids":["N","R","W"],"nearest_line_distance_m":0,"source_coordinate":null}},{"type":"Feature","geometry":{"type":"Point","coordinates":[-74.012994,40.703087]},"properties":{"station_id":"R27","source_station_ids":["R27"],"name":"Whitehall St-South Ferry","route_ids":["N","R","W"],"is_transfer":true,"route_count":3,"marker_kind":"transfer","track_bearing":169.44,"ribbon_bearing":259.44,"bearing_confidence":"high","bearing_source_route_ids":["N","R","W"],"nearest_line_distance_m":0,"source_coordinate":null}},{"type":"Feature","geometry":{"type":"Point","coordinates":[-73.991777,40.694100000000006]},"properties":{"station_id":"R28","source_station_ids":["R28"],"name":"Court St","route_ids":["N","R","W"],"is_transfer":true,"route_count":3,"marker_kind":"transfer","track_bearing":109.99,"ribbon_bearing":199.99,"bearing_confidence":"high","bearing_source_route_ids":["N","R","W"],"nearest_line_distance_m":0,"source_coordinate":null}},{"type":"Feature","geometry":{"type":"Point","coordinates":[-73.981824,40.69063500000001]},"properties":{"station_id":"R30","source_station_ids":["R30"],"name":"DeKalb Av","route_ids":["B","D","N","Q","R","W"],"is_transfer":true,"route_count":6,"marker_kind":"transfer","track_bearing":158.6,"ribbon_bearing":248.6,"bearing_confidence":"high","bearing_source_route_ids":["B","D","N","Q","R","W"],"nearest_line_distance_m":0,"source_coordinate":null}},{"type":"Feature","geometry":{"type":"Point","coordinates":[-73.98311,40.677316]},"properties":{"station_id":"R32","source_station_ids":["R32"],"name":"Union St","route_ids":["D","N","R","W"],"is_transfer":true,"route_count":4,"marker_kind":"transfer","track_bearing":27.13,"ribbon_bearing":117.13,"bearing_confidence":"high","bearing_source_route_ids":["D","N","R","W"],"nearest_line_distance_m":0,"source_coordinate":null}},{"type":"Feature","geometry":{"type":"Point","coordinates":[-73.992872,40.665414]},"properties":{"station_id":"R34","source_station_ids":["R34"],"name":"Prospect Av","route_ids":["D","N","R","W"],"is_transfer":true,"route_count":4,"marker_kind":"transfer","track_bearing":37.46,"ribbon_bearing":127.46,"bearing_confidence":"high","bearing_source_route_ids":["D","N","R","W"],"nearest_line_distance_m":0,"source_coordinate":null}},{"type":"Feature","geometry":{"type":"Point","coordinates":[-73.998091,40.660397]},"properties":{"station_id":"R35","source_station_ids":["R35"],"name":"25 St","route_ids":["D","N","R","W"],"is_transfer":true,"route_count":4,"marker_kind":"transfer","track_bearing":38.27,"ribbon_bearing":128.27,"bearing_confidence":"high","bearing_source_route_ids":["D","N","R","W"],"nearest_line_distance_m":0,"source_coordinate":null}},{"type":"Feature","geometry":{"type":"Point","coordinates":[-74.003549,40.65514399999999]},"properties":{"station_id":"R36","source_station_ids":["R36"],"name":"36 St","route_ids":["D","N","R","W"],"is_transfer":true,"route_count":4,"marker_kind":"transfer","track_bearing":38.26,"ribbon_bearing":128.26,"bearing_confidence":"high","bearing_source_route_ids":["D","N","R","W"],"nearest_line_distance_m":0,"source_coordinate":null}},{"type":"Feature","geometry":{"type":"Point","coordinates":[-74.010006,40.64893899999999]},"properties":{"station_id":"R39","source_station_ids":["R39"],"name":"45 St","route_ids":["N","W"],"is_transfer":true,"route_count":2,"marker_kind":"transfer","track_bearing":38.29,"ribbon_bearing":128.29,"bearing_confidence":"high","bearing_source_route_ids":["N","R","W"],"nearest_line_distance_m":0,"source_coordinate":null}},{"type":"Feature","geometry":{"type":"Point","coordinates":[-74.014034,40.645069]},"properties":{"station_id":"R40","source_station_ids":["R40"],"name":"53 St","route_ids":["N","W"],"is_transfer":true,"route_count":2,"marker_kind":"transfer","track_bearing":38.27,"ribbon_bearing":128.27,"bearing_confidence":"high","bearing_source_route_ids":["N","R","W"],"nearest_line_distance_m":0,"source_coordinate":null}},{"type":"Feature","geometry":{"type":"Point","coordinates":[-74.017881,40.641362]},"properties":{"station_id":"R41","source_station_ids":["R41"],"name":"59 St","route_ids":["N","W"],"is_transfer":true,"route_count":2,"marker_kind":"transfer","track_bearing":38.25,"ribbon_bearing":128.25,"bearing_confidence":"high","bearing_source_route_ids":["N","R","W"],"nearest_line_distance_m":0,"source_coordinate":null}},{"type":"Feature","geometry":{"type":"Point","coordinates":[-74.251961,40.51276399999999]},"properties":{"station_id":"S09","source_station_ids":["S09"],"name":"Tottenville","route_ids":["SI"],"is_transfer":false,"route_count":1,"marker_kind":"single","track_bearing":48.15,"ribbon_bearing":138.15,"bearing_confidence":"medium","bearing_source_route_ids":["SI"],"nearest_line_distance_m":0,"source_coordinate":null}},{"type":"Feature","geometry":{"type":"Point","coordinates":[-74.24208658640812,40.51656652986484]},"properties":{"station_id":"S11","source_station_ids":["S11"],"name":"Arthur Kill","route_ids":["SI"],"is_transfer":false,"route_count":1,"marker_kind":"single","track_bearing":58.04,"ribbon_bearing":148.04,"bearing_confidence":"medium","bearing_source_route_ids":["SI"],"nearest_line_distance_m":1.5,"source_coordinate":null}},{"type":"Feature","geometry":{"type":"Point","coordinates":[-74.229141,40.51963099999999]},"properties":{"station_id":"S13","source_station_ids":["S13"],"name":"Richmond Valley","route_ids":["SI"],"is_transfer":false,"route_count":1,"marker_kind":"single","track_bearing":75.46,"ribbon_bearing":165.46,"bearing_confidence":"medium","bearing_source_route_ids":["SI"],"nearest_line_distance_m":0,"source_coordinate":null}},{"type":"Feature","geometry":{"type":"Point","coordinates":[-74.217847,40.52241]},"properties":{"station_id":"S14","source_station_ids":["S14"],"name":"Pleasant Plains","route_ids":["SI"],"is_transfer":false,"route_count":1,"marker_kind":"single","track_bearing":73.7,"ribbon_bearing":163.7,"bearing_confidence":"medium","bearing_source_route_ids":["SI"],"nearest_line_distance_m":0,"source_coordinate":null}},{"type":"Feature","geometry":{"type":"Point","coordinates":[-74.200064,40.52550699999999]},"properties":{"station_id":"S15","source_station_ids":["S15"],"name":"Prince's Bay","route_ids":["SI"],"is_transfer":false,"route_count":1,"marker_kind":"single","track_bearing":54.5,"ribbon_bearing":144.5,"bearing_confidence":"medium","bearing_source_route_ids":["SI"],"nearest_line_distance_m":0,"source_coordinate":null}},{"type":"Feature","geometry":{"type":"Point","coordinates":[-74.191794,40.533674000000005]},"properties":{"station_id":"S16","source_station_ids":["S16"],"name":"Huguenot","route_ids":["SI"],"is_transfer":false,"route_count":1,"marker_kind":"single","track_bearing":35.28,"ribbon_bearing":125.28,"bearing_confidence":"medium","bearing_source_route_ids":["SI"],"nearest_line_distance_m":0,"source_coordinate":null}},{"type":"Feature","geometry":{"type":"Point","coordinates":[-74.178217,40.540459999999996]},"properties":{"station_id":"S17","source_station_ids":["S17"],"name":"Annadale","route_ids":["SI"],"is_transfer":false,"route_count":1,"marker_kind":"single","track_bearing":75.69,"ribbon_bearing":165.69,"bearing_confidence":"medium","bearing_source_route_ids":["SI"],"nearest_line_distance_m":0,"source_coordinate":null}},{"type":"Feature","geometry":{"type":"Point","coordinates":[-74.16457,40.544601]},"properties":{"station_id":"S18","source_station_ids":["S18"],"name":"Eltingville","route_ids":["SI"],"is_transfer":false,"route_count":1,"marker_kind":"single","track_bearing":55.4,"ribbon_bearing":145.4,"bearing_confidence":"medium","bearing_source_route_ids":["SI"],"nearest_line_distance_m":0,"source_coordinate":null}},{"type":"Feature","geometry":{"type":"Point","coordinates":[-74.151399,40.551231]},"properties":{"station_id":"S19","source_station_ids":["S19"],"name":"Great Kills","route_ids":["SI"],"is_transfer":false,"route_count":1,"marker_kind":"single","track_bearing":58.67,"ribbon_bearing":148.67,"bearing_confidence":"medium","bearing_source_route_ids":["SI"],"nearest_line_distance_m":0,"source_coordinate":null}},{"type":"Feature","geometry":{"type":"Point","coordinates":[-74.136907,40.5564]},"properties":{"station_id":"S20","source_station_ids":["S20"],"name":"Bay Terrace","route_ids":["SI"],"is_transfer":false,"route_count":1,"marker_kind":"single","track_bearing":45.67,"ribbon_bearing":135.67,"bearing_confidence":"medium","bearing_source_route_ids":["SI"],"nearest_line_distance_m":0,"source_coordinate":null}},{"type":"Feature","geometry":{"type":"Point","coordinates":[-74.12632,40.56511]},"properties":{"station_id":"S21","source_station_ids":["S21"],"name":"Oakwood Heights","route_ids":["SI"],"is_transfer":false,"route_count":1,"marker_kind":"single","track_bearing":41.95,"ribbon_bearing":131.95,"bearing_confidence":"medium","bearing_source_route_ids":["SI"],"nearest_line_distance_m":0,"source_coordinate":null}},{"type":"Feature","geometry":{"type":"Point","coordinates":[-74.11721,40.57348]},"properties":{"station_id":"S22","source_station_ids":["S22"],"name":"New Dorp","route_ids":["SI"],"is_transfer":false,"route_count":1,"marker_kind":"single","track_bearing":46.55,"ribbon_bearing":136.55,"bearing_confidence":"medium","bearing_source_route_ids":["SI"],"nearest_line_distance_m":0,"source_coordinate":null}},{"type":"Feature","geometry":{"type":"Point","coordinates":[-74.109704,40.578965]},"properties":{"station_id":"S23","source_station_ids":["S23"],"name":"Grant City","route_ids":["SI"],"is_transfer":false,"route_count":1,"marker_kind":"single","track_bearing":46.26,"ribbon_bearing":136.26,"bearing_confidence":"medium","bearing_source_route_ids":["SI"],"nearest_line_distance_m":0,"source_coordinate":null}},{"type":"Feature","geometry":{"type":"Point","coordinates":[-74.103338,40.583591]},"properties":{"station_id":"S24","source_station_ids":["S24"],"name":"Jefferson Av","route_ids":["SI"],"is_transfer":false,"route_count":1,"marker_kind":"single","track_bearing":46.31,"ribbon_bearing":136.31,"bearing_confidence":"medium","bearing_source_route_ids":["SI"],"nearest_line_distance_m":0,"source_coordinate":null}},{"type":"Feature","geometry":{"type":"Point","coordinates":[-74.09609,40.588849]},"properties":{"station_id":"S25","source_station_ids":["S25"],"name":"Dongan Hills","route_ids":["SI"],"is_transfer":false,"route_count":1,"marker_kind":"single","track_bearing":46.23,"ribbon_bearing":136.23,"bearing_confidence":"medium","bearing_source_route_ids":["SI"],"nearest_line_distance_m":0,"source_coordinate":null}},{"type":"Feature","geometry":{"type":"Point","coordinates":[-74.087368,40.596612]},"properties":{"station_id":"S26","source_station_ids":["S26"],"name":"Old Town","route_ids":["SI"],"is_transfer":false,"route_count":1,"marker_kind":"single","track_bearing":22.24,"ribbon_bearing":112.24,"bearing_confidence":"medium","bearing_source_route_ids":["SI"],"nearest_line_distance_m":0,"source_coordinate":null}},{"type":"Feature","geometry":{"type":"Point","coordinates":[-74.084087,40.603117]},"properties":{"station_id":"S27","source_station_ids":["S27"],"name":"Grasmere","route_ids":["SI"],"is_transfer":false,"route_count":1,"marker_kind":"single","track_bearing":31.11,"ribbon_bearing":121.11,"bearing_confidence":"medium","bearing_source_route_ids":["SI"],"nearest_line_distance_m":0,"source_coordinate":null}},{"type":"Feature","geometry":{"type":"Point","coordinates":[-74.071402,40.621319]},"properties":{"station_id":"S28","source_station_ids":["S28"],"name":"Clifton","route_ids":["SI"],"is_transfer":false,"route_count":1,"marker_kind":"single","track_bearing":157.18,"ribbon_bearing":247.18,"bearing_confidence":"medium","bearing_source_route_ids":["SI"],"nearest_line_distance_m":0,"source_coordinate":null}},{"type":"Feature","geometry":{"type":"Point","coordinates":[-74.075162,40.627915]},"properties":{"station_id":"S29","source_station_ids":["S29"],"name":"Stapleton","route_ids":["SI"],"is_transfer":false,"route_count":1,"marker_kind":"single","track_bearing":175.16,"ribbon_bearing":265.16,"bearing_confidence":"medium","bearing_source_route_ids":["SI"],"nearest_line_distance_m":0,"source_coordinate":null}},{"type":"Feature","geometry":{"type":"Point","coordinates":[-74.074835,40.636949]},"properties":{"station_id":"S30","source_station_ids":["S30"],"name":"Tompkinsville","route_ids":["SI"],"is_transfer":false,"route_count":1,"marker_kind":"single","track_bearing":170.63,"ribbon_bearing":260.63,"bearing_confidence":"medium","bearing_source_route_ids":["SI"],"nearest_line_distance_m":0,"source_coordinate":null}},{"type":"Feature","geometry":{"type":"Point","coordinates":[-74.073643,40.64374800000001]},"properties":{"station_id":"S31","source_station_ids":["S31"],"name":"St George","route_ids":["SI"],"is_transfer":false,"route_count":1,"marker_kind":"single","track_bearing":36.1,"ribbon_bearing":126.1,"bearing_confidence":"medium","bearing_source_route_ids":["SI"],"nearest_line_distance_m":0,"source_coordinate":null}}],"metadata":{"route_ids":"rendered-visual-route-memberships"}}
