{"type":"FeatureCollection","metadata":{"generated_at":"2026-05-08T11:06:31.035Z","source":"build-corridor-groups","mode":"group-corridors","family_visual_hash":"f13550de5b5783a3e47de07f674e99009b2480868d09e872ca13677c2a92f7a4","input_features":99,"raw_output_features":835,"output_features":84,"group_count":22,"endpoint_count":168,"route_2_summary":{"raw_shape_count":5,"visual_edge_count":60,"raw_edge_feature_count":60,"final_merged_feature_count":6,"longest_final_feature_m":14915.18,"mixed_direction_feature_count":6,"complete_edge_lineage_feature_count":6,"geometry_reversal_count":0,"max_internal_snap_distance_m":0,"focus_bbox_failures":[]}},"features":[{"type":"Feature","id":"1:1-main:solo:0:a337a8655b14","properties":{"route_id":"1","canonical_route_id":"1","visual_route_id":"1","visual_route_normalization_reason":"identity","display_route":"1","shape_id":"1..N03R","source_shape_ids":["1..N03R","1..N10R","1..N14R","1..S03R","1..S04R","1..S12R"],"raw_route_ids":["1"],"raw_shape_ids":["1..N03R","1..N10R","1..N14R","1..S03R","1..S04R","1..S12R"],"visual_edge_ids":["1:139-142","1:138-139","1:137-138"],"edge_count":3,"from_stop_id":"142","to_stop_id":"137","from_stop_name":"South Ferry","to_stop_name":"Chambers St","edge_sequence":0,"edge_sequence_range":[0,0],"representative_edge_geometry_source":"1..N03R","representative_edge_geometry_sources":["1..N03R"],"edge_geometry_confidence":"high","visual_edge_metadata":[],"geometry_reversal_count":0,"internal_stitch_valid":true,"max_internal_snap_distance_m":0,"branch_representative_geometry_used":null,"branch_representative_warning":null,"canonical_direction_id":"mixed","canonical_direction_count":2,"collapsed_direction_count":2,"direction_collapse_reason":"visual-edge-direction-collapse","representative_shape_id":"1..N03R","canonical_feature_count":6,"color":"#D82233","visual_family":"1-2-3","visual_branch_id":"1-main","raw_group_sequence":0,"group_sequence":0,"group_id":null,"merged_group_ids":[],"group_member_routes":[],"group_member_visual_routes":[],"group_lane_order":[],"group_lane_order_visual":[],"group_lane_count":1,"visual_lane_slot":0,"visual_z_order":180,"corridor_id":null,"segment_kind":"solo","render_style":"subway-ribbon-v1","source":"group-corridors","debug_id":"1:1-main:solo:0:a337a8655b14","feature_length_m":1639.24,"assignment_reason":"merged validated solo visual edges with compatible render state","handoff_node_id":"handoff-1-1-main--74.00927,40.71548","handoff_reason":"detected-corridor-entry","handoff_kind":"merge","handoff_from_group_id":null,"handoff_to_group_id":"group-1-2-3-1-2-3","handoff_from_lane_slot":0,"handoff_to_lane_slot":-1,"start_handoff_node_id":"terminal-1-1-main-start","start_handoff_reason":"terminal","start_handoff_kind":"terminal","start_handoff_from_group_id":null,"start_handoff_to_group_id":null,"start_handoff_from_lane_slot":0,"start_handoff_to_lane_slot":0,"end_handoff_node_id":"handoff-1-1-main--74.00927,40.71548","end_handoff_reason":"detected-corridor-entry","end_handoff_kind":"merge","end_handoff_from_group_id":null,"end_handoff_to_group_id":"group-1-2-3-1-2-3","end_handoff_from_lane_slot":0,"end_handoff_to_lane_slot":-1,"effective_render_key":"1|1-main|lane:0|z:180|color:#D82233|kind:solo|style:subway-ribbon-v1","merged_debug_ids":["1:1-main:solo:0:51950939c2f1","1:1-main:solo:0:83c3d8a2f1a5","1:1-main:solo:0:0609ec00c4ca"]},"geometry":{"type":"LineString","coordinates":[[-74.013664,40.702068],[-74.014792,40.703199],[-74.01482,40.703226],[-74.014846,40.703253],[-74.01487,40.70328],[-74.014893,40.703307],[-74.014914,40.703335],[-74.014933,40.703363],[-74.014952,40.703391],[-74.014968,40.703419],[-74.014983,40.703448],[-74.014997,40.703477],[-74.015009,40.703506],[-74.015019,40.703536],[-74.015028,40.703566],[-74.015035,40.703596],[-74.015041,40.703625],[-74.015122,40.704168],[-74.015125,40.704194],[-74.015126,40.704221],[-74.015127,40.704247],[-74.015127,40.704274],[-74.015125,40.7043],[-74.015123,40.704327],[-74.015119,40.704354],[-74.015115,40.70438],[-74.015109,40.704407],[-74.015102,40.704434],[-74.015094,40.704461],[-74.015086,40.704487],[-74.015076,40.704514],[-74.015065,40.704541],[-74.015052,40.704568],[-74.01483,40.705092],[-74.013783,40.707513],[-74.013471,40.708242],[-74.012648,40.710132],[-74.012529,40.7105],[-74.012375,40.711112],[-74.012259,40.711565],[-74.012188,40.711835],[-74.012108,40.712105],[-74.012094,40.712154],[-74.012076,40.712203],[-74.012057,40.712252],[-74.012035,40.7123],[-74.012012,40.712348],[-74.011986,40.712394],[-74.011959,40.71244],[-74.011929,40.712486],[-74.011897,40.71253],[-74.011864,40.712574],[-74.011828,40.712618],[-74.011791,40.71266],[-74.011751,40.712702],[-74.01171,40.712743],[-74.011667,40.712783],[-74.011138,40.713212],[-74.011116,40.713229],[-74.011094,40.713246],[-74.011073,40.713263],[-74.011052,40.71328],[-74.011032,40.713298],[-74.011011,40.713315],[-74.010992,40.713333],[-74.010972,40.713351],[-74.010953,40.713369],[-74.010935,40.713388],[-74.010917,40.713406],[-74.010899,40.713425],[-74.010882,40.713444],[-74.010865,40.713463],[-74.010848,40.713482],[-74.010573,40.713841],[-74.010473,40.713961],[-74.010188,40.714303],[-74.009299,40.715437],[-74.009266,40.715478]]}},{"type":"Feature","id":"1:1-main:group:1:e9662d75c337","properties":{"route_id":"1","canonical_route_id":"1","visual_route_id":"1","visual_route_normalization_reason":"identity","display_route":"1","shape_id":"1..N03R","source_shape_ids":["1..N03R","1..N10R","1..N14R","1..S03R","1..S04R","1..S12R"],"raw_route_ids":["1"],"raw_shape_ids":["1..N03R","1..N10R","1..N14R","1..S03R","1..S04R","1..S12R"],"visual_edge_ids":["1:136-137","1:135-136","1:134-135","1:133-134","1:132-133","1:131-132","1:130-131","1:129-130","1:128-129","1:127-128","1:126-127","1:125-126","1:124-125","1:123-124","1:122-123","1:121-122","1:120-121","1:119-120"],"edge_count":18,"from_stop_id":"137","to_stop_id":"119","from_stop_name":"Chambers St","to_stop_name":"103 St","edge_sequence":3,"edge_sequence_range":[3,3],"representative_edge_geometry_source":"1..N03R","representative_edge_geometry_sources":["1..N03R"],"edge_geometry_confidence":"high","visual_edge_metadata":[],"geometry_reversal_count":0,"internal_stitch_valid":true,"max_internal_snap_distance_m":0,"branch_representative_geometry_used":null,"branch_representative_warning":null,"canonical_direction_id":"mixed","canonical_direction_count":2,"collapsed_direction_count":2,"direction_collapse_reason":"visual-edge-direction-collapse","representative_shape_id":"1..N03R","canonical_feature_count":6,"color":"#D82233","visual_family":"1-2-3","visual_branch_id":"1-main","raw_group_sequence":3000,"group_sequence":1,"group_id":"group-1-2-3-1-2-3","merged_group_ids":["group-1-2-3-1-2-3"],"group_member_routes":["1","2","3"],"group_member_visual_routes":["1","2","3"],"group_lane_order":["1","2","3"],"group_lane_order_visual":["1","2","3"],"group_lane_count":3,"visual_lane_slot":-1,"visual_z_order":179,"corridor_id":null,"segment_kind":"group","render_style":"subway-ribbon-v1","source":"group-corridors","debug_id":"1:1-main:group:1:e9662d75c337","feature_length_m":10150.76,"assignment_reason":"merged validated visual edges with compatible render state","handoff_node_id":"handoff-1-1-main--73.96838,40.79945","handoff_reason":"detected-corridor-exit","handoff_kind":"divergence","handoff_from_group_id":"group-1-2-3-1-2-3","handoff_to_group_id":null,"handoff_from_lane_slot":-1,"handoff_to_lane_slot":0,"start_handoff_node_id":"handoff-1-1-main--74.00927,40.71548","start_handoff_reason":"detected-corridor-entry","start_handoff_kind":"merge","start_handoff_from_group_id":null,"start_handoff_to_group_id":"group-1-2-3-1-2-3","start_handoff_from_lane_slot":0,"start_handoff_to_lane_slot":-1,"end_handoff_node_id":"handoff-1-1-main--73.96838,40.79945","end_handoff_reason":"detected-corridor-exit","end_handoff_kind":"divergence","end_handoff_from_group_id":"group-1-2-3-1-2-3","end_handoff_to_group_id":null,"end_handoff_from_lane_slot":-1,"end_handoff_to_lane_slot":0,"effective_render_key":"1|1-main|lane:-1|z:179|color:#D82233|kind:group|style:subway-ribbon-v1","merged_debug_ids":["1:1-main:group:0:303ca55e5fb7","1:1-main:group:0:33111806e0a2","1:1-main:group:0:63574befbacc","1:1-main:group:0:23334fbbd0d3","1:1-main:group:0:46dabba5a816","1:1-main:group:0:53ce1ad41c8f","1:1-main:group:0:d038df0b9491","1:1-main:group:0:3fe88afb102d","1:1-main:group:0:41596c8746b6","1:1-main:group:0:ebcdd56a2c72","1:1-main:group:0:d990e8c6d4e8","1:1-main:group:0:abbcd07e0881","1:1-main:group:0:36ad89b08d24","1:1-main:group:0:ac47cbd11f96","1:1-main:group:0:a2e3bd17a2a7","1:1-main:group:0:d3efba27bc71","1:1-main:group:0:23680d8eb514","1:1-main:group:0:1f144ca03625"]},"geometry":{"type":"LineString","coordinates":[[-74.009266,40.715478],[-74.00737368023408,40.71808386760478],[-74.00735168030558,40.718114867586216],[-74.00733068037938,40.71814686756706],[-74.0073106804532,40.7181788675479],[-74.0072916805293,40.71821186752813],[-74.00727468060542,40.71824486750838],[-74.00725768068615,40.718279867487425],[-74.00724168076457,40.71831386746707],[-74.0072276808476,40.718349867445504],[-74.00721368093065,40.718385867423954],[-74.00720168101368,40.7184218674024],[-74.00719068110133,40.71845986737964],[-74.00717968118897,40.718497867356895],[-74.00717068127663,40.71853586733413],[-74.00716268136658,40.718574867310785],[-74.00715568145885,40.71861486728684],[-74.00701068320035,40.71936986683476],[-74.00640169135744,40.72290586471734],[-74.00549170381038,40.72830286148508],[-74.00538470538886,40.7289868610754],[-74.00534570592889,40.72922086093524],[-74.00532170619196,40.72933486086696],[-74.0052847064943,40.729465860788494],[-74.00523670676661,40.72958386071782],[-74.00518670702047,40.72969386065193],[-74.00505970757206,40.729932860508775],[-74.00480670858754,40.730372860245225],[-74.00303071574496,40.733473858387676],[-74.00157672163375,40.73602485685946],[-74.00146972207007,40.736213856746225],[-74.00135372252255,40.73640985662881],[-74.0012137230466,40.73663685649281],[-74.00109772345294,40.73681285638737],[-74.00032572591172,40.73787785574931],[-73.99799573333274,40.741091853823626],[-73.99578174035538,40.74413285200143],[-73.9934897475939,40.74726685012332],[-73.99118175488898,40.75042484823065],[-73.9876197662497,40.7553418452834],[-73.98613377099164,40.75739384405329],[-73.98590960093044,40.75769142873516],[-73.98583699324737,40.75780512322124],[-73.98576822007594,40.75792348237944],[-73.9857015834086,40.75805317135193],[-73.98564815721994,40.75818735887107],[-73.98555674722577,40.75840736373315],[-73.98546741880243,40.75865902687089],[-73.98520069183682,40.75943225181343],[-73.98509690447395,40.75974062968878],[-73.98497750107768,40.760047498913956],[-73.98486013515162,40.76031681038575],[-73.98471078513307,40.76062876313111],[-73.98457426975553,40.760864406839595],[-73.98442032935525,40.76108964173727],[-73.98397680626421,40.761775425320074],[-73.98348577147055,40.76253348132519],[-73.98316577199125,40.76302748198741],[-73.98292376926472,40.763454545395945],[-73.98275727474014,40.76375564389081],[-73.9825966187297,40.764068126032505],[-73.98245611490668,40.76441749573785],[-73.98229285613391,40.76485059817915],[-73.9822016536689,40.765149332284956],[-73.98211672637063,40.76548151517964],[-73.98205083044095,40.765823598222234],[-73.98189635978375,40.76682056833467],[-73.98184347365499,40.767183815863596],[-73.98183103394206,40.76733096795484],[-73.98183625606923,40.767436482818944],[-73.981839307023,40.767558976176936],[-73.98185909845985,40.76766683654921],[-73.98188427147782,40.767755763742116],[-73.98191961874123,40.76787053503782],[-73.98206462344254,40.76821429191077],[-73.98214819279194,40.76842267720398],[-73.98219132235866,40.76855658657191],[-73.98221837763245,40.76867718626526],[-73.98222992007946,40.76878577751936],[-73.98224031338887,40.76922009282474],[-73.98235131644468,40.77343785214498],[-73.98235434556163,40.77416566267188],[-73.98223329953534,40.7774989650025],[-73.98220003579748,40.777876205738394],[-73.98214949049263,40.778222861572125],[-73.98211135964296,40.778465728042086],[-73.98204736043914,40.77883472797237],[-73.98189836174242,40.779438727858256],[-73.98145536513026,40.78100872756162],[-73.9810653676314,40.782167727342625],[-73.98098836810401,40.782386727301244],[-73.98088936863924,40.78263472725439],[-73.98080536901043,40.78280672722189],[-73.98071336939026,40.78298272718863],[-73.98061436977657,40.78316172715481],[-73.98051237013053,40.78332572712382],[-73.98005837147078,40.78394672700648],[-73.97779737798706,40.786965726436],[-73.97724837938587,40.78761372631355],[-73.97635938163741,40.78865672611645],[-73.9760833823131,40.7889697260573],[-73.97246439302644,40.793931725119556],[-73.97240639321214,40.7940177251033],[-73.9691214029325,40.798518724252595],[-73.96907240307073,40.79858272424049],[-73.96902340321111,40.7986477242282],[-73.96897640334934,40.79871172421611],[-73.96893040348758,40.79877572420401],[-73.96888640362582,40.79883972419192],[-73.96884340376188,40.79890272418001],[-73.96880140390012,40.79896672416792],[-73.96876140403403,40.799028724156194],[-73.9687234041701,40.79909172414428],[-73.96868540430401,40.799153724132566],[-73.96864657809441,40.799215379811585],[-73.96857668240035,40.799273239744444],[-73.96850860932534,40.79933208372729],[-73.96844380469163,40.79938904186075],[-73.968379,40.799446]]}},{"type":"Feature","id":"1:1-main:solo:2:e8c80c4a9875","properties":{"route_id":"1","canonical_route_id":"1","visual_route_id":"1","visual_route_normalization_reason":"identity","display_route":"1","shape_id":"1..N03R","source_shape_ids":["1..N03R","1..N10R","1..N14R","1..S03R","1..S04R","1..S12R"],"raw_route_ids":["1"],"raw_shape_ids":["1..N03R","1..N10R","1..N14R","1..S03R","1..S04R","1..S12R"],"visual_edge_ids":["1:118-119","1:117-118","1:116-117","1:115-116","1:114-115","1:113-114","1:112-113","1:111-112","1:110-111","1:109-110","1:108-109","1:107-108","1:106-107","1:104-106","1:103-104","1:101-103"],"edge_count":16,"from_stop_id":"119","to_stop_id":"101","from_stop_name":"103 St","to_stop_name":"Van Cortlandt Park-242 St","edge_sequence":21,"edge_sequence_range":[21,21],"representative_edge_geometry_source":"1..N03R","representative_edge_geometry_sources":["1..N03R"],"edge_geometry_confidence":"high","visual_edge_metadata":[],"geometry_reversal_count":0,"internal_stitch_valid":true,"max_internal_snap_distance_m":0,"branch_representative_geometry_used":null,"branch_representative_warning":null,"canonical_direction_id":"mixed","canonical_direction_count":2,"collapsed_direction_count":2,"direction_collapse_reason":"visual-edge-direction-collapse","representative_shape_id":"1..N03R","canonical_feature_count":6,"color":"#D82233","visual_family":"1-2-3","visual_branch_id":"1-main","raw_group_sequence":21000,"group_sequence":2,"group_id":null,"merged_group_ids":[],"group_member_routes":[],"group_member_visual_routes":[],"group_lane_order":[],"group_lane_order_visual":[],"group_lane_count":1,"visual_lane_slot":0,"visual_z_order":180,"corridor_id":null,"segment_kind":"solo","render_style":"subway-ribbon-v1","source":"group-corridors","debug_id":"1:1-main:solo:2:e8c80c4a9875","feature_length_m":11727.07,"assignment_reason":"merged validated solo visual edges with compatible render state","handoff_node_id":"handoff-1-1-main--73.96838,40.79945","handoff_reason":"detected-corridor-exit","handoff_kind":"divergence","handoff_from_group_id":"group-1-2-3-1-2-3","handoff_to_group_id":null,"handoff_from_lane_slot":-1,"handoff_to_lane_slot":0,"start_handoff_node_id":"handoff-1-1-main--73.96838,40.79945","start_handoff_reason":"detected-corridor-exit","start_handoff_kind":"divergence","start_handoff_from_group_id":"group-1-2-3-1-2-3","start_handoff_to_group_id":null,"start_handoff_from_lane_slot":-1,"start_handoff_to_lane_slot":0,"end_handoff_node_id":"terminal-1-1-main-end","end_handoff_reason":"terminal","end_handoff_kind":"terminal","end_handoff_from_group_id":null,"end_handoff_to_group_id":null,"end_handoff_from_lane_slot":0,"end_handoff_to_lane_slot":0,"effective_render_key":"1|1-main|lane:0|z:180|color:#D82233|kind:solo|style:subway-ribbon-v1","merged_debug_ids":["1:1-main:solo:0:32501c9b28db","1:1-main:solo:0:6a26e34d3bb6","1:1-main:solo:0:f0472e427926","1:1-main:solo:0:a17544c8434a","1:1-main:solo:0:c36dc1774eea","1:1-main:solo:0:3e6cf2484627","1:1-main:solo:0:e91f5dc0e559","1:1-main:solo:0:fbc49ddfd06d","1:1-main:solo:0:fdb04969757c","1:1-main:solo:0:f57d938e7775","1:1-main:solo:0:8b277ba20ea0","1:1-main:solo:0:b7f9f941cd5b","1:1-main:solo:0:b5c5cc716943","1:1-main:solo:0:1f1477a76c14","1:1-main:solo:0:dbb7c760037b","1:1-main:solo:0:4a17235969ec"]},"geometry":{"type":"LineString","coordinates":[[-73.968379,40.799446],[-73.96821,40.799772],[-73.968082,40.800124],[-73.96798,40.80051],[-73.967929,40.80087],[-73.967832,40.801984],[-73.967789,40.802298],[-73.967719,40.802605],[-73.967649,40.802781],[-73.967582,40.802929],[-73.967465,40.803121],[-73.967313,40.803324],[-73.966847,40.803967],[-73.96411,40.807722],[-73.958372,40.815581],[-73.953676,40.822008],[-73.95036,40.826551],[-73.94489,40.834041],[-73.940133,40.840556],[-73.933596,40.849505],[-73.929412,40.855225],[-73.925536,40.860531],[-73.92519,40.861],[-73.925109,40.861102],[-73.925016,40.861204],[-73.924914,40.861303],[-73.924807,40.861396],[-73.924645,40.861516],[-73.924492,40.861621],[-73.924333,40.861712],[-73.924151,40.861805],[-73.923966,40.861888],[-73.920631,40.863121],[-73.920305,40.863239],[-73.920049,40.863349],[-73.919867,40.863451],[-73.919696,40.863561],[-73.919565,40.863669],[-73.919442,40.863782],[-73.919309,40.86395],[-73.918822,40.864621],[-73.915279,40.869444],[-73.914666,40.870276],[-73.914141,40.870986],[-73.913803,40.871376],[-73.913415,40.871758],[-73.913,40.872111],[-73.912201,40.872766],[-73.910249,40.874278],[-73.909831,40.874561],[-73.90965,40.874686],[-73.908878,40.875276],[-73.908261,40.87577],[-73.90795,40.876002],[-73.907623,40.876213],[-73.907296,40.876388],[-73.906883,40.876597],[-73.906585,40.876765],[-73.906305,40.876957],[-73.906061,40.877176],[-73.905744,40.877584],[-73.904834,40.878856],[-73.902223,40.882525],[-73.901899,40.882988],[-73.901602,40.883467],[-73.900991,40.884461],[-73.90087,40.884667],[-73.90073,40.884928],[-73.900041,40.886309],[-73.899616,40.887195],[-73.898583,40.889248]]}},{"type":"Feature","id":"2:2-main:solo:0:5435b6ed32d6","properties":{"route_id":"2","canonical_route_id":"2","visual_route_id":"2","visual_route_normalization_reason":"identity","display_route":"2","shape_id":"2..N08R","source_shape_ids":["2..N08R","2..S07R","2..S08R"],"raw_route_ids":["2"],"raw_shape_ids":["2..N08R","2..S07R","2..S08R"],"visual_edge_ids":["2:246-247","2:245-246","2:244-245","2:243-244","2:242-243"],"edge_count":5,"from_stop_id":"247","to_stop_id":"242","from_stop_name":"Flatbush Av-Brooklyn College","to_stop_name":"Sterling St","edge_sequence":0,"edge_sequence_range":[0,4],"representative_edge_geometry_source":"2..N08R","representative_edge_geometry_sources":["2..N08R","2..N08R","2..N08R","2..N08R","2..N08R"],"edge_geometry_confidence":"high","visual_edge_metadata":[{"visual_edge_id":"2:246-247","edge_sequence":0,"from_stop_id":"247","to_stop_id":"246","from_stop_name":"Flatbush Av-Brooklyn College","to_stop_name":"Newkirk Av-Little Haiti","raw_shape_ids":["2..N08R","2..S07R","2..S08R"],"candidate_shape_ids":["2..N08R","2..S07R","2..S08R"],"candidate_direction_ids":["N","S"],"representative_edge_geometry_source":"2..N08R","representative_edge_geometry_sources":["2..N08R"],"representative_shape_id":"2..N08R","canonical_direction_id":"mixed","canonical_direction_count":2,"collapsed_direction_count":2,"direction_collapse_reason":"route-2-local-edge-direction-collapse","geometry_reversed":false,"geometry_orientation":"chain-direction","edge_length_m":795.58,"start_coordinate":[-73.947642,40.632836],"end_coordinate":[-73.948411,40.639967],"endpoint_snap_distance_m":0,"internal_stitch_valid":true,"edge_geometry_confidence":"high","geometry_selection_reason":"selected candidate matching 2-main stop-pair direction","chain_source_shape_id":"2..N08R","branch_representative_geometry_used":false,"branch_representative_warning":null,"group_id":null,"visual_lane_slot":0,"visual_z_order":230,"segment_kind":"solo","effective_render_key":"2|2-main|lane:0|z:230|color:#D82233|kind:solo|style:subway-ribbon-v1","assignment_reason":"solo edge: no active corridor group for this local visual edge","base_color_layer_visible":true,"base_casing_layer_visible":true,"base_glow_layer_visible":true,"highlight_only":false},{"visual_edge_id":"2:245-246","edge_sequence":1,"from_stop_id":"246","to_stop_id":"245","from_stop_name":"Newkirk Av-Little Haiti","to_stop_name":"Beverly Rd","raw_shape_ids":["2..N08R","2..S07R","2..S08R"],"candidate_shape_ids":["2..N08R","2..S07R","2..S08R"],"candidate_direction_ids":["N","S"],"representative_edge_geometry_source":"2..N08R","representative_edge_geometry_sources":["2..N08R"],"representative_shape_id":"2..N08R","canonical_direction_id":"mixed","canonical_direction_count":2,"collapsed_direction_count":2,"direction_collapse_reason":"route-2-local-edge-direction-collapse","geometry_reversed":false,"geometry_orientation":"chain-direction","edge_length_m":572.41,"start_coordinate":[-73.948411,40.639967],"end_coordinate":[-73.948959,40.645098],"endpoint_snap_distance_m":0,"internal_stitch_valid":true,"edge_geometry_confidence":"high","geometry_selection_reason":"selected candidate matching 2-main stop-pair direction","chain_source_shape_id":"2..N08R","branch_representative_geometry_used":false,"branch_representative_warning":null,"group_id":null,"visual_lane_slot":0,"visual_z_order":230,"segment_kind":"solo","effective_render_key":"2|2-main|lane:0|z:230|color:#D82233|kind:solo|style:subway-ribbon-v1","assignment_reason":"solo edge: no active corridor group for this local visual edge","base_color_layer_visible":true,"base_casing_layer_visible":true,"base_glow_layer_visible":true,"highlight_only":false},{"visual_edge_id":"2:244-245","edge_sequence":2,"from_stop_id":"245","to_stop_id":"244","from_stop_name":"Beverly Rd","to_stop_name":"Church Av","raw_shape_ids":["2..N08R","2..S07R","2..S08R"],"candidate_shape_ids":["2..N08R","2..S07R","2..S08R"],"candidate_direction_ids":["N","S"],"representative_edge_geometry_source":"2..N08R","representative_edge_geometry_sources":["2..N08R"],"representative_shape_id":"2..N08R","canonical_direction_id":"mixed","canonical_direction_count":2,"collapsed_direction_count":2,"direction_collapse_reason":"route-2-local-edge-direction-collapse","geometry_reversed":false,"geometry_orientation":"chain-direction","edge_length_m":640.93,"start_coordinate":[-73.948959,40.645098],"end_coordinate":[-73.949575,40.650843],"endpoint_snap_distance_m":0,"internal_stitch_valid":true,"edge_geometry_confidence":"high","geometry_selection_reason":"selected candidate matching 2-main stop-pair direction","chain_source_shape_id":"2..N08R","branch_representative_geometry_used":false,"branch_representative_warning":null,"group_id":null,"visual_lane_slot":0,"visual_z_order":230,"segment_kind":"solo","effective_render_key":"2|2-main|lane:0|z:230|color:#D82233|kind:solo|style:subway-ribbon-v1","assignment_reason":"solo edge: no active corridor group for this local visual edge","base_color_layer_visible":true,"base_casing_layer_visible":true,"base_glow_layer_visible":true,"highlight_only":false},{"visual_edge_id":"2:243-244","edge_sequence":3,"from_stop_id":"244","to_stop_id":"243","from_stop_name":"Church Av","to_stop_name":"Winthrop St","raw_shape_ids":["2..N08R","2..S07R","2..S08R"],"candidate_shape_ids":["2..N08R","2..S07R","2..S08R"],"candidate_direction_ids":["N","S"],"representative_edge_geometry_source":"2..N08R","representative_edge_geometry_sources":["2..N08R"],"representative_shape_id":"2..N08R","canonical_direction_id":"mixed","canonical_direction_count":2,"collapsed_direction_count":2,"direction_collapse_reason":"route-2-local-edge-direction-collapse","geometry_reversed":false,"geometry_orientation":"chain-direction","edge_length_m":648.08,"start_coordinate":[-73.949575,40.650843],"end_coordinate":[-73.9502,40.656652],"endpoint_snap_distance_m":0,"internal_stitch_valid":true,"edge_geometry_confidence":"high","geometry_selection_reason":"selected candidate matching 2-main stop-pair direction","chain_source_shape_id":"2..N08R","branch_representative_geometry_used":false,"branch_representative_warning":null,"group_id":null,"visual_lane_slot":0,"visual_z_order":230,"segment_kind":"solo","effective_render_key":"2|2-main|lane:0|z:230|color:#D82233|kind:solo|style:subway-ribbon-v1","assignment_reason":"solo edge: no active corridor group for this local visual edge","base_color_layer_visible":true,"base_casing_layer_visible":true,"base_glow_layer_visible":true,"highlight_only":false},{"visual_edge_id":"2:242-243","edge_sequence":4,"from_stop_id":"243","to_stop_id":"242","from_stop_name":"Winthrop St","to_stop_name":"Sterling St","raw_shape_ids":["2..N08R","2..S07R","2..S08R"],"candidate_shape_ids":["2..N08R","2..S07R","2..S08R"],"candidate_direction_ids":["N","S"],"representative_edge_geometry_source":"2..N08R","representative_edge_geometry_sources":["2..N08R"],"representative_shape_id":"2..N08R","canonical_direction_id":"mixed","canonical_direction_count":2,"collapsed_direction_count":2,"direction_collapse_reason":"route-2-local-edge-direction-collapse","geometry_reversed":false,"geometry_orientation":"chain-direction","edge_length_m":679.39,"start_coordinate":[-73.9502,40.656652],"end_coordinate":[-73.95085,40.662742],"endpoint_snap_distance_m":0,"internal_stitch_valid":true,"edge_geometry_confidence":"high","geometry_selection_reason":"selected candidate matching 2-main stop-pair direction","chain_source_shape_id":"2..N08R","branch_representative_geometry_used":false,"branch_representative_warning":null,"group_id":null,"visual_lane_slot":0,"visual_z_order":230,"segment_kind":"solo","effective_render_key":"2|2-main|lane:0|z:230|color:#D82233|kind:solo|style:subway-ribbon-v1","assignment_reason":"solo edge: no active corridor group for this local visual edge","base_color_layer_visible":true,"base_casing_layer_visible":true,"base_glow_layer_visible":true,"highlight_only":false}],"geometry_reversal_count":0,"internal_stitch_valid":true,"max_internal_snap_distance_m":0,"branch_representative_geometry_used":false,"branch_representative_warning":null,"canonical_direction_id":"mixed","canonical_direction_count":2,"collapsed_direction_count":2,"direction_collapse_reason":"route-2-local-edge-direction-collapse","representative_shape_id":"2..N08R","canonical_feature_count":3,"color":"#D82233","visual_family":"1-2-3","visual_branch_id":"2-main","raw_group_sequence":0,"group_sequence":0,"group_id":null,"merged_group_ids":[],"group_member_routes":[],"group_member_visual_routes":[],"group_lane_order":[],"group_lane_order_visual":[],"group_lane_count":1,"visual_lane_slot":0,"visual_z_order":230,"corridor_id":null,"segment_kind":"solo","render_style":"subway-ribbon-v1","source":"group-corridors","debug_id":"2:2-main:solo:0:5435b6ed32d6","feature_length_m":3336.39,"assignment_reason":"merged validated solo visual edges with compatible render state","handoff_node_id":"handoff-2-2-main--73.95085,40.66274","handoff_reason":"detected-corridor-entry","handoff_kind":"merge","handoff_from_group_id":null,"handoff_to_group_id":"group-manual-eastern-pkwy-grand-army","handoff_from_lane_slot":0,"handoff_to_lane_slot":-1.5,"start_handoff_node_id":"terminal-2-2-main-start","start_handoff_reason":"terminal","start_handoff_kind":"terminal","start_handoff_from_group_id":null,"start_handoff_to_group_id":null,"start_handoff_from_lane_slot":0,"start_handoff_to_lane_slot":0,"end_handoff_node_id":"handoff-2-2-main--73.95085,40.66274","end_handoff_reason":"detected-corridor-entry","end_handoff_kind":"merge","end_handoff_from_group_id":null,"end_handoff_to_group_id":"group-manual-eastern-pkwy-grand-army","end_handoff_from_lane_slot":0,"end_handoff_to_lane_slot":-1.5,"effective_render_key":"2|2-main|lane:0|z:230|color:#D82233|kind:solo|style:subway-ribbon-v1","merged_debug_ids":["2:2-main:solo:0:b902b888b6f4","2:2-main:solo:0:7cb26a79bbef","2:2-main:solo:0:fa2b1cc713ce","2:2-main:solo:0:daed108b23a4","2:2-main:solo:0:da30deeb48ba"]},"geometry":{"type":"LineString","coordinates":[[-73.947642,40.632836],[-73.948411,40.639967],[-73.948959,40.645098],[-73.949575,40.650843],[-73.9502,40.656652],[-73.95085,40.662742]]}},{"type":"Feature","id":"2:2-main:group:1:610ddc7c2a9c","properties":{"route_id":"2","canonical_route_id":"2","visual_route_id":"2","visual_route_normalization_reason":"identity","display_route":"2","shape_id":"2..N08R","source_shape_ids":["2..N08R","2..S07R","2..S08R","2..N03R","2..S06R"],"raw_route_ids":["2"],"raw_shape_ids":["2..N08R","2..S07R","2..S08R","2..N03R","2..S06R"],"visual_edge_ids":["2:241-242","2:239-241","2:238-239","2:237-238","2:236-237","2:235-236","2:234-235"],"edge_count":7,"from_stop_id":"242","to_stop_id":"234","from_stop_name":"Sterling St","to_stop_name":"Nevins St","edge_sequence":5,"edge_sequence_range":[5,11],"representative_edge_geometry_source":"2..N08R","representative_edge_geometry_sources":["2..N08R","2..N08R","2..N03R","2..N03R","2..N03R","2..N03R","2..N03R"],"edge_geometry_confidence":"high","visual_edge_metadata":[{"visual_edge_id":"2:241-242","edge_sequence":5,"from_stop_id":"242","to_stop_id":"241","from_stop_name":"Sterling St","to_stop_name":"President St-Medgar Evers College","raw_shape_ids":["2..N08R","2..S07R","2..S08R"],"candidate_shape_ids":["2..N08R","2..S07R","2..S08R"],"candidate_direction_ids":["N","S"],"representative_edge_geometry_source":"2..N08R","representative_edge_geometry_sources":["2..N08R"],"representative_shape_id":"2..N08R","canonical_direction_id":"mixed","canonical_direction_count":2,"collapsed_direction_count":2,"direction_collapse_reason":"route-2-local-edge-direction-collapse","geometry_reversed":false,"geometry_orientation":"chain-direction","edge_length_m":573,"start_coordinate":[-73.95085,40.662742],"end_coordinate":[-73.950683,40.667883],"endpoint_snap_distance_m":0,"internal_stitch_valid":true,"edge_geometry_confidence":"high","geometry_selection_reason":"selected candidate matching 2-main stop-pair direction","chain_source_shape_id":"2..N08R","branch_representative_geometry_used":false,"branch_representative_warning":null,"group_id":"group-manual-eastern-pkwy-grand-army","visual_lane_slot":-1.5,"visual_z_order":285,"segment_kind":"group","effective_render_key":"2|2-main|lane:-1.5|z:285|color:#D82233|kind:group|style:subway-ribbon-v1","assignment_reason":"grouped edge: local visual edge matched a derived corridor group","base_color_layer_visible":true,"base_casing_layer_visible":true,"base_glow_layer_visible":true,"highlight_only":false},{"visual_edge_id":"2:239-241","edge_sequence":6,"from_stop_id":"241","to_stop_id":"239","from_stop_name":"President St-Medgar Evers College","to_stop_name":"Franklin Av-Medgar Evers College","raw_shape_ids":["2..N08R","2..S07R","2..S08R"],"candidate_shape_ids":["2..N08R","2..S07R","2..S08R"],"candidate_direction_ids":["N","S"],"representative_edge_geometry_source":"2..N08R","representative_edge_geometry_sources":["2..N08R"],"representative_shape_id":"2..N08R","canonical_direction_id":"mixed","canonical_direction_count":2,"collapsed_direction_count":2,"direction_collapse_reason":"route-2-local-edge-direction-collapse","geometry_reversed":false,"geometry_orientation":"chain-direction","edge_length_m":839.89,"start_coordinate":[-73.950683,40.667883],"end_coordinate":[-73.958131,40.670682],"endpoint_snap_distance_m":0,"internal_stitch_valid":true,"edge_geometry_confidence":"high","geometry_selection_reason":"selected candidate matching 2-main stop-pair direction","chain_source_shape_id":"2..N08R","branch_representative_geometry_used":false,"branch_representative_warning":null,"group_id":"group-manual-eastern-pkwy-grand-army","visual_lane_slot":-1.5,"visual_z_order":285,"segment_kind":"group","effective_render_key":"2|2-main|lane:-1.5|z:285|color:#D82233|kind:group|style:subway-ribbon-v1","assignment_reason":"grouped edge: local visual edge matched a derived corridor group","base_color_layer_visible":true,"base_casing_layer_visible":true,"base_glow_layer_visible":true,"highlight_only":false},{"visual_edge_id":"2:238-239","edge_sequence":7,"from_stop_id":"239","to_stop_id":"238","from_stop_name":"Franklin Av-Medgar Evers College","to_stop_name":"Eastern Pkwy-Brooklyn Museum","raw_shape_ids":["2..N03R","2..N08R","2..S06R","2..S07R","2..S08R"],"candidate_shape_ids":["2..N03R","2..N08R","2..S06R","2..S07R","2..S08R"],"candidate_direction_ids":["N","S"],"representative_edge_geometry_source":"2..N03R","representative_edge_geometry_sources":["2..N03R"],"representative_shape_id":"2..N03R","canonical_direction_id":"mixed","canonical_direction_count":2,"collapsed_direction_count":2,"direction_collapse_reason":"route-2-local-edge-direction-collapse","geometry_reversed":false,"geometry_orientation":"chain-direction","edge_length_m":546.23,"start_coordinate":[-73.958131,40.670682],"end_coordinate":[-73.964375,40.671987],"endpoint_snap_distance_m":0,"internal_stitch_valid":true,"edge_geometry_confidence":"high","geometry_selection_reason":"selected candidate matching 2-main stop-pair direction","chain_source_shape_id":"2..N08R","branch_representative_geometry_used":false,"branch_representative_warning":null,"group_id":"group-manual-eastern-pkwy-grand-army","visual_lane_slot":-1.5,"visual_z_order":285,"segment_kind":"group","effective_render_key":"2|2-main|lane:-1.5|z:285|color:#D82233|kind:group|style:subway-ribbon-v1","assignment_reason":"grouped edge: local visual edge matched a derived corridor group","base_color_layer_visible":true,"base_casing_layer_visible":true,"base_glow_layer_visible":true,"highlight_only":false},{"visual_edge_id":"2:237-238","edge_sequence":8,"from_stop_id":"238","to_stop_id":"237","from_stop_name":"Eastern Pkwy-Brooklyn Museum","to_stop_name":"Grand Army Plaza","raw_shape_ids":["2..N03R","2..N08R","2..S06R","2..S07R","2..S08R"],"candidate_shape_ids":["2..N03R","2..N08R","2..S06R","2..S07R","2..S08R"],"candidate_direction_ids":["N","S"],"representative_edge_geometry_source":"2..N03R","representative_edge_geometry_sources":["2..N03R"],"representative_shape_id":"2..N03R","canonical_direction_id":"mixed","canonical_direction_count":2,"collapsed_direction_count":2,"direction_collapse_reason":"route-2-local-edge-direction-collapse","geometry_reversed":false,"geometry_orientation":"chain-direction","edge_length_m":707.22,"start_coordinate":[-73.964375,40.671987],"end_coordinate":[-73.971046,40.675235],"endpoint_snap_distance_m":0,"internal_stitch_valid":true,"edge_geometry_confidence":"high","geometry_selection_reason":"selected candidate matching 2-main stop-pair direction","chain_source_shape_id":"2..N08R","branch_representative_geometry_used":false,"branch_representative_warning":null,"group_id":"group-manual-eastern-pkwy-grand-army","visual_lane_slot":-1.5,"visual_z_order":285,"segment_kind":"group","effective_render_key":"2|2-main|lane:-1.5|z:285|color:#D82233|kind:group|style:subway-ribbon-v1","assignment_reason":"grouped edge: local visual edge matched a derived corridor group","base_color_layer_visible":true,"base_casing_layer_visible":true,"base_glow_layer_visible":true,"highlight_only":false},{"visual_edge_id":"2:236-237","edge_sequence":9,"from_stop_id":"237","to_stop_id":"236","from_stop_name":"Grand Army Plaza","to_stop_name":"Bergen St","raw_shape_ids":["2..N03R","2..N08R","2..S06R","2..S07R","2..S08R"],"candidate_shape_ids":["2..N03R","2..N08R","2..S06R","2..S07R","2..S08R"],"candidate_direction_ids":["N","S"],"representative_edge_geometry_source":"2..N03R","representative_edge_geometry_sources":["2..N03R"],"representative_shape_id":"2..N03R","canonical_direction_id":"mixed","canonical_direction_count":2,"collapsed_direction_count":2,"direction_collapse_reason":"route-2-local-edge-direction-collapse","geometry_reversed":false,"geometry_orientation":"chain-direction","edge_length_m":709.7,"start_coordinate":[-73.971046,40.675235],"end_coordinate":[-73.975098,40.680829],"endpoint_snap_distance_m":0,"internal_stitch_valid":true,"edge_geometry_confidence":"high","geometry_selection_reason":"selected candidate matching 2-main stop-pair direction","chain_source_shape_id":"2..N08R","branch_representative_geometry_used":false,"branch_representative_warning":null,"group_id":"group-manual-eastern-pkwy-grand-army","visual_lane_slot":-1.5,"visual_z_order":285,"segment_kind":"group","effective_render_key":"2|2-main|lane:-1.5|z:285|color:#D82233|kind:group|style:subway-ribbon-v1","assignment_reason":"grouped edge: local visual edge matched a derived corridor group","base_color_layer_visible":true,"base_casing_layer_visible":true,"base_glow_layer_visible":true,"highlight_only":false},{"visual_edge_id":"2:235-236","edge_sequence":10,"from_stop_id":"236","to_stop_id":"235","from_stop_name":"Bergen St","to_stop_name":"Atlantic Av-Barclays Ctr","raw_shape_ids":["2..N03R","2..N08R","2..S06R","2..S07R","2..S08R"],"candidate_shape_ids":["2..N03R","2..N08R","2..S06R","2..S07R","2..S08R"],"candidate_direction_ids":["N","S"],"representative_edge_geometry_source":"2..N03R","representative_edge_geometry_sources":["2..N03R"],"representative_shape_id":"2..N03R","canonical_direction_id":"mixed","canonical_direction_count":2,"collapsed_direction_count":2,"direction_collapse_reason":"route-2-local-edge-direction-collapse","geometry_reversed":false,"geometry_orientation":"chain-direction","edge_length_m":448.29,"start_coordinate":[-73.975098,40.680829],"end_coordinate":[-73.977666,40.684359],"endpoint_snap_distance_m":0,"internal_stitch_valid":true,"edge_geometry_confidence":"high","geometry_selection_reason":"selected candidate matching 2-main stop-pair direction","chain_source_shape_id":"2..N08R","branch_representative_geometry_used":false,"branch_representative_warning":null,"group_id":"group-manual-eastern-pkwy-grand-army","visual_lane_slot":-1.5,"visual_z_order":285,"segment_kind":"group","effective_render_key":"2|2-main|lane:-1.5|z:285|color:#D82233|kind:group|style:subway-ribbon-v1","assignment_reason":"grouped edge: local visual edge matched a derived corridor group","base_color_layer_visible":true,"base_casing_layer_visible":true,"base_glow_layer_visible":true,"highlight_only":false},{"visual_edge_id":"2:234-235","edge_sequence":11,"from_stop_id":"235","to_stop_id":"234","from_stop_name":"Atlantic Av-Barclays Ctr","to_stop_name":"Nevins St","raw_shape_ids":["2..N03R","2..N08R","2..S06R","2..S07R","2..S08R"],"candidate_shape_ids":["2..N03R","2..N08R","2..S06R","2..S07R","2..S08R"],"candidate_direction_ids":["N","S"],"representative_edge_geometry_source":"2..N03R","representative_edge_geometry_sources":["2..N03R"],"representative_shape_id":"2..N03R","canonical_direction_id":"mixed","canonical_direction_count":2,"collapsed_direction_count":2,"direction_collapse_reason":"route-2-local-edge-direction-collapse","geometry_reversed":false,"geometry_orientation":"chain-direction","edge_length_m":493.55,"start_coordinate":[-73.977666,40.684359],"end_coordinate":[-73.980492,40.688246],"endpoint_snap_distance_m":0,"internal_stitch_valid":true,"edge_geometry_confidence":"high","geometry_selection_reason":"selected candidate matching 2-main stop-pair direction","chain_source_shape_id":"2..N08R","branch_representative_geometry_used":false,"branch_representative_warning":null,"group_id":"group-manual-eastern-pkwy-grand-army","visual_lane_slot":-1.5,"visual_z_order":285,"segment_kind":"group","effective_render_key":"2|2-main|lane:-1.5|z:285|color:#D82233|kind:group|style:subway-ribbon-v1","assignment_reason":"grouped edge: local visual edge matched a derived corridor group","base_color_layer_visible":true,"base_casing_layer_visible":true,"base_glow_layer_visible":true,"highlight_only":false}],"geometry_reversal_count":0,"internal_stitch_valid":true,"max_internal_snap_distance_m":0,"branch_representative_geometry_used":false,"branch_representative_warning":null,"canonical_direction_id":"mixed","canonical_direction_count":2,"collapsed_direction_count":2,"direction_collapse_reason":"route-2-local-edge-direction-collapse","representative_shape_id":"2..N08R","canonical_feature_count":3,"color":"#D82233","visual_family":"1-2-3","visual_branch_id":"2-main","raw_group_sequence":5000,"group_sequence":1,"group_id":"group-manual-eastern-pkwy-grand-army","merged_group_ids":["group-manual-eastern-pkwy-grand-army"],"group_member_routes":["2","3","4","5"],"group_member_visual_routes":["2","3","4","5"],"group_lane_order":["2","3","4","5"],"group_lane_order_visual":["2","3","4","5"],"group_lane_count":4,"visual_lane_slot":-1.5,"visual_z_order":285,"corridor_id":"eastern-pkwy-grand-army","segment_kind":"group","render_style":"subway-ribbon-v1","source":"group-corridors","debug_id":"2:2-main:group:1:610ddc7c2a9c","feature_length_m":4310.17,"assignment_reason":"merged validated visual edges with compatible render state","handoff_node_id":"handoff-2-2-main--73.98049,40.68825","handoff_reason":"station-adjacent-membership-change","handoff_kind":"membership-change","handoff_from_group_id":"group-manual-eastern-pkwy-grand-army","handoff_to_group_id":"group-1-2-3-2-3","handoff_from_lane_slot":-1.5,"handoff_to_lane_slot":0,"start_handoff_node_id":"handoff-2-2-main--73.95085,40.66274","start_handoff_reason":"detected-corridor-entry","start_handoff_kind":"merge","start_handoff_from_group_id":null,"start_handoff_to_group_id":"group-manual-eastern-pkwy-grand-army","start_handoff_from_lane_slot":0,"start_handoff_to_lane_slot":-1.5,"end_handoff_node_id":"handoff-2-2-main--73.98049,40.68825","end_handoff_reason":"station-adjacent-membership-change","end_handoff_kind":"membership-change","end_handoff_from_group_id":"group-manual-eastern-pkwy-grand-army","end_handoff_to_group_id":"group-1-2-3-2-3","end_handoff_from_lane_slot":-1.5,"end_handoff_to_lane_slot":0,"effective_render_key":"2|2-main|lane:-1.5|z:285|color:#D82233|kind:group|style:subway-ribbon-v1","merged_debug_ids":["2:2-main:group:0:cb1ca58d6d7e","2:2-main:group:0:24e262a0b8a3","2:2-main:group:0:2c45cd3a6421","2:2-main:group:0:eed3de4f2608","2:2-main:group:0:f540f2fd76e4","2:2-main:group:0:c8184a1160f8","2:2-main:group:0:b864317a813a"]},"geometry":{"type":"LineString","coordinates":[[-73.95085,40.662742],[-73.95117969832371,40.663937706021066],[-73.95118669852229,40.663999706011154],[-73.95119269872728,40.66406370600093],[-73.95119769894188,40.66413070599022],[-73.95120169916291,40.66419970597919],[-73.9512036993903,40.664270705967844],[-73.95120469962413,40.66434370595618],[-73.95120469986756,40.664419705944034],[-73.9512027001174,40.664497705931566],[-73.95119970037685,40.66457870591862],[-73.9511957006395,40.66466070590552],[-73.95119070091178,40.66474570589193],[-73.95118370119364,40.66483370587787],[-73.95117570147873,40.664922705863646],[-73.95116670177342,40.66501470584895],[-73.95115470207452,40.66510870583392],[-73.95089571099598,40.66789370538882],[-73.95084471286371,40.66847670529564],[-73.95078161591104,40.66913178293098],[-73.95077147749049,40.66922614387862],[-73.95077015085808,40.6693028189687],[-73.95078162131372,40.66936146069506],[-73.95080235011633,40.66941638795531],[-73.9508315286605,40.66946718022302],[-73.95086740295562,40.669509570059994],[-73.95091373527441,40.66955029752614],[-73.95096832259252,40.66958669429661],[-73.95103554003491,40.66962122196872],[-73.9511154876606,40.66965321521064],[-73.95121049445062,40.669683546513056],[-73.95131777805798,40.66970919339293],[-73.95144204493492,40.66973200751589],[-73.95157867288034,40.669749714417854],[-73.95172815927747,40.669761179867386],[-73.95472801170912,40.669921705365574],[-73.95499650590058,40.66993462880365],[-73.95528036171503,40.669957195983116],[-73.95557998047258,40.66999789077475],[-73.95587261257609,40.670050743530524],[-73.95818671898695,40.67052592436889],[-73.96443072109346,40.671830924577556],[-73.96852072259153,40.67275892472595],[-73.96868672265612,40.67279892473234],[-73.96883472272714,40.67284292473937],[-73.96900272281916,40.67289992474849],[-73.96914372292409,40.67296492475889],[-73.96931472306454,40.6730519247728],[-73.96945272321145,40.67314292478735],[-73.9696017233971,40.67325792480574],[-73.9697497236199,40.67339592482781],[-73.96986172382493,40.673522924848115],[-73.9711017263371,40.67507892509696],[-73.97515373537068,40.68067292599178],[-73.97772174107281,40.684202926556594],[-73.97876374337018,40.68562492678415],[-73.980492,40.688246]]}},{"type":"Feature","id":"2:2-main:group:2:1317d0ad40d8","properties":{"route_id":"2","canonical_route_id":"2","visual_route_id":"2","visual_route_normalization_reason":"identity","display_route":"2","shape_id":"2..N03R","source_shape_ids":["2..N03R","2..N08R","2..S06R","2..S07R","2..S08R"],"raw_route_ids":["2"],"raw_shape_ids":["2..N03R","2..N08R","2..S06R","2..S07R","2..S08R"],"visual_edge_ids":["2:233-234","2:232-233","2:231-232","2:230-231","2:229-230","2:228-229"],"edge_count":6,"from_stop_id":"234","to_stop_id":"228","from_stop_name":"Nevins St","to_stop_name":"Park Place","edge_sequence":12,"edge_sequence_range":[12,17],"representative_edge_geometry_source":"2..N03R","representative_edge_geometry_sources":["2..N03R","2..N03R","2..N03R","2..N03R","2..N03R","2..N03R"],"edge_geometry_confidence":"high","visual_edge_metadata":[{"visual_edge_id":"2:233-234","edge_sequence":12,"from_stop_id":"234","to_stop_id":"233","from_stop_name":"Nevins St","to_stop_name":"Hoyt St","raw_shape_ids":["2..N03R","2..N08R","2..S06R","2..S07R","2..S08R"],"candidate_shape_ids":["2..N03R","2..N08R","2..S06R","2..S07R","2..S08R"],"candidate_direction_ids":["N","S"],"representative_edge_geometry_source":"2..N03R","representative_edge_geometry_sources":["2..N03R"],"representative_shape_id":"2..N03R","canonical_direction_id":"mixed","canonical_direction_count":2,"collapsed_direction_count":2,"direction_collapse_reason":"route-2-local-edge-direction-collapse","geometry_reversed":false,"geometry_orientation":"chain-direction","edge_length_m":471.91,"start_coordinate":[-73.980492,40.688246],"end_coordinate":[-73.985065,40.690545],"endpoint_snap_distance_m":0,"internal_stitch_valid":true,"edge_geometry_confidence":"high","geometry_selection_reason":"selected candidate matching 2-main stop-pair direction","chain_source_shape_id":"2..N08R","branch_representative_geometry_used":false,"branch_representative_warning":null,"group_id":"group-1-2-3-2-3","visual_lane_slot":0,"visual_z_order":230,"segment_kind":"group","effective_render_key":"2|2-main|lane:0|z:230|color:#D82233|kind:group|style:subway-ribbon-v1","assignment_reason":"grouped edge: local visual edge matched a derived corridor group","base_color_layer_visible":true,"base_casing_layer_visible":true,"base_glow_layer_visible":true,"highlight_only":false},{"visual_edge_id":"2:232-233","edge_sequence":13,"from_stop_id":"233","to_stop_id":"232","from_stop_name":"Hoyt St","to_stop_name":"Borough Hall","raw_shape_ids":["2..N03R","2..N08R","2..S06R","2..S07R","2..S08R"],"candidate_shape_ids":["2..N03R","2..N08R","2..S06R","2..S07R","2..S08R"],"candidate_direction_ids":["N","S"],"representative_edge_geometry_source":"2..N03R","representative_edge_geometry_sources":["2..N03R"],"representative_shape_id":"2..N03R","canonical_direction_id":"mixed","canonical_direction_count":2,"collapsed_direction_count":2,"direction_collapse_reason":"route-2-local-edge-direction-collapse","geometry_reversed":false,"geometry_orientation":"chain-direction","edge_length_m":528.57,"start_coordinate":[-73.985065,40.690545],"end_coordinate":[-73.989998,40.693219],"endpoint_snap_distance_m":0,"internal_stitch_valid":true,"edge_geometry_confidence":"high","geometry_selection_reason":"selected candidate matching 2-main stop-pair direction","chain_source_shape_id":"2..N08R","branch_representative_geometry_used":false,"branch_representative_warning":null,"group_id":"group-1-2-3-2-3","visual_lane_slot":0,"visual_z_order":230,"segment_kind":"group","effective_render_key":"2|2-main|lane:0|z:230|color:#D82233|kind:group|style:subway-ribbon-v1","assignment_reason":"grouped edge: local visual edge matched a derived corridor group","base_color_layer_visible":true,"base_casing_layer_visible":true,"base_glow_layer_visible":true,"highlight_only":false},{"visual_edge_id":"2:231-232","edge_sequence":14,"from_stop_id":"232","to_stop_id":"231","from_stop_name":"Borough Hall","to_stop_name":"Clark St","raw_shape_ids":["2..N03R","2..N08R","2..S06R","2..S07R","2..S08R"],"candidate_shape_ids":["2..N03R","2..N08R","2..S06R","2..S07R","2..S08R"],"candidate_direction_ids":["N","S"],"representative_edge_geometry_source":"2..N03R","representative_edge_geometry_sources":["2..N03R"],"representative_shape_id":"2..N03R","canonical_direction_id":"mixed","canonical_direction_count":2,"collapsed_direction_count":2,"direction_collapse_reason":"route-2-local-edge-direction-collapse","geometry_reversed":false,"geometry_orientation":"chain-direction","edge_length_m":582.11,"start_coordinate":[-73.989998,40.693219],"end_coordinate":[-73.993086,40.697466],"endpoint_snap_distance_m":0,"internal_stitch_valid":true,"edge_geometry_confidence":"high","geometry_selection_reason":"selected candidate matching 2-main stop-pair direction","chain_source_shape_id":"2..N08R","branch_representative_geometry_used":false,"branch_representative_warning":null,"group_id":"group-1-2-3-2-3","visual_lane_slot":0,"visual_z_order":230,"segment_kind":"group","effective_render_key":"2|2-main|lane:0|z:230|color:#D82233|kind:group|style:subway-ribbon-v1","assignment_reason":"grouped edge: local visual edge matched a derived corridor group","base_color_layer_visible":true,"base_casing_layer_visible":true,"base_glow_layer_visible":true,"highlight_only":false},{"visual_edge_id":"2:230-231","edge_sequence":15,"from_stop_id":"231","to_stop_id":"230","from_stop_name":"Clark St","to_stop_name":"Wall St","raw_shape_ids":["2..N03R","2..N08R","2..S06R","2..S07R","2..S08R"],"candidate_shape_ids":["2..N03R","2..N08R","2..S06R","2..S07R","2..S08R"],"candidate_direction_ids":["N","S"],"representative_edge_geometry_source":"2..N03R","representative_edge_geometry_sources":["2..N03R"],"representative_shape_id":"2..N03R","canonical_direction_id":"mixed","canonical_direction_count":2,"collapsed_direction_count":2,"direction_collapse_reason":"route-2-local-edge-direction-collapse","geometry_reversed":false,"geometry_orientation":"chain-direction","edge_length_m":1913.57,"start_coordinate":[-73.993086,40.697466],"end_coordinate":[-74.0091,40.706821],"endpoint_snap_distance_m":0,"internal_stitch_valid":true,"edge_geometry_confidence":"high","geometry_selection_reason":"selected candidate matching 2-main stop-pair direction","chain_source_shape_id":"2..N08R","branch_representative_geometry_used":false,"branch_representative_warning":null,"group_id":"group-1-2-3-2-3","visual_lane_slot":0,"visual_z_order":230,"segment_kind":"group","effective_render_key":"2|2-main|lane:0|z:230|color:#D82233|kind:group|style:subway-ribbon-v1","assignment_reason":"grouped edge: local visual edge matched a derived corridor group","base_color_layer_visible":true,"base_casing_layer_visible":true,"base_glow_layer_visible":true,"highlight_only":false},{"visual_edge_id":"2:229-230","edge_sequence":16,"from_stop_id":"230","to_stop_id":"229","from_stop_name":"Wall St","to_stop_name":"Fulton St","raw_shape_ids":["2..N03R","2..N08R","2..S06R","2..S07R","2..S08R"],"candidate_shape_ids":["2..N03R","2..N08R","2..S06R","2..S07R","2..S08R"],"candidate_direction_ids":["N","S"],"representative_edge_geometry_source":"2..N03R","representative_edge_geometry_sources":["2..N03R"],"representative_shape_id":"2..N03R","canonical_direction_id":"mixed","canonical_direction_count":2,"collapsed_direction_count":2,"direction_collapse_reason":"route-2-local-edge-direction-collapse","geometry_reversed":false,"geometry_orientation":"chain-direction","edge_length_m":358.81,"start_coordinate":[-74.0091,40.706821],"end_coordinate":[-74.006571,40.709416],"endpoint_snap_distance_m":0,"internal_stitch_valid":true,"edge_geometry_confidence":"high","geometry_selection_reason":"selected candidate matching 2-main stop-pair direction","chain_source_shape_id":"2..N08R","branch_representative_geometry_used":false,"branch_representative_warning":null,"group_id":"group-1-2-3-2-3","visual_lane_slot":0,"visual_z_order":230,"segment_kind":"group","effective_render_key":"2|2-main|lane:0|z:230|color:#D82233|kind:group|style:subway-ribbon-v1","assignment_reason":"grouped edge: local visual edge matched a derived corridor group","base_color_layer_visible":true,"base_casing_layer_visible":true,"base_glow_layer_visible":true,"highlight_only":false},{"visual_edge_id":"2:228-229","edge_sequence":17,"from_stop_id":"229","to_stop_id":"228","from_stop_name":"Fulton St","to_stop_name":"Park Place","raw_shape_ids":["2..N03R","2..N08R","2..S06R","2..S07R","2..S08R"],"candidate_shape_ids":["2..N03R","2..N08R","2..S06R","2..S07R","2..S08R"],"candidate_direction_ids":["N","S"],"representative_edge_geometry_source":"2..N03R","representative_edge_geometry_sources":["2..N03R"],"representative_shape_id":"2..N03R","canonical_direction_id":"mixed","canonical_direction_count":2,"collapsed_direction_count":2,"direction_collapse_reason":"route-2-local-edge-direction-collapse","geometry_reversed":false,"geometry_orientation":"chain-direction","edge_length_m":531.26,"start_coordinate":[-74.006571,40.709416],"end_coordinate":[-74.008811,40.713051],"endpoint_snap_distance_m":0,"internal_stitch_valid":true,"edge_geometry_confidence":"high","geometry_selection_reason":"selected candidate matching 2-main stop-pair direction","chain_source_shape_id":"2..N08R","branch_representative_geometry_used":false,"branch_representative_warning":null,"group_id":"group-1-2-3-2-3","visual_lane_slot":0,"visual_z_order":230,"segment_kind":"group","effective_render_key":"2|2-main|lane:0|z:230|color:#D82233|kind:group|style:subway-ribbon-v1","assignment_reason":"grouped edge: local visual edge matched a derived corridor group","base_color_layer_visible":true,"base_casing_layer_visible":true,"base_glow_layer_visible":true,"highlight_only":false}],"geometry_reversal_count":0,"internal_stitch_valid":true,"max_internal_snap_distance_m":0,"branch_representative_geometry_used":false,"branch_representative_warning":null,"canonical_direction_id":"mixed","canonical_direction_count":2,"collapsed_direction_count":2,"direction_collapse_reason":"route-2-local-edge-direction-collapse","representative_shape_id":"2..N03R","canonical_feature_count":5,"color":"#D82233","visual_family":"1-2-3","visual_branch_id":"2-main","raw_group_sequence":12000,"group_sequence":2,"group_id":"group-1-2-3-2-3","merged_group_ids":["group-1-2-3-2-3"],"group_member_routes":["2","3"],"group_member_visual_routes":["2","3"],"group_lane_order":["2","3"],"group_lane_order_visual":["2","3"],"group_lane_count":2,"visual_lane_slot":0,"visual_z_order":230,"corridor_id":null,"segment_kind":"group","render_style":"subway-ribbon-v1","source":"group-corridors","debug_id":"2:2-main:group:2:1317d0ad40d8","feature_length_m":4386.24,"assignment_reason":"merged validated visual edges with compatible render state","handoff_node_id":"handoff-2-2-main--74.00881,40.71305","handoff_reason":"station-adjacent-membership-change","handoff_kind":"membership-change","handoff_from_group_id":"group-1-2-3-2-3","handoff_to_group_id":"group-1-2-3-1-2-3","handoff_from_lane_slot":0,"handoff_to_lane_slot":0,"start_handoff_node_id":"handoff-2-2-main--73.98049,40.68825","start_handoff_reason":"station-adjacent-membership-change","start_handoff_kind":"membership-change","start_handoff_from_group_id":"group-manual-eastern-pkwy-grand-army","start_handoff_to_group_id":"group-1-2-3-2-3","start_handoff_from_lane_slot":-1.5,"start_handoff_to_lane_slot":0,"end_handoff_node_id":"handoff-2-2-main--74.00881,40.71305","end_handoff_reason":"station-adjacent-membership-change","end_handoff_kind":"membership-change","end_handoff_from_group_id":"group-1-2-3-2-3","end_handoff_to_group_id":"group-1-2-3-1-2-3","end_handoff_from_lane_slot":0,"end_handoff_to_lane_slot":0,"effective_render_key":"2|2-main|lane:0|z:230|color:#D82233|kind:group|style:subway-ribbon-v1","merged_debug_ids":["2:2-main:group:0:3ebd82e531b4","2:2-main:group:0:2e3e7f875f5f","2:2-main:group:0:e6c47989fa1d","2:2-main:group:0:352da70cecff","2:2-main:group:0:d385e634da26","2:2-main:group:0:8d484b369dba"]},"geometry":{"type":"LineString","coordinates":[[-73.980492,40.688246],[-73.980654,40.688475],[-73.980697,40.688533],[-73.98074,40.688593],[-73.980785,40.688649],[-73.980833,40.688705],[-73.980884,40.688757],[-73.980941,40.688808],[-73.981001,40.688856],[-73.981065,40.688902],[-73.981133,40.688945],[-73.981205,40.688987],[-73.98128,40.689027],[-73.98136,40.689062],[-73.981444,40.689096],[-73.981529,40.68913],[-73.981616,40.689164],[-73.985065,40.690545],[-73.989185,40.692195],[-73.989233,40.692221],[-73.989278,40.692246],[-73.989323,40.692273],[-73.989366,40.692301],[-73.989407,40.692331],[-73.989447,40.692361],[-73.989485,40.692393],[-73.989522,40.692427],[-73.989557,40.692462],[-73.989591,40.692498],[-73.989623,40.692535],[-73.989653,40.692574],[-73.989682,40.692615],[-73.989709,40.692656],[-73.989735,40.692699],[-73.989998,40.693219],[-73.990338,40.693905],[-73.990356,40.693941],[-73.990373,40.693977],[-73.99039,40.694013],[-73.990407,40.69405],[-73.990423,40.694087],[-73.990439,40.694124],[-73.990454,40.694162],[-73.99047,40.6942],[-73.990484,40.694238],[-73.990499,40.694277],[-73.990513,40.694316],[-73.990526,40.694355],[-73.99054,40.694394],[-73.990552,40.694434],[-73.990565,40.694474],[-73.991156,40.69637],[-73.991177,40.696442],[-73.9912,40.696513],[-73.991225,40.696579],[-73.991255,40.696643],[-73.991288,40.696705],[-73.991329,40.696763],[-73.991374,40.696818],[-73.991423,40.69687],[-73.991477,40.696918],[-73.991536,40.696964],[-73.991599,40.697007],[-73.991667,40.697046],[-73.99174,40.697083],[-73.991816,40.697116],[-73.991897,40.697148],[-73.992018,40.69718],[-73.993086,40.697466],[-74.00291,40.700174],[-74.003652,40.700423],[-74.00426,40.700635],[-74.00471,40.700828],[-74.005185,40.701068],[-74.005659,40.701345],[-74.006073,40.701603],[-74.006508,40.701924],[-74.007127,40.702464],[-74.009504,40.704571],[-74.009737,40.70477],[-74.009892,40.70497],[-74.009957,40.705083],[-74.009987,40.705177],[-74.009996,40.705281],[-74.009981,40.70538],[-74.009938,40.705567],[-74.009889,40.705735],[-74.009801,40.705922],[-74.00967,40.706141],[-74.009488,40.706375],[-74.0091,40.706821],[-74.008592,40.707382],[-74.008172,40.707811],[-74.006571,40.709416],[-74.005869,40.710148],[-74.005836,40.710195],[-74.005803,40.710254],[-74.005777,40.710315],[-74.005763,40.710376],[-74.005761,40.710437],[-74.005772,40.710496],[-74.005805,40.710559],[-74.005848,40.71062],[-74.005949,40.710726],[-74.006854,40.711582],[-74.006954,40.711685],[-74.007035,40.711788],[-74.007289,40.712145],[-74.007371,40.712239],[-74.007453,40.712337],[-74.007548,40.712431],[-74.007667,40.712519],[-74.007813,40.712596],[-74.007962,40.712663],[-74.008811,40.713051]]}},{"type":"Feature","id":"2:2-main:group:3:c80a46b78708","properties":{"route_id":"2","canonical_route_id":"2","visual_route_id":"2","visual_route_normalization_reason":"identity","display_route":"2","shape_id":"2..N03R","source_shape_ids":["2..N03R","2..N08R","2..S06R","2..S07R","2..S08R"],"raw_route_ids":["2"],"raw_shape_ids":["2..N03R","2..N08R","2..S06R","2..S07R","2..S08R"],"visual_edge_ids":["2:137-228","2:136-137","2:135-136","2:134-135","2:133-134","2:132-133","2:131-132","2:130-131","2:129-130","2:128-129","2:127-128","2:126-127","2:125-126","2:124-125","2:123-124","2:122-123","2:121-122","2:120-121"],"edge_count":18,"from_stop_id":"228","to_stop_id":"120","from_stop_name":"Park Place","to_stop_name":"96 St","edge_sequence":18,"edge_sequence_range":[18,35],"representative_edge_geometry_source":"2..N03R","representative_edge_geometry_sources":["2..N03R","2..N08R","2..N08R","2..N08R","2..N08R","2..N08R","2..N08R","2..N08R","2..N08R","2..N08R","2..N03R","2..N08R","2..N08R","2..N08R","2..N08R","2..N08R","2..N08R","2..N08R"],"edge_geometry_confidence":"high","visual_edge_metadata":[{"visual_edge_id":"2:137-228","edge_sequence":18,"from_stop_id":"228","to_stop_id":"137","from_stop_name":"Park Place","to_stop_name":"Chambers St","raw_shape_ids":["2..N03R","2..N08R","2..S06R","2..S07R","2..S08R"],"candidate_shape_ids":["2..N03R","2..N08R","2..S06R","2..S07R","2..S08R"],"candidate_direction_ids":["N","S"],"representative_edge_geometry_source":"2..N03R","representative_edge_geometry_sources":["2..N03R"],"representative_shape_id":"2..N03R","canonical_direction_id":"mixed","canonical_direction_count":2,"collapsed_direction_count":2,"direction_collapse_reason":"route-2-local-edge-direction-collapse","geometry_reversed":false,"geometry_orientation":"chain-direction","edge_length_m":363.92,"start_coordinate":[-74.008811,40.713051],"end_coordinate":[-74.009266,40.715478],"endpoint_snap_distance_m":0,"internal_stitch_valid":true,"edge_geometry_confidence":"high","geometry_selection_reason":"selected candidate matching 2-main stop-pair direction","chain_source_shape_id":"2..N08R","branch_representative_geometry_used":false,"branch_representative_warning":null,"group_id":"group-1-2-3-1-2-3","visual_lane_slot":0,"visual_z_order":230,"segment_kind":"group","effective_render_key":"2|2-main|lane:0|z:230|color:#D82233|kind:group|style:subway-ribbon-v1","assignment_reason":"grouped edge: local visual edge matched a derived corridor group","base_color_layer_visible":true,"base_casing_layer_visible":true,"base_glow_layer_visible":true,"highlight_only":false},{"visual_edge_id":"2:136-137","edge_sequence":19,"from_stop_id":"137","to_stop_id":"136","from_stop_name":"Chambers St","to_stop_name":"Franklin St","raw_shape_ids":["2..N08R","2..S08R"],"candidate_shape_ids":["2..N08R","2..S08R"],"candidate_direction_ids":["N","S"],"representative_edge_geometry_source":"2..N08R","representative_edge_geometry_sources":["2..N08R"],"representative_shape_id":"2..N08R","canonical_direction_id":"mixed","canonical_direction_count":2,"collapsed_direction_count":2,"direction_collapse_reason":"route-2-local-edge-direction-collapse","geometry_reversed":false,"geometry_orientation":"chain-direction","edge_length_m":478.04,"start_coordinate":[-74.009266,40.715478],"end_coordinate":[-74.006886,40.719318],"endpoint_snap_distance_m":0,"internal_stitch_valid":true,"edge_geometry_confidence":"high","geometry_selection_reason":"selected candidate matching 2-main stop-pair direction","chain_source_shape_id":"2..N08R","branch_representative_geometry_used":false,"branch_representative_warning":null,"group_id":"group-1-2-3-1-2-3","visual_lane_slot":0,"visual_z_order":230,"segment_kind":"group","effective_render_key":"2|2-main|lane:0|z:230|color:#D82233|kind:group|style:subway-ribbon-v1","assignment_reason":"grouped edge: local visual edge matched a derived corridor group","base_color_layer_visible":true,"base_casing_layer_visible":true,"base_glow_layer_visible":true,"highlight_only":false},{"visual_edge_id":"2:135-136","edge_sequence":20,"from_stop_id":"136","to_stop_id":"135","from_stop_name":"Franklin St","to_stop_name":"Canal St","raw_shape_ids":["2..N08R","2..S08R"],"candidate_shape_ids":["2..N08R","2..S08R"],"candidate_direction_ids":["N","S"],"representative_edge_geometry_source":"2..N08R","representative_edge_geometry_sources":["2..N08R"],"representative_shape_id":"2..N08R","canonical_direction_id":"mixed","canonical_direction_count":2,"collapsed_direction_count":2,"direction_collapse_reason":"route-2-local-edge-direction-collapse","geometry_reversed":false,"geometry_orientation":"chain-direction","edge_length_m":396.52,"start_coordinate":[-74.006886,40.719318],"end_coordinate":[-74.006277,40.722854],"endpoint_snap_distance_m":0,"internal_stitch_valid":true,"edge_geometry_confidence":"high","geometry_selection_reason":"selected candidate matching 2-main stop-pair direction","chain_source_shape_id":"2..N08R","branch_representative_geometry_used":false,"branch_representative_warning":null,"group_id":"group-1-2-3-1-2-3","visual_lane_slot":0,"visual_z_order":230,"segment_kind":"group","effective_render_key":"2|2-main|lane:0|z:230|color:#D82233|kind:group|style:subway-ribbon-v1","assignment_reason":"grouped edge: local visual edge matched a derived corridor group","base_color_layer_visible":true,"base_casing_layer_visible":true,"base_glow_layer_visible":true,"highlight_only":false},{"visual_edge_id":"2:134-135","edge_sequence":21,"from_stop_id":"135","to_stop_id":"134","from_stop_name":"Canal St","to_stop_name":"Houston St","raw_shape_ids":["2..N08R","2..S08R"],"candidate_shape_ids":["2..N08R","2..S08R"],"candidate_direction_ids":["N","S"],"representative_edge_geometry_source":"2..N08R","representative_edge_geometry_sources":["2..N08R"],"representative_shape_id":"2..N08R","canonical_direction_id":"mixed","canonical_direction_count":2,"collapsed_direction_count":2,"direction_collapse_reason":"route-2-local-edge-direction-collapse","geometry_reversed":false,"geometry_orientation":"chain-direction","edge_length_m":605,"start_coordinate":[-74.006277,40.722854],"end_coordinate":[-74.005367,40.728251],"endpoint_snap_distance_m":0,"internal_stitch_valid":true,"edge_geometry_confidence":"high","geometry_selection_reason":"selected candidate matching 2-main stop-pair direction","chain_source_shape_id":"2..N08R","branch_representative_geometry_used":false,"branch_representative_warning":null,"group_id":"group-1-2-3-1-2-3","visual_lane_slot":0,"visual_z_order":230,"segment_kind":"group","effective_render_key":"2|2-main|lane:0|z:230|color:#D82233|kind:group|style:subway-ribbon-v1","assignment_reason":"grouped edge: local visual edge matched a derived corridor group","base_color_layer_visible":true,"base_casing_layer_visible":true,"base_glow_layer_visible":true,"highlight_only":false},{"visual_edge_id":"2:133-134","edge_sequence":22,"from_stop_id":"134","to_stop_id":"133","from_stop_name":"Houston St","to_stop_name":"Christopher St-Stonewall","raw_shape_ids":["2..N08R","2..S08R"],"candidate_shape_ids":["2..N08R","2..S08R"],"candidate_direction_ids":["N","S"],"representative_edge_geometry_source":"2..N08R","representative_edge_geometry_sources":["2..N08R"],"representative_shape_id":"2..N08R","canonical_direction_id":"mixed","canonical_direction_count":2,"collapsed_direction_count":2,"direction_collapse_reason":"route-2-local-edge-direction-collapse","geometry_reversed":false,"geometry_orientation":"chain-direction","edge_length_m":615.12,"start_coordinate":[-74.005367,40.728251],"end_coordinate":[-74.002906,40.733422],"endpoint_snap_distance_m":0,"internal_stitch_valid":true,"edge_geometry_confidence":"high","geometry_selection_reason":"selected candidate matching 2-main stop-pair direction","chain_source_shape_id":"2..N08R","branch_representative_geometry_used":false,"branch_representative_warning":null,"group_id":"group-1-2-3-1-2-3","visual_lane_slot":0,"visual_z_order":230,"segment_kind":"group","effective_render_key":"2|2-main|lane:0|z:230|color:#D82233|kind:group|style:subway-ribbon-v1","assignment_reason":"grouped edge: local visual edge matched a derived corridor group","base_color_layer_visible":true,"base_casing_layer_visible":true,"base_glow_layer_visible":true,"highlight_only":false},{"visual_edge_id":"2:132-133","edge_sequence":23,"from_stop_id":"133","to_stop_id":"132","from_stop_name":"Christopher St-Stonewall","to_stop_name":"14 St","raw_shape_ids":["2..N08R","2..S08R"],"candidate_shape_ids":["2..N08R","2..S08R"],"candidate_direction_ids":["N","S"],"representative_edge_geometry_source":"2..N08R","representative_edge_geometry_sources":["2..N08R"],"representative_shape_id":"2..N08R","canonical_direction_id":"mixed","canonical_direction_count":2,"collapsed_direction_count":2,"direction_collapse_reason":"route-2-local-edge-direction-collapse","geometry_reversed":false,"geometry_orientation":"chain-direction","edge_length_m":540.58,"start_coordinate":[-74.002906,40.733422],"end_coordinate":[-74.000201,40.737826],"endpoint_snap_distance_m":0,"internal_stitch_valid":true,"edge_geometry_confidence":"high","geometry_selection_reason":"selected candidate matching 2-main stop-pair direction","chain_source_shape_id":"2..N08R","branch_representative_geometry_used":false,"branch_representative_warning":null,"group_id":"group-1-2-3-1-2-3","visual_lane_slot":0,"visual_z_order":230,"segment_kind":"group","effective_render_key":"2|2-main|lane:0|z:230|color:#D82233|kind:group|style:subway-ribbon-v1","assignment_reason":"grouped edge: local visual edge matched a derived corridor group","base_color_layer_visible":true,"base_casing_layer_visible":true,"base_glow_layer_visible":true,"highlight_only":false},{"visual_edge_id":"2:131-132","edge_sequence":24,"from_stop_id":"132","to_stop_id":"131","from_stop_name":"14 St","to_stop_name":"18 St","raw_shape_ids":["2..N08R","2..S08R"],"candidate_shape_ids":["2..N08R","2..S08R"],"candidate_direction_ids":["N","S"],"representative_edge_geometry_source":"2..N08R","representative_edge_geometry_sources":["2..N08R"],"representative_shape_id":"2..N08R","canonical_direction_id":"mixed","canonical_direction_count":2,"collapsed_direction_count":2,"direction_collapse_reason":"route-2-local-edge-direction-collapse","geometry_reversed":false,"geometry_orientation":"chain-direction","edge_length_m":407.75,"start_coordinate":[-74.000201,40.737826],"end_coordinate":[-73.997871,40.74104],"endpoint_snap_distance_m":0,"internal_stitch_valid":true,"edge_geometry_confidence":"high","geometry_selection_reason":"selected candidate matching 2-main stop-pair direction","chain_source_shape_id":"2..N08R","branch_representative_geometry_used":false,"branch_representative_warning":null,"group_id":"group-1-2-3-1-2-3","visual_lane_slot":0,"visual_z_order":230,"segment_kind":"group","effective_render_key":"2|2-main|lane:0|z:230|color:#D82233|kind:group|style:subway-ribbon-v1","assignment_reason":"grouped edge: local visual edge matched a derived corridor group","base_color_layer_visible":true,"base_casing_layer_visible":true,"base_glow_layer_visible":true,"highlight_only":false},{"visual_edge_id":"2:130-131","edge_sequence":25,"from_stop_id":"131","to_stop_id":"130","from_stop_name":"18 St","to_stop_name":"23 St","raw_shape_ids":["2..N08R","2..S08R"],"candidate_shape_ids":["2..N08R","2..S08R"],"candidate_direction_ids":["N","S"],"representative_edge_geometry_source":"2..N08R","representative_edge_geometry_sources":["2..N08R"],"representative_shape_id":"2..N08R","canonical_direction_id":"mixed","canonical_direction_count":2,"collapsed_direction_count":2,"direction_collapse_reason":"route-2-local-edge-direction-collapse","geometry_reversed":false,"geometry_orientation":"chain-direction","edge_length_m":386.18,"start_coordinate":[-73.997871,40.74104],"end_coordinate":[-73.995657,40.744081],"endpoint_snap_distance_m":0,"internal_stitch_valid":true,"edge_geometry_confidence":"high","geometry_selection_reason":"selected candidate matching 2-main stop-pair direction","chain_source_shape_id":"2..N08R","branch_representative_geometry_used":false,"branch_representative_warning":null,"group_id":"group-1-2-3-1-2-3","visual_lane_slot":0,"visual_z_order":230,"segment_kind":"group","effective_render_key":"2|2-main|lane:0|z:230|color:#D82233|kind:group|style:subway-ribbon-v1","assignment_reason":"grouped edge: local visual edge matched a derived corridor group","base_color_layer_visible":true,"base_casing_layer_visible":true,"base_glow_layer_visible":true,"highlight_only":false},{"visual_edge_id":"2:129-130","edge_sequence":26,"from_stop_id":"130","to_stop_id":"129","from_stop_name":"23 St","to_stop_name":"28 St","raw_shape_ids":["2..N08R","2..S08R"],"candidate_shape_ids":["2..N08R","2..S08R"],"candidate_direction_ids":["N","S"],"representative_edge_geometry_source":"2..N08R","representative_edge_geometry_sources":["2..N08R"],"representative_shape_id":"2..N08R","canonical_direction_id":"mixed","canonical_direction_count":2,"collapsed_direction_count":2,"direction_collapse_reason":"route-2-local-edge-direction-collapse","geometry_reversed":false,"geometry_orientation":"chain-direction","edge_length_m":398.4,"start_coordinate":[-73.995657,40.744081],"end_coordinate":[-73.993365,40.747215],"endpoint_snap_distance_m":0,"internal_stitch_valid":true,"edge_geometry_confidence":"high","geometry_selection_reason":"selected candidate matching 2-main stop-pair direction","chain_source_shape_id":"2..N08R","branch_representative_geometry_used":false,"branch_representative_warning":null,"group_id":"group-1-2-3-1-2-3","visual_lane_slot":0,"visual_z_order":230,"segment_kind":"group","effective_render_key":"2|2-main|lane:0|z:230|color:#D82233|kind:group|style:subway-ribbon-v1","assignment_reason":"grouped edge: local visual edge matched a derived corridor group","base_color_layer_visible":true,"base_casing_layer_visible":true,"base_glow_layer_visible":true,"highlight_only":false},{"visual_edge_id":"2:128-129","edge_sequence":27,"from_stop_id":"129","to_stop_id":"128","from_stop_name":"28 St","to_stop_name":"34 St-Penn Station","raw_shape_ids":["2..N08R","2..S08R"],"candidate_shape_ids":["2..N08R","2..S08R"],"candidate_direction_ids":["N","S"],"representative_edge_geometry_source":"2..N08R","representative_edge_geometry_sources":["2..N08R"],"representative_shape_id":"2..N08R","canonical_direction_id":"mixed","canonical_direction_count":2,"collapsed_direction_count":2,"direction_collapse_reason":"route-2-local-edge-direction-collapse","geometry_reversed":false,"geometry_orientation":"chain-direction","edge_length_m":401.38,"start_coordinate":[-73.993365,40.747215],"end_coordinate":[-73.991057,40.750373],"endpoint_snap_distance_m":0,"internal_stitch_valid":true,"edge_geometry_confidence":"high","geometry_selection_reason":"selected candidate matching 2-main stop-pair direction","chain_source_shape_id":"2..N08R","branch_representative_geometry_used":false,"branch_representative_warning":null,"group_id":"group-1-2-3-1-2-3","visual_lane_slot":0,"visual_z_order":230,"segment_kind":"group","effective_render_key":"2|2-main|lane:0|z:230|color:#D82233|kind:group|style:subway-ribbon-v1","assignment_reason":"grouped edge: local visual edge matched a derived corridor group","base_color_layer_visible":true,"base_casing_layer_visible":true,"base_glow_layer_visible":true,"highlight_only":false},{"visual_edge_id":"2:127-128","edge_sequence":28,"from_stop_id":"128","to_stop_id":"127","from_stop_name":"34 St-Penn Station","to_stop_name":"Times Sq-42 St","raw_shape_ids":["2..N03R","2..N08R","2..S06R","2..S07R","2..S08R"],"candidate_shape_ids":["2..N03R","2..N08R","2..S06R","2..S07R","2..S08R"],"candidate_direction_ids":["N","S"],"representative_edge_geometry_source":"2..N03R","representative_edge_geometry_sources":["2..N03R"],"representative_shape_id":"2..N03R","canonical_direction_id":"mixed","canonical_direction_count":2,"collapsed_direction_count":2,"direction_collapse_reason":"route-2-local-edge-direction-collapse","geometry_reversed":false,"geometry_orientation":"chain-direction","edge_length_m":623.66,"start_coordinate":[-73.991057,40.750373],"end_coordinate":[-73.987495,40.75529],"endpoint_snap_distance_m":0,"internal_stitch_valid":true,"edge_geometry_confidence":"high","geometry_selection_reason":"selected candidate matching 2-main stop-pair direction","chain_source_shape_id":"2..N08R","branch_representative_geometry_used":false,"branch_representative_warning":null,"group_id":"group-1-2-3-1-2-3","visual_lane_slot":0,"visual_z_order":230,"segment_kind":"group","effective_render_key":"2|2-main|lane:0|z:230|color:#D82233|kind:group|style:subway-ribbon-v1","assignment_reason":"grouped edge: local visual edge matched a derived corridor group","base_color_layer_visible":true,"base_casing_layer_visible":true,"base_glow_layer_visible":true,"highlight_only":false},{"visual_edge_id":"2:126-127","edge_sequence":29,"from_stop_id":"127","to_stop_id":"126","from_stop_name":"Times Sq-42 St","to_stop_name":"50 St","raw_shape_ids":["2..N08R","2..S08R"],"candidate_shape_ids":["2..N08R","2..S08R"],"candidate_direction_ids":["N","S"],"representative_edge_geometry_source":"2..N08R","representative_edge_geometry_sources":["2..N08R"],"representative_shape_id":"2..N08R","canonical_direction_id":"mixed","canonical_direction_count":2,"collapsed_direction_count":2,"direction_collapse_reason":"route-2-local-edge-direction-collapse","geometry_reversed":false,"geometry_orientation":"chain-direction","edge_length_m":782.99,"start_coordinate":[-73.987495,40.75529],"end_coordinate":[-73.983849,40.761728],"endpoint_snap_distance_m":0,"internal_stitch_valid":true,"edge_geometry_confidence":"high","geometry_selection_reason":"selected candidate matching 2-main stop-pair direction","chain_source_shape_id":"2..N08R","branch_representative_geometry_used":false,"branch_representative_warning":null,"group_id":"group-1-2-3-1-2-3","visual_lane_slot":0,"visual_z_order":230,"segment_kind":"group","effective_render_key":"2|2-main|lane:0|z:230|color:#D82233|kind:group|style:subway-ribbon-v1","assignment_reason":"grouped edge: local visual edge matched a derived corridor group","base_color_layer_visible":true,"base_casing_layer_visible":true,"base_glow_layer_visible":true,"highlight_only":false},{"visual_edge_id":"2:125-126","edge_sequence":30,"from_stop_id":"126","to_stop_id":"125","from_stop_name":"50 St","to_stop_name":"59 St-Columbus Circle","raw_shape_ids":["2..N08R","2..S08R"],"candidate_shape_ids":["2..N08R","2..S08R"],"candidate_direction_ids":["N","S"],"representative_edge_geometry_source":"2..N08R","representative_edge_geometry_sources":["2..N08R"],"representative_shape_id":"2..N08R","canonical_direction_id":"mixed","canonical_direction_count":2,"collapsed_direction_count":2,"direction_collapse_reason":"route-2-local-edge-direction-collapse","geometry_reversed":false,"geometry_orientation":"chain-direction","edge_length_m":759.81,"start_coordinate":[-73.983849,40.761728],"end_coordinate":[-73.981929,40.768247],"endpoint_snap_distance_m":0,"internal_stitch_valid":true,"edge_geometry_confidence":"high","geometry_selection_reason":"selected candidate matching 2-main stop-pair direction","chain_source_shape_id":"2..N08R","branch_representative_geometry_used":false,"branch_representative_warning":null,"group_id":"group-1-2-3-1-2-3","visual_lane_slot":0,"visual_z_order":230,"segment_kind":"group","effective_render_key":"2|2-main|lane:0|z:230|color:#D82233|kind:group|style:subway-ribbon-v1","assignment_reason":"grouped edge: local visual edge matched a derived corridor group","base_color_layer_visible":true,"base_casing_layer_visible":true,"base_glow_layer_visible":true,"highlight_only":false},{"visual_edge_id":"2:124-125","edge_sequence":31,"from_stop_id":"125","to_stop_id":"124","from_stop_name":"59 St-Columbus Circle","to_stop_name":"66 St-Lincoln Center","raw_shape_ids":["2..N08R","2..S08R"],"candidate_shape_ids":["2..N08R","2..S08R"],"candidate_direction_ids":["N","S"],"representative_edge_geometry_source":"2..N08R","representative_edge_geometry_sources":["2..N08R"],"representative_shape_id":"2..N08R","canonical_direction_id":"mixed","canonical_direction_count":2,"collapsed_direction_count":2,"direction_collapse_reason":"route-2-local-edge-direction-collapse","geometry_reversed":false,"geometry_orientation":"chain-direction","edge_length_m":579.19,"start_coordinate":[-73.981929,40.768247],"end_coordinate":[-73.982209,40.77344],"endpoint_snap_distance_m":0,"internal_stitch_valid":true,"edge_geometry_confidence":"high","geometry_selection_reason":"selected candidate matching 2-main stop-pair direction","chain_source_shape_id":"2..N08R","branch_representative_geometry_used":false,"branch_representative_warning":null,"group_id":"group-1-2-3-1-2-3","visual_lane_slot":0,"visual_z_order":230,"segment_kind":"group","effective_render_key":"2|2-main|lane:0|z:230|color:#D82233|kind:group|style:subway-ribbon-v1","assignment_reason":"grouped edge: local visual edge matched a derived corridor group","base_color_layer_visible":true,"base_casing_layer_visible":true,"base_glow_layer_visible":true,"highlight_only":false},{"visual_edge_id":"2:123-124","edge_sequence":32,"from_stop_id":"124","to_stop_id":"123","from_stop_name":"66 St-Lincoln Center","to_stop_name":"72 St","raw_shape_ids":["2..N08R","2..S08R"],"candidate_shape_ids":["2..N08R","2..S08R"],"candidate_direction_ids":["N","S"],"representative_edge_geometry_source":"2..N08R","representative_edge_geometry_sources":["2..N08R"],"representative_shape_id":"2..N08R","canonical_direction_id":"mixed","canonical_direction_count":2,"collapsed_direction_count":2,"direction_collapse_reason":"route-2-local-edge-direction-collapse","geometry_reversed":false,"geometry_orientation":"chain-direction","edge_length_m":558.08,"start_coordinate":[-73.982209,40.77344],"end_coordinate":[-73.98197,40.778453],"endpoint_snap_distance_m":0,"internal_stitch_valid":true,"edge_geometry_confidence":"high","geometry_selection_reason":"selected candidate matching 2-main stop-pair direction","chain_source_shape_id":"2..N08R","branch_representative_geometry_used":false,"branch_representative_warning":null,"group_id":"group-1-2-3-1-2-3","visual_lane_slot":0,"visual_z_order":230,"segment_kind":"group","effective_render_key":"2|2-main|lane:0|z:230|color:#D82233|kind:group|style:subway-ribbon-v1","assignment_reason":"grouped edge: local visual edge matched a derived corridor group","base_color_layer_visible":true,"base_casing_layer_visible":true,"base_glow_layer_visible":true,"highlight_only":false},{"visual_edge_id":"2:122-123","edge_sequence":33,"from_stop_id":"123","to_stop_id":"122","from_stop_name":"72 St","to_stop_name":"79 St","raw_shape_ids":["2..N08R","2..S08R"],"candidate_shape_ids":["2..N08R","2..S08R"],"candidate_direction_ids":["N","S"],"representative_edge_geometry_source":"2..N08R","representative_edge_geometry_sources":["2..N08R"],"representative_shape_id":"2..N08R","canonical_direction_id":"mixed","canonical_direction_count":2,"collapsed_direction_count":2,"direction_collapse_reason":"route-2-local-edge-direction-collapse","geometry_reversed":false,"geometry_orientation":"chain-direction","edge_length_m":637.32,"start_coordinate":[-73.98197,40.778453],"end_coordinate":[-73.979917,40.783934],"endpoint_snap_distance_m":0,"internal_stitch_valid":true,"edge_geometry_confidence":"high","geometry_selection_reason":"selected candidate matching 2-main stop-pair direction","chain_source_shape_id":"2..N08R","branch_representative_geometry_used":false,"branch_representative_warning":null,"group_id":"group-1-2-3-1-2-3","visual_lane_slot":0,"visual_z_order":230,"segment_kind":"group","effective_render_key":"2|2-main|lane:0|z:230|color:#D82233|kind:group|style:subway-ribbon-v1","assignment_reason":"grouped edge: local visual edge matched a derived corridor group","base_color_layer_visible":true,"base_casing_layer_visible":true,"base_glow_layer_visible":true,"highlight_only":false},{"visual_edge_id":"2:121-122","edge_sequence":34,"from_stop_id":"122","to_stop_id":"121","from_stop_name":"79 St","to_stop_name":"86 St","raw_shape_ids":["2..N08R","2..S08R"],"candidate_shape_ids":["2..N08R","2..S08R"],"candidate_direction_ids":["N","S"],"representative_edge_geometry_source":"2..N08R","representative_edge_geometry_sources":["2..N08R"],"representative_shape_id":"2..N08R","canonical_direction_id":"mixed","canonical_direction_count":2,"collapsed_direction_count":2,"direction_collapse_reason":"route-2-local-edge-direction-collapse","geometry_reversed":false,"geometry_orientation":"chain-direction","edge_length_m":609.55,"start_coordinate":[-73.979917,40.783934],"end_coordinate":[-73.976218,40.788644],"endpoint_snap_distance_m":0,"internal_stitch_valid":true,"edge_geometry_confidence":"high","geometry_selection_reason":"selected candidate matching 2-main stop-pair direction","chain_source_shape_id":"2..N08R","branch_representative_geometry_used":false,"branch_representative_warning":null,"group_id":"group-1-2-3-1-2-3","visual_lane_slot":0,"visual_z_order":230,"segment_kind":"group","effective_render_key":"2|2-main|lane:0|z:230|color:#D82233|kind:group|style:subway-ribbon-v1","assignment_reason":"grouped edge: local visual edge matched a derived corridor group","base_color_layer_visible":true,"base_casing_layer_visible":true,"base_glow_layer_visible":true,"highlight_only":false},{"visual_edge_id":"2:120-121","edge_sequence":35,"from_stop_id":"121","to_stop_id":"120","from_stop_name":"86 St","to_stop_name":"96 St","raw_shape_ids":["2..N08R","2..S08R"],"candidate_shape_ids":["2..N08R","2..S08R"],"candidate_direction_ids":["N","S"],"representative_edge_geometry_source":"2..N08R","representative_edge_geometry_sources":["2..N08R"],"representative_shape_id":"2..N08R","canonical_direction_id":"mixed","canonical_direction_count":2,"collapsed_direction_count":2,"direction_collapse_reason":"route-2-local-edge-direction-collapse","geometry_reversed":false,"geometry_orientation":"chain-direction","edge_length_m":672.12,"start_coordinate":[-73.976218,40.788644],"end_coordinate":[-73.972323,40.793919],"endpoint_snap_distance_m":0,"internal_stitch_valid":true,"edge_geometry_confidence":"high","geometry_selection_reason":"selected candidate matching 2-main stop-pair direction","chain_source_shape_id":"2..N08R","branch_representative_geometry_used":false,"branch_representative_warning":null,"group_id":"group-1-2-3-1-2-3","visual_lane_slot":0,"visual_z_order":230,"segment_kind":"group","effective_render_key":"2|2-main|lane:0|z:230|color:#D82233|kind:group|style:subway-ribbon-v1","assignment_reason":"grouped edge: local visual edge matched a derived corridor group","base_color_layer_visible":true,"base_casing_layer_visible":true,"base_glow_layer_visible":true,"highlight_only":false}],"geometry_reversal_count":0,"internal_stitch_valid":true,"max_internal_snap_distance_m":0,"branch_representative_geometry_used":false,"branch_representative_warning":null,"canonical_direction_id":"mixed","canonical_direction_count":2,"collapsed_direction_count":2,"direction_collapse_reason":"route-2-local-edge-direction-collapse","representative_shape_id":"2..N03R","canonical_feature_count":5,"color":"#D82233","visual_family":"1-2-3","visual_branch_id":"2-main","raw_group_sequence":18000,"group_sequence":3,"group_id":"group-1-2-3-1-2-3","merged_group_ids":["group-1-2-3-1-2-3"],"group_member_routes":["1","2","3"],"group_member_visual_routes":["1","2","3"],"group_lane_order":["1","2","3"],"group_lane_order_visual":["1","2","3"],"group_lane_count":3,"visual_lane_slot":0,"visual_z_order":230,"corridor_id":null,"segment_kind":"group","render_style":"subway-ribbon-v1","source":"group-corridors","debug_id":"2:2-main:group:3:c80a46b78708","feature_length_m":9815.62,"assignment_reason":"merged validated visual edges with compatible render state","handoff_node_id":"handoff-2-2-main--73.97232,40.79392","handoff_reason":"station-adjacent-membership-change","handoff_kind":"membership-change","handoff_from_group_id":"group-1-2-3-1-2-3","handoff_to_group_id":"group-1-2-3-2-3","handoff_from_lane_slot":0,"handoff_to_lane_slot":0,"start_handoff_node_id":"handoff-2-2-main--74.00881,40.71305","start_handoff_reason":"station-adjacent-membership-change","start_handoff_kind":"membership-change","start_handoff_from_group_id":"group-1-2-3-2-3","start_handoff_to_group_id":"group-1-2-3-1-2-3","start_handoff_from_lane_slot":0,"start_handoff_to_lane_slot":0,"end_handoff_node_id":"handoff-2-2-main--73.97232,40.79392","end_handoff_reason":"station-adjacent-membership-change","end_handoff_kind":"membership-change","end_handoff_from_group_id":"group-1-2-3-1-2-3","end_handoff_to_group_id":"group-1-2-3-2-3","end_handoff_from_lane_slot":0,"end_handoff_to_lane_slot":0,"effective_render_key":"2|2-main|lane:0|z:230|color:#D82233|kind:group|style:subway-ribbon-v1","merged_debug_ids":["2:2-main:group:0:0c7f59b1fc11","2:2-main:group:0:520159a04b2c","2:2-main:group:0:acefa0ce4133","2:2-main:group:0:8538dd0c84a1","2:2-main:group:0:28399e55dbbd","2:2-main:group:0:acf3c7533d7f","2:2-main:group:0:dfa0d8e801aa","2:2-main:group:0:df3ee8872f53","2:2-main:group:0:d8b29a1cecc3","2:2-main:group:0:9fe5c03bb262","2:2-main:group:0:d6846c1b8e9a","2:2-main:group:0:708013e93966","2:2-main:group:0:cf59dc77dc7f","2:2-main:group:0:8daabb5f6d7a","2:2-main:group:0:78ca8fd6fdf5","2:2-main:group:0:85f2f1d2d34f","2:2-main:group:0:78762ebfe201","2:2-main:group:0:29a213ddc761"]},"geometry":{"type":"LineString","coordinates":[[-74.008811,40.713051],[-74.010029,40.713598],[-74.010099,40.713629],[-74.01016,40.713662],[-74.010213,40.713699],[-74.010258,40.713737],[-74.010294,40.713777],[-74.010321,40.71382],[-74.010341,40.713865],[-74.010351,40.713912],[-74.010353,40.713961],[-74.010347,40.714013],[-74.010333,40.714066],[-74.010309,40.714122],[-74.010278,40.71418],[-74.010238,40.714241],[-74.010188,40.714303],[-74.009299,40.715437],[-74.009266,40.715478],[-74.007249,40.718032],[-74.007227,40.718063],[-74.007206,40.718095],[-74.007186,40.718127],[-74.007167,40.71816],[-74.00715,40.718193],[-74.007133,40.718228],[-74.007117,40.718262],[-74.007103,40.718298],[-74.007089,40.718334],[-74.007077,40.71837],[-74.007066,40.718408],[-74.007055,40.718446],[-74.007046,40.718484],[-74.007038,40.718523],[-74.007031,40.718563],[-74.006886,40.719318],[-74.006277,40.722854],[-74.005367,40.728251],[-74.00526,40.728935],[-74.005221,40.729169],[-74.005197,40.729283],[-74.00516,40.729414],[-74.005112,40.729532],[-74.005062,40.729642],[-74.004935,40.729881],[-74.004682,40.730321],[-74.002906,40.733422],[-74.001452,40.735973],[-74.001345,40.736162],[-74.001229,40.736358],[-74.001089,40.736585],[-74.000973,40.736761],[-74.000201,40.737826],[-73.997871,40.74104],[-73.995657,40.744081],[-73.993365,40.747215],[-73.991057,40.750373],[-73.987495,40.75529],[-73.986009,40.757342],[-73.985786,40.757638],[-73.985709,40.757758],[-73.985638,40.75788],[-73.985569,40.758014],[-73.985512,40.758156],[-73.985421,40.758375],[-73.98533,40.758631],[-73.985063,40.759405],[-73.984959,40.759714],[-73.984841,40.760017],[-73.984725,40.760283],[-73.984577,40.760592],[-73.984444,40.760821],[-73.984294,40.76104],[-73.983849,40.761728],[-73.983358,40.762486],[-73.983038,40.76298],[-73.982793,40.763412],[-73.982626,40.763714],[-73.982464,40.764029],[-73.98232,40.764386],[-73.982156,40.764821],[-73.982063,40.765125],[-73.981977,40.765461],[-73.98191,40.765808],[-73.981755,40.766808],[-73.981702,40.767172],[-73.981689,40.767324],[-73.981694,40.76744],[-73.981697,40.767561],[-73.981718,40.767681],[-73.981745,40.767778],[-73.981781,40.767895],[-73.981929,40.768247],[-73.982012,40.768454],[-73.982053,40.768582],[-73.982078,40.768695],[-73.982088,40.768794],[-73.982098,40.769222],[-73.982209,40.77344],[-73.982212,40.774166],[-73.982091,40.777496],[-73.982058,40.777869],[-73.982008,40.778211],[-73.98197,40.778453],[-73.981906,40.778822],[-73.981757,40.779426],[-73.981314,40.780996],[-73.980924,40.782155],[-73.980847,40.782374],[-73.980748,40.782622],[-73.980664,40.782794],[-73.980572,40.78297],[-73.980473,40.783149],[-73.980371,40.783313],[-73.979917,40.783934],[-73.977656,40.786953],[-73.977107,40.787601],[-73.976218,40.788644],[-73.975942,40.788957],[-73.972323,40.793919]]}},{"type":"Feature","id":"2:2-main:group:4:993541abc693","properties":{"route_id":"2","canonical_route_id":"2","visual_route_id":"2","visual_route_normalization_reason":"identity","display_route":"2","shape_id":"2..N03R","source_shape_ids":["2..N03R","2..N08R","2..S06R","2..S07R","2..S08R"],"raw_route_ids":["2"],"raw_shape_ids":["2..N03R","2..N08R","2..S06R","2..S07R","2..S08R"],"visual_edge_ids":["2:120-227","2:226-227","2:225-226","2:224-225"],"edge_count":4,"from_stop_id":"120","to_stop_id":"224","from_stop_name":"96 St","to_stop_name":"135 St","edge_sequence":36,"edge_sequence_range":[36,39],"representative_edge_geometry_source":"2..N03R","representative_edge_geometry_sources":["2..N03R","2..N03R","2..N03R","2..N03R"],"edge_geometry_confidence":"high","visual_edge_metadata":[{"visual_edge_id":"2:120-227","edge_sequence":36,"from_stop_id":"120","to_stop_id":"227","from_stop_name":"96 St","to_stop_name":"110 St-Malcolm X Plaza","raw_shape_ids":["2..N03R","2..N08R","2..S06R","2..S07R","2..S08R"],"candidate_shape_ids":["2..N03R","2..N08R","2..S06R","2..S07R","2..S08R"],"candidate_direction_ids":["N","S"],"representative_edge_geometry_source":"2..N03R","representative_edge_geometry_sources":["2..N03R"],"representative_shape_id":"2..N03R","canonical_direction_id":"mixed","canonical_direction_count":2,"collapsed_direction_count":2,"direction_collapse_reason":"route-2-local-edge-direction-collapse","geometry_reversed":false,"geometry_orientation":"chain-direction","edge_length_m":2183.28,"start_coordinate":[-73.972323,40.793919],"end_coordinate":[-73.951822,40.799075],"endpoint_snap_distance_m":0,"internal_stitch_valid":true,"edge_geometry_confidence":"high","geometry_selection_reason":"selected candidate matching 2-main stop-pair direction","chain_source_shape_id":"2..N08R","branch_representative_geometry_used":false,"branch_representative_warning":null,"group_id":"group-1-2-3-2-3","visual_lane_slot":0,"visual_z_order":230,"segment_kind":"group","effective_render_key":"2|2-main|lane:0|z:230|color:#D82233|kind:group|style:subway-ribbon-v1","assignment_reason":"grouped edge: local visual edge matched a derived corridor group","base_color_layer_visible":true,"base_casing_layer_visible":true,"base_glow_layer_visible":true,"highlight_only":false},{"visual_edge_id":"2:226-227","edge_sequence":37,"from_stop_id":"227","to_stop_id":"226","from_stop_name":"110 St-Malcolm X Plaza","to_stop_name":"116 St","raw_shape_ids":["2..N03R","2..N08R","2..S06R","2..S07R","2..S08R"],"candidate_shape_ids":["2..N03R","2..N08R","2..S06R","2..S07R","2..S08R"],"candidate_direction_ids":["N","S"],"representative_edge_geometry_source":"2..N03R","representative_edge_geometry_sources":["2..N03R"],"representative_shape_id":"2..N03R","canonical_direction_id":"mixed","canonical_direction_count":2,"collapsed_direction_count":2,"direction_collapse_reason":"route-2-local-edge-direction-collapse","geometry_reversed":false,"geometry_orientation":"chain-direction","edge_length_m":383.65,"start_coordinate":[-73.951822,40.799075],"end_coordinate":[-73.949625,40.802098],"endpoint_snap_distance_m":0,"internal_stitch_valid":true,"edge_geometry_confidence":"high","geometry_selection_reason":"selected candidate matching 2-main stop-pair direction","chain_source_shape_id":"2..N08R","branch_representative_geometry_used":false,"branch_representative_warning":null,"group_id":"group-1-2-3-2-3","visual_lane_slot":0,"visual_z_order":230,"segment_kind":"group","effective_render_key":"2|2-main|lane:0|z:230|color:#D82233|kind:group|style:subway-ribbon-v1","assignment_reason":"grouped edge: local visual edge matched a derived corridor group","base_color_layer_visible":true,"base_casing_layer_visible":true,"base_glow_layer_visible":true,"highlight_only":false},{"visual_edge_id":"2:225-226","edge_sequence":38,"from_stop_id":"226","to_stop_id":"225","from_stop_name":"116 St","to_stop_name":"125 St","raw_shape_ids":["2..N03R","2..N08R","2..S06R","2..S07R","2..S08R"],"candidate_shape_ids":["2..N03R","2..N08R","2..S06R","2..S07R","2..S08R"],"candidate_direction_ids":["N","S"],"representative_edge_geometry_source":"2..N03R","representative_edge_geometry_sources":["2..N03R"],"representative_shape_id":"2..N03R","canonical_direction_id":"mixed","canonical_direction_count":2,"collapsed_direction_count":2,"direction_collapse_reason":"route-2-local-edge-direction-collapse","geometry_reversed":false,"geometry_orientation":"chain-direction","edge_length_m":718.59,"start_coordinate":[-73.949625,40.802098],"end_coordinate":[-73.945495,40.807754],"endpoint_snap_distance_m":0,"internal_stitch_valid":true,"edge_geometry_confidence":"high","geometry_selection_reason":"selected candidate matching 2-main stop-pair direction","chain_source_shape_id":"2..N08R","branch_representative_geometry_used":false,"branch_representative_warning":null,"group_id":"group-1-2-3-2-3","visual_lane_slot":0,"visual_z_order":230,"segment_kind":"group","effective_render_key":"2|2-main|lane:0|z:230|color:#D82233|kind:group|style:subway-ribbon-v1","assignment_reason":"grouped edge: local visual edge matched a derived corridor group","base_color_layer_visible":true,"base_casing_layer_visible":true,"base_glow_layer_visible":true,"highlight_only":false},{"visual_edge_id":"2:224-225","edge_sequence":39,"from_stop_id":"225","to_stop_id":"224","from_stop_name":"125 St","to_stop_name":"135 St","raw_shape_ids":["2..N03R","2..N08R","2..S06R","2..S07R","2..S08R"],"candidate_shape_ids":["2..N03R","2..N08R","2..S06R","2..S07R","2..S08R"],"candidate_direction_ids":["N","S"],"representative_edge_geometry_source":"2..N03R","representative_edge_geometry_sources":["2..N03R"],"representative_shape_id":"2..N03R","canonical_direction_id":"mixed","canonical_direction_count":2,"collapsed_direction_count":2,"direction_collapse_reason":"route-2-local-edge-direction-collapse","geometry_reversed":false,"geometry_orientation":"chain-direction","edge_length_m":822.5,"start_coordinate":[-73.945495,40.807754],"end_coordinate":[-73.94077,40.814229],"endpoint_snap_distance_m":0,"internal_stitch_valid":true,"edge_geometry_confidence":"high","geometry_selection_reason":"selected candidate matching 2-main stop-pair direction","chain_source_shape_id":"2..N08R","branch_representative_geometry_used":false,"branch_representative_warning":null,"group_id":"group-1-2-3-2-3","visual_lane_slot":0,"visual_z_order":230,"segment_kind":"group","effective_render_key":"2|2-main|lane:0|z:230|color:#D82233|kind:group|style:subway-ribbon-v1","assignment_reason":"grouped edge: local visual edge matched a derived corridor group","base_color_layer_visible":true,"base_casing_layer_visible":true,"base_glow_layer_visible":true,"highlight_only":false}],"geometry_reversal_count":0,"internal_stitch_valid":true,"max_internal_snap_distance_m":0,"branch_representative_geometry_used":false,"branch_representative_warning":null,"canonical_direction_id":"mixed","canonical_direction_count":2,"collapsed_direction_count":2,"direction_collapse_reason":"route-2-local-edge-direction-collapse","representative_shape_id":"2..N03R","canonical_feature_count":5,"color":"#D82233","visual_family":"1-2-3","visual_branch_id":"2-main","raw_group_sequence":36000,"group_sequence":4,"group_id":"group-1-2-3-2-3","merged_group_ids":["group-1-2-3-2-3"],"group_member_routes":["2","3"],"group_member_visual_routes":["2","3"],"group_lane_order":["2","3"],"group_lane_order_visual":["2","3"],"group_lane_count":2,"visual_lane_slot":0,"visual_z_order":230,"corridor_id":null,"segment_kind":"group","render_style":"subway-ribbon-v1","source":"group-corridors","debug_id":"2:2-main:group:4:993541abc693","feature_length_m":4108.02,"assignment_reason":"merged validated visual edges with compatible render state","handoff_node_id":"handoff-2-2-main--73.94077,40.81423","handoff_reason":"detected-corridor-exit","handoff_kind":"divergence","handoff_from_group_id":"group-1-2-3-2-3","handoff_to_group_id":null,"handoff_from_lane_slot":0,"handoff_to_lane_slot":0,"start_handoff_node_id":"handoff-2-2-main--73.97232,40.79392","start_handoff_reason":"station-adjacent-membership-change","start_handoff_kind":"membership-change","start_handoff_from_group_id":"group-1-2-3-1-2-3","start_handoff_to_group_id":"group-1-2-3-2-3","start_handoff_from_lane_slot":0,"start_handoff_to_lane_slot":0,"end_handoff_node_id":"handoff-2-2-main--73.94077,40.81423","end_handoff_reason":"detected-corridor-exit","end_handoff_kind":"divergence","end_handoff_from_group_id":"group-1-2-3-2-3","end_handoff_to_group_id":null,"end_handoff_from_lane_slot":0,"end_handoff_to_lane_slot":0,"effective_render_key":"2|2-main|lane:0|z:230|color:#D82233|kind:group|style:subway-ribbon-v1","merged_debug_ids":["2:2-main:group:0:57f1d116b17f","2:2-main:group:0:589fc94eb58c","2:2-main:group:0:16646befddbe","2:2-main:group:0:1c9827d5911b"]},"geometry":{"type":"LineString","coordinates":[[-73.972323,40.793919],[-73.972265,40.794005],[-73.96898,40.798506],[-73.968852,40.798651],[-73.96872,40.798781],[-73.968582,40.798896],[-73.968441,40.798996],[-73.968295,40.79908],[-73.968144,40.79915],[-73.967988,40.799204],[-73.967828,40.799244],[-73.967664,40.799268],[-73.967495,40.799278],[-73.967321,40.799272],[-73.967143,40.799251],[-73.96696,40.799215],[-73.966773,40.799164],[-73.966582,40.799099],[-73.962047,40.797184],[-73.961824,40.797093],[-73.961593,40.797002],[-73.961388,40.796934],[-73.961185,40.79689],[-73.960984,40.796872],[-73.960795,40.796883],[-73.960573,40.796904],[-73.956739,40.797535],[-73.953676,40.798111],[-73.95331,40.798177],[-73.953008,40.798251],[-73.952702,40.798356],[-73.95247,40.798469],[-73.952322,40.79856],[-73.952174,40.798665],[-73.952007,40.798841],[-73.951822,40.799075],[-73.949625,40.802098],[-73.945495,40.807754],[-73.94077,40.814229]]}},{"type":"Feature","id":"2:2-main:solo:5:433548b1df73","properties":{"route_id":"2","canonical_route_id":"2","visual_route_id":"2","visual_route_normalization_reason":"identity","display_route":"2","shape_id":"2..N03R","source_shape_ids":["2..N03R","2..N08R","2..S06R","2..S07R","2..S08R"],"raw_route_ids":["2"],"raw_shape_ids":["2..N03R","2..N08R","2..S06R","2..S07R","2..S08R"],"visual_edge_ids":["2:222-224","2:221-222","2:220-221","2:219-220","2:218-219","2:217-218","2:216-217","2:215-216","2:214-215","2:213-214","2:212-213","2:211-212","2:210-211","2:209-210","2:208-209","2:207-208","2:206-207","2:205-206","2:204-205","2:201-204"],"edge_count":20,"from_stop_id":"224","to_stop_id":"201","from_stop_name":"135 St","to_stop_name":"Wakefield-241 St","edge_sequence":40,"edge_sequence_range":[40,59],"representative_edge_geometry_source":"2..N03R","representative_edge_geometry_sources":["2..N03R","2..N03R","2..N03R","2..N03R","2..N03R","2..N03R","2..N03R","2..N03R","2..N03R","2..N03R","2..N03R","2..N03R","2..N03R","2..N03R","2..N03R","2..N03R","2..N03R","2..N03R","2..N03R","2..N03R"],"edge_geometry_confidence":"high","visual_edge_metadata":[{"visual_edge_id":"2:222-224","edge_sequence":40,"from_stop_id":"224","to_stop_id":"222","from_stop_name":"135 St","to_stop_name":"149 St-Grand Concourse","raw_shape_ids":["2..N03R","2..N08R","2..S06R","2..S07R","2..S08R"],"candidate_shape_ids":["2..N03R","2..N08R","2..S06R","2..S07R","2..S08R"],"candidate_direction_ids":["N","S"],"representative_edge_geometry_source":"2..N03R","representative_edge_geometry_sources":["2..N03R"],"representative_shape_id":"2..N03R","canonical_direction_id":"mixed","canonical_direction_count":2,"collapsed_direction_count":2,"direction_collapse_reason":"route-2-local-edge-direction-collapse","geometry_reversed":false,"geometry_orientation":"chain-direction","edge_length_m":1502.61,"start_coordinate":[-73.94077,40.814229],"end_coordinate":[-73.926718,40.81841],"endpoint_snap_distance_m":0,"internal_stitch_valid":true,"edge_geometry_confidence":"high","geometry_selection_reason":"selected candidate matching 2-main stop-pair direction","chain_source_shape_id":"2..N08R","branch_representative_geometry_used":false,"branch_representative_warning":null,"group_id":null,"visual_lane_slot":0,"visual_z_order":230,"segment_kind":"solo","effective_render_key":"2|2-main|lane:0|z:230|color:#D82233|kind:solo|style:subway-ribbon-v1","assignment_reason":"solo edge: no active corridor group for this local visual edge","base_color_layer_visible":true,"base_casing_layer_visible":true,"base_glow_layer_visible":true,"highlight_only":false},{"visual_edge_id":"2:221-222","edge_sequence":41,"from_stop_id":"222","to_stop_id":"221","from_stop_name":"149 St-Grand Concourse","to_stop_name":"3 Av-149 St","raw_shape_ids":["2..N03R","2..N08R","2..S06R","2..S07R","2..S08R"],"candidate_shape_ids":["2..N03R","2..N08R","2..S06R","2..S07R","2..S08R"],"candidate_direction_ids":["N","S"],"representative_edge_geometry_source":"2..N03R","representative_edge_geometry_sources":["2..N03R"],"representative_shape_id":"2..N03R","canonical_direction_id":"mixed","canonical_direction_count":2,"collapsed_direction_count":2,"direction_collapse_reason":"route-2-local-edge-direction-collapse","geometry_reversed":false,"geometry_orientation":"chain-direction","edge_length_m":796.31,"start_coordinate":[-73.926718,40.81841],"end_coordinate":[-73.917757,40.816109],"endpoint_snap_distance_m":0,"internal_stitch_valid":true,"edge_geometry_confidence":"high","geometry_selection_reason":"selected candidate matching 2-main stop-pair direction","chain_source_shape_id":"2..N08R","branch_representative_geometry_used":false,"branch_representative_warning":null,"group_id":null,"visual_lane_slot":0,"visual_z_order":230,"segment_kind":"solo","effective_render_key":"2|2-main|lane:0|z:230|color:#D82233|kind:solo|style:subway-ribbon-v1","assignment_reason":"solo edge: no active corridor group for this local visual edge","base_color_layer_visible":true,"base_casing_layer_visible":true,"base_glow_layer_visible":true,"highlight_only":false},{"visual_edge_id":"2:220-221","edge_sequence":42,"from_stop_id":"221","to_stop_id":"220","from_stop_name":"3 Av-149 St","to_stop_name":"Jackson Av","raw_shape_ids":["2..N03R","2..N08R","2..S06R","2..S07R","2..S08R"],"candidate_shape_ids":["2..N03R","2..N08R","2..S06R","2..S07R","2..S08R"],"candidate_direction_ids":["N","S"],"representative_edge_geometry_source":"2..N03R","representative_edge_geometry_sources":["2..N03R"],"representative_shape_id":"2..N03R","canonical_direction_id":"mixed","canonical_direction_count":2,"collapsed_direction_count":2,"direction_collapse_reason":"route-2-local-edge-direction-collapse","geometry_reversed":false,"geometry_orientation":"chain-direction","edge_length_m":875.47,"start_coordinate":[-73.917757,40.816109],"end_coordinate":[-73.907807,40.81649],"endpoint_snap_distance_m":0,"internal_stitch_valid":true,"edge_geometry_confidence":"high","geometry_selection_reason":"selected candidate matching 2-main stop-pair direction","chain_source_shape_id":"2..N08R","branch_representative_geometry_used":false,"branch_representative_warning":null,"group_id":null,"visual_lane_slot":0,"visual_z_order":230,"segment_kind":"solo","effective_render_key":"2|2-main|lane:0|z:230|color:#D82233|kind:solo|style:subway-ribbon-v1","assignment_reason":"solo edge: no active corridor group for this local visual edge","base_color_layer_visible":true,"base_casing_layer_visible":true,"base_glow_layer_visible":true,"highlight_only":false},{"visual_edge_id":"2:219-220","edge_sequence":43,"from_stop_id":"220","to_stop_id":"219","from_stop_name":"Jackson Av","to_stop_name":"Prospect Av","raw_shape_ids":["2..N03R","2..N08R","2..S06R","2..S07R","2..S08R"],"candidate_shape_ids":["2..N03R","2..N08R","2..S06R","2..S07R","2..S08R"],"candidate_direction_ids":["N","S"],"representative_edge_geometry_source":"2..N03R","representative_edge_geometry_sources":["2..N03R"],"representative_shape_id":"2..N03R","canonical_direction_id":"mixed","canonical_direction_count":2,"collapsed_direction_count":2,"direction_collapse_reason":"route-2-local-edge-direction-collapse","geometry_reversed":false,"geometry_orientation":"chain-direction","edge_length_m":614.46,"start_coordinate":[-73.907807,40.81649],"end_coordinate":[-73.90177,40.819585],"endpoint_snap_distance_m":0,"internal_stitch_valid":true,"edge_geometry_confidence":"high","geometry_selection_reason":"selected candidate matching 2-main stop-pair direction","chain_source_shape_id":"2..N08R","branch_representative_geometry_used":false,"branch_representative_warning":null,"group_id":null,"visual_lane_slot":0,"visual_z_order":230,"segment_kind":"solo","effective_render_key":"2|2-main|lane:0|z:230|color:#D82233|kind:solo|style:subway-ribbon-v1","assignment_reason":"solo edge: no active corridor group for this local visual edge","base_color_layer_visible":true,"base_casing_layer_visible":true,"base_glow_layer_visible":true,"highlight_only":false},{"visual_edge_id":"2:218-219","edge_sequence":44,"from_stop_id":"219","to_stop_id":"218","from_stop_name":"Prospect Av","to_stop_name":"Intervale Av","raw_shape_ids":["2..N03R","2..N08R","2..S06R","2..S07R","2..S08R"],"candidate_shape_ids":["2..N03R","2..N08R","2..S06R","2..S07R","2..S08R"],"candidate_direction_ids":["N","S"],"representative_edge_geometry_source":"2..N03R","representative_edge_geometry_sources":["2..N03R"],"representative_shape_id":"2..N03R","canonical_direction_id":"mixed","canonical_direction_count":2,"collapsed_direction_count":2,"direction_collapse_reason":"route-2-local-edge-direction-collapse","geometry_reversed":false,"geometry_orientation":"chain-direction","edge_length_m":512.6,"start_coordinate":[-73.90177,40.819585],"end_coordinate":[-73.896736,40.822181],"endpoint_snap_distance_m":0,"internal_stitch_valid":true,"edge_geometry_confidence":"high","geometry_selection_reason":"selected candidate matching 2-main stop-pair direction","chain_source_shape_id":"2..N08R","branch_representative_geometry_used":false,"branch_representative_warning":null,"group_id":null,"visual_lane_slot":0,"visual_z_order":230,"segment_kind":"solo","effective_render_key":"2|2-main|lane:0|z:230|color:#D82233|kind:solo|style:subway-ribbon-v1","assignment_reason":"solo edge: no active corridor group for this local visual edge","base_color_layer_visible":true,"base_casing_layer_visible":true,"base_glow_layer_visible":true,"highlight_only":false},{"visual_edge_id":"2:217-218","edge_sequence":45,"from_stop_id":"218","to_stop_id":"217","from_stop_name":"Intervale Av","to_stop_name":"Simpson St","raw_shape_ids":["2..N03R","2..N08R","2..S06R","2..S07R","2..S08R"],"candidate_shape_ids":["2..N03R","2..N08R","2..S06R","2..S07R","2..S08R"],"candidate_direction_ids":["N","S"],"representative_edge_geometry_source":"2..N03R","representative_edge_geometry_sources":["2..N03R"],"representative_shape_id":"2..N03R","canonical_direction_id":"mixed","canonical_direction_count":2,"collapsed_direction_count":2,"direction_collapse_reason":"route-2-local-edge-direction-collapse","geometry_reversed":false,"geometry_orientation":"chain-direction","edge_length_m":373.8,"start_coordinate":[-73.896736,40.822181],"end_coordinate":[-73.893064,40.824073],"endpoint_snap_distance_m":0,"internal_stitch_valid":true,"edge_geometry_confidence":"high","geometry_selection_reason":"selected candidate matching 2-main stop-pair direction","chain_source_shape_id":"2..N08R","branch_representative_geometry_used":false,"branch_representative_warning":null,"group_id":null,"visual_lane_slot":0,"visual_z_order":230,"segment_kind":"solo","effective_render_key":"2|2-main|lane:0|z:230|color:#D82233|kind:solo|style:subway-ribbon-v1","assignment_reason":"solo edge: no active corridor group for this local visual edge","base_color_layer_visible":true,"base_casing_layer_visible":true,"base_glow_layer_visible":true,"highlight_only":false},{"visual_edge_id":"2:216-217","edge_sequence":46,"from_stop_id":"217","to_stop_id":"216","from_stop_name":"Simpson St","to_stop_name":"Freeman St","raw_shape_ids":["2..N03R","2..N08R","2..S06R","2..S07R","2..S08R"],"candidate_shape_ids":["2..N03R","2..N08R","2..S06R","2..S07R","2..S08R"],"candidate_direction_ids":["N","S"],"representative_edge_geometry_source":"2..N03R","representative_edge_geometry_sources":["2..N03R"],"representative_shape_id":"2..N03R","canonical_direction_id":"mixed","canonical_direction_count":2,"collapsed_direction_count":2,"direction_collapse_reason":"route-2-local-edge-direction-collapse","geometry_reversed":false,"geometry_orientation":"chain-direction","edge_length_m":701.76,"start_coordinate":[-73.893064,40.824073],"end_coordinate":[-73.891865,40.829993],"endpoint_snap_distance_m":0,"internal_stitch_valid":true,"edge_geometry_confidence":"high","geometry_selection_reason":"selected candidate matching 2-main stop-pair direction","chain_source_shape_id":"2..N08R","branch_representative_geometry_used":false,"branch_representative_warning":null,"group_id":null,"visual_lane_slot":0,"visual_z_order":230,"segment_kind":"solo","effective_render_key":"2|2-main|lane:0|z:230|color:#D82233|kind:solo|style:subway-ribbon-v1","assignment_reason":"solo edge: no active corridor group for this local visual edge","base_color_layer_visible":true,"base_casing_layer_visible":true,"base_glow_layer_visible":true,"highlight_only":false},{"visual_edge_id":"2:215-216","edge_sequence":47,"from_stop_id":"216","to_stop_id":"215","from_stop_name":"Freeman St","to_stop_name":"174 St","raw_shape_ids":["2..N03R","2..N08R","2..S06R","2..S07R","2..S08R"],"candidate_shape_ids":["2..N03R","2..N08R","2..S06R","2..S07R","2..S08R"],"candidate_direction_ids":["N","S"],"representative_edge_geometry_source":"2..N03R","representative_edge_geometry_sources":["2..N03R"],"representative_shape_id":"2..N03R","canonical_direction_id":"mixed","canonical_direction_count":2,"collapsed_direction_count":2,"direction_collapse_reason":"route-2-local-edge-direction-collapse","geometry_reversed":false,"geometry_orientation":"chain-direction","edge_length_m":885.22,"start_coordinate":[-73.891865,40.829993],"end_coordinate":[-73.887734,40.837288],"endpoint_snap_distance_m":0,"internal_stitch_valid":true,"edge_geometry_confidence":"high","geometry_selection_reason":"selected candidate matching 2-main stop-pair direction","chain_source_shape_id":"2..N08R","branch_representative_geometry_used":false,"branch_representative_warning":null,"group_id":null,"visual_lane_slot":0,"visual_z_order":230,"segment_kind":"solo","effective_render_key":"2|2-main|lane:0|z:230|color:#D82233|kind:solo|style:subway-ribbon-v1","assignment_reason":"solo edge: no active corridor group for this local visual edge","base_color_layer_visible":true,"base_casing_layer_visible":true,"base_glow_layer_visible":true,"highlight_only":false},{"visual_edge_id":"2:214-215","edge_sequence":48,"from_stop_id":"215","to_stop_id":"214","from_stop_name":"174 St","to_stop_name":"West Farms Sq-E Tremont Av","raw_shape_ids":["2..N03R","2..N08R","2..S06R","2..S07R","2..S08R"],"candidate_shape_ids":["2..N03R","2..N08R","2..S06R","2..S07R","2..S08R"],"candidate_direction_ids":["N","S"],"representative_edge_geometry_source":"2..N03R","representative_edge_geometry_sources":["2..N03R"],"representative_shape_id":"2..N03R","canonical_direction_id":"mixed","canonical_direction_count":2,"collapsed_direction_count":2,"direction_collapse_reason":"route-2-local-edge-direction-collapse","geometry_reversed":false,"geometry_orientation":"chain-direction","edge_length_m":747.69,"start_coordinate":[-73.887734,40.837288],"end_coordinate":[-73.880049,40.840295],"endpoint_snap_distance_m":0,"internal_stitch_valid":true,"edge_geometry_confidence":"high","geometry_selection_reason":"selected candidate matching 2-main stop-pair direction","chain_source_shape_id":"2..N08R","branch_representative_geometry_used":false,"branch_representative_warning":null,"group_id":null,"visual_lane_slot":0,"visual_z_order":230,"segment_kind":"solo","effective_render_key":"2|2-main|lane:0|z:230|color:#D82233|kind:solo|style:subway-ribbon-v1","assignment_reason":"solo edge: no active corridor group for this local visual edge","base_color_layer_visible":true,"base_casing_layer_visible":true,"base_glow_layer_visible":true,"highlight_only":false},{"visual_edge_id":"2:213-214","edge_sequence":49,"from_stop_id":"214","to_stop_id":"213","from_stop_name":"West Farms Sq-E Tremont Av","to_stop_name":"E 180 St","raw_shape_ids":["2..N03R","2..N08R","2..S06R","2..S07R","2..S08R"],"candidate_shape_ids":["2..N03R","2..N08R","2..S06R","2..S07R","2..S08R"],"candidate_direction_ids":["N","S"],"representative_edge_geometry_source":"2..N03R","representative_edge_geometry_sources":["2..N03R"],"representative_shape_id":"2..N03R","canonical_direction_id":"mixed","canonical_direction_count":2,"collapsed_direction_count":2,"direction_collapse_reason":"route-2-local-edge-direction-collapse","geometry_reversed":false,"geometry_orientation":"chain-direction","edge_length_m":651.11,"start_coordinate":[-73.880049,40.840295],"end_coordinate":[-73.873488,40.841894],"endpoint_snap_distance_m":0,"internal_stitch_valid":true,"edge_geometry_confidence":"high","geometry_selection_reason":"selected candidate matching 2-main stop-pair direction","chain_source_shape_id":"2..N08R","branch_representative_geometry_used":false,"branch_representative_warning":null,"group_id":null,"visual_lane_slot":0,"visual_z_order":230,"segment_kind":"solo","effective_render_key":"2|2-main|lane:0|z:230|color:#D82233|kind:solo|style:subway-ribbon-v1","assignment_reason":"solo edge: no active corridor group for this local visual edge","base_color_layer_visible":true,"base_casing_layer_visible":true,"base_glow_layer_visible":true,"highlight_only":false},{"visual_edge_id":"2:212-213","edge_sequence":50,"from_stop_id":"213","to_stop_id":"212","from_stop_name":"E 180 St","to_stop_name":"Bronx Park East","raw_shape_ids":["2..N03R","2..N08R","2..S06R","2..S07R","2..S08R"],"candidate_shape_ids":["2..N03R","2..N08R","2..S06R","2..S07R","2..S08R"],"candidate_direction_ids":["N","S"],"representative_edge_geometry_source":"2..N03R","representative_edge_geometry_sources":["2..N03R"],"representative_shape_id":"2..N03R","canonical_direction_id":"mixed","canonical_direction_count":2,"collapsed_direction_count":2,"direction_collapse_reason":"route-2-local-edge-direction-collapse","geometry_reversed":false,"geometry_orientation":"chain-direction","edge_length_m":894.75,"start_coordinate":[-73.873488,40.841894],"end_coordinate":[-73.868457,40.848828],"endpoint_snap_distance_m":0,"internal_stitch_valid":true,"edge_geometry_confidence":"high","geometry_selection_reason":"selected candidate matching 2-main stop-pair direction","chain_source_shape_id":"2..N08R","branch_representative_geometry_used":false,"branch_representative_warning":null,"group_id":null,"visual_lane_slot":0,"visual_z_order":230,"segment_kind":"solo","effective_render_key":"2|2-main|lane:0|z:230|color:#D82233|kind:solo|style:subway-ribbon-v1","assignment_reason":"solo edge: no active corridor group for this local visual edge","base_color_layer_visible":true,"base_casing_layer_visible":true,"base_glow_layer_visible":true,"highlight_only":false},{"visual_edge_id":"2:211-212","edge_sequence":51,"from_stop_id":"212","to_stop_id":"211","from_stop_name":"Bronx Park East","to_stop_name":"Pelham Pkwy","raw_shape_ids":["2..N03R","2..N08R","2..S06R","2..S07R","2..S08R"],"candidate_shape_ids":["2..N03R","2..N08R","2..S06R","2..S07R","2..S08R"],"candidate_direction_ids":["N","S"],"representative_edge_geometry_source":"2..N03R","representative_edge_geometry_sources":["2..N03R"],"representative_shape_id":"2..N03R","canonical_direction_id":"mixed","canonical_direction_count":2,"collapsed_direction_count":2,"direction_collapse_reason":"route-2-local-edge-direction-collapse","geometry_reversed":false,"geometry_orientation":"chain-direction","edge_length_m":940.23,"start_coordinate":[-73.868457,40.848828],"end_coordinate":[-73.867615,40.857192],"endpoint_snap_distance_m":0,"internal_stitch_valid":true,"edge_geometry_confidence":"high","geometry_selection_reason":"selected candidate matching 2-main stop-pair direction","chain_source_shape_id":"2..N08R","branch_representative_geometry_used":false,"branch_representative_warning":null,"group_id":null,"visual_lane_slot":0,"visual_z_order":230,"segment_kind":"solo","effective_render_key":"2|2-main|lane:0|z:230|color:#D82233|kind:solo|style:subway-ribbon-v1","assignment_reason":"solo edge: no active corridor group for this local visual edge","base_color_layer_visible":true,"base_casing_layer_visible":true,"base_glow_layer_visible":true,"highlight_only":false},{"visual_edge_id":"2:210-211","edge_sequence":52,"from_stop_id":"211","to_stop_id":"210","from_stop_name":"Pelham Pkwy","to_stop_name":"Allerton Av","raw_shape_ids":["2..N03R","2..N08R","2..S06R","2..S07R","2..S08R"],"candidate_shape_ids":["2..N03R","2..N08R","2..S06R","2..S07R","2..S08R"],"candidate_direction_ids":["N","S"],"representative_edge_geometry_source":"2..N03R","representative_edge_geometry_sources":["2..N03R"],"representative_shape_id":"2..N03R","canonical_direction_id":"mixed","canonical_direction_count":2,"collapsed_direction_count":2,"direction_collapse_reason":"route-2-local-edge-direction-collapse","geometry_reversed":false,"geometry_orientation":"chain-direction","edge_length_m":919.85,"start_coordinate":[-73.867615,40.857192],"end_coordinate":[-73.867352,40.865462],"endpoint_snap_distance_m":0,"internal_stitch_valid":true,"edge_geometry_confidence":"high","geometry_selection_reason":"selected candidate matching 2-main stop-pair direction","chain_source_shape_id":"2..N08R","branch_representative_geometry_used":false,"branch_representative_warning":null,"group_id":null,"visual_lane_slot":0,"visual_z_order":230,"segment_kind":"solo","effective_render_key":"2|2-main|lane:0|z:230|color:#D82233|kind:solo|style:subway-ribbon-v1","assignment_reason":"solo edge: no active corridor group for this local visual edge","base_color_layer_visible":true,"base_casing_layer_visible":true,"base_glow_layer_visible":true,"highlight_only":false},{"visual_edge_id":"2:209-210","edge_sequence":53,"from_stop_id":"210","to_stop_id":"209","from_stop_name":"Allerton Av","to_stop_name":"Burke Av","raw_shape_ids":["2..N03R","2..N08R","2..S06R","2..S07R","2..S08R"],"candidate_shape_ids":["2..N03R","2..N08R","2..S06R","2..S07R","2..S08R"],"candidate_direction_ids":["N","S"],"representative_edge_geometry_source":"2..N03R","representative_edge_geometry_sources":["2..N03R"],"representative_shape_id":"2..N03R","canonical_direction_id":"mixed","canonical_direction_count":2,"collapsed_direction_count":2,"direction_collapse_reason":"route-2-local-edge-direction-collapse","geometry_reversed":false,"geometry_orientation":"chain-direction","edge_length_m":655.57,"start_coordinate":[-73.867352,40.865462],"end_coordinate":[-73.867164,40.871356],"endpoint_snap_distance_m":0,"internal_stitch_valid":true,"edge_geometry_confidence":"high","geometry_selection_reason":"selected candidate matching 2-main stop-pair direction","chain_source_shape_id":"2..N08R","branch_representative_geometry_used":false,"branch_representative_warning":null,"group_id":null,"visual_lane_slot":0,"visual_z_order":230,"segment_kind":"solo","effective_render_key":"2|2-main|lane:0|z:230|color:#D82233|kind:solo|style:subway-ribbon-v1","assignment_reason":"solo edge: no active corridor group for this local visual edge","base_color_layer_visible":true,"base_casing_layer_visible":true,"base_glow_layer_visible":true,"highlight_only":false},{"visual_edge_id":"2:208-209","edge_sequence":54,"from_stop_id":"209","to_stop_id":"208","from_stop_name":"Burke Av","to_stop_name":"Gun Hill Rd","raw_shape_ids":["2..N03R","2..N08R","2..S06R","2..S07R","2..S08R"],"candidate_shape_ids":["2..N03R","2..N08R","2..S06R","2..S07R","2..S08R"],"candidate_direction_ids":["N","S"],"representative_edge_geometry_source":"2..N03R","representative_edge_geometry_sources":["2..N03R"],"representative_shape_id":"2..N03R","canonical_direction_id":"mixed","canonical_direction_count":2,"collapsed_direction_count":2,"direction_collapse_reason":"route-2-local-edge-direction-collapse","geometry_reversed":false,"geometry_orientation":"chain-direction","edge_length_m":734.79,"start_coordinate":[-73.867164,40.871356],"end_coordinate":[-73.866256,40.87785],"endpoint_snap_distance_m":0,"internal_stitch_valid":true,"edge_geometry_confidence":"high","geometry_selection_reason":"selected candidate matching 2-main stop-pair direction","chain_source_shape_id":"2..N08R","branch_representative_geometry_used":false,"branch_representative_warning":null,"group_id":null,"visual_lane_slot":0,"visual_z_order":230,"segment_kind":"solo","effective_render_key":"2|2-main|lane:0|z:230|color:#D82233|kind:solo|style:subway-ribbon-v1","assignment_reason":"solo edge: no active corridor group for this local visual edge","base_color_layer_visible":true,"base_casing_layer_visible":true,"base_glow_layer_visible":true,"highlight_only":false},{"visual_edge_id":"2:207-208","edge_sequence":55,"from_stop_id":"208","to_stop_id":"207","from_stop_name":"Gun Hill Rd","to_stop_name":"219 St","raw_shape_ids":["2..N03R","2..N08R","2..S06R","2..S07R","2..S08R"],"candidate_shape_ids":["2..N03R","2..N08R","2..S06R","2..S07R","2..S08R"],"candidate_direction_ids":["N","S"],"representative_edge_geometry_source":"2..N03R","representative_edge_geometry_sources":["2..N03R"],"representative_shape_id":"2..N03R","canonical_direction_id":"mixed","canonical_direction_count":2,"collapsed_direction_count":2,"direction_collapse_reason":"route-2-local-edge-direction-collapse","geometry_reversed":false,"geometry_orientation":"chain-direction","edge_length_m":738.12,"start_coordinate":[-73.866256,40.87785],"end_coordinate":[-73.862633,40.883895],"endpoint_snap_distance_m":0,"internal_stitch_valid":true,"edge_geometry_confidence":"high","geometry_selection_reason":"selected candidate matching 2-main stop-pair direction","chain_source_shape_id":"2..N08R","branch_representative_geometry_used":false,"branch_representative_warning":null,"group_id":null,"visual_lane_slot":0,"visual_z_order":230,"segment_kind":"solo","effective_render_key":"2|2-main|lane:0|z:230|color:#D82233|kind:solo|style:subway-ribbon-v1","assignment_reason":"solo edge: no active corridor group for this local visual edge","base_color_layer_visible":true,"base_casing_layer_visible":true,"base_glow_layer_visible":true,"highlight_only":false},{"visual_edge_id":"2:206-207","edge_sequence":56,"from_stop_id":"207","to_stop_id":"206","from_stop_name":"219 St","to_stop_name":"225 St","raw_shape_ids":["2..N03R","2..N08R","2..S06R","2..S07R","2..S08R"],"candidate_shape_ids":["2..N03R","2..N08R","2..S06R","2..S07R","2..S08R"],"candidate_direction_ids":["N","S"],"representative_edge_geometry_source":"2..N03R","representative_edge_geometry_sources":["2..N03R"],"representative_shape_id":"2..N03R","canonical_direction_id":"mixed","canonical_direction_count":2,"collapsed_direction_count":2,"direction_collapse_reason":"route-2-local-edge-direction-collapse","geometry_reversed":false,"geometry_orientation":"chain-direction","edge_length_m":497.71,"start_coordinate":[-73.862633,40.883895],"end_coordinate":[-73.860341,40.888022],"endpoint_snap_distance_m":0,"internal_stitch_valid":true,"edge_geometry_confidence":"high","geometry_selection_reason":"selected candidate matching 2-main stop-pair direction","chain_source_shape_id":"2..N08R","branch_representative_geometry_used":false,"branch_representative_warning":null,"group_id":null,"visual_lane_slot":0,"visual_z_order":230,"segment_kind":"solo","effective_render_key":"2|2-main|lane:0|z:230|color:#D82233|kind:solo|style:subway-ribbon-v1","assignment_reason":"solo edge: no active corridor group for this local visual edge","base_color_layer_visible":true,"base_casing_layer_visible":true,"base_glow_layer_visible":true,"highlight_only":false},{"visual_edge_id":"2:205-206","edge_sequence":57,"from_stop_id":"206","to_stop_id":"205","from_stop_name":"225 St","to_stop_name":"233 St","raw_shape_ids":["2..N03R","2..N08R","2..S06R","2..S07R","2..S08R"],"candidate_shape_ids":["2..N03R","2..N08R","2..S06R","2..S07R","2..S08R"],"candidate_direction_ids":["N","S"],"representative_edge_geometry_source":"2..N03R","representative_edge_geometry_sources":["2..N03R"],"representative_shape_id":"2..N03R","canonical_direction_id":"mixed","canonical_direction_count":2,"collapsed_direction_count":2,"direction_collapse_reason":"route-2-local-edge-direction-collapse","geometry_reversed":false,"geometry_orientation":"chain-direction","edge_length_m":623.48,"start_coordinate":[-73.860341,40.888022],"end_coordinate":[-73.857473,40.893193],"endpoint_snap_distance_m":0,"internal_stitch_valid":true,"edge_geometry_confidence":"high","geometry_selection_reason":"selected candidate matching 2-main stop-pair direction","chain_source_shape_id":"2..N08R","branch_representative_geometry_used":false,"branch_representative_warning":null,"group_id":null,"visual_lane_slot":0,"visual_z_order":230,"segment_kind":"solo","effective_render_key":"2|2-main|lane:0|z:230|color:#D82233|kind:solo|style:subway-ribbon-v1","assignment_reason":"solo edge: no active corridor group for this local visual edge","base_color_layer_visible":true,"base_casing_layer_visible":true,"base_glow_layer_visible":true,"highlight_only":false},{"visual_edge_id":"2:204-205","edge_sequence":58,"from_stop_id":"205","to_stop_id":"204","from_stop_name":"233 St","to_stop_name":"Nereid Av","raw_shape_ids":["2..N03R","2..N08R","2..S06R","2..S07R","2..S08R"],"candidate_shape_ids":["2..N03R","2..N08R","2..S06R","2..S07R","2..S08R"],"candidate_direction_ids":["N","S"],"representative_edge_geometry_source":"2..N03R","representative_edge_geometry_sources":["2..N03R"],"representative_shape_id":"2..N03R","canonical_direction_id":"mixed","canonical_direction_count":2,"collapsed_direction_count":2,"direction_collapse_reason":"route-2-local-edge-direction-collapse","geometry_reversed":false,"geometry_orientation":"chain-direction","edge_length_m":633.91,"start_coordinate":[-73.857473,40.893193],"end_coordinate":[-73.854376,40.898379],"endpoint_snap_distance_m":0,"internal_stitch_valid":true,"edge_geometry_confidence":"high","geometry_selection_reason":"selected candidate matching 2-main stop-pair direction","chain_source_shape_id":"2..N08R","branch_representative_geometry_used":false,"branch_representative_warning":null,"group_id":null,"visual_lane_slot":0,"visual_z_order":230,"segment_kind":"solo","effective_render_key":"2|2-main|lane:0|z:230|color:#D82233|kind:solo|style:subway-ribbon-v1","assignment_reason":"solo edge: no active corridor group for this local visual edge","base_color_layer_visible":true,"base_casing_layer_visible":true,"base_glow_layer_visible":true,"highlight_only":false},{"visual_edge_id":"2:201-204","edge_sequence":59,"from_stop_id":"204","to_stop_id":"201","from_stop_name":"Nereid Av","to_stop_name":"Wakefield-241 St","raw_shape_ids":["2..N03R","2..N08R","2..S06R","2..S08R"],"candidate_shape_ids":["2..N03R","2..N08R","2..S06R","2..S08R"],"candidate_direction_ids":["N","S"],"representative_edge_geometry_source":"2..N03R","representative_edge_geometry_sources":["2..N03R"],"representative_shape_id":"2..N03R","canonical_direction_id":"mixed","canonical_direction_count":2,"collapsed_direction_count":2,"direction_collapse_reason":"route-2-local-edge-direction-collapse","geometry_reversed":false,"geometry_orientation":"chain-direction","edge_length_m":615.7,"start_coordinate":[-73.854376,40.898379],"end_coordinate":[-73.85062,40.903125],"endpoint_snap_distance_m":0,"internal_stitch_valid":true,"edge_geometry_confidence":"high","geometry_selection_reason":"selected candidate matching 2-main stop-pair direction","chain_source_shape_id":"2..N08R","branch_representative_geometry_used":false,"branch_representative_warning":null,"group_id":null,"visual_lane_slot":0,"visual_z_order":230,"segment_kind":"solo","effective_render_key":"2|2-main|lane:0|z:230|color:#D82233|kind:solo|style:subway-ribbon-v1","assignment_reason":"solo edge: no active corridor group for this local visual edge","base_color_layer_visible":true,"base_casing_layer_visible":true,"base_glow_layer_visible":true,"highlight_only":false}],"geometry_reversal_count":0,"internal_stitch_valid":true,"max_internal_snap_distance_m":0,"branch_representative_geometry_used":false,"branch_representative_warning":null,"canonical_direction_id":"mixed","canonical_direction_count":2,"collapsed_direction_count":2,"direction_collapse_reason":"route-2-local-edge-direction-collapse","representative_shape_id":"2..N03R","canonical_feature_count":5,"color":"#D82233","visual_family":"1-2-3","visual_branch_id":"2-main","raw_group_sequence":40000,"group_sequence":5,"group_id":null,"merged_group_ids":[],"group_member_routes":[],"group_member_visual_routes":[],"group_lane_order":[],"group_lane_order_visual":[],"group_lane_count":1,"visual_lane_slot":0,"visual_z_order":230,"corridor_id":null,"segment_kind":"solo","render_style":"subway-ribbon-v1","source":"group-corridors","debug_id":"2:2-main:solo:5:433548b1df73","feature_length_m":14915.18,"assignment_reason":"merged validated solo visual edges with compatible render state","handoff_node_id":"handoff-2-2-main--73.94077,40.81423","handoff_reason":"detected-corridor-exit","handoff_kind":"divergence","handoff_from_group_id":"group-1-2-3-2-3","handoff_to_group_id":null,"handoff_from_lane_slot":0,"handoff_to_lane_slot":0,"start_handoff_node_id":"handoff-2-2-main--73.94077,40.81423","start_handoff_reason":"detected-corridor-exit","start_handoff_kind":"divergence","start_handoff_from_group_id":"group-1-2-3-2-3","start_handoff_to_group_id":null,"start_handoff_from_lane_slot":0,"start_handoff_to_lane_slot":0,"end_handoff_node_id":"terminal-2-2-main-end","end_handoff_reason":"terminal","end_handoff_kind":"terminal","end_handoff_from_group_id":null,"end_handoff_to_group_id":null,"end_handoff_from_lane_slot":0,"end_handoff_to_lane_slot":0,"effective_render_key":"2|2-main|lane:0|z:230|color:#D82233|kind:solo|style:subway-ribbon-v1","merged_debug_ids":["2:2-main:solo:0:e4689b3d2baf","2:2-main:solo:0:437a095b6a9f","2:2-main:solo:0:30c9bd752048","2:2-main:solo:0:400a26a401f9","2:2-main:solo:0:be8ca6fc9c6c","2:2-main:solo:0:a3eca2f0ba14","2:2-main:solo:0:bfc2475e0ec2","2:2-main:solo:0:d2dabe7fcd67","2:2-main:solo:0:210e8107216c","2:2-main:solo:0:d6dffe1c61e1","2:2-main:solo:0:76057ed71fe5","2:2-main:solo:0:905149d31403","2:2-main:solo:0:e0c54d32a243","2:2-main:solo:0:93b054196aaf","2:2-main:solo:0:a008fed71bb3","2:2-main:solo:0:c2b5c1cc992c","2:2-main:solo:0:c3be1e246ebb","2:2-main:solo:0:53922e4f7e4d","2:2-main:solo:0:77207febbf66","2:2-main:solo:0:9419cedbd646"]},"geometry":{"type":"LineString","coordinates":[[-73.94077,40.814229],[-73.937754,40.818371],[-73.93762,40.818493],[-73.93748,40.818607],[-73.937336,40.818712],[-73.937187,40.818808],[-73.937034,40.818896],[-73.936877,40.818975],[-73.936715,40.819046],[-73.936548,40.819108],[-73.936378,40.819161],[-73.936202,40.819206],[-73.936023,40.819242],[-73.935839,40.81927],[-73.935651,40.819289],[-73.935458,40.819299],[-73.93526,40.819299],[-73.931501,40.819335],[-73.931334,40.81933],[-73.931165,40.819322],[-73.930996,40.819311],[-73.930827,40.819298],[-73.930657,40.819283],[-73.930486,40.819264],[-73.930316,40.819243],[-73.930144,40.81922],[-73.929973,40.819194],[-73.929801,40.819165],[-73.929628,40.819134],[-73.929455,40.8191],[-73.929282,40.819064],[-73.929108,40.819025],[-73.928935,40.818984],[-73.927782,40.818685],[-73.926718,40.81841],[-73.917757,40.816109],[-73.916675,40.815782],[-73.916492,40.815732],[-73.916277,40.815702],[-73.915934,40.815684],[-73.91568,40.815699],[-73.915469,40.81574],[-73.915203,40.81582],[-73.914951,40.815913],[-73.914835,40.815961],[-73.914728,40.816005],[-73.914448,40.816109],[-73.914233,40.816171],[-73.91403,40.816201],[-73.913796,40.816213],[-73.913574,40.816201],[-73.913328,40.81618],[-73.912669,40.816113],[-73.911842,40.816033],[-73.911136,40.815974],[-73.910726,40.815949],[-73.910364,40.815931],[-73.910082,40.815931],[-73.909808,40.815926],[-73.909395,40.815936],[-73.909111,40.815963],[-73.908903,40.816003],[-73.908682,40.816055],[-73.908375,40.816174],[-73.907807,40.81649],[-73.905946,40.817578],[-73.905518,40.817813],[-73.905114,40.818004],[-73.90421,40.8184],[-73.903268,40.818818],[-73.902687,40.819113],[-73.90177,40.819585],[-73.896736,40.822181],[-73.893064,40.824073],[-73.892771,40.824223],[-73.892368,40.824431],[-73.892265,40.824494],[-73.892182,40.824554],[-73.892091,40.824649],[-73.892021,40.824739],[-73.891978,40.824818],[-73.891946,40.824901],[-73.891929,40.824983],[-73.891922,40.825069],[-73.891924,40.825522],[-73.891875,40.829842],[-73.891865,40.829993],[-73.891849,40.830113],[-73.89183,40.830227],[-73.891793,40.830395],[-73.891704,40.830667],[-73.891611,40.830888],[-73.891469,40.831153],[-73.89134,40.831358],[-73.888195,40.836619],[-73.888068,40.83683],[-73.887939,40.837034],[-73.8878,40.837218],[-73.887734,40.837288],[-73.88765,40.837371],[-73.887544,40.837463],[-73.887183,40.837713],[-73.88512,40.838935],[-73.884886,40.839063],[-73.884651,40.839165],[-73.884441,40.839252],[-73.884172,40.839342],[-73.883891,40.839419],[-73.883573,40.839484],[-73.883293,40.839521],[-73.88303,40.839546],[-73.882597,40.839567],[-73.882191,40.839591],[-73.881967,40.839613],[-73.881759,40.839642],[-73.881408,40.839719],[-73.881149,40.839802],[-73.88085,40.839913],[-73.880498,40.840057],[-73.880284,40.840155],[-73.880147,40.840229],[-73.880049,40.840295],[-73.879899,40.840415],[-73.879734,40.840583],[-73.879283,40.841051],[-73.879175,40.841151],[-73.879076,40.841205],[-73.878966,40.841245],[-73.878829,40.841273],[-73.878707,40.841277],[-73.878599,40.841267],[-73.878512,40.841249],[-73.878423,40.841212],[-73.878219,40.84113],[-73.878027,40.841049],[-73.877782,40.840945],[-73.877644,40.840895],[-73.877474,40.840846],[-73.87733,40.840817],[-73.877172,40.840795],[-73.87701,40.840786],[-73.876841,40.840784],[-73.876624,40.840801],[-73.876313,40.840847],[-73.874736,40.841121],[-73.874543,40.84117],[-73.87443,40.84121],[-73.874329,40.841252],[-73.874215,40.841324],[-73.874109,40.841402],[-73.873488,40.841894],[-73.87179,40.84325],[-73.871389,40.843567],[-73.871028,40.84391],[-73.870857,40.844101],[-73.870717,40.844293],[-73.870597,40.844505],[-73.870472,40.844767],[-73.870143,40.845525],[-73.869952,40.845968],[-73.869609,40.846768],[-73.869431,40.847153],[-73.869194,40.847565],[-73.868457,40.848828],[-73.868153,40.849338],[-73.867986,40.849629],[-73.867921,40.849772],[-73.867873,40.849929],[-73.867846,40.85007],[-73.867834,40.850249],[-73.867615,40.857192],[-73.867352,40.865462],[-73.867164,40.871356],[-73.867025,40.875827],[-73.867016,40.87619],[-73.866997,40.876367],[-73.86697,40.876523],[-73.866928,40.876693],[-73.866859,40.876861],[-73.866787,40.876988],[-73.866256,40.87785],[-73.863846,40.881715],[-73.862633,40.883895],[-73.860341,40.888022],[-73.857473,40.893193],[-73.855124,40.897451],[-73.85494,40.897716],[-73.854784,40.8979],[-73.854376,40.898379],[-73.853333,40.899595],[-73.853045,40.899929],[-73.852766,40.90026],[-73.852447,40.900653],[-73.85234,40.900798],[-73.852026,40.901261],[-73.851769,40.901669],[-73.851628,40.901895],[-73.85151,40.902066],[-73.85136,40.902261],[-73.85062,40.903125]]}},{"type":"Feature","id":"3:3-main:solo:0:fccd9a9457c4","properties":{"route_id":"3","canonical_route_id":"3","visual_route_id":"3","visual_route_normalization_reason":"identity","display_route":"3","shape_id":"3..N01R","source_shape_ids":["3..N01R","3..S01R"],"raw_route_ids":["3"],"raw_shape_ids":["3..N01R","3..S01R"],"visual_edge_ids":["3:256-257","3:255-256","3:254-255","3:253-254","3:252-253","3:251-252","3:250-251"],"edge_count":7,"from_stop_id":"257","to_stop_id":"250","from_stop_name":"New Lots Av","to_stop_name":"Crown Hts-Utica Av","edge_sequence":0,"edge_sequence_range":[0,0],"representative_edge_geometry_source":"3..N01R","representative_edge_geometry_sources":["3..N01R"],"edge_geometry_confidence":"high","visual_edge_metadata":[],"geometry_reversal_count":0,"internal_stitch_valid":true,"max_internal_snap_distance_m":0,"branch_representative_geometry_used":null,"branch_representative_warning":null,"canonical_direction_id":"mixed","canonical_direction_count":2,"collapsed_direction_count":2,"direction_collapse_reason":"visual-edge-direction-collapse","representative_shape_id":"3..N01R","canonical_feature_count":2,"color":"#D82233","visual_family":"1-2-3","visual_branch_id":"3-main","raw_group_sequence":0,"group_sequence":0,"group_id":null,"merged_group_ids":[],"group_member_routes":[],"group_member_visual_routes":[],"group_lane_order":[],"group_lane_order_visual":[],"group_lane_count":1,"visual_lane_slot":0,"visual_z_order":240,"corridor_id":null,"segment_kind":"solo","render_style":"subway-ribbon-v1","source":"group-corridors","debug_id":"3:3-main:solo:0:fccd9a9457c4","feature_length_m":4585.11,"assignment_reason":"merged validated solo visual edges with compatible render state","handoff_node_id":"handoff-3-3-main--73.93294,40.66890","handoff_reason":"detected-corridor-entry","handoff_kind":"merge","handoff_from_group_id":null,"handoff_to_group_id":"group-manual-eastern-pkwy-grand-army","handoff_from_lane_slot":0,"handoff_to_lane_slot":-0.5,"start_handoff_node_id":"terminal-3-3-main-start","start_handoff_reason":"terminal","start_handoff_kind":"terminal","start_handoff_from_group_id":null,"start_handoff_to_group_id":null,"start_handoff_from_lane_slot":0,"start_handoff_to_lane_slot":0,"end_handoff_node_id":"handoff-3-3-main--73.93294,40.66890","end_handoff_reason":"detected-corridor-entry","end_handoff_kind":"merge","end_handoff_from_group_id":null,"end_handoff_to_group_id":"group-manual-eastern-pkwy-grand-army","end_handoff_from_lane_slot":0,"end_handoff_to_lane_slot":-0.5,"effective_render_key":"3|3-main|lane:0|z:240|color:#D82233|kind:solo|style:subway-ribbon-v1","merged_debug_ids":["3:3-main:solo:0:c50299cf99f8","3:3-main:solo:0:d957790c70c9","3:3-main:solo:0:9b1990faf912","3:3-main:solo:0:f4b673e9d252","3:3-main:solo:0:b5a19ff0eda8","3:3-main:solo:0:3d8d21bd3fc3","3:3-main:solo:0:1f646d8c11e8"]},"geometry":{"type":"LineString","coordinates":[[-73.884079,40.666235],[-73.889395,40.665449],[-73.894895,40.664635],[-73.902447,40.663515],[-73.908946,40.662549],[-73.916327,40.661453],[-73.917633,40.661257],[-73.918036,40.661201],[-73.918245,40.661198],[-73.918438,40.661222],[-73.918614,40.66127],[-73.918789,40.661345],[-73.918958,40.66145],[-73.919094,40.661573],[-73.92261,40.664717],[-73.924177,40.666124],[-73.92424,40.666185],[-73.924293,40.666249],[-73.924356,40.666335],[-73.92441,40.666422],[-73.924503,40.666613],[-73.924808,40.667332],[-73.924861,40.667449],[-73.924915,40.667552],[-73.924974,40.667649],[-73.925038,40.667735],[-73.92516,40.667882],[-73.925356,40.668087],[-73.925486,40.668213],[-73.925553,40.668271],[-73.925625,40.668327],[-73.925706,40.668373],[-73.925796,40.668415],[-73.925986,40.668473],[-73.926171,40.668508],[-73.926368,40.668536],[-73.926593,40.668554],[-73.932942,40.668897]]}},{"type":"Feature","id":"3:3-main:group:1:4116445bc6d7","properties":{"route_id":"3","canonical_route_id":"3","visual_route_id":"3","visual_route_normalization_reason":"identity","display_route":"3","shape_id":"3..N01R","source_shape_ids":["3..N01R","3..S01R"],"raw_route_ids":["3"],"raw_shape_ids":["3..N01R","3..S01R"],"visual_edge_ids":["3:249-250","3:248-249","3:239-248","3:238-239","3:237-238","3:236-237","3:235-236","3:234-235"],"edge_count":8,"from_stop_id":"250","to_stop_id":"234","from_stop_name":"Crown Hts-Utica Av","to_stop_name":"Nevins St","edge_sequence":7,"edge_sequence_range":[7,7],"representative_edge_geometry_source":"3..N01R","representative_edge_geometry_sources":["3..N01R"],"edge_geometry_confidence":"high","visual_edge_metadata":[],"geometry_reversal_count":0,"internal_stitch_valid":true,"max_internal_snap_distance_m":0,"branch_representative_geometry_used":null,"branch_representative_warning":null,"canonical_direction_id":"mixed","canonical_direction_count":2,"collapsed_direction_count":2,"direction_collapse_reason":"visual-edge-direction-collapse","representative_shape_id":"3..N01R","canonical_feature_count":2,"color":"#D82233","visual_family":"1-2-3","visual_branch_id":"3-main","raw_group_sequence":7000,"group_sequence":1,"group_id":"group-manual-eastern-pkwy-grand-army","merged_group_ids":["group-manual-eastern-pkwy-grand-army"],"group_member_routes":["2","3","4","5"],"group_member_visual_routes":["2","3","4","5"],"group_lane_order":["2","3","4","5"],"group_lane_order_visual":["2","3","4","5"],"group_lane_count":4,"visual_lane_slot":-0.5,"visual_z_order":286,"corridor_id":"eastern-pkwy-grand-army","segment_kind":"group","render_style":"subway-ribbon-v1","source":"group-corridors","debug_id":"3:3-main:group:1:4116445bc6d7","feature_length_m":5047.89,"assignment_reason":"merged validated visual edges with compatible render state","handoff_node_id":"handoff-3-3-main--73.98049,40.68825","handoff_reason":"station-adjacent-membership-change","handoff_kind":"membership-change","handoff_from_group_id":"group-manual-eastern-pkwy-grand-army","handoff_to_group_id":"group-1-2-3-2-3","handoff_from_lane_slot":-0.5,"handoff_to_lane_slot":1,"start_handoff_node_id":"handoff-3-3-main--73.93294,40.66890","start_handoff_reason":"detected-corridor-entry","start_handoff_kind":"merge","start_handoff_from_group_id":null,"start_handoff_to_group_id":"group-manual-eastern-pkwy-grand-army","start_handoff_from_lane_slot":0,"start_handoff_to_lane_slot":-0.5,"end_handoff_node_id":"handoff-3-3-main--73.98049,40.68825","end_handoff_reason":"station-adjacent-membership-change","end_handoff_kind":"membership-change","end_handoff_from_group_id":"group-manual-eastern-pkwy-grand-army","end_handoff_to_group_id":"group-1-2-3-2-3","end_handoff_from_lane_slot":-0.5,"end_handoff_to_lane_slot":1,"effective_render_key":"3|3-main|lane:-0.5|z:286|color:#D82233|kind:group|style:subway-ribbon-v1","merged_debug_ids":["3:3-main:group:0:66da6fba3a4f","3:3-main:group:0:d658d5860c7e","3:3-main:group:0:5c53cc402268","3:3-main:group:0:de35894bc82a","3:3-main:group:0:eb354175c3d1","3:3-main:group:0:8b6319f6b6f5","3:3-main:group:0:978a67b1dd45","3:3-main:group:0:77d928ab3913"]},"geometry":{"type":"LineString","coordinates":[[-73.932942,40.668897],[-73.94223154045723,40.66939248690008],[-73.95051444102255,40.66980756480456],[-73.95171338642582,40.66986839328913],[-73.95471800390304,40.67002923512186],[-73.95498750196685,40.67004220960122],[-73.95526545390501,40.67006439866104],[-73.95555466015752,40.670103963591586],[-73.95583953752536,40.67015558117684],[-73.95814957299565,40.67062997478963],[-73.96439357369782,40.671934974859184],[-73.96848357419718,40.672862974908654],[-73.9686495742187,40.672902974910784],[-73.96879757424237,40.672946974913124],[-73.96896557427306,40.67300397491616],[-73.96910657430803,40.67306897491963],[-73.96927757435485,40.67315597492427],[-73.96941557440381,40.673246974929114],[-73.96956457446569,40.67336197493525],[-73.96971257453997,40.6734999749426],[-73.96982457460831,40.67362697494937],[-73.9710645754457,40.67518297503232],[-73.97511657845689,40.680776975330595],[-73.9776845803576,40.684306975518865],[-73.9787265811234,40.685728975594714],[-73.980492,40.688246]]}},{"type":"Feature","id":"3:3-main:group:2:c9825a0d5732","properties":{"route_id":"3","canonical_route_id":"3","visual_route_id":"3","visual_route_normalization_reason":"identity","display_route":"3","shape_id":"3..N01R","source_shape_ids":["3..N01R","3..S01R","3..N90R","3..S88R","3..N42R"],"raw_route_ids":["3"],"raw_shape_ids":["3..N01R","3..S01R","3..N90R","3..S88R","3..N42R"],"visual_edge_ids":["3:233-234","3:232-233","3:231-232","3:230-231","3:229-230","3:228-229","3:137-228","3:132-137","3:128-132","3:127-128","3:123-127","3:120-123","3:120-227","3:226-227","3:225-226","3:224-225","3:224-302"],"edge_count":17,"from_stop_id":"234","to_stop_id":"302","from_stop_name":"Nevins St","to_stop_name":"145 St","edge_sequence":15,"edge_sequence_range":[15,15],"representative_edge_geometry_source":"3..N01R","representative_edge_geometry_sources":["3..N01R"],"edge_geometry_confidence":"high","visual_edge_metadata":[],"geometry_reversal_count":0,"internal_stitch_valid":true,"max_internal_snap_distance_m":0,"branch_representative_geometry_used":null,"branch_representative_warning":null,"canonical_direction_id":"mixed","canonical_direction_count":2,"collapsed_direction_count":2,"direction_collapse_reason":"visual-edge-direction-collapse","representative_shape_id":"3..N01R","canonical_feature_count":2,"color":"#D82233","visual_family":"1-2-3","visual_branch_id":"3-main","raw_group_sequence":15000,"group_sequence":2,"group_id":"group-1-2-3-2-3","merged_group_ids":["group-1-2-3-2-3","group-1-2-3-1-2-3"],"group_member_routes":["1","2","3"],"group_member_visual_routes":["1","2","3"],"group_lane_order":["1","2","3"],"group_lane_order_visual":["1","2","3"],"group_lane_count":3,"visual_lane_slot":1,"visual_z_order":241,"corridor_id":null,"segment_kind":"group","render_style":"subway-ribbon-v1","source":"group-corridors","debug_id":"3:3-main:group:2:c9825a0d5732","feature_length_m":19087.76,"assignment_reason":"merged validated visual edges with compatible render state","handoff_node_id":"handoff-3-3-main--73.93624,40.82042","handoff_reason":"detected-corridor-exit","handoff_kind":"divergence","handoff_from_group_id":"group-1-2-3-2-3","handoff_to_group_id":null,"handoff_from_lane_slot":1,"handoff_to_lane_slot":0,"start_handoff_node_id":"handoff-3-3-main--73.98049,40.68825","start_handoff_reason":"station-adjacent-membership-change","start_handoff_kind":"membership-change","start_handoff_from_group_id":"group-manual-eastern-pkwy-grand-army","start_handoff_to_group_id":"group-1-2-3-2-3","start_handoff_from_lane_slot":-0.5,"start_handoff_to_lane_slot":1,"end_handoff_node_id":"handoff-3-3-main--73.93624,40.82042","end_handoff_reason":"detected-corridor-exit","end_handoff_kind":"divergence","end_handoff_from_group_id":"group-1-2-3-2-3","end_handoff_to_group_id":null,"end_handoff_from_lane_slot":1,"end_handoff_to_lane_slot":0,"effective_render_key":"3|3-main|lane:1|z:241|color:#D82233|kind:group|style:subway-ribbon-v1","merged_debug_ids":["3:3-main:group:0:d1408c3dcc9c","3:3-main:group:0:584d896e05a0","3:3-main:group:0:2f1dcce054a0","3:3-main:group:0:4c362914fd99","3:3-main:group:0:f30ab74691d8","3:3-main:group:0:034c831a9b79","3:3-main:group:0:505a630ce609","3:3-main:group:0:dc945ede1900","3:3-main:group:0:2f487ae892f0","3:3-main:group:0:3638eae471b7","3:3-main:group:0:16e99b3c80c7","3:3-main:group:0:7b2e327d6aff","3:3-main:group:0:844170292d70","3:3-main:group:0:63b17af0dda4","3:3-main:group:0:db77eb7d69b2","3:3-main:group:0:08aeb5bd94fe","3:3-main:group:0:fd578c0f8551"]},"geometry":{"type":"LineString","coordinates":[[-73.980492,40.688246],[-73.98053194889974,40.68842767247179],[-73.98057042717315,40.68848391917571],[-73.98061342703555,40.68854391921074],[-73.98065842690713,40.68859991924343],[-73.98070642677872,40.68865591927613],[-73.98075742665948,40.68870791930649],[-73.98081442654252,40.688758919336266],[-73.98087442643246,40.68880691936429],[-73.98093842632697,40.688852919391145],[-73.98100642622836,40.68889591941625],[-73.98107842613206,40.68893791944077],[-73.98115342604032,40.68897791946413],[-73.98123342596006,40.689012919484554],[-73.9813174258821,40.689046919504406],[-73.98140242580412,40.68908091952426],[-73.98148942572617,40.68911491954411],[-73.98493842255917,40.690495920350415],[-73.989058418775,40.69214592131381],[-73.98910641871537,40.692171921329],[-73.98915141865803,40.69219692134359],[-73.9891964185961,40.69222392135936],[-73.98923941853188,40.69225192137571],[-73.98928041846307,40.692281921393224],[-73.98932041839427,40.692311921410734],[-73.98935841832088,40.692343921429426],[-73.98939541824289,40.69237792144928],[-73.98943041816263,40.69241292146971],[-73.98946441808005,40.69244892149074],[-73.98949641799518,40.692485921512336],[-73.98952641790574,40.69252492153511],[-73.9895554178117,40.69256592155905],[-73.98958241771767,40.69260692158299],[-73.98960841761904,40.692649921608094],[-73.98987141642637,40.69316992191173],[-73.9902114148529,40.693855922312295],[-73.99022941477033,40.69389192233332],[-73.99024641468775,40.693927922354334],[-73.99026341460518,40.69396392237536],[-73.99028041452031,40.69400092239697],[-73.99029641443545,40.69403792241857],[-73.99031241435056,40.69407492244018],[-73.9903274142634,40.69411292246237],[-73.99034341417624,40.69415092248456],[-73.99035741408908,40.69418892250675],[-73.99037241399962,40.69422792252952],[-73.99038641391017,40.694266922552295],[-73.99039941382071,40.69430592257507],[-73.99041341373125,40.69434492259784],[-73.9904254136395,40.6943849226212],[-73.99043841354775,40.69442492264455],[-73.99102940919853,40.69632092375172],[-73.99105040903335,40.696392923793766],[-73.99107340887049,40.69646392383523],[-73.99109840871908,40.69652992387377],[-73.99112840857225,40.696593923911145],[-73.99116140843003,40.696655923947354],[-73.99120240829697,40.69671392398122],[-73.99124740817079,40.69676892401334],[-73.99129640805151,40.696820924043706],[-73.9913504079414,40.69686892407174],[-73.99140940783586,40.6969149240986],[-73.99147240773722,40.69695792412371],[-73.99154040764776,40.69699692414649],[-73.99161340756287,40.697033924168096],[-73.99168940748717,40.69706692418737],[-73.99177040741375,40.69709892420605],[-73.99189140734035,40.697130924224744],[-73.99295940668424,40.69741692439176],[-74.00278340047133,40.700124925973256],[-74.00352539990001,40.70037392611868],[-74.00413339941359,40.700585926242496],[-74.00458339897075,40.70077892635522],[-74.00505839842006,40.70101892649539],[-74.00553239778446,40.701295926657174],[-74.00594639719247,40.701553926807854],[-74.0063813964559,40.70187492699534],[-74.00700039521678,40.702414927310734],[-74.00937739038163,40.70452192854142],[-74.00961038992493,40.70472092865766],[-74.00976538946593,40.70492092877448],[-74.0098303892066,40.70503392884048],[-74.00986038899087,40.705127928895386],[-74.0098693887522,40.70523192895613],[-74.00985438852499,40.70533092901396],[-74.00981138809583,40.7055179291232],[-74.00976238771025,40.705685929221325],[-74.00967438728107,40.70587292933056],[-74.00954338677845,40.70609192945849],[-74.0093613862414,40.706325929595174],[-74.00897338521774,40.7067719298557],[-74.00846538393012,40.70733293018341],[-74.00804538294545,40.70776193043402],[-74.00644437926135,40.70936693137162],[-74.00574237758104,40.71009893179925],[-74.00570937747315,40.71014593182671],[-74.0056763773377,40.71020493186118],[-74.00565037719767,40.71026593189682],[-74.00563637705766,40.71032693193245],[-74.00563437691763,40.710387931968086],[-74.00564537678217,40.710446932002554],[-74.00567837663755,40.710509932039365],[-74.00572137649752,40.710570932075],[-74.00582237625419,40.71067693213693],[-74.0067273742891,40.71153293263702],[-74.00682737405262,40.7116359326972],[-74.00690837381617,40.71173893275737],[-74.00716237299658,40.712095932965944],[-74.00724437278078,40.71218993302086],[-74.00732637255578,40.712287933078116],[-74.00742137233998,40.71238193313304],[-74.00754037213794,40.71246993318445],[-74.00768637196117,40.71254693322944],[-74.00783537180735,40.712613933268585],[-74.00868437091654,40.71300193349527],[-74.00990236966068,40.71354893381486],[-74.0099723695895,40.713579933832975],[-74.01003336951374,40.713612933852254],[-74.01008636942878,40.713649933873874],[-74.01013136934154,40.713687933896075],[-74.0101673692497,40.71372793391945],[-74.01019436915098,40.713770933944566],[-74.01021436904766,40.713815933970864],[-74.01022436893975,40.71386293399832],[-74.01022636882723,40.71391193402695],[-74.01022036870785,40.71396393405734],[-74.01020636858617,40.714016934088306],[-74.01018236845759,40.71407293412103],[-74.01015136832441,40.71413093415491],[-74.01011136818435,40.71419193419055],[-74.010061368042,40.714253934226775],[-74.00917236543823,40.71538793488936],[-74.00913936534408,40.71542893491331],[-74.00712235947933,40.71798293640566],[-74.00710035940813,40.71801393642378],[-74.00707935933464,40.71804593644247],[-74.00705935926116,40.71807793646118],[-74.00704035918537,40.71811093648046],[-74.00702335910958,40.71814393649974],[-74.0070063590292,40.7181789365202],[-74.00699035895113,40.71821293654006],[-74.00697635886846,40.718248936561096],[-74.00696235878577,40.71828493658214],[-74.00695035870311,40.71832093660317],[-74.00693935861584,40.71835893662537],[-74.00692835852857,40.71839693664758],[-74.00691935844131,40.71843493666979],[-74.00691135835174,40.718473936692575],[-74.00690435825989,40.71851393671595],[-74.00675935652598,40.71926893715714],[-74.00615034840449,40.72280493922356],[-74.00524033600594,40.72820194237795],[-74.00513333443435,40.728885942777765],[-74.00509433389668,40.729119942914544],[-74.00507033363473,40.72923394298118],[-74.00503333333374,40.72936494305775],[-74.00498533306259,40.72948294312673],[-74.00493533280984,40.72959294319103],[-74.00480833226068,40.72983194333074],[-74.00455533124963,40.730271943587944],[-74.00277932412347,40.733372945400724],[-74.00132531826038,40.735923946892115],[-74.00121831782597,40.73611294700262],[-74.00110231737546,40.73630894711721],[-74.00096231685369,40.736535947249926],[-74.00084631644916,40.73671194735283],[-74.0000743140011,40.737776947975505],[-73.9977443066125,40.74099094985477],[-73.99553029962051,40.74403195163304],[-73.99323829241362,40.74716595346586],[-73.9909302851504,40.7503239553129],[-73.98736827383932,40.75524095818906],[-73.98588226911808,40.75729295938949],[-73.98565926843702,40.75758895956266],[-73.9855822681609,40.757708959632865],[-73.98551126788017,40.757830959704236],[-73.98544226757184,40.75796495978263],[-73.9853852672451,40.75810695986571],[-73.98529426674119,40.758325959993826],[-73.98520326615213,40.7585819601436],[-73.98493626437106,40.75935596059643],[-73.98483226366001,40.759664960777215],[-73.98471426296274,40.759967960954484],[-73.98459826235062,40.76023396111012],[-73.98445026163952,40.7605429612909],[-73.98431726111252,40.76077196142489],[-73.98416726060854,40.76099096155302],[-73.9837222590252,40.76167896195556],[-73.98323125728068,40.76243696239907],[-73.98291125614372,40.76293096268812],[-73.98266625514945,40.763362962940896],[-73.98249925445435,40.7636649631176],[-73.98233725372934,40.76397996330192],[-73.98219325290763,40.764336963510814],[-73.98202925190638,40.76477196376535],[-73.98193625120663,40.76507596394324],[-73.98185025043323,40.76541196413985],[-73.98178324963449,40.7657589643429],[-73.98162824733257,40.76675896492808],[-73.98157524649461,40.76712296514109],[-73.98156224614472,40.767274965230044],[-73.98156724587768,40.76739096529792],[-73.98157024559912,40.76751196536873],[-73.98159124532287,40.76763196543896],[-73.98161824509957,40.76772896549572],[-73.98165424483022,40.76784596556419],[-73.98180224401986,40.768197965770185],[-73.98188524354332,40.76840496589132],[-73.98192624324864,40.76853296596623],[-73.9819512429885,40.76864596603236],[-73.98196124276059,40.768744966090296],[-73.98197124177521,40.76917296634077],[-73.98208223206326,40.773390968809416],[-73.98208523039145,40.77411696923435],[-73.9819642227224,40.77744697118353],[-73.98193122186329,40.77781997140188],[-73.98188122107558,40.778161971602074],[-73.98184322051819,40.77840397174374],[-73.98177921966825,40.77877297195975],[-73.98163021827702,40.77937697231333],[-73.9811872146605,40.78094697323244],[-73.98079721199055,40.782105973910966],[-73.98072021148602,40.78232497403917],[-73.98062121091469,40.782572974184376],[-73.98053721051843,40.78274497428507],[-73.98044521011296,40.78292097438811],[-73.98034620970058,40.78309997449291],[-73.98024420932275,40.78326397458893],[-73.97979020789202,40.78388497495251],[-73.97752920093592,40.786903976720154],[-73.97698019944274,40.78755197709959],[-73.97609119703922,40.78859497771032],[-73.97581519631792,40.78890797789361],[-73.97219618488155,40.793869980799414],[-73.97213818468332,40.79395598084977],[-73.96885535982042,40.79845386971947],[-73.9687336040787,40.79859110612022],[-73.9686070997192,40.798715305707816],[-73.9684765973106,40.798823517448916],[-73.9683436417489,40.79891733326964],[-73.96820883460926,40.7989941768292],[-73.96806963326506,40.799058070514434],[-73.96792878242027,40.7991059657132],[-73.96778334463477,40.799141640155966],[-73.96763697207862,40.79916216217227],[-73.96748390306331,40.79917053047078],[-73.96732747984078,40.7991643143225],[-73.96716492806358,40.79914448840795],[-73.9669958156428,40.79911066796056],[-73.96682126581513,40.79906258362092],[-73.96664038754533,40.799000680852615],[-73.9621163667858,40.79708985808738],[-73.96189156625974,40.7969981106498],[-73.96165873174438,40.7969063750856],[-73.96144514788526,40.79683526495776],[-73.96122419485862,40.796786366720156],[-73.96100072784125,40.79676494906469],[-73.96078408478346,40.7967755198296],[-73.96055534435877,40.7967970344887],[-73.95670874906914,40.79742966326992],[-73.95364167028292,40.798006382210055],[-73.9532770028694,40.79807213676162],[-73.95296414816768,40.79814844143404],[-73.95264321157197,40.79825781806823],[-73.95239295021658,40.79837834597676],[-73.9522322227245,40.7984763257799],[-73.95207662498062,40.79858634550844],[-73.95189134490421,40.798778111703975],[-73.95169981183179,40.79901964164011],[-73.9495028047992,40.80204264349639],[-73.94537279163845,40.807698646969975],[-73.94064777656749,40.81417365094731],[-73.93763176692417,40.818315653492014],[-73.936245,40.820421]]}},{"type":"Feature","id":"3:3-main:solo:3:055a6284f866","properties":{"route_id":"3","canonical_route_id":"3","visual_route_id":"3","visual_route_normalization_reason":"identity","display_route":"3","shape_id":"3..N01R","source_shape_ids":["3..N01R","3..N42R","3..N90R","3..S01R","3..S88R"],"raw_route_ids":["3"],"raw_shape_ids":["3..N01R","3..N42R","3..N90R","3..S01R","3..S88R"],"visual_edge_ids":["3:301-302"],"edge_count":1,"from_stop_id":"302","to_stop_id":"301","from_stop_name":"145 St","to_stop_name":"Harlem-148 St","edge_sequence":32,"edge_sequence_range":[32,32],"representative_edge_geometry_source":"3..N01R","representative_edge_geometry_sources":["3..N01R"],"edge_geometry_confidence":"high","visual_edge_metadata":[],"geometry_reversal_count":0,"internal_stitch_valid":true,"max_internal_snap_distance_m":0,"branch_representative_geometry_used":null,"branch_representative_warning":null,"canonical_direction_id":"mixed","canonical_direction_count":2,"collapsed_direction_count":2,"direction_collapse_reason":"visual-edge-direction-collapse","representative_shape_id":"3..N01R","canonical_feature_count":5,"color":"#D82233","visual_family":"1-2-3","visual_branch_id":"3-main","raw_group_sequence":32000,"group_sequence":3,"group_id":null,"merged_group_ids":[],"group_member_routes":[],"group_member_visual_routes":[],"group_lane_order":[],"group_lane_order_visual":[],"group_lane_count":1,"visual_lane_slot":0,"visual_z_order":240,"corridor_id":null,"segment_kind":"solo","render_style":"subway-ribbon-v1","source":"group-corridors","debug_id":"3:3-main:solo:3:055a6284f866","feature_length_m":498.79,"assignment_reason":"solo edge: no active corridor group for this local visual edge","handoff_node_id":"handoff-3-3-main--73.93624,40.82042","handoff_reason":"detected-corridor-exit","handoff_kind":"divergence","handoff_from_group_id":"group-1-2-3-2-3","handoff_to_group_id":null,"handoff_from_lane_slot":1,"handoff_to_lane_slot":0,"start_handoff_node_id":"handoff-3-3-main--73.93624,40.82042","start_handoff_reason":"detected-corridor-exit","start_handoff_kind":"divergence","start_handoff_from_group_id":"group-1-2-3-2-3","start_handoff_to_group_id":null,"start_handoff_from_lane_slot":1,"start_handoff_to_lane_slot":0,"end_handoff_node_id":"terminal-3-3-main-end","end_handoff_reason":"terminal","end_handoff_kind":"terminal","end_handoff_from_group_id":null,"end_handoff_to_group_id":null,"end_handoff_from_lane_slot":0,"end_handoff_to_lane_slot":0,"effective_render_key":"3|3-main|lane:0|z:240|color:#D82233|kind:solo|style:subway-ribbon-v1"},"geometry":{"type":"LineString","coordinates":[[-73.936245,40.820421],[-73.9357,40.821157],[-73.935688,40.821174],[-73.935677,40.82119],[-73.935665,40.821205],[-73.935654,40.82122],[-73.935642,40.821234],[-73.93563,40.821248],[-73.935618,40.821262],[-73.935606,40.821276],[-73.935594,40.821289],[-73.935582,40.821301],[-73.93557,40.821314],[-73.935557,40.821326],[-73.935545,40.821337],[-73.935532,40.821348],[-73.935519,40.821358],[-73.935242,40.821629],[-73.935225,40.821645],[-73.935208,40.82166],[-73.935192,40.821675],[-73.935177,40.821691],[-73.935163,40.821707],[-73.935149,40.821724],[-73.935135,40.82174],[-73.935123,40.821758],[-73.935111,40.821775],[-73.935099,40.821793],[-73.935089,40.821811],[-73.935078,40.82183],[-73.935069,40.821849],[-73.93506,40.821868],[-73.935052,40.821888],[-73.934809,40.822494],[-73.934772,40.822568],[-73.934745,40.822641],[-73.934725,40.82271],[-73.934714,40.822777],[-73.93471,40.82284],[-73.934715,40.822901],[-73.934728,40.822959],[-73.934748,40.823014],[-73.934777,40.823066],[-73.934814,40.823115],[-73.934859,40.823162],[-73.934911,40.823205],[-73.934972,40.823246],[-73.935041,40.823283],[-73.935118,40.823318],[-73.93647,40.82388]]}},{"type":"Feature","id":"4:4-main:group:0:a48d7dc492b4","properties":{"route_id":"4","canonical_route_id":"4","visual_route_id":"4","visual_route_normalization_reason":"identity","display_route":"4","shape_id":"4..N13R","source_shape_ids":["4..N13R","4..S01R"],"raw_route_ids":["4"],"raw_shape_ids":["4..N13R","4..S01R"],"visual_edge_ids":["4:256-257","4:255-256","4:254-255","4:253-254","4:252-253","4:251-252","4:250-251"],"edge_count":7,"from_stop_id":"257","to_stop_id":"250","from_stop_name":"New Lots Av","to_stop_name":"Crown Hts-Utica Av","edge_sequence":0,"edge_sequence_range":[0,0],"representative_edge_geometry_source":"4..N13R","representative_edge_geometry_sources":["4..N13R"],"edge_geometry_confidence":"high","visual_edge_metadata":[],"geometry_reversal_count":0,"internal_stitch_valid":true,"max_internal_snap_distance_m":0,"branch_representative_geometry_used":null,"branch_representative_warning":null,"canonical_direction_id":"mixed","canonical_direction_count":2,"collapsed_direction_count":2,"direction_collapse_reason":"visual-edge-direction-collapse","representative_shape_id":"4..N13R","canonical_feature_count":2,"color":"#009952","visual_family":"4-5-6","visual_branch_id":"4-main","raw_group_sequence":0,"group_sequence":0,"group_id":"group-4-5-6-4-5","merged_group_ids":["group-4-5-6-4-5"],"group_member_routes":["4","5"],"group_member_visual_routes":["4","5"],"group_lane_order":["4","5"],"group_lane_order_visual":["4","5"],"group_lane_count":2,"visual_lane_slot":-1,"visual_z_order":189,"corridor_id":null,"segment_kind":"group","render_style":"subway-ribbon-v1","source":"group-corridors","debug_id":"4:4-main:group:0:a48d7dc492b4","feature_length_m":4583.33,"assignment_reason":"merged validated visual edges with compatible render state","handoff_node_id":"handoff-4-4-main--73.93294,40.66890","handoff_reason":"station-adjacent-membership-change","handoff_kind":"membership-change","handoff_from_group_id":"group-4-5-6-4-5","handoff_to_group_id":"group-manual-eastern-pkwy-grand-army","handoff_from_lane_slot":-1,"handoff_to_lane_slot":0.5,"start_handoff_node_id":"terminal-4-4-main-start","start_handoff_reason":"terminal","start_handoff_kind":"terminal","start_handoff_from_group_id":null,"start_handoff_to_group_id":"group-4-5-6-4-5","start_handoff_from_lane_slot":0,"start_handoff_to_lane_slot":-1,"end_handoff_node_id":"handoff-4-4-main--73.93294,40.66890","end_handoff_reason":"station-adjacent-membership-change","end_handoff_kind":"membership-change","end_handoff_from_group_id":"group-4-5-6-4-5","end_handoff_to_group_id":"group-manual-eastern-pkwy-grand-army","end_handoff_from_lane_slot":-1,"end_handoff_to_lane_slot":0.5,"effective_render_key":"4|4-main|lane:-1|z:189|color:#009952|kind:group|style:subway-ribbon-v1","merged_debug_ids":["4:4-main:group:0:f8d9cecefd4b","4:4-main:group:0:73fa34dc2895","4:4-main:group:0:fea728e33b12","4:4-main:group:0:33ce70f78e0f","4:4-main:group:0:2e155816bee0","4:4-main:group:0:b06d57943a19","4:4-main:group:0:5581cc3c470c"]},"geometry":{"type":"LineString","coordinates":[[-73.884079,40.666235],[-73.88951384001955,40.66550811371649],[-73.89501383813298,40.664694114221],[-73.9025658355373,40.66357411491515],[-73.90906483329866,40.662608115513834],[-73.91644583075887,40.66151211619306],[-73.9177518303047,40.661316116314524],[-73.91815483017493,40.661260116349226],[-73.91836383016798,40.66125711635109],[-73.9185568302236,40.66128111633621],[-73.91873283033483,40.66132911630647],[-73.91890783050862,40.66140411625999],[-73.91907683075193,40.66150911619492],[-73.91921283103694,40.66163211611869],[-73.92272883832302,40.66477611417018],[-73.92429584158404,40.66618311329812],[-73.92435884172542,40.666244113260305],[-73.92441184187378,40.66630811322064],[-73.9244748420731,40.66639411316733],[-73.92452884227474,40.666481113113406],[-73.92462184271746,40.666672112995016],[-73.92492684438402,40.66739111254936],[-73.92497984465523,40.66750811247683],[-73.92503384489397,40.66761111241299],[-73.92509284511883,40.66770811235286],[-73.92515684531816,40.66779411229956],[-73.92527884565891,40.66794111220844],[-73.9254748461341,40.66814611208137],[-73.92560484642618,40.668272112003265],[-73.9256718465606,40.668330111967315],[-73.92574384669042,40.6683861119326],[-73.92582484679707,40.66843211190409],[-73.92591484689443,40.668474111878055],[-73.92610484702885,40.668532111842104],[-73.92628984711,40.66856711182041],[-73.9264868471749,40.66859511180305],[-73.92671184721662,40.66861311179189],[-73.932942,40.668897]]}},{"type":"Feature","id":"4:4-main:group:1:d3265c549e98","properties":{"route_id":"4","canonical_route_id":"4","visual_route_id":"4","visual_route_normalization_reason":"identity","display_route":"4","shape_id":"4..N13R","source_shape_ids":["4..N13R","4..S01R","4..N06R","4..N56R","4..N64R","4..S28R","4..S36R","4..S39R","4..S41R"],"raw_route_ids":["4"],"raw_shape_ids":["4..N13R","4..S01R","4..N06R","4..N56R","4..N64R","4..S28R","4..S36R","4..S39R","4..S41R"],"visual_edge_ids":["4:249-250","4:248-249","4:239-248","4:238-239","4:237-238","4:236-237","4:235-236","4:234-235"],"edge_count":8,"from_stop_id":"250","to_stop_id":"234","from_stop_name":"Crown Hts-Utica Av","to_stop_name":"Nevins St","edge_sequence":7,"edge_sequence_range":[7,7],"representative_edge_geometry_source":"4..N13R","representative_edge_geometry_sources":["4..N13R"],"edge_geometry_confidence":"high","visual_edge_metadata":[],"geometry_reversal_count":0,"internal_stitch_valid":true,"max_internal_snap_distance_m":0,"branch_representative_geometry_used":null,"branch_representative_warning":null,"canonical_direction_id":"mixed","canonical_direction_count":2,"collapsed_direction_count":2,"direction_collapse_reason":"visual-edge-direction-collapse","representative_shape_id":"4..N13R","canonical_feature_count":2,"color":"#009952","visual_family":"4-5-6","visual_branch_id":"4-main","raw_group_sequence":7000,"group_sequence":1,"group_id":"group-manual-eastern-pkwy-grand-army","merged_group_ids":["group-manual-eastern-pkwy-grand-army"],"group_member_routes":["4","5","2","3"],"group_member_visual_routes":["4","5","2","3"],"group_lane_order":["4","5","2","3"],"group_lane_order_visual":["4","5","2","3"],"group_lane_count":4,"visual_lane_slot":0.5,"visual_z_order":287,"corridor_id":"eastern-pkwy-grand-army","segment_kind":"group","render_style":"subway-ribbon-v1","source":"group-corridors","debug_id":"4:4-main:group:1:d3265c549e98","feature_length_m":5036.95,"assignment_reason":"merged validated visual edges with compatible render state","handoff_node_id":"handoff-4-4-main--73.98049,40.68825","handoff_reason":"station-adjacent-membership-change","handoff_kind":"membership-change","handoff_from_group_id":"group-manual-eastern-pkwy-grand-army","handoff_to_group_id":"group-4-5-6-4-5","handoff_from_lane_slot":0.5,"handoff_to_lane_slot":-1,"start_handoff_node_id":"handoff-4-4-main--73.93294,40.66890","start_handoff_reason":"station-adjacent-membership-change","start_handoff_kind":"membership-change","start_handoff_from_group_id":"group-4-5-6-4-5","start_handoff_to_group_id":"group-manual-eastern-pkwy-grand-army","start_handoff_from_lane_slot":-1,"start_handoff_to_lane_slot":0.5,"end_handoff_node_id":"handoff-4-4-main--73.98049,40.68825","end_handoff_reason":"station-adjacent-membership-change","end_handoff_kind":"membership-change","end_handoff_from_group_id":"group-manual-eastern-pkwy-grand-army","end_handoff_to_group_id":"group-4-5-6-4-5","end_handoff_from_lane_slot":0.5,"end_handoff_to_lane_slot":-1,"effective_render_key":"4|4-main|lane:0.5|z:287|color:#009952|kind:group|style:subway-ribbon-v1","merged_debug_ids":["4:4-main:group:0:1d43640bbe66","4:4-main:group:0:c437638031ec","4:4-main:group:0:7b6a4f01ca24","4:4-main:group:0:de6c08802bfb","4:4-main:group:0:794b6b116aba","4:4-main:group:0:431adec21ccc","4:4-main:group:0:5d0cd0788f06","4:4-main:group:0:6d150e5902e4"]},"geometry":{"type":"LineString","coordinates":[[-73.932942,40.668897],[-73.94209045954277,40.66940551309992],[-73.95041755897746,40.66988643519544],[-73.95169861357418,40.66997560671087],[-73.95470799609696,40.67013676487814],[-73.95497849803314,40.67014979039878],[-73.95525054609499,40.670171601338964],[-73.95552933984247,40.67021003640842],[-73.95580646247463,40.67026041882316],[-73.95811242700434,40.67073402521037],[-73.96435642630219,40.67203902514082],[-73.96844642580281,40.67296702509135],[-73.9686124257813,40.67300702508922],[-73.96876042575762,40.67305102508687],[-73.96892842572694,40.67310802508384],[-73.96906942569197,40.673173025080374],[-73.96924042564514,40.673260025075734],[-73.96937842559619,40.673351025070886],[-73.9695274255343,40.673466025064755],[-73.96967542546004,40.6736040250574],[-73.9697874253917,40.67373102505063],[-73.97102742455431,40.67528702496768],[-73.97507942154311,40.68088102466941],[-73.9776474196424,40.684411024481136],[-73.9786894188766,40.685833024405284],[-73.980492,40.688246]]}},{"type":"Feature","id":"4:4-main:group:2:66b24379fbd0","properties":{"route_id":"4","canonical_route_id":"4","visual_route_id":"4","visual_route_normalization_reason":"identity","display_route":"4","shape_id":"4..N13R","source_shape_ids":["4..N06R","4..N13R","4..N56R","4..N64R","4..S01R","4..S28R","4..S36R","4..S39R","4..S41R","4..N14R","4..S37R"],"raw_route_ids":["4"],"raw_shape_ids":["4..N06R","4..N13R","4..N56R","4..N64R","4..S01R","4..S28R","4..S36R","4..S39R","4..S41R","4..N14R","4..S37R"],"visual_edge_ids":["4:234-423","4:420-423","4:419-420","4:418-419","4:418-640","4:639-640","4:638-639","4:637-638","4:636-637","4:635-636","4:634-635","4:633-634","4:632-633","4:631-632","4:630-631","4:629-630","4:628-629","4:627-628","4:626-627","4:625-626","4:624-625","4:623-624","4:622-623","4:621-622","4:416-621","4:415-416"],"edge_count":26,"from_stop_id":"234","to_stop_id":"415","from_stop_name":"Nevins St","to_stop_name":"149 St-Grand Concourse","edge_sequence":15,"edge_sequence_range":[15,15],"representative_edge_geometry_source":"4..N13R","representative_edge_geometry_sources":["4..N13R"],"edge_geometry_confidence":"high","visual_edge_metadata":[],"geometry_reversal_count":0,"internal_stitch_valid":true,"max_internal_snap_distance_m":0,"branch_representative_geometry_used":null,"branch_representative_warning":null,"canonical_direction_id":"mixed","canonical_direction_count":2,"collapsed_direction_count":2,"direction_collapse_reason":"visual-edge-direction-collapse","representative_shape_id":"4..N13R","canonical_feature_count":9,"color":"#009952","visual_family":"4-5-6","visual_branch_id":"4-main","raw_group_sequence":15000,"group_sequence":2,"group_id":"group-4-5-6-4-5","merged_group_ids":["group-4-5-6-4-5","group-4-5-6-4-5-6"],"group_member_routes":["4","5","6"],"group_member_visual_routes":["4","5","6"],"group_lane_order":["4","5","6"],"group_lane_order_visual":["4","5","6"],"group_lane_count":3,"visual_lane_slot":-1,"visual_z_order":189,"corridor_id":null,"segment_kind":"group","render_style":"subway-ribbon-v1","source":"group-corridors","debug_id":"4:4-main:group:2:66b24379fbd0","feature_length_m":18460.31,"assignment_reason":"merged validated visual edges with compatible render state","handoff_node_id":"handoff-4-4-main--73.92735,40.81838","handoff_reason":"detected-corridor-exit","handoff_kind":"divergence","handoff_from_group_id":"group-4-5-6-4-5","handoff_to_group_id":null,"handoff_from_lane_slot":-1,"handoff_to_lane_slot":0,"start_handoff_node_id":"handoff-4-4-main--73.98049,40.68825","start_handoff_reason":"station-adjacent-membership-change","start_handoff_kind":"membership-change","start_handoff_from_group_id":"group-manual-eastern-pkwy-grand-army","start_handoff_to_group_id":"group-4-5-6-4-5","start_handoff_from_lane_slot":0.5,"start_handoff_to_lane_slot":-1,"end_handoff_node_id":"handoff-4-4-main--73.92735,40.81838","end_handoff_reason":"detected-corridor-exit","end_handoff_kind":"divergence","end_handoff_from_group_id":"group-4-5-6-4-5","end_handoff_to_group_id":null,"end_handoff_from_lane_slot":-1,"end_handoff_to_lane_slot":0,"effective_render_key":"4|4-main|lane:-1|z:189|color:#009952|kind:group|style:subway-ribbon-v1","merged_debug_ids":["4:4-main:group:0:06f45724f679","4:4-main:group:0:0a6f9a05d5a9","4:4-main:group:0:287d7a5b637e","4:4-main:group:0:d243cfcbb563","4:4-main:group:0:14d8e78ed9a5","4:4-main:group:0:d3ca2acfeaee","4:4-main:group:0:2ad7252e77e0","4:4-main:group:0:c31a6d096b45","4:4-main:group:0:47320a818c40","4:4-main:group:0:73e8af003acd","4:4-main:group:0:6a0eb71e45e4","4:4-main:group:0:db3e3caa16af","4:4-main:group:0:3bd870485e17","4:4-main:group:0:c915d9ac9579","4:4-main:group:0:a7b8b763ab8d","4:4-main:group:0:86f71a19d93f","4:4-main:group:0:5785ba81d0ad","4:4-main:group:0:1d856d0fd59b","4:4-main:group:0:6d8d374d71bf","4:4-main:group:0:3b3027a765e8","4:4-main:group:0:4fdb4fec1312","4:4-main:group:0:1c16eebf7adc","4:4-main:group:0:bf485dde7167","4:4-main:group:0:ee3c4868d96f","4:4-main:group:0:7a0e32a7136a","4:4-main:group:0:3590b52f636b"]},"geometry":{"type":"LineString","coordinates":[[-73.980492,40.688246],[-73.98076864615348,40.68853198821264],[-73.98081589355264,40.68859209940333],[-73.98085889369186,40.68865209936611],[-73.98090389382179,40.68870809933137],[-73.98095189395174,40.68876409929664],[-73.9810028940724,40.688816099264386],[-73.98105989419075,40.68886709923275],[-73.98111989430213,40.68891509920298],[-73.98118389440887,40.68896109917444],[-73.98125189450865,40.689004099147766],[-73.9813238946061,40.68904609912171],[-73.98139889469891,40.689086099096905],[-73.98147889478012,40.689121099075194],[-73.98156289485902,40.689155099054105],[-73.98164789493792,40.689189099033015],[-73.98173489501683,40.68922309901192],[-73.9851838982215,40.69060409815527],[-73.9893039020507,40.69225409713169],[-73.98934890208783,40.692270097121764],[-73.98939690212264,40.69228509711246],[-73.98944690215977,40.692301097102536],[-73.98950090219459,40.692316097093226],[-73.98955690222708,40.69233009708454],[-73.98961590226189,40.69234509707524],[-73.98967690229438,40.69235909706656],[-73.98974190232686,40.692373097057875],[-73.98980890235936,40.692387097049185],[-73.98987890238953,40.692400097041116],[-73.98995090241971,40.692413097033054],[-73.99002690244987,40.692426097024985],[-73.99010490248004,40.69243909701692],[-73.99018590250789,40.692451097009474],[-73.99026990253574,40.69246309700204],[-73.99519890426016,40.6932060965411],[-73.99911090586163,40.69389609611302],[-73.99933190595446,40.69393609608821],[-74.00063890674362,40.69427609587727],[-74.00122690709642,40.69442809578297],[-74.00200290753975,40.69461909566447],[-74.00275790795523,40.69479809555341],[-74.00339290834982,40.69496809544795],[-74.00410490886743,40.69519109530959],[-74.00470790941058,40.69542509516441],[-74.00529590992822,40.69564809502605],[-74.00588291044816,40.69587209488707],[-74.00631691103312,40.69612409473072],[-74.01266292234604,40.70099709170703],[-74.01409192481884,40.70206209104613],[-74.0142299250882,40.70217809097415],[-74.01435192536452,40.7022970909003],[-74.01445992565012,40.70242009082397],[-74.01455092594502,40.702547090745156],[-74.01462792624687,40.70267709066448],[-74.01468792655803,40.70281109058132],[-74.01473392687848,40.70294909049568],[-74.01476392720588,40.70309009040818],[-74.0147789275426,40.70323509031819],[-74.01477792788857,40.70338409022572],[-74.01476192824154,40.703536090131394],[-74.01473092860611,40.70369309003396],[-74.01468392897534,40.703852089935275],[-74.01462192935618,40.7040160898335],[-74.01454692974166,40.70418208973048],[-74.0141839313533,40.704876089299766],[-74.01405093190135,40.705112089153296],[-74.01397293216841,40.70522708908192],[-74.01387793247264,40.70535808900061],[-74.01198093771677,40.707616087599156],[-74.00962794424606,40.71042708585432],[-74.0088889462206,40.71127708532668],[-74.00886694626706,40.711297085314264],[-74.00884394631352,40.71131708530185],[-74.00881894635998,40.71133708528943],[-74.0087939464018,40.71135508527826],[-74.00876794644361,40.711373085267084],[-74.00874094648543,40.71139108525591],[-74.00871294652259,40.71140708524598],[-74.00868394655977,40.71142308523605],[-74.00865494659462,40.71143808522674],[-74.00862394662713,40.71145208521804],[-74.00859194665732,40.71146508520997],[-74.00855994668754,40.711478085201904],[-74.00852594671541,40.711490085194455],[-74.00849094674095,40.71150108518763],[-74.00845694676187,40.711510085182034],[-74.0054089485344,40.712273084708386],[-74.00535194856691,40.712287084699696],[-74.00529594860177,40.712302084690386],[-74.00524294864125,40.71231908467983],[-74.00519194868306,40.712337084668654],[-74.0051419487272,40.71235608465686],[-74.00509494877599,40.712377084643826],[-74.00504894882711,40.712399084630164],[-74.00500494888054,40.712422084615895],[-74.0049639489363,40.71244608460099],[-74.0049239489967,40.712472084584846],[-74.00488594905943,40.71249908456809],[-74.00484994912681,40.71252808455009],[-74.00481594919415,40.71255708453208],[-74.00478394926851,40.71258908451222],[-74.0047499493475,40.712623084491106],[-74.00424995051142,40.71312408418009],[-74.0035559523352,40.713909083692755],[-74.0035209524258,40.71394808366854],[-74.00348795252108,40.713989083643085],[-74.00345795261633,40.71403008361764],[-74.00342995271623,40.71407308359094],[-74.00340495281614,40.714116083564235],[-74.00338195292069,40.714161083536304],[-74.00336095302988,40.714208083507124],[-74.00334295313908,40.71425508347795],[-74.0033279532506,40.71430308344815],[-74.00331395336678,40.71435308341711],[-74.00330295348527,40.714404083385446],[-74.00329495360376,40.71445508335378],[-74.0032889537269,40.71450808332088],[-74.00328495385467,40.71456308328673],[-74.00328395398247,40.71461808325259],[-74.00318195586912,40.715430082748455],[-74.00317795594812,40.71546408272735],[-74.00317295602481,40.71549708270686],[-74.00316695610148,40.71553008268638],[-74.00315895617582,40.71556208266651],[-74.00314995625017,40.715594082646646],[-74.00313895632222,40.7156250826274],[-74.00312695639424,40.71565608260815],[-74.00311295646395,40.71568608258952],[-74.00309795653365,40.71571608257089],[-74.00308195660335,40.71574608255227],[-74.00306395667074,40.715775082534265],[-74.00304395673581,40.715803082516885],[-74.00302395680086,40.7158310824995],[-74.00300195686592,40.71585908248211],[-74.00297795692866,40.715886082465346],[-74.00031196384408,40.718862080617576],[-73.9991679667537,40.72011407984016],[-73.99739497156474,40.72218407855475],[-73.99738297159496,40.72219707854667],[-73.99737197162517,40.722210078538595],[-73.99735997165307,40.722222078531146],[-73.99734997168328,40.72223507852307],[-73.99733897171117,40.72224707851563],[-73.99732897174138,40.722260078507546],[-73.99731997176929,40.722272078500104],[-73.99730997179718,40.72228407849265],[-73.99730197182507,40.72229607848519],[-73.99729297185296,40.72230807847774],[-73.99728497188086,40.7223200784703],[-73.99727697190873,40.72233207846284],[-73.99726997193663,40.722344078455386],[-73.99725997197382,40.722360078445455],[-73.99724697202264,40.722381078432406],[-73.99723897205517,40.722395078423716],[-73.9972309720877,40.72240907841502],[-73.99722297212024,40.72242307840633],[-73.99721497215512,40.72243807839701],[-73.99720697218767,40.722452078388315],[-73.99719997222019,40.72246607837962],[-73.99719197225274,40.72248007837093],[-73.99718497228528,40.72249407836223],[-73.99717897232014,40.72250907835292],[-73.99717197235267,40.72252307834423],[-73.99716597238522,40.722537078335534],[-73.99715997241776,40.722551078326845],[-73.99715397245262,40.72256607831753],[-73.99714797248517,40.72258007830883],[-73.99685497427029,40.72334807783189],[-73.9968449743284,40.72337307781637],[-73.99683297438884,40.723399077800224],[-73.99682097444695,40.7234240777847],[-73.99680897450507,40.723449077769175],[-73.99679497456317,40.72347407775365],[-73.99678097461896,40.72349807773874],[-73.99676597467707,40.723523077723215],[-73.99674997473285,40.72354707770832],[-73.99673297478864,40.72357107769341],[-73.99671597484443,40.7235950776785],[-73.99669797490021,40.7236190776636],[-73.99667897495601,40.723643077648696],[-73.99665897500947,40.72366607763441],[-73.99663797506527,40.7236900776195],[-73.99661697511873,40.723713077605225],[-73.99477798037464,40.72597407620103],[-73.99374098361311,40.727367075335856],[-73.9918589887421,40.72957307396565],[-73.99182398883744,40.729614073940176],[-73.99178798893044,40.72965407391534],[-73.99174998902113,40.729693073891106],[-73.99171098911181,40.729732073866884],[-73.99166998920016,40.729770073843284],[-73.99162798928619,40.7298070738203],[-73.99158498937223,40.72984407379732],[-73.99154098945593,40.72988007377496],[-73.99149498953732,40.72991507375321],[-73.9914469896187,40.72995007373147],[-73.99139898969776,40.729984073710355],[-73.9913479897745,40.73001707368986],[-73.99129698985122,40.730050073669354],[-73.99124398992562,40.730082073649484],[-73.9911889899977,40.73011307363023],[-73.99112199010003,40.73015707360289],[-73.99105999020698,40.73020307357432],[-73.99100099032323,40.73025307354326],[-73.99094599044415,40.73030507351096],[-73.99089399056972,40.730359073477416],[-73.99084599070459,40.730417073441394],[-73.99080099084642,40.730478073403496],[-73.9907599909929,40.73054107336437],[-73.99072199114637,40.73060707332337],[-73.99068799130914,40.730677073279885],[-73.99065699147657,40.73074907323517],[-73.99062999165096,40.73082407318857],[-73.99060699183234,40.73090207314012],[-73.99058699201836,40.73098207309042],[-73.99057199221602,40.73106707303763],[-73.98998199795527,40.73353507150449],[-73.98997299811107,40.73360207146287],[-73.98996599827154,40.733671071420005],[-73.98996099843434,40.73374107137652],[-73.98995799860413,40.73381407133117],[-73.98995699877622,40.73388807128519],[-73.98995899895297,40.73396407123798],[-73.98996199913437,40.73404207118953],[-73.98996799932043,40.73412207113982],[-73.98997599951113,40.73420407108888],[-73.98998599970416,40.73428707103732],[-73.98999899990417,40.734373070983885],[-73.99001300010652,40.73446007092984],[-73.9900300003135,40.73454907087455],[-73.99004900052282,40.73463907081864],[-73.99007000073911,40.73473207076086],[-73.99007700086237,40.73478507072794],[-73.99008300098563,40.73483807069501],[-73.99008600110889,40.73489107066208],[-73.99008800122985,40.734943070629775],[-73.99008700134846,40.73499407059809],[-73.99008400146707,40.73504507056641],[-73.99007900158104,40.735094070535965],[-73.990072001695,40.73514307050552],[-73.99006300180896,40.73519207047508],[-73.99005200192059,40.73524007044526],[-73.99003900202992,40.73528707041606],[-73.9900230021369,40.735333070387476],[-73.99000600224389,40.7353790703589],[-73.98998600234856,40.73542407033095],[-73.98996400245089,40.735468070303604],[-73.98671801281364,40.73992306753563],[-73.98438302027252,40.74312906554342],[-73.98219502727883,40.746140063672186],[-73.97840603934628,40.751325060449446],[-73.97837903942077,40.75135706042955],[-73.97835103948827,40.75138606041153],[-73.97832203955345,40.75141406039412],[-73.97829103961396,40.75144006037796],[-73.97826003967215,40.75146506036242],[-73.97822703972803,40.7514890603475],[-73.97819303977924,40.751511060333826],[-73.97815703982579,40.75153106032139],[-73.97812103987002,40.75155006030958],[-73.97808303991191,40.75156806029839],[-73.97804403994915,40.75158406028845],[-73.97800303998407,40.75159906027912],[-73.97796204001433,40.75161206027104],[-73.97791904004227,40.75162406026358],[-73.97787504006554,40.751634060257366],[-73.97696704053342,40.75183506013242],[-73.97615704097802,40.75202606001369],[-73.97609804101526,40.75204206000375],[-73.97604204105018,40.75205705999442],[-73.97598804108742,40.75207305998448],[-73.97593604112933,40.75209105997329],[-73.97588704117355,40.75211005996148],[-73.97584004122243,40.75213105994842],[-73.97579504127597,40.75215405993412],[-73.97575304133184,40.75217805991921],[-73.97571304139237,40.75220405990304],[-73.97567504145754,40.752232059885635],[-73.97564004152504,40.75226105986761],[-73.9756060415972,40.75229205984834],[-73.97557504167402,40.752325059827825],[-73.97554604175316,40.75235905980669],[-73.97551904183696,40.75239505978431],[-73.97203905294424,40.757166056818285],[-73.96808606556334,40.76258505344883],[-73.96398907864246,40.76820004995685],[-73.95999309140832,40.773679046548814],[-73.95570810509376,40.77955104289562],[-73.95118911950135,40.78573103905003],[-73.94759713099333,40.790659035982934],[-73.94436914130306,40.79507903323158],[-73.9417361497228,40.79868803098474],[-73.93771316257818,40.804197027554515],[-73.93768916265752,40.80423102753335],[-73.93480417186778,40.808177025075935],[-73.93478117194014,40.80820802505663],[-73.93475817201018,40.808238025037944],[-73.93473517208021,40.80826802501926],[-73.93471117215023,40.808298025000575],[-73.93468817221559,40.80832602498314],[-73.93466517228329,40.808355024965074],[-73.93464217234632,40.80838202494826],[-73.93462017241167,40.80841002493082],[-73.93459717247237,40.80843602491463],[-73.93457417253306,40.80846202489843],[-73.93455217259375,40.80848802488224],[-73.93452917265212,40.80851302486667],[-73.93450717271047,40.8085380248511],[-73.9344851727665,40.80856202483616],[-73.93446317282019,40.80858502482183],[-73.93105018114757,40.81215202260013],[-73.92996818378828,40.813283021895636],[-73.92940018532232,40.81394002148638],[-73.92936826926403,40.813983674350894],[-73.9293353989393,40.81403168718313],[-73.92930039905711,40.81408268715306],[-73.92927111496401,40.81413051189759],[-73.92923911508323,40.814182511868275],[-73.92921053165831,40.814232135430345],[-73.92918259474371,40.81428324395892],[-73.92915525258002,40.81433502075669],[-73.92913052642372,40.814385520013225],[-73.92910642002676,40.814437645754055],[-73.92908456338876,40.814489072982866],[-73.92906332294135,40.814542233819225],[-73.9290428343142,40.814595925888824],[-73.92902332730318,40.81464960348239],[-73.92900639694663,40.81470248032522],[-73.92827499073647,40.81664652438843],[-73.92825582163346,40.816702219943245],[-73.92823420410295,40.81676095200278],[-73.9282133737137,40.816818487953675],[-73.92819072437712,40.81687722451544],[-73.9281674266131,40.816935985873876],[-73.9281442276832,40.816993483457004],[-73.92812122781024,40.81705048343226],[-73.92809692898524,40.81710921498102],[-73.92807118576783,40.817167959237906],[-73.92804618589551,40.81722495921164],[-73.92801938438792,40.81728273505619],[-73.92799364206945,40.81733917538464],[-73.92796608368548,40.81739737673241],[-73.92793880956239,40.817453950557244],[-73.92791208393989,40.817510376677504],[-73.927351,40.818375]]}},{"type":"Feature","id":"4:4-main:solo:3:09e39d185998","properties":{"route_id":"4","canonical_route_id":"4","visual_route_id":"4","visual_route_normalization_reason":"identity","display_route":"4","shape_id":"4..N13R","source_shape_ids":["4..N06R","4..N13R","4..N14R","4..N56R","4..N64R","4..S01R","4..S28R","4..S36R","4..S37R","4..S39R","4..S41R"],"raw_route_ids":["4"],"raw_shape_ids":["4..N06R","4..N13R","4..N14R","4..N56R","4..N64R","4..S01R","4..S28R","4..S36R","4..S37R","4..S39R","4..S41R"],"visual_edge_ids":["4:414-415","4:413-414","4:412-413","4:411-412","4:410-411","4:409-410","4:408-409","4:407-408","4:406-407","4:405-406","4:402-405","4:401-402"],"edge_count":12,"from_stop_id":"415","to_stop_id":"401","from_stop_name":"149 St-Grand Concourse","to_stop_name":"Woodlawn","edge_sequence":41,"edge_sequence_range":[41,41],"representative_edge_geometry_source":"4..N13R","representative_edge_geometry_sources":["4..N13R"],"edge_geometry_confidence":"high","visual_edge_metadata":[],"geometry_reversal_count":0,"internal_stitch_valid":true,"max_internal_snap_distance_m":0,"branch_representative_geometry_used":null,"branch_representative_warning":null,"canonical_direction_id":"mixed","canonical_direction_count":2,"collapsed_direction_count":2,"direction_collapse_reason":"visual-edge-direction-collapse","representative_shape_id":"4..N13R","canonical_feature_count":11,"color":"#009952","visual_family":"4-5-6","visual_branch_id":"4-main","raw_group_sequence":41000,"group_sequence":3,"group_id":null,"merged_group_ids":[],"group_member_routes":[],"group_member_visual_routes":[],"group_lane_order":[],"group_lane_order_visual":[],"group_lane_count":1,"visual_lane_slot":0,"visual_z_order":190,"corridor_id":null,"segment_kind":"solo","render_style":"subway-ribbon-v1","source":"group-corridors","debug_id":"4:4-main:solo:3:09e39d185998","feature_length_m":8766.74,"assignment_reason":"merged validated solo visual edges with compatible render state","handoff_node_id":"handoff-4-4-main--73.92735,40.81838","handoff_reason":"detected-corridor-exit","handoff_kind":"divergence","handoff_from_group_id":"group-4-5-6-4-5","handoff_to_group_id":null,"handoff_from_lane_slot":-1,"handoff_to_lane_slot":0,"start_handoff_node_id":"handoff-4-4-main--73.92735,40.81838","start_handoff_reason":"detected-corridor-exit","start_handoff_kind":"divergence","start_handoff_from_group_id":"group-4-5-6-4-5","start_handoff_to_group_id":null,"start_handoff_from_lane_slot":-1,"start_handoff_to_lane_slot":0,"end_handoff_node_id":"terminal-4-4-main-end","end_handoff_reason":"terminal","end_handoff_kind":"terminal","end_handoff_from_group_id":null,"end_handoff_to_group_id":null,"end_handoff_from_lane_slot":0,"end_handoff_to_lane_slot":0,"effective_render_key":"4|4-main|lane:0|z:190|color:#009952|kind:solo|style:subway-ribbon-v1","merged_debug_ids":["4:4-main:solo:0:c27a18e6b7b2","4:4-main:solo:0:f941556ce599","4:4-main:solo:0:0203c9c57482","4:4-main:solo:0:bbd31d1a7d16","4:4-main:solo:0:a62cb834a8c8","4:4-main:solo:0:9d4aa29bb31d","4:4-main:solo:0:bcb768af4ec1","4:4-main:solo:0:78324f6a84d7","4:4-main:solo:0:4d790a4b4406","4:4-main:solo:0:094d365415ca","4:4-main:solo:0:482b27adf023","4:4-main:solo:0:24bd1426a6a8"]},"geometry":{"type":"LineString","coordinates":[[-73.927351,40.818375],[-73.926469,40.820256],[-73.926398,40.820412],[-73.926341,40.820563],[-73.926291,40.820713],[-73.926251,40.820861],[-73.926218,40.821007],[-73.926194,40.821152],[-73.926179,40.821296],[-73.926171,40.821438],[-73.926173,40.821579],[-73.926182,40.821718],[-73.9262,40.821856],[-73.926226,40.821992],[-73.926261,40.822127],[-73.926304,40.82226],[-73.92635,40.822389],[-73.927026,40.824371],[-73.92707,40.824472],[-73.927106,40.824562],[-73.927132,40.824649],[-73.927165,40.824773],[-73.927191,40.82491],[-73.92721,40.825108],[-73.927208,40.825316],[-73.927148,40.825624],[-73.927074,40.825847],[-73.926972,40.826064],[-73.92684,40.82629],[-73.925831,40.827994],[-73.9214,40.835537],[-73.920476,40.837105],[-73.920309,40.837361],[-73.92013,40.837556],[-73.919948,40.837704],[-73.919553,40.837967],[-73.919312,40.83813],[-73.919114,40.838292],[-73.918951,40.838463],[-73.918774,40.838699],[-73.917791,40.840075],[-73.914685,40.844434],[-73.911794,40.84848],[-73.910631,40.850105],[-73.91058,40.850182],[-73.910527,40.850257],[-73.910472,40.850332],[-73.910417,40.850407],[-73.91036,40.850482],[-73.910302,40.850556],[-73.910243,40.850631],[-73.910183,40.850705],[-73.910121,40.850779],[-73.910058,40.850853],[-73.909995,40.850927],[-73.909929,40.851],[-73.909863,40.851074],[-73.909796,40.851147],[-73.909727,40.85122],[-73.907684,40.853453],[-73.905801,40.855537],[-73.905731,40.855612],[-73.905663,40.855688],[-73.905597,40.855764],[-73.905533,40.855839],[-73.90547,40.855915],[-73.905409,40.855991],[-73.90535,40.856067],[-73.905292,40.856143],[-73.905236,40.856219],[-73.905182,40.856295],[-73.905129,40.856371],[-73.905078,40.856446],[-73.905029,40.856522],[-73.904981,40.856598],[-73.904933,40.856673],[-73.903879,40.858407],[-73.90209,40.861321],[-73.902053,40.861383],[-73.902017,40.861442],[-73.901982,40.8615],[-73.901948,40.861555],[-73.901915,40.861609],[-73.901882,40.86166],[-73.901851,40.861709],[-73.901821,40.861756],[-73.901792,40.861801],[-73.901763,40.861844],[-73.901736,40.861885],[-73.90171,40.861924],[-73.901684,40.861961],[-73.90166,40.861995],[-73.901636,40.862028],[-73.901034,40.862803],[-73.897174,40.86776],[-73.895412,40.870029],[-73.895375,40.870071],[-73.895338,40.870113],[-73.8953,40.870154],[-73.895261,40.870194],[-73.895221,40.870233],[-73.89518,40.870271],[-73.895138,40.870308],[-73.895095,40.870344],[-73.895052,40.870379],[-73.895007,40.870413],[-73.894961,40.870446],[-73.894915,40.870477],[-73.894867,40.870508],[-73.894819,40.870538],[-73.89477,40.870567],[-73.892543,40.871644],[-73.892483,40.871675],[-73.892422,40.871707],[-73.89236,40.871741],[-73.892297,40.871776],[-73.892233,40.871812],[-73.892168,40.871849],[-73.892103,40.871888],[-73.892037,40.871928],[-73.89197,40.87197],[-73.891902,40.872012],[-73.891833,40.872057],[-73.891764,40.872102],[-73.891693,40.872149],[-73.891622,40.872197],[-73.891551,40.872246],[-73.890064,40.873412],[-73.889335,40.874005],[-73.889294,40.874041],[-73.889253,40.874078],[-73.889214,40.874115],[-73.889175,40.874154],[-73.889138,40.874193],[-73.889102,40.874233],[-73.889066,40.874273],[-73.889032,40.874315],[-73.888999,40.874357],[-73.888966,40.8744],[-73.888935,40.874444],[-73.888905,40.874489],[-73.888875,40.874535],[-73.888847,40.874581],[-73.88882,40.874628],[-73.887857,40.876764],[-73.887827,40.876819],[-73.887796,40.876873],[-73.887764,40.876926],[-73.88773,40.876978],[-73.887695,40.877029],[-73.887659,40.87708],[-73.887621,40.877129],[-73.887581,40.877178],[-73.88754,40.877226],[-73.887498,40.877273],[-73.887454,40.87732],[-73.887409,40.877365],[-73.887363,40.877409],[-73.887315,40.877453],[-73.887266,40.877496],[-73.884655,40.87975],[-73.881692,40.88231],[-73.881629,40.882368],[-73.881567,40.882426],[-73.881506,40.882483],[-73.881447,40.882541],[-73.881389,40.882599],[-73.881332,40.882656],[-73.881276,40.882714],[-73.881222,40.882772],[-73.881169,40.882829],[-73.881118,40.882887],[-73.881067,40.882945],[-73.881018,40.883002],[-73.880971,40.88306],[-73.880924,40.883117],[-73.880879,40.883175],[-73.878751,40.886037]]}},{"type":"Feature","id":"5:5-main:group:0:d868881636a3","properties":{"route_id":"5","canonical_route_id":"5","visual_route_id":"5","visual_route_normalization_reason":"identity","display_route":"5","shape_id":"5..N60R","source_shape_ids":["5..N60R"],"raw_route_ids":["5"],"raw_shape_ids":["5..N60R"],"visual_edge_ids":["5:256-257","5:255-256","5:254-255","5:253-254","5:252-253","5:251-252","5:250-251"],"edge_count":7,"from_stop_id":"257","to_stop_id":"250","from_stop_name":"New Lots Av","to_stop_name":"Crown Hts-Utica Av","edge_sequence":0,"edge_sequence_range":[0,0],"representative_edge_geometry_source":"5..N60R","representative_edge_geometry_sources":["5..N60R"],"edge_geometry_confidence":"medium","visual_edge_metadata":[],"geometry_reversal_count":0,"internal_stitch_valid":true,"max_internal_snap_distance_m":0,"branch_representative_geometry_used":null,"branch_representative_warning":null,"canonical_direction_id":"N","canonical_direction_count":1,"collapsed_direction_count":1,"direction_collapse_reason":"single-edge-direction","representative_shape_id":"5..N60R","canonical_feature_count":1,"color":"#009952","visual_family":"4-5-6","visual_branch_id":"5-main","raw_group_sequence":0,"group_sequence":0,"group_id":"group-4-5-6-4-5","merged_group_ids":["group-4-5-6-4-5"],"group_member_routes":["4","5"],"group_member_visual_routes":["4","5"],"group_lane_order":["4","5"],"group_lane_order_visual":["4","5"],"group_lane_count":2,"visual_lane_slot":0,"visual_z_order":200,"corridor_id":null,"segment_kind":"group","render_style":"subway-ribbon-v1","source":"group-corridors","debug_id":"5:5-main:group:0:d868881636a3","feature_length_m":4585.11,"assignment_reason":"merged validated visual edges with compatible render state","handoff_node_id":"handoff-5-5-main--73.93294,40.66890","handoff_reason":"station-adjacent-membership-change","handoff_kind":"membership-change","handoff_from_group_id":"group-4-5-6-4-5","handoff_to_group_id":"group-manual-eastern-pkwy-grand-army","handoff_from_lane_slot":0,"handoff_to_lane_slot":1.5,"start_handoff_node_id":"terminal-5-5-main-start","start_handoff_reason":"terminal","start_handoff_kind":"terminal","start_handoff_from_group_id":null,"start_handoff_to_group_id":"group-4-5-6-4-5","start_handoff_from_lane_slot":0,"start_handoff_to_lane_slot":0,"end_handoff_node_id":"handoff-5-5-main--73.93294,40.66890","end_handoff_reason":"station-adjacent-membership-change","end_handoff_kind":"membership-change","end_handoff_from_group_id":"group-4-5-6-4-5","end_handoff_to_group_id":"group-manual-eastern-pkwy-grand-army","end_handoff_from_lane_slot":0,"end_handoff_to_lane_slot":1.5,"effective_render_key":"5|5-main|lane:0|z:200|color:#009952|kind:group|style:subway-ribbon-v1","merged_debug_ids":["5:5-main:group:0:18a6e74be7d9","5:5-main:group:0:30f796e5d94d","5:5-main:group:0:7b2c8448a213","5:5-main:group:0:122b40dfbbea","5:5-main:group:0:fcb6ff6c619c","5:5-main:group:0:56801bc95c3e","5:5-main:group:0:9c38986c40a3"]},"geometry":{"type":"LineString","coordinates":[[-73.884079,40.666235],[-73.889395,40.665449],[-73.894895,40.664635],[-73.902447,40.663515],[-73.908946,40.662549],[-73.916327,40.661453],[-73.917633,40.661257],[-73.918036,40.661201],[-73.918245,40.661198],[-73.918438,40.661222],[-73.918614,40.66127],[-73.918789,40.661345],[-73.918958,40.66145],[-73.919094,40.661573],[-73.92261,40.664717],[-73.924177,40.666124],[-73.92424,40.666185],[-73.924293,40.666249],[-73.924356,40.666335],[-73.92441,40.666422],[-73.924503,40.666613],[-73.924808,40.667332],[-73.924861,40.667449],[-73.924915,40.667552],[-73.924974,40.667649],[-73.925038,40.667735],[-73.92516,40.667882],[-73.925356,40.668087],[-73.925486,40.668213],[-73.925553,40.668271],[-73.925625,40.668327],[-73.925706,40.668373],[-73.925796,40.668415],[-73.925986,40.668473],[-73.926171,40.668508],[-73.926368,40.668536],[-73.926593,40.668554],[-73.932942,40.668897]]}},{"type":"Feature","id":"5:5-main:group:1:b0664d8b65f6","properties":{"route_id":"5","canonical_route_id":"5","visual_route_id":"5","visual_route_normalization_reason":"identity","display_route":"5","shape_id":"5..N60R","source_shape_ids":["5..N60R","5..N65R","5..N71R","5..N76R","5..N84R","5..N86R","5..N87R","5..S02R","5..S03R","5..S06R","5..S09R","5..S15R","5..S21R","5..S44R"],"raw_route_ids":["5"],"raw_shape_ids":["5..N60R","5..N65R","5..N71R","5..N76R","5..N84R","5..N86R","5..N87R","5..S02R","5..S03R","5..S06R","5..S09R","5..S15R","5..S21R","5..S44R"],"visual_edge_ids":["5:249-250","5:248-249","5:239-248","5:235-239","5:234-235"],"edge_count":5,"from_stop_id":"250","to_stop_id":"234","from_stop_name":"Crown Hts-Utica Av","to_stop_name":"Nevins St","edge_sequence":7,"edge_sequence_range":[7,7],"representative_edge_geometry_source":"5..N60R","representative_edge_geometry_sources":["5..N60R"],"edge_geometry_confidence":"medium","visual_edge_metadata":[],"geometry_reversal_count":0,"internal_stitch_valid":true,"max_internal_snap_distance_m":0,"branch_representative_geometry_used":null,"branch_representative_warning":null,"canonical_direction_id":"mixed","canonical_direction_count":2,"collapsed_direction_count":2,"direction_collapse_reason":"single-edge-direction","representative_shape_id":"5..N60R","canonical_feature_count":1,"color":"#009952","visual_family":"4-5-6","visual_branch_id":"5-main","raw_group_sequence":7000,"group_sequence":1,"group_id":"group-manual-eastern-pkwy-grand-army","merged_group_ids":["group-manual-eastern-pkwy-grand-army"],"group_member_routes":["4","5","2","3"],"group_member_visual_routes":["4","5","2","3"],"group_lane_order":["4","5","2","3"],"group_lane_order_visual":["4","5","2","3"],"group_lane_count":4,"visual_lane_slot":1.5,"visual_z_order":288,"corridor_id":"eastern-pkwy-grand-army","segment_kind":"group","render_style":"subway-ribbon-v1","source":"group-corridors","debug_id":"5:5-main:group:1:b0664d8b65f6","feature_length_m":5026.39,"assignment_reason":"merged validated visual edges with compatible render state","handoff_node_id":"handoff-5-5-main--73.98049,40.68825","handoff_reason":"station-adjacent-membership-change","handoff_kind":"membership-change","handoff_from_group_id":"group-manual-eastern-pkwy-grand-army","handoff_to_group_id":"group-4-5-6-4-5","handoff_from_lane_slot":1.5,"handoff_to_lane_slot":0,"start_handoff_node_id":"handoff-5-5-main--73.93294,40.66890","start_handoff_reason":"station-adjacent-membership-change","start_handoff_kind":"membership-change","start_handoff_from_group_id":"group-4-5-6-4-5","start_handoff_to_group_id":"group-manual-eastern-pkwy-grand-army","start_handoff_from_lane_slot":0,"start_handoff_to_lane_slot":1.5,"end_handoff_node_id":"handoff-5-5-main--73.98049,40.68825","end_handoff_reason":"station-adjacent-membership-change","end_handoff_kind":"membership-change","end_handoff_from_group_id":"group-manual-eastern-pkwy-grand-army","end_handoff_to_group_id":"group-4-5-6-4-5","end_handoff_from_lane_slot":1.5,"end_handoff_to_lane_slot":0,"effective_render_key":"5|5-main|lane:1.5|z:288|color:#009952|kind:group|style:subway-ribbon-v1","merged_debug_ids":["5:5-main:group:0:20fe9a517b1c","5:5-main:group:0:31d62f59f47e","5:5-main:group:0:ec01187fcb3b","5:5-main:group:0:fbfbd43402df","5:5-main:group:0:ec36b6fe1e8b"]},"geometry":{"type":"LineString","coordinates":[[-73.932942,40.668897],[-73.94194937862832,40.66941853929975],[-73.95032067693236,40.669965305586324],[-73.95168384072254,40.67008282013261],[-73.95469798829087,40.67024429463442],[-73.95496949409942,40.67025737119635],[-73.95523563828498,40.67027880401689],[-73.95550401952741,40.670316109225254],[-73.9557733874239,40.67036525646948],[-73.95807528101304,40.67083807563111],[-73.96431927890654,40.67214307542245],[-73.96840927740845,40.67307107527406],[-73.96857527734389,40.67311107526766],[-73.96872327727286,40.673155075260624],[-73.96889127718084,40.67321207525151],[-73.96903227707591,40.67327707524112],[-73.96920327693545,40.673364075227205],[-73.96934127678855,40.67345507521265],[-73.96949027660288,40.67357007519426],[-73.96963827638011,40.67370807517219],[-73.96975027617508,40.673835075151885],[-73.9709902736629,40.67539107490304],[-73.97504226462932,40.68098507400823],[-73.97761025892719,40.68451507344341],[-73.97865225662981,40.68593707321585],[-73.980492,40.688246]]}},{"type":"Feature","id":"5:5-main:group:2:bf92dffa10e7","properties":{"route_id":"5","canonical_route_id":"5","visual_route_id":"5","visual_route_normalization_reason":"identity","display_route":"5","shape_id":"5..N60R","source_shape_ids":["5..N60R","5..N65R","5..N71R","5..N76R","5..N84R","5..N86R","5..N87R","5..S02R","5..S03R","5..S06R","5..S09R","5..S15R","5..S21R","5..S44R","5..N67R","5..N70R","5..N75R","5..N85R","5..S08R","5..S11R","5..S12R","5..S42R"],"raw_route_ids":["5"],"raw_shape_ids":["5..N60R","5..N65R","5..N71R","5..N76R","5..N84R","5..N86R","5..N87R","5..S02R","5..S03R","5..S06R","5..S09R","5..S15R","5..S21R","5..S44R","5..N67R","5..N70R","5..N75R","5..N85R","5..S08R","5..S11R","5..S12R","5..S42R"],"visual_edge_ids":["5:234-423","5:420-423","5:419-420","5:418-419","5:418-640","5:635-640","5:631-635","5:629-631","5:626-629","5:621-626","5:416-621","5:222-416"],"edge_count":12,"from_stop_id":"234","to_stop_id":"222","from_stop_name":"Nevins St","to_stop_name":"149 St-Grand Concourse","edge_sequence":12,"edge_sequence_range":[12,12],"representative_edge_geometry_source":"5..N60R","representative_edge_geometry_sources":["5..N60R"],"edge_geometry_confidence":"high","visual_edge_metadata":[],"geometry_reversal_count":0,"internal_stitch_valid":true,"max_internal_snap_distance_m":0,"branch_representative_geometry_used":null,"branch_representative_warning":null,"canonical_direction_id":"mixed","canonical_direction_count":2,"collapsed_direction_count":2,"direction_collapse_reason":"visual-edge-direction-collapse","representative_shape_id":"5..N60R","canonical_feature_count":14,"color":"#009952","visual_family":"4-5-6","visual_branch_id":"5-main","raw_group_sequence":12000,"group_sequence":2,"group_id":"group-4-5-6-4-5","merged_group_ids":["group-4-5-6-4-5","group-4-5-6-4-5-6"],"group_member_routes":["4","5","6"],"group_member_visual_routes":["4","5","6"],"group_lane_order":["4","5","6"],"group_lane_order_visual":["4","5","6"],"group_lane_count":3,"visual_lane_slot":0,"visual_z_order":200,"corridor_id":null,"segment_kind":"group","render_style":"subway-ribbon-v1","source":"group-corridors","debug_id":"5:5-main:group:2:bf92dffa10e7","feature_length_m":18639.13,"assignment_reason":"merged validated visual edges with compatible render state","handoff_node_id":"handoff-5-5-main--73.92672,40.81841","handoff_reason":"detected-corridor-exit","handoff_kind":"divergence","handoff_from_group_id":"group-4-5-6-4-5","handoff_to_group_id":null,"handoff_from_lane_slot":0,"handoff_to_lane_slot":0,"start_handoff_node_id":"handoff-5-5-main--73.98049,40.68825","start_handoff_reason":"station-adjacent-membership-change","start_handoff_kind":"membership-change","start_handoff_from_group_id":"group-manual-eastern-pkwy-grand-army","start_handoff_to_group_id":"group-4-5-6-4-5","start_handoff_from_lane_slot":1.5,"start_handoff_to_lane_slot":0,"end_handoff_node_id":"handoff-5-5-main--73.92672,40.81841","end_handoff_reason":"detected-corridor-exit","end_handoff_kind":"divergence","end_handoff_from_group_id":"group-4-5-6-4-5","end_handoff_to_group_id":null,"end_handoff_from_lane_slot":0,"end_handoff_to_lane_slot":0,"effective_render_key":"5|5-main|lane:0|z:200|color:#009952|kind:group|style:subway-ribbon-v1","merged_debug_ids":["5:5-main:group:0:bc087b2a53b4","5:5-main:group:0:cf4a7d9d4b05","5:5-main:group:0:ec6189aa45ea","5:5-main:group:0:006ab468d6e3","5:5-main:group:0:e8cf97004739","5:5-main:group:0:351957e8ee84","5:5-main:group:0:c0b8e2ec6aff","5:5-main:group:0:58c063fe53f1","5:5-main:group:0:1fb39a7963e5","5:5-main:group:0:7453ba919dbf","5:5-main:group:0:b7337f2b1476","5:5-main:group:0:9438e1c9b1e0"]},"geometry":{"type":"LineString","coordinates":[[-73.980492,40.688246],[-73.980654,40.688475],[-73.980697,40.688533],[-73.98074,40.688593],[-73.980785,40.688649],[-73.980833,40.688705],[-73.980884,40.688757],[-73.980941,40.688808],[-73.981001,40.688856],[-73.981065,40.688902],[-73.981133,40.688945],[-73.981205,40.688987],[-73.98128,40.689027],[-73.98136,40.689062],[-73.981444,40.689096],[-73.981529,40.68913],[-73.981616,40.689164],[-73.985065,40.690545],[-73.989185,40.692195],[-73.98923,40.692211],[-73.989278,40.692226],[-73.989328,40.692242],[-73.989382,40.692257],[-73.989438,40.692271],[-73.989497,40.692286],[-73.989558,40.6923],[-73.989623,40.692314],[-73.98969,40.692328],[-73.98976,40.692341],[-73.989832,40.692354],[-73.989908,40.692367],[-73.989986,40.69238],[-73.990067,40.692392],[-73.990151,40.692404],[-73.99508,40.693147],[-73.998992,40.693837],[-73.999213,40.693877],[-74.00052,40.694217],[-74.001108,40.694369],[-74.001884,40.69456],[-74.002639,40.694739],[-74.003274,40.694909],[-74.003986,40.695132],[-74.004589,40.695366],[-74.005177,40.695589],[-74.005764,40.695813],[-74.006198,40.696065],[-74.012544,40.700938],[-74.013973,40.702003],[-74.014111,40.702119],[-74.014233,40.702238],[-74.014341,40.702361],[-74.014432,40.702488],[-74.014509,40.702618],[-74.014569,40.702752],[-74.014615,40.70289],[-74.014645,40.703031],[-74.01466,40.703176],[-74.014659,40.703325],[-74.014643,40.703477],[-74.014612,40.703634],[-74.014565,40.703793],[-74.014503,40.703957],[-74.014428,40.704123],[-74.014065,40.704817],[-74.013932,40.705053],[-74.013854,40.705168],[-74.013759,40.705299],[-74.011862,40.707557],[-74.009509,40.710368],[-74.00877,40.711218],[-74.008748,40.711238],[-74.008725,40.711258],[-74.0087,40.711278],[-74.008675,40.711296],[-74.008649,40.711314],[-74.008622,40.711332],[-74.008594,40.711348],[-74.008565,40.711364],[-74.008536,40.711379],[-74.008505,40.711393],[-74.008473,40.711406],[-74.008441,40.711419],[-74.008407,40.711431],[-74.008372,40.711442],[-74.008338,40.711451],[-74.00529,40.712214],[-74.005233,40.712228],[-74.005177,40.712243],[-74.005124,40.71226],[-74.005073,40.712278],[-74.005023,40.712297],[-74.004976,40.712318],[-74.00493,40.71234],[-74.004886,40.712363],[-74.004845,40.712387],[-74.004805,40.712413],[-74.004767,40.71244],[-74.004731,40.712469],[-74.004697,40.712498],[-74.004665,40.71253],[-74.004631,40.712564],[-74.004131,40.713065],[-74.003437,40.71385],[-74.003402,40.713889],[-74.003369,40.71393],[-74.003339,40.713971],[-74.003311,40.714014],[-74.003286,40.714057],[-74.003263,40.714102],[-74.003242,40.714149],[-74.003224,40.714196],[-74.003209,40.714244],[-74.003195,40.714294],[-74.003184,40.714345],[-74.003176,40.714396],[-74.00317,40.714449],[-74.003166,40.714504],[-74.003165,40.714559],[-74.003063,40.715371],[-74.003059,40.715405],[-74.003054,40.715438],[-74.003048,40.715471],[-74.00304,40.715503],[-74.003031,40.715535],[-74.00302,40.715566],[-74.003008,40.715597],[-74.002994,40.715627],[-74.002979,40.715657],[-74.002963,40.715687],[-74.002945,40.715716],[-74.002925,40.715744],[-74.002905,40.715772],[-74.002883,40.7158],[-74.002859,40.715827],[-74.000193,40.718803],[-73.999049,40.720055],[-73.997276,40.722125],[-73.997264,40.722138],[-73.997253,40.722151],[-73.997241,40.722163],[-73.997231,40.722176],[-73.99722,40.722188],[-73.99721,40.722201],[-73.997201,40.722213],[-73.997191,40.722225],[-73.997183,40.722237],[-73.997174,40.722249],[-73.997166,40.722261],[-73.997158,40.722273],[-73.997151,40.722285],[-73.997141,40.722301],[-73.997128,40.722322],[-73.99712,40.722336],[-73.997112,40.72235],[-73.997104,40.722364],[-73.997096,40.722379],[-73.997088,40.722393],[-73.997081,40.722407],[-73.997073,40.722421],[-73.997066,40.722435],[-73.99706,40.72245],[-73.997053,40.722464],[-73.997047,40.722478],[-73.997041,40.722492],[-73.997035,40.722507],[-73.997029,40.722521],[-73.996736,40.723289],[-73.996726,40.723314],[-73.996714,40.72334],[-73.996702,40.723365],[-73.99669,40.72339],[-73.996676,40.723415],[-73.996662,40.723439],[-73.996647,40.723464],[-73.996631,40.723488],[-73.996614,40.723512],[-73.996597,40.723536],[-73.996579,40.72356],[-73.99656,40.723584],[-73.99654,40.723607],[-73.996519,40.723631],[-73.996498,40.723654],[-73.994659,40.725915],[-73.993622,40.727308],[-73.99174,40.729514],[-73.991705,40.729555],[-73.991669,40.729595],[-73.991631,40.729634],[-73.991592,40.729673],[-73.991551,40.729711],[-73.991509,40.729748],[-73.991466,40.729785],[-73.991422,40.729821],[-73.991376,40.729856],[-73.991328,40.729891],[-73.99128,40.729925],[-73.991229,40.729958],[-73.991178,40.729991],[-73.991125,40.730023],[-73.99107,40.730054],[-73.991003,40.730098],[-73.990941,40.730144],[-73.990882,40.730194],[-73.990827,40.730246],[-73.990775,40.7303],[-73.990727,40.730358],[-73.990682,40.730419],[-73.990641,40.730482],[-73.990603,40.730548],[-73.990569,40.730618],[-73.990538,40.73069],[-73.990511,40.730765],[-73.990488,40.730843],[-73.990468,40.730923],[-73.990453,40.731008],[-73.989863,40.733476],[-73.989854,40.733543],[-73.989847,40.733612],[-73.989842,40.733682],[-73.989839,40.733755],[-73.989838,40.733829],[-73.98984,40.733905],[-73.989843,40.733983],[-73.989849,40.734063],[-73.989857,40.734145],[-73.989867,40.734228],[-73.98988,40.734314],[-73.989894,40.734401],[-73.989911,40.73449],[-73.98993,40.73458],[-73.989951,40.734673],[-73.989958,40.734726],[-73.989964,40.734779],[-73.989967,40.734832],[-73.989969,40.734884],[-73.989968,40.734935],[-73.989965,40.734986],[-73.98996,40.735035],[-73.989953,40.735084],[-73.989944,40.735133],[-73.989933,40.735181],[-73.98992,40.735228],[-73.989904,40.735274],[-73.989887,40.73532],[-73.989867,40.735365],[-73.989845,40.735409],[-73.986599,40.739864],[-73.984264,40.74307],[-73.982076,40.746081],[-73.978287,40.751266],[-73.97826,40.751298],[-73.978232,40.751327],[-73.978203,40.751355],[-73.978172,40.751381],[-73.978141,40.751406],[-73.978108,40.75143],[-73.978074,40.751452],[-73.978038,40.751472],[-73.978002,40.751491],[-73.977964,40.751509],[-73.977925,40.751525],[-73.977884,40.75154],[-73.977843,40.751553],[-73.9778,40.751565],[-73.977756,40.751575],[-73.976848,40.751776],[-73.976038,40.751967],[-73.975979,40.751983],[-73.975923,40.751998],[-73.975869,40.752014],[-73.975817,40.752032],[-73.975768,40.752051],[-73.975721,40.752072],[-73.975676,40.752095],[-73.975634,40.752119],[-73.975594,40.752145],[-73.975556,40.752173],[-73.975521,40.752202],[-73.975487,40.752233],[-73.975456,40.752266],[-73.975427,40.7523],[-73.9754,40.752336],[-73.97192,40.757107],[-73.967967,40.762526],[-73.96387,40.768141],[-73.959874,40.77362],[-73.955589,40.779492],[-73.95107,40.785672],[-73.947478,40.7906],[-73.94425,40.79502],[-73.941617,40.798629],[-73.937594,40.804138],[-73.93757,40.804172],[-73.934685,40.808118],[-73.934662,40.808149],[-73.934639,40.808179],[-73.934616,40.808209],[-73.934592,40.808239],[-73.934569,40.808267],[-73.934546,40.808296],[-73.934523,40.808323],[-73.934501,40.808351],[-73.934478,40.808377],[-73.934455,40.808403],[-73.934433,40.808429],[-73.93441,40.808454],[-73.934388,40.808479],[-73.934366,40.808503],[-73.934344,40.808526],[-73.930931,40.812093],[-73.929849,40.813224],[-73.929281,40.813881],[-73.929244,40.813931],[-73.929209,40.813982],[-73.929174,40.814033],[-73.929142,40.814085],[-73.92911,40.814137],[-73.92908,40.814189],[-73.929051,40.814242],[-73.929023,40.814295],[-73.928997,40.814348],[-73.928972,40.814402],[-73.928949,40.814456],[-73.928927,40.814511],[-73.928906,40.814566],[-73.928886,40.814621],[-73.928868,40.814677],[-73.928138,40.816617],[-73.928118,40.816675],[-73.928097,40.816732],[-73.928076,40.81679],[-73.928054,40.816847],[-73.928031,40.816905],[-73.928008,40.816962],[-73.927985,40.817019],[-73.927961,40.817077],[-73.927936,40.817134],[-73.927911,40.817191],[-73.927885,40.817247],[-73.927859,40.817304],[-73.927832,40.817361],[-73.927805,40.817417],[-73.927778,40.817474],[-73.927767,40.817511],[-73.927758,40.817547],[-73.927755,40.817581],[-73.927756,40.817615],[-73.927763,40.817648],[-73.927776,40.81768],[-73.927793,40.817711],[-73.927816,40.817741],[-73.927844,40.81777],[-73.927878,40.817799],[-73.927916,40.817826],[-73.92796,40.817853],[-73.92801,40.817879],[-73.928064,40.817904],[-73.92811,40.81793],[-73.928157,40.817953],[-73.928189,40.817978],[-73.928219,40.818003],[-73.928247,40.818028],[-73.928274,40.818054],[-73.928298,40.81808],[-73.92832,40.818106],[-73.928341,40.818132],[-73.92836,40.818159],[-73.928376,40.818186],[-73.928391,40.818213],[-73.928404,40.81824],[-73.928415,40.818268],[-73.928424,40.818296],[-73.928431,40.818324],[-73.928426,40.818387],[-73.928415,40.818444],[-73.928399,40.818496],[-73.928378,40.818542],[-73.928351,40.818583],[-73.928318,40.818618],[-73.928281,40.818647],[-73.928238,40.818671],[-73.928189,40.81869],[-73.928136,40.818702],[-73.928077,40.81871],[-73.928012,40.818711],[-73.927942,40.818707],[-73.927867,40.818698],[-73.927782,40.818685],[-73.926718,40.81841]]}},{"type":"Feature","id":"5:5-main:solo:3:93f8163e4116","properties":{"route_id":"5","canonical_route_id":"5","visual_route_id":"5","visual_route_normalization_reason":"identity","display_route":"5","shape_id":"5..N60R","source_shape_ids":["5..N60R","5..N65R","5..N67R","5..N70R","5..N71R","5..N75R","5..N76R","5..N84R","5..N85R","5..N86R","5..N87R","5..S02R","5..S03R","5..S06R","5..S08R","5..S09R","5..S11R","5..S12R","5..S15R","5..S21R","5..S42R","5..S44R","5..N32R","5..S32R"],"raw_route_ids":["5"],"raw_shape_ids":["5..N60R","5..N65R","5..N67R","5..N70R","5..N71R","5..N75R","5..N76R","5..N84R","5..N85R","5..N86R","5..N87R","5..S02R","5..S03R","5..S06R","5..S08R","5..S09R","5..S11R","5..S12R","5..S15R","5..S21R","5..S42R","5..S44R","5..N32R","5..S32R"],"visual_edge_ids":["5:221-222","5:220-221","5:219-220","5:218-219","5:217-218","5:216-217","5:215-216","5:214-215","5:213-214","5:213-505","5:504-505","5:503-504","5:502-503","5:501-502"],"edge_count":14,"from_stop_id":"222","to_stop_id":"501","from_stop_name":"149 St-Grand Concourse","to_stop_name":"Eastchester-Dyre Av","edge_sequence":24,"edge_sequence_range":[24,24],"representative_edge_geometry_source":"5..N60R","representative_edge_geometry_sources":["5..N60R"],"edge_geometry_confidence":"high","visual_edge_metadata":[],"geometry_reversal_count":0,"internal_stitch_valid":true,"max_internal_snap_distance_m":0,"branch_representative_geometry_used":null,"branch_representative_warning":null,"canonical_direction_id":"mixed","canonical_direction_count":2,"collapsed_direction_count":2,"direction_collapse_reason":"visual-edge-direction-collapse","representative_shape_id":"5..N60R","canonical_feature_count":22,"color":"#009952","visual_family":"4-5-6","visual_branch_id":"5-main","raw_group_sequence":24000,"group_sequence":3,"group_id":null,"merged_group_ids":[],"group_member_routes":[],"group_member_visual_routes":[],"group_lane_order":[],"group_lane_order_visual":[],"group_lane_count":1,"visual_lane_slot":0,"visual_z_order":200,"corridor_id":null,"segment_kind":"solo","render_style":"subway-ribbon-v1","source":"group-corridors","debug_id":"5:5-main:solo:3:93f8163e4116","feature_length_m":12475.09,"assignment_reason":"merged validated solo visual edges with compatible render state","handoff_node_id":"handoff-5-5-main--73.92672,40.81841","handoff_reason":"detected-corridor-exit","handoff_kind":"divergence","handoff_from_group_id":"group-4-5-6-4-5","handoff_to_group_id":null,"handoff_from_lane_slot":0,"handoff_to_lane_slot":0,"start_handoff_node_id":"handoff-5-5-main--73.92672,40.81841","start_handoff_reason":"detected-corridor-exit","start_handoff_kind":"divergence","start_handoff_from_group_id":"group-4-5-6-4-5","start_handoff_to_group_id":null,"start_handoff_from_lane_slot":0,"start_handoff_to_lane_slot":0,"end_handoff_node_id":"terminal-5-5-main-end","end_handoff_reason":"terminal","end_handoff_kind":"terminal","end_handoff_from_group_id":null,"end_handoff_to_group_id":null,"end_handoff_from_lane_slot":0,"end_handoff_to_lane_slot":0,"effective_render_key":"5|5-main|lane:0|z:200|color:#009952|kind:solo|style:subway-ribbon-v1","merged_debug_ids":["5:5-main:solo:0:d9fee4abfda3","5:5-main:solo:0:0f696858c845","5:5-main:solo:0:41189eb88fc6","5:5-main:solo:0:8d7240d6feab","5:5-main:solo:0:2622570c7138","5:5-main:solo:0:bf98421c1bbb","5:5-main:solo:0:16f6f5101577","5:5-main:solo:0:6e8f29d95ee4","5:5-main:solo:0:3e4d6af8e937","5:5-main:solo:0:94ea360192ed","5:5-main:solo:0:f910e9733b67","5:5-main:solo:0:0edb1220754d","5:5-main:solo:0:48e51aa86472","5:5-main:solo:0:67892390c191"]},"geometry":{"type":"LineString","coordinates":[[-73.926718,40.81841],[-73.917757,40.816109],[-73.916675,40.815782],[-73.916492,40.815732],[-73.916277,40.815702],[-73.915934,40.815684],[-73.91568,40.815699],[-73.915469,40.81574],[-73.915203,40.81582],[-73.914951,40.815913],[-73.914835,40.815961],[-73.914728,40.816005],[-73.914448,40.816109],[-73.914233,40.816171],[-73.91403,40.816201],[-73.913796,40.816213],[-73.913574,40.816201],[-73.913328,40.81618],[-73.912669,40.816113],[-73.911842,40.816033],[-73.911136,40.815974],[-73.910726,40.815949],[-73.910364,40.815931],[-73.910082,40.815931],[-73.909808,40.815926],[-73.909395,40.815936],[-73.909111,40.815963],[-73.908903,40.816003],[-73.908682,40.816055],[-73.908375,40.816174],[-73.907807,40.81649],[-73.905946,40.817578],[-73.905518,40.817813],[-73.905114,40.818004],[-73.90421,40.8184],[-73.903268,40.818818],[-73.902687,40.819113],[-73.90177,40.819585],[-73.896736,40.822181],[-73.893064,40.824073],[-73.892771,40.824223],[-73.892368,40.824431],[-73.892265,40.824494],[-73.892182,40.824554],[-73.892091,40.824649],[-73.892021,40.824739],[-73.891978,40.824818],[-73.891946,40.824901],[-73.891929,40.824983],[-73.891922,40.825069],[-73.891924,40.825522],[-73.891875,40.829842],[-73.891865,40.829993],[-73.891849,40.830113],[-73.89183,40.830227],[-73.891793,40.830395],[-73.891704,40.830667],[-73.891611,40.830888],[-73.891469,40.831153],[-73.89134,40.831358],[-73.888195,40.836619],[-73.888068,40.83683],[-73.887939,40.837034],[-73.8878,40.837218],[-73.887734,40.837288],[-73.88765,40.837371],[-73.887544,40.837463],[-73.887183,40.837713],[-73.88512,40.838935],[-73.884886,40.839063],[-73.884651,40.839165],[-73.884441,40.839252],[-73.884172,40.839342],[-73.883891,40.839419],[-73.883573,40.839484],[-73.883293,40.839521],[-73.88303,40.839546],[-73.882597,40.839567],[-73.882191,40.839591],[-73.881967,40.839613],[-73.881759,40.839642],[-73.881408,40.839719],[-73.881149,40.839802],[-73.88085,40.839913],[-73.880498,40.840057],[-73.880284,40.840155],[-73.880147,40.840229],[-73.880049,40.840295],[-73.879899,40.840415],[-73.879734,40.840583],[-73.879283,40.841051],[-73.879175,40.841151],[-73.879076,40.841205],[-73.878966,40.841245],[-73.878829,40.841273],[-73.878707,40.841277],[-73.878599,40.841267],[-73.878512,40.841249],[-73.878423,40.841212],[-73.878219,40.84113],[-73.878027,40.841049],[-73.877782,40.840945],[-73.877644,40.840895],[-73.877474,40.840846],[-73.87733,40.840817],[-73.877172,40.840795],[-73.87701,40.840786],[-73.876841,40.840784],[-73.876624,40.840801],[-73.876313,40.840847],[-73.874736,40.841121],[-73.874543,40.84117],[-73.87443,40.84121],[-73.874329,40.841252],[-73.874215,40.841324],[-73.874109,40.841402],[-73.873488,40.841894],[-73.87179,40.84325],[-73.871389,40.843567],[-73.871028,40.84391],[-73.870857,40.844101],[-73.870717,40.844293],[-73.870597,40.844505],[-73.870472,40.844767],[-73.870143,40.845525],[-73.869952,40.845968],[-73.869878,40.846084],[-73.869804,40.846191],[-73.869717,40.846327],[-73.869629,40.846454],[-73.869399,40.846768],[-73.869192,40.847056],[-73.868975,40.847381],[-73.868897,40.847477],[-73.868816,40.847572],[-73.868713,40.847683],[-73.868618,40.847777],[-73.86848,40.847897],[-73.868344,40.84801],[-73.868114,40.848206],[-73.860495,40.854364],[-73.857103,40.857109],[-73.857034,40.857168],[-73.856964,40.857229],[-73.856894,40.857291],[-73.856824,40.857355],[-73.856754,40.85742],[-73.856684,40.857487],[-73.856615,40.857555],[-73.856545,40.857624],[-73.856476,40.857695],[-73.856407,40.857767],[-73.856338,40.85784],[-73.856268,40.857915],[-73.8562,40.857992],[-73.856131,40.85807],[-73.856063,40.858149],[-73.855359,40.858985],[-73.846384,40.869526],[-73.838591,40.878663],[-73.836547,40.88107],[-73.834236,40.883768],[-73.832712,40.885577],[-73.832289,40.88611],[-73.83155,40.887136],[-73.831315,40.887513],[-73.830834,40.8883]]}},{"type":"Feature","id":"6:6-main:group:0:582a8a704a7a","properties":{"route_id":"6","canonical_route_id":"6","visual_route_id":"6","visual_route_normalization_reason":"express-variant-collapse","display_route":"6","shape_id":"6..N01R","source_shape_ids":["6..N01R","6..N02R","6..N03R","6..N06R","6..S01R","6..S02R","6..S03R","6..S06R"],"raw_route_ids":["6","6X"],"raw_shape_ids":["6..N01R","6..N02R","6..N03R","6..N06R","6..S01R","6..S02R","6..S03R","6..S06R"],"visual_edge_ids":["6:639-640","6:638-639","6:637-638","6:636-637","6:635-636","6:634-635","6:633-634","6:632-633","6:631-632","6:630-631","6:629-630","6:628-629","6:627-628","6:626-627","6:625-626","6:624-625","6:623-624","6:622-623","6:621-622","6:619-621"],"edge_count":20,"from_stop_id":"640","to_stop_id":"619","from_stop_name":"Brooklyn Bridge-City Hall","to_stop_name":"3 Av-138 St","edge_sequence":0,"edge_sequence_range":[0,0],"representative_edge_geometry_source":"6..N01R","representative_edge_geometry_sources":["6..N01R"],"edge_geometry_confidence":"high","visual_edge_metadata":[],"geometry_reversal_count":0,"internal_stitch_valid":true,"max_internal_snap_distance_m":0,"branch_representative_geometry_used":null,"branch_representative_warning":null,"canonical_direction_id":"mixed","canonical_direction_count":2,"collapsed_direction_count":2,"direction_collapse_reason":"visual-edge-direction-collapse","representative_shape_id":"6..N01R","canonical_feature_count":8,"color":"#009952","visual_family":"4-5-6","visual_branch_id":"6-main","raw_group_sequence":0,"group_sequence":0,"group_id":"group-4-5-6-4-5-6","merged_group_ids":["group-4-5-6-4-5-6"],"group_member_routes":["4","5","6"],"group_member_visual_routes":["4","5","6"],"group_lane_order":["4","5","6"],"group_lane_order_visual":["4","5","6"],"group_lane_count":3,"visual_lane_slot":1,"visual_z_order":211,"corridor_id":null,"segment_kind":"group","render_style":"subway-ribbon-v1","source":"group-corridors","debug_id":"6:6-main:group:0:582a8a704a7a","feature_length_m":13246.17,"assignment_reason":"merged validated visual edges with compatible render state","handoff_node_id":"handoff-6-6-main--73.92614,40.81048","handoff_reason":"detected-corridor-exit","handoff_kind":"divergence","handoff_from_group_id":"group-4-5-6-4-5-6","handoff_to_group_id":null,"handoff_from_lane_slot":1,"handoff_to_lane_slot":0,"start_handoff_node_id":"terminal-6-6-main-start","start_handoff_reason":"terminal","start_handoff_kind":"terminal","start_handoff_from_group_id":null,"start_handoff_to_group_id":"group-4-5-6-4-5-6","start_handoff_from_lane_slot":0,"start_handoff_to_lane_slot":1,"end_handoff_node_id":"handoff-6-6-main--73.92614,40.81048","end_handoff_reason":"detected-corridor-exit","end_handoff_kind":"divergence","end_handoff_from_group_id":"group-4-5-6-4-5-6","end_handoff_to_group_id":null,"end_handoff_from_lane_slot":1,"end_handoff_to_lane_slot":0,"effective_render_key":"6|6-main|lane:1|z:211|color:#009952|kind:group|style:subway-ribbon-v1","merged_debug_ids":["6:6-main:group:0:64e7f00fa195","6:6-main:group:0:f39b10546bc6","6:6-main:group:0:4071a3e052e2","6:6-main:group:0:f438f4688b7b","6:6-main:group:0:d24db819e3aa","6:6-main:group:0:d94bc5427b45","6:6-main:group:0:e72d8127e039","6:6-main:group:0:06d7ffc1a5b4","6:6-main:group:0:169a2f56b519","6:6-main:group:0:26ab50442f10","6:6-main:group:0:6125504b89c7","6:6-main:group:0:73d0a22bf836","6:6-main:group:0:9375e29a3983","6:6-main:group:0:0f9b1744a469","6:6-main:group:0:fa0d3d4bc840","6:6-main:group:0:7ca281cccfd5","6:6-main:group:0:2cd51d852b3f","6:6-main:group:0:c2fe6e61c6d4","6:6-main:group:0:d968c8e6092a","6:6-main:group:0:7d966e555a68"]},"geometry":{"type":"LineString","coordinates":[[-74.004131,40.713065],[-74.00331885617149,40.713789991531016],[-74.00328440959387,40.71382837014752],[-74.00324759270875,40.71387385830744],[-74.00321462998048,40.71391871667312],[-74.00318347016535,40.71396628983423],[-74.00315585880648,40.71401352943043],[-74.0031303861873,40.714063058516814],[-74.00310729745289,40.714114421588626],[-74.00308742022902,40.71416594835804],[-74.00307061115357,40.71421915393234],[-74.00305588045994,40.714271620413164],[-74.0030436449837,40.71432760775346],[-74.00303477631459,40.71438327282776],[-74.00302830219843,40.71443978400202],[-74.00302399697098,40.71449806667591],[-74.00302279476328,40.714557514559225],[-74.00292141980799,40.715360782644865],[-74.002917341542,40.715395425524534],[-74.00291270806113,40.715425701152306],[-74.00290711088523,40.71545628347422],[-74.00290026578598,40.71548293066913],[-74.00289190457528,40.7155125252388],[-74.0028826596782,40.7155380025578],[-74.00287153173522,40.715566651297884],[-74.00285991946238,40.71559105313398],[-74.00284600898847,40.71561879850037],[-74.0028311447797,40.71564659977505],[-74.00281630898772,40.715670110843746],[-74.00279993183139,40.715692677744116],[-74.00277993176688,40.71572067776078],[-74.00276080615488,40.71574484305128],[-74.0027410509077,40.71576676790338],[-74.00007533174498,40.71874244728752],[-73.99893207124163,40.71999362750656],[-73.99715669734441,40.722066306200546],[-73.99714745381259,40.722076206966236],[-73.99713326945985,40.72209280875375],[-73.99712764232278,40.72209788903006],[-73.99710812182813,40.72212170817423],[-73.99710318776317,40.72212649609656],[-73.99708712177028,40.72214670818945],[-73.9970773449452,40.7221597308568],[-73.99707074117897,40.722167437703284],[-73.99705604894541,40.722188387571784],[-73.99705034486205,40.72219573087848],[-73.99703904889031,40.72221238758577],[-73.99703104886282,40.72222438759266],[-73.9970209107051,40.72224141269791],[-73.99701245615087,40.72225485414004],[-73.99699923224539,40.722276214039184],[-73.99698947881879,40.72229316054703],[-73.99698147878698,40.722307160554685],[-73.99697347875521,40.72232116056221],[-73.99696412966186,40.722338603265904],[-73.99695747868934,40.72235016057799],[-73.99694799380883,40.722368801887384],[-73.99694247862575,40.72237816059316],[-73.99693299374583,40.72239680190151],[-73.9969238816399,40.722418726522136],[-73.99691999368063,40.722425801915996],[-73.99691172129202,40.722444699421544],[-73.99690572126086,40.72245869942788],[-73.99689888151353,40.72247572654665],[-73.99689372119629,40.722487699441004],[-73.99659935948992,40.72325905844113],[-73.99658987972423,40.723282726893906],[-73.99657973896949,40.72330440854509],[-73.99656833211165,40.72332814844099],[-73.99655633205558,40.72335314845322],[-73.9965450662995,40.72337288601309],[-73.99653190808083,40.723395413330074],[-73.996517520037,40.72341937892119],[-73.99650404607404,40.72343938829964],[-73.99648867801058,40.723461014042144],[-73.99647167795528,40.72348501405643],[-73.99645534183159,40.723506731671534],[-73.99643803067131,40.723528540279645],[-73.99642123293384,40.7235476825366],[-73.99640045770354,40.723571424806885],[-73.99638103406096,40.723592661289764],[-73.99453791214142,40.725858436532235],[-73.99349810940232,40.727255033403345],[-73.99162054005812,40.72945547469352],[-73.99158556186802,40.729496449050615],[-73.9915514793537,40.7295342616612],[-73.99151656339065,40.72956996908742],[-73.9914786248631,40.729607893696915],[-73.99144087350444,40.729642766634214],[-73.99140115793679,40.72967770248281],[-73.99135924610388,40.72971375502888],[-73.9913176354827,40.72974775022015],[-73.99127520957897,40.729779930270986],[-73.99122936780262,40.72981332267393],[-73.99118286154548,40.72984624911709],[-73.99113662796964,40.72987602183048],[-73.99108562789735,40.72990902184761],[-73.99103635645191,40.72993869105306],[-73.99098510339057,40.7299675048852],[-73.99090983780276,40.73001653679123],[-73.99084148162385,40.73006697420279],[-73.99077595916165,40.7301221455664],[-73.99071600137871,40.730178582186724],[-73.99066008945427,40.73023645717809],[-73.99060648592746,40.73030072735028],[-73.99055783209067,40.73036639978479],[-73.99051341826869,40.73043432107558],[-73.99047261663122,40.730504892220914],[-73.99043550251241,40.73058076538693],[-73.99040276286568,40.73065656378627],[-73.99037376170622,40.730736629383856],[-73.99034917009413,40.730819492513184],[-73.99032823228677,40.730902935157154],[-73.99031200123945,40.73099371186933],[-73.98972301901465,40.73345678539463],[-73.98971247196576,40.733532083966146],[-73.9897051590292,40.73360373763388],[-73.98969994831099,40.73367617398976],[-73.9896968091616,40.73375164477281],[-73.98969574753477,40.733827896228846],[-73.98969776818979,40.73390714913207],[-73.98970080012585,40.73398614032655],[-73.98970696875533,40.7340691163603],[-73.98971512655032,40.73415294738214],[-73.98972532839343,40.73423780055062],[-73.98973866318943,40.73432626718216],[-73.9897527847949,40.73441404769317],[-73.98977020575865,40.73450544138089],[-73.98978952447325,40.734597027579426],[-73.98981077606747,40.73469118019046],[-73.98981777595259,40.73474418017639],[-73.9898237758377,40.734797180162325],[-73.98982677572282,40.73485018014825],[-73.9898287756101,40.73490218013445],[-73.98982777549956,40.734953180120904],[-73.98982477538901,40.73500418010737],[-73.9898197752828,40.73505318009436],[-73.98981277517657,40.73510218008135],[-73.98980377507036,40.735151180068335],[-73.9897927749663,40.735199180055595],[-73.98977977486443,40.73524618004311],[-73.98976377476473,40.7352921800309],[-73.98974677466501,40.735338180018694],[-73.98972677456747,40.73538318000674],[-73.98970477447209,40.73542717999506],[-73.98645876481402,40.739882178812245],[-73.98412375786235,40.74308817796097],[-73.98193575133249,40.74609917716142],[-73.97814674008563,40.751284175784455],[-73.97811974001623,40.751316175775955],[-73.97809173995331,40.75134517576826],[-73.97806273989255,40.75137317576082],[-73.97803173983615,40.75139917575392],[-73.97800073978192,40.75142417574728],[-73.97796773972986,40.7514481757409],[-73.97793373968213,40.75147017573506],[-73.97789773963873,40.75149017572975],[-73.97786173959753,40.7515091757247],[-73.97782373955847,40.75152717571992],[-73.97778473952376,40.751543175715675],[-73.97774373949122,40.751558175711686],[-73.97770273946301,40.751571175708236],[-73.97765973943699,40.75158317570505],[-73.97761573941528,40.751593175702396],[-73.97670773897923,40.75179417564901],[-73.97589773856487,40.751985175598286],[-73.97583873853014,40.75200117559404],[-73.9757827384976,40.75201617559005],[-73.9757287384629,40.7520321755858],[-73.97567673842386,40.75205017558102],[-73.97562773838263,40.752069175575976],[-73.97558073833706,40.752090175570395],[-73.97553573828718,40.75211317556428],[-73.9754937382351,40.75213717555791],[-73.9754537381787,40.752163175551004],[-73.97541573811795,40.75219117554357],[-73.97538073805504,40.75222017553587],[-73.97534673798778,40.75225117552763],[-73.97531573791618,40.752284175518874],[-73.97528673784242,40.75231817550984],[-73.97525973776432,40.75235417550028],[-73.97177972741235,40.757125174233096],[-73.9678267156514,40.762544172793646],[-73.96372970346168,40.76815917130195],[-73.95973369156393,40.77363816984622],[-73.95544867880913,40.779510168285874],[-73.9509296653813,40.78569016664348],[-73.94733765467082,40.79061816533365],[-73.94410964506217,40.79503816415873],[-73.94147663721498,40.798647163199306],[-73.93745362523383,40.804156161734646],[-73.93742962515987,40.8041901617256],[-73.93454461657595,40.80813616067638],[-73.9345216165085,40.808167160668134],[-73.93449861644324,40.808197160660164],[-73.93447561637798,40.80822716065218],[-73.9344516163127,40.8082571606442],[-73.93442861625178,40.80828516063676],[-73.93440561618868,40.808314160629045],[-73.93438261612995,40.80834116062187],[-73.93436061606903,40.808369160614426],[-73.93433761601247,40.80839516060751],[-73.9343146159559,40.808421160600595],[-73.93429261589934,40.80844716059368],[-73.93426961584495,40.80847216058703],[-73.93424761579055,40.80849716058039],[-73.93422561573834,40.80852116057401],[-73.9342036156883,40.80854416056789],[-73.93079060792722,40.812111159619356],[-73.93061560769222,40.81221915959064],[-73.9304576075116,40.81230215956856],[-73.93030060736146,40.81237115955022],[-73.93014360724177,40.81242615953558],[-73.92998760715255,40.81246715952469],[-73.92983160709599,40.81249315951777],[-73.92967660706769,40.812506159514314],[-73.92952060707204,40.812504159514845],[-73.92936660710468,40.81248915951884],[-73.92921160716996,40.81245915952681],[-73.9290586072657,40.81241515953851],[-73.92890460739191,40.81235715955394],[-73.92875160754859,40.812285159573086],[-73.92859860773572,40.812199159595956],[-73.92844660795767,40.81209715962308],[-73.92700661034904,40.810998159915336],[-73.92697561039908,40.81097515992145],[-73.92694361045129,40.81095115992783],[-73.92690961050134,40.810928159933944],[-73.9268746105514,40.81090515994006],[-73.92683761060361,40.81088115994644],[-73.92679861065366,40.81085815995256],[-73.9267596107037,40.81083515995868],[-73.92671761075157,40.810813159964525],[-73.92667461080161,40.810790159970644],[-73.92663061085166,40.81076715997676],[-73.92658461089952,40.81074515998261],[-73.92653661094957,40.81072215998873],[-73.92648761099744,40.810700159994575],[-73.92643761104749,40.810677160000694],[-73.92638561109536,40.81065516000654],[-73.926138,40.810476]]}},{"type":"Feature","id":"6:6-main:solo:1:7c737da333ce","properties":{"route_id":"6","canonical_route_id":"6","visual_route_id":"6","visual_route_normalization_reason":"express-variant-collapse","display_route":"6","shape_id":"6..N01R","source_shape_ids":["6..N01R","6..N03R","6..S01R","6..S03R","6..N02R","6..S02R"],"raw_route_ids":["6","6X"],"raw_shape_ids":["6..N01R","6..N03R","6..S01R","6..S03R","6..N02R","6..S02R"],"visual_edge_ids":["6:618-619","6:617-618","6:616-617","6:615-616","6:614-615","6:613-614","6:612-613","6:611-612","6:610-611","6:609-610","6:608-609","6:607-608","6:606-607","6:604-606","6:603-604","6:602-603","6:601-602"],"edge_count":17,"from_stop_id":"619","to_stop_id":"601","from_stop_name":"3 Av-138 St","to_stop_name":"Pelham Bay Park","edge_sequence":20,"edge_sequence_range":[20,20],"representative_edge_geometry_source":"6..N01R","representative_edge_geometry_sources":["6..N01R"],"edge_geometry_confidence":"high","visual_edge_metadata":[],"geometry_reversal_count":0,"internal_stitch_valid":true,"max_internal_snap_distance_m":0,"branch_representative_geometry_used":null,"branch_representative_warning":null,"canonical_direction_id":"mixed","canonical_direction_count":2,"collapsed_direction_count":2,"direction_collapse_reason":"visual-edge-direction-collapse","representative_shape_id":"6..N01R","canonical_feature_count":4,"color":"#009952","visual_family":"4-5-6","visual_branch_id":"6-main","raw_group_sequence":20000,"group_sequence":1,"group_id":null,"merged_group_ids":[],"group_member_routes":[],"group_member_visual_routes":[],"group_lane_order":[],"group_lane_order_visual":[],"group_lane_count":1,"visual_lane_slot":0,"visual_z_order":210,"corridor_id":null,"segment_kind":"solo","render_style":"subway-ribbon-v1","source":"group-corridors","debug_id":"6:6-main:solo:1:7c737da333ce","feature_length_m":10851.55,"assignment_reason":"merged validated solo visual edges with compatible render state","handoff_node_id":"handoff-6-6-main--73.92614,40.81048","handoff_reason":"detected-corridor-exit","handoff_kind":"divergence","handoff_from_group_id":"group-4-5-6-4-5-6","handoff_to_group_id":null,"handoff_from_lane_slot":1,"handoff_to_lane_slot":0,"start_handoff_node_id":"handoff-6-6-main--73.92614,40.81048","start_handoff_reason":"detected-corridor-exit","start_handoff_kind":"divergence","start_handoff_from_group_id":"group-4-5-6-4-5-6","start_handoff_to_group_id":null,"start_handoff_from_lane_slot":1,"start_handoff_to_lane_slot":0,"end_handoff_node_id":"terminal-6-6-main-end","end_handoff_reason":"terminal","end_handoff_kind":"terminal","end_handoff_from_group_id":null,"end_handoff_to_group_id":null,"end_handoff_from_lane_slot":0,"end_handoff_to_lane_slot":0,"effective_render_key":"6|6-main|lane:0|z:210|color:#009952|kind:solo|style:subway-ribbon-v1","merged_debug_ids":["6:6-main:solo:0:5130925a5ce0","6:6-main:solo:0:ac1e431ac27b","6:6-main:solo:0:63f9a0283b07","6:6-main:solo:0:3521b540b0d1","6:6-main:solo:0:b332da0b308c","6:6-main:solo:0:65bb72c48bfb","6:6-main:solo:0:b164bede5431","6:6-main:solo:0:f710ccba1f69","6:6-main:solo:0:80e3ab3e1dcc","6:6-main:solo:0:9598e974804b","6:6-main:solo:0:d1aa0e74933c","6:6-main:solo:0:b07fab7119d6","6:6-main:solo:0:4896cb327730","6:6-main:solo:0:f22cbc370e44","6:6-main:solo:0:5daabaed6a4d","6:6-main:solo:0:c10e2ec11301","6:6-main:solo:0:847ae63579f7"]},"geometry":{"type":"LineString","coordinates":[[-73.926138,40.810476],[-73.91924,40.807566],[-73.914042,40.805368],[-73.912932,40.804902],[-73.912872,40.804878],[-73.912813,40.804858],[-73.912754,40.80484],[-73.912696,40.804826],[-73.91264,40.804815],[-73.912584,40.804807],[-73.912528,40.804802],[-73.912474,40.804801],[-73.91242,40.804802],[-73.912368,40.804807],[-73.912316,40.804815],[-73.912264,40.804826],[-73.912214,40.804841],[-73.912165,40.804858],[-73.912116,40.804879],[-73.90891,40.806334],[-73.90884,40.806368],[-73.908774,40.806404],[-73.908711,40.806442],[-73.908651,40.806483],[-73.908595,40.806525],[-73.908543,40.80657],[-73.908493,40.806618],[-73.908447,40.806667],[-73.908405,40.806719],[-73.908366,40.806773],[-73.90833,40.806829],[-73.908298,40.806887],[-73.908269,40.806948],[-73.908244,40.807011],[-73.908222,40.807076],[-73.907657,40.808719],[-73.907327,40.809654],[-73.907266,40.809831],[-73.907216,40.809947],[-73.907191,40.809991],[-73.907163,40.810034],[-73.907133,40.810076],[-73.907101,40.810117],[-73.907067,40.810156],[-73.907031,40.810194],[-73.906993,40.810231],[-73.906952,40.810267],[-73.90691,40.810301],[-73.904713,40.811733],[-73.904667,40.811765],[-73.904622,40.811796],[-73.904577,40.811826],[-73.904533,40.811855],[-73.90449,40.811883],[-73.904447,40.811911],[-73.904406,40.811937],[-73.904365,40.811963],[-73.904324,40.811988],[-73.904285,40.812011],[-73.904246,40.812034],[-73.904208,40.812057],[-73.904171,40.812078],[-73.904134,40.812098],[-73.904098,40.812118],[-73.904076,40.812128],[-73.904054,40.812138],[-73.904032,40.812148],[-73.90401,40.812157],[-73.903988,40.812166],[-73.903967,40.812174],[-73.903946,40.812183],[-73.903924,40.812191],[-73.903904,40.812199],[-73.903883,40.812206],[-73.903862,40.812214],[-73.903842,40.812221],[-73.903822,40.812227],[-73.903802,40.812234],[-73.903781,40.81224],[-73.899485,40.813447],[-73.899436,40.813461],[-73.899388,40.813475],[-73.899341,40.813489],[-73.899295,40.813505],[-73.899251,40.813522],[-73.899208,40.813539],[-73.899166,40.813557],[-73.899126,40.813577],[-73.899087,40.813597],[-73.89905,40.813618],[-73.899013,40.81364],[-73.898978,40.813663],[-73.898945,40.813687],[-73.898913,40.813712],[-73.898882,40.813738],[-73.896435,40.816104],[-73.891955,40.820445],[-73.891926,40.820467],[-73.891896,40.820488],[-73.891865,40.820509],[-73.891833,40.820529],[-73.891799,40.820549],[-73.891764,40.820568],[-73.891728,40.820587],[-73.891691,40.820605],[-73.891653,40.820623],[-73.891613,40.820641],[-73.891573,40.820658],[-73.891531,40.820674],[-73.891488,40.820691],[-73.891443,40.820707],[-73.891398,40.820722],[-73.890549,40.820948],[-73.889769,40.821171],[-73.889724,40.821186],[-73.889678,40.821202],[-73.889631,40.82122],[-73.889584,40.82124],[-73.889535,40.821261],[-73.889486,40.821284],[-73.889436,40.821308],[-73.889385,40.821334],[-73.889334,40.821362],[-73.889281,40.821391],[-73.889228,40.821422],[-73.889174,40.821454],[-73.889119,40.821488],[-73.889064,40.821524],[-73.889008,40.821561],[-73.887776,40.822368],[-73.887697,40.82243],[-73.88762,40.822492],[-73.887547,40.822555],[-73.887477,40.82262],[-73.88741,40.822685],[-73.887346,40.822751],[-73.887286,40.822818],[-73.887229,40.822886],[-73.887175,40.822955],[-73.887126,40.823025],[-73.887079,40.823097],[-73.887035,40.82317],[-73.886995,40.823242],[-73.886957,40.823316],[-73.88692,40.823392],[-73.886853,40.823529],[-73.886787,40.823685],[-73.886737,40.823837],[-73.886692,40.823995],[-73.886651,40.824206],[-73.886598,40.824533],[-73.886283,40.826525],[-73.88616,40.827281],[-73.886127,40.827392],[-73.886085,40.827495],[-73.886034,40.827592],[-73.885975,40.827682],[-73.885907,40.827765],[-73.885831,40.827841],[-73.885747,40.82791],[-73.885653,40.827972],[-73.885552,40.828027],[-73.885441,40.828076],[-73.885323,40.828117],[-73.885195,40.828151],[-73.885059,40.828179],[-73.884915,40.828199],[-73.884763,40.828212],[-73.882301,40.828341],[-73.88225,40.828344],[-73.882198,40.828347],[-73.882147,40.828349],[-73.882095,40.828352],[-73.882043,40.828355],[-73.881991,40.828358],[-73.881939,40.828361],[-73.881887,40.828365],[-73.881834,40.828368],[-73.881782,40.828372],[-73.881729,40.828376],[-73.881676,40.828379],[-73.881623,40.828383],[-73.881569,40.828388],[-73.881516,40.828392],[-73.879159,40.828584],[-73.877668,40.828708],[-73.877612,40.828713],[-73.877555,40.828719],[-73.877496,40.828727],[-73.877436,40.828735],[-73.877375,40.828744],[-73.877313,40.828755],[-73.877249,40.828766],[-73.877184,40.828778],[-73.877118,40.828792],[-73.877051,40.828806],[-73.876982,40.828822],[-73.876912,40.828838],[-73.876841,40.828856],[-73.876769,40.828874],[-73.876695,40.828894],[-73.874516,40.829521],[-73.867618,40.831509],[-73.862382,40.833019],[-73.862347,40.833028],[-73.862313,40.833037],[-73.862279,40.833045],[-73.862245,40.833053],[-73.862212,40.83306],[-73.862178,40.833067],[-73.862145,40.833074],[-73.862113,40.83308],[-73.86208,40.833086],[-73.862048,40.833091],[-73.862016,40.833096],[-73.861984,40.8331],[-73.861952,40.833104],[-73.861921,40.833107],[-73.86189,40.83311],[-73.860816,40.833226],[-73.851222,40.834255],[-73.850055,40.834379],[-73.849981,40.834389],[-73.849907,40.834402],[-73.849835,40.834417],[-73.849763,40.834435],[-73.849693,40.834456],[-73.849623,40.83448],[-73.849555,40.834507],[-73.849487,40.834536],[-73.849421,40.834568],[-73.849355,40.834603],[-73.849291,40.83464],[-73.849227,40.834681],[-73.849164,40.834724],[-73.849103,40.834769],[-73.849042,40.834818],[-73.847036,40.836488],[-73.842952,40.839892],[-73.842229,40.840497],[-73.842193,40.840523],[-73.842157,40.840549],[-73.842121,40.840574],[-73.842086,40.840598],[-73.842051,40.840622],[-73.842016,40.840645],[-73.841982,40.840667],[-73.841948,40.840689],[-73.841915,40.84071],[-73.841881,40.84073],[-73.841849,40.840749],[-73.841816,40.840768],[-73.841784,40.840787],[-73.841752,40.840804],[-73.841721,40.840821],[-73.83743,40.843045],[-73.837398,40.843063],[-73.837367,40.843081],[-73.837335,40.8431],[-73.837305,40.843119],[-73.837274,40.843138],[-73.837244,40.843157],[-73.837214,40.843176],[-73.837184,40.843196],[-73.837155,40.843216],[-73.837126,40.843236],[-73.837097,40.843256],[-73.837069,40.843277],[-73.837041,40.843298],[-73.837013,40.843319],[-73.836986,40.84334],[-73.836322,40.843863],[-73.832569,40.84681],[-73.831662,40.847525],[-73.831616,40.847565],[-73.831572,40.847606],[-73.831528,40.847648],[-73.831486,40.847691],[-73.831445,40.847734],[-73.831406,40.847778],[-73.831367,40.847822],[-73.831329,40.847868],[-73.831293,40.847914],[-73.831258,40.847961],[-73.831224,40.848008],[-73.831191,40.848056],[-73.83116,40.848105],[-73.831129,40.848155],[-73.8311,40.848205],[-73.830739,40.84881],[-73.830702,40.848875],[-73.830666,40.84894],[-73.830631,40.849004],[-73.830598,40.849069],[-73.830566,40.849133],[-73.830536,40.849196],[-73.830506,40.849259],[-73.830478,40.849322],[-73.830451,40.849385],[-73.830426,40.849448],[-73.830402,40.84951],[-73.830379,40.849571],[-73.830357,40.849633],[-73.830337,40.849694],[-73.830318,40.849755],[-73.829967,40.851038],[-73.829942,40.851124],[-73.829912,40.851206],[-73.829878,40.851285],[-73.829841,40.851361],[-73.829799,40.851434],[-73.829753,40.851504],[-73.829703,40.851571],[-73.829648,40.851634],[-73.82959,40.851695],[-73.829528,40.851752],[-73.829461,40.851806],[-73.829391,40.851857],[-73.829316,40.851905],[-73.829237,40.851949],[-73.829153,40.851991],[-73.828121,40.852462]]}},{"type":"Feature","id":"7:7-main:solo:0:c018f2f66ac6","properties":{"route_id":"7","canonical_route_id":"7","visual_route_id":"7","visual_route_normalization_reason":"express-variant-collapse","display_route":"7","shape_id":"7..N97R","source_shape_ids":["7..N26R","7..N96R","7..N97R","7..S35R","7..S36R","7..S37R","7..S38R"],"raw_route_ids":["7","7X"],"raw_shape_ids":["7..N26R","7..N96R","7..N97R","7..S35R","7..S36R","7..S37R","7..S38R"],"visual_edge_ids":["7:725-726","7:724-725","7:723-724","7:721-723","7:720-721","7:719-720","7:718-719","7:716-718","7:715-716","7:714-715","7:713-714","7:712-713","7:711-712","7:710-711","7:709-710","7:708-709","7:707-708","7:706-707","7:705-706","7:702-705","7:701-702"],"edge_count":21,"from_stop_id":"726","to_stop_id":"701","from_stop_name":"34 St-Hudson Yards","to_stop_name":"Flushing-Main St","edge_sequence":0,"edge_sequence_range":[0,0],"representative_edge_geometry_source":"7..N97R","representative_edge_geometry_sources":["7..N97R"],"edge_geometry_confidence":"high","visual_edge_metadata":[],"geometry_reversal_count":0,"internal_stitch_valid":true,"max_internal_snap_distance_m":0,"branch_representative_geometry_used":null,"branch_representative_warning":null,"canonical_direction_id":"mixed","canonical_direction_count":2,"collapsed_direction_count":2,"direction_collapse_reason":"visual-edge-direction-collapse","representative_shape_id":"7..N97R","canonical_feature_count":7,"color":"#9A38A1","visual_family":"7","visual_branch_id":"7-main","raw_group_sequence":0,"group_sequence":0,"group_id":null,"merged_group_ids":[],"group_member_routes":[],"group_member_visual_routes":[],"group_lane_order":[],"group_lane_order_visual":[],"group_lane_count":1,"visual_lane_slot":0,"visual_z_order":250,"corridor_id":null,"segment_kind":"solo","render_style":"subway-ribbon-v1","source":"group-corridors","debug_id":"7:7-main:solo:0:c018f2f66ac6","feature_length_m":16545.73,"assignment_reason":"merged validated solo visual edges with compatible render state","handoff_node_id":null,"handoff_reason":null,"handoff_kind":null,"handoff_from_group_id":null,"handoff_to_group_id":null,"handoff_from_lane_slot":null,"handoff_to_lane_slot":null,"start_handoff_node_id":"terminal-7-7-main-start","start_handoff_reason":"terminal","start_handoff_kind":"terminal","start_handoff_from_group_id":null,"start_handoff_to_group_id":null,"start_handoff_from_lane_slot":0,"start_handoff_to_lane_slot":0,"end_handoff_node_id":"terminal-7-7-main-end","end_handoff_reason":"terminal","end_handoff_kind":"terminal","end_handoff_from_group_id":null,"end_handoff_to_group_id":null,"end_handoff_from_lane_slot":0,"end_handoff_to_lane_slot":0,"effective_render_key":"7|7-main|lane:0|z:250|color:#9A38A1|kind:solo|style:subway-ribbon-v1","merged_debug_ids":["7:7-main:solo:0:6979f1933fee","7:7-main:solo:0:f55ccdcf7aa4","7:7-main:solo:0:5058701d74c1","7:7-main:solo:0:91644be991ea","7:7-main:solo:0:b8af2c02a0bf","7:7-main:solo:0:bde657f5b510","7:7-main:solo:0:41ff366da85d","7:7-main:solo:0:a7fe4abb4c28","7:7-main:solo:0:7f7ca24c9e1b","7:7-main:solo:0:ff792b685a80","7:7-main:solo:0:48448e4d098a","7:7-main:solo:0:3994d3f6889b","7:7-main:solo:0:e2131ddf7812","7:7-main:solo:0:db01a145298e","7:7-main:solo:0:3743868345e2","7:7-main:solo:0:6b8793cb9164","7:7-main:solo:0:4e0236251c18","7:7-main:solo:0:9c7fa32defd8","7:7-main:solo:0:589e2c253ded","7:7-main:solo:0:7592acc385cd","7:7-main:solo:0:611a107341c6"]},"geometry":{"type":"LineString","coordinates":[[-74.00191,40.755882],[-74.001729,40.75613],[-74.000106,40.758348],[-73.999932,40.758581],[-73.999748,40.758787],[-73.999554,40.758968],[-73.99935,40.759123],[-73.999136,40.759254],[-73.998912,40.759358],[-73.998677,40.759438],[-73.998432,40.759492],[-73.998178,40.759521],[-73.997913,40.759524],[-73.997637,40.759502],[-73.997352,40.759454],[-73.997057,40.759382],[-73.996751,40.759284],[-73.996433,40.759159],[-73.987691,40.755477],[-73.984755,40.754242],[-73.984703,40.754224],[-73.984649,40.754207],[-73.984593,40.754193],[-73.984537,40.754181],[-73.984479,40.754173],[-73.984421,40.754167],[-73.984361,40.754164],[-73.984301,40.754163],[-73.984239,40.754165],[-73.984176,40.75417],[-73.984112,40.754178],[-73.984047,40.754188],[-73.983981,40.754201],[-73.983914,40.754217],[-73.983846,40.754234],[-73.983748,40.754256],[-73.983705,40.754263],[-73.983661,40.754269],[-73.983616,40.754273],[-73.98357,40.754276],[-73.983523,40.754277],[-73.983475,40.754276],[-73.983426,40.754274],[-73.983376,40.75427],[-73.983325,40.754264],[-73.983273,40.754257],[-73.98322,40.754249],[-73.983166,40.754238],[-73.983111,40.754227],[-73.983055,40.754213],[-73.982998,40.754198],[-73.982936,40.754179],[-73.982872,40.754159],[-73.982808,40.754138],[-73.982743,40.754116],[-73.982677,40.754093],[-73.982609,40.75407],[-73.982541,40.754045],[-73.982472,40.75402],[-73.982402,40.753994],[-73.982332,40.753968],[-73.98226,40.75394],[-73.982187,40.753911],[-73.982113,40.753882],[-73.982039,40.753852],[-73.981963,40.753821],[-73.981151,40.753483],[-73.981081,40.753455],[-73.981006,40.75343],[-73.980971,40.753419],[-73.980932,40.75341],[-73.980891,40.753401],[-73.980848,40.75339],[-73.980767,40.753364],[-73.980686,40.753333],[-73.978719,40.752511],[-73.97865,40.752484],[-73.978584,40.752463],[-73.978522,40.752448],[-73.97846,40.752434],[-73.978395,40.752415],[-73.978335,40.752391],[-73.976041,40.751431],[-73.957031,40.74343],[-73.956955,40.743399],[-73.956879,40.743369],[-73.956802,40.74334],[-73.956724,40.743312],[-73.956645,40.743284],[-73.956566,40.743258],[-73.956485,40.743232],[-73.956404,40.743208],[-73.956323,40.743184],[-73.95624,40.743161],[-73.956156,40.743139],[-73.956072,40.743118],[-73.955987,40.743098],[-73.955902,40.743079],[-73.955815,40.743061],[-73.953581,40.742626],[-73.950324,40.741988],[-73.95029,40.741984],[-73.950256,40.74198],[-73.950222,40.741977],[-73.950189,40.741974],[-73.950156,40.741972],[-73.950123,40.741971],[-73.950091,40.741971],[-73.950059,40.741971],[-73.950028,40.741973],[-73.949997,40.741975],[-73.949966,40.741977],[-73.949936,40.741981],[-73.949906,40.741985],[-73.949877,40.74199],[-73.949849,40.741997],[-73.948916,40.742216],[-73.947842,40.74247],[-73.947293,40.742634],[-73.947006,40.742728],[-73.946706,40.742839],[-73.946315,40.742996],[-73.945192,40.743453],[-73.945093,40.743501],[-73.945004,40.743551],[-73.944924,40.743603],[-73.944855,40.743659],[-73.944796,40.743716],[-73.944748,40.743777],[-73.944709,40.74384],[-73.944681,40.743905],[-73.944663,40.743973],[-73.944654,40.744043],[-73.944654,40.744116],[-73.944663,40.744192],[-73.944685,40.74427],[-73.944722,40.744349],[-73.944771,40.744434],[-73.945549,40.745566],[-73.945565,40.745597],[-73.94558,40.745628],[-73.945593,40.74566],[-73.945604,40.745692],[-73.945613,40.745724],[-73.945619,40.745757],[-73.945624,40.745791],[-73.945626,40.745825],[-73.945626,40.74586],[-73.945624,40.745895],[-73.945619,40.74593],[-73.945613,40.745966],[-73.945604,40.746003],[-73.945593,40.74604],[-73.945579,40.746077],[-73.945264,40.747023],[-73.944909,40.74811],[-73.944896,40.748151],[-73.94488,40.748191],[-73.944863,40.748231],[-73.944846,40.748269],[-73.944827,40.748307],[-73.944808,40.748345],[-73.944788,40.748382],[-73.944768,40.748418],[-73.944746,40.748454],[-73.944724,40.748489],[-73.944701,40.748524],[-73.944677,40.748558],[-73.944652,40.748591],[-73.944626,40.748624],[-73.944599,40.748656],[-73.942624,40.750926],[-73.942565,40.750983],[-73.942502,40.751035],[-73.942435,40.75108],[-73.942366,40.751118],[-73.942293,40.75115],[-73.942217,40.751175],[-73.942138,40.751193],[-73.942055,40.751204],[-73.94197,40.751208],[-73.941881,40.751206],[-73.94179,40.751197],[-73.941695,40.751181],[-73.941597,40.751159],[-73.941495,40.75113],[-73.941392,40.751095],[-73.941087,40.750963],[-73.940202,40.750582],[-73.939174,40.750134],[-73.93903,40.750058],[-73.938889,40.749982],[-73.938753,40.749906],[-73.938621,40.74983],[-73.938493,40.749754],[-73.93837,40.749678],[-73.938251,40.749602],[-73.938136,40.749526],[-73.938026,40.74945],[-73.93792,40.749373],[-73.937818,40.749297],[-73.93772,40.74922],[-73.937627,40.749143],[-73.937538,40.749067],[-73.937455,40.748991],[-73.933556,40.74522],[-73.933497,40.745171],[-73.933435,40.745125],[-73.933371,40.745081],[-73.933304,40.74504],[-73.933235,40.745001],[-73.933164,40.744965],[-73.933091,40.744931],[-73.933015,40.7449],[-73.932936,40.744871],[-73.932856,40.744845],[-73.932773,40.744822],[-73.932687,40.744801],[-73.9326,40.744782],[-73.932509,40.744766],[-73.932417,40.744753],[-73.930997,40.744587],[-73.924016,40.743781],[-73.918435,40.743132],[-73.917065,40.742977],[-73.916997,40.742972],[-73.916929,40.742969],[-73.916862,40.742967],[-73.916796,40.742967],[-73.91673,40.742968],[-73.916665,40.74297],[-73.9166,40.742974],[-73.916536,40.74298],[-73.916472,40.742987],[-73.916409,40.742996],[-73.916347,40.743006],[-73.916285,40.743017],[-73.916223,40.74303],[-73.916162,40.743045],[-73.916102,40.743061],[-73.912549,40.744149],[-73.910819,40.744671],[-73.910763,40.744687],[-73.910707,40.744702],[-73.91065,40.744717],[-73.910592,40.744732],[-73.910535,40.744747],[-73.910476,40.744761],[-73.910418,40.744775],[-73.910358,40.744789],[-73.910299,40.744803],[-73.910238,40.744816],[-73.910178,40.744829],[-73.910116,40.744842],[-73.910055,40.744855],[-73.909993,40.744867],[-73.90993,40.744879],[-73.907327,40.745321],[-73.907273,40.745328],[-73.907219,40.745335],[-73.907166,40.745341],[-73.907113,40.745347],[-73.907062,40.745352],[-73.90701,40.745357],[-73.90696,40.745361],[-73.90691,40.745365],[-73.906861,40.745368],[-73.906813,40.745371],[-73.906765,40.745374],[-73.906718,40.745376],[-73.906671,40.745377],[-73.906625,40.745378],[-73.90658,40.745379],[-73.905696,40.745386],[-73.905529,40.745391],[-73.905493,40.745392],[-73.905456,40.745393],[-73.905418,40.745394],[-73.90538,40.745396],[-73.90534,40.745398],[-73.905299,40.7454],[-73.905256,40.745402],[-73.905213,40.745404],[-73.905169,40.745407],[-73.905124,40.74541],[-73.905078,40.745413],[-73.90503,40.745416],[-73.904982,40.74542],[-73.904932,40.745424],[-73.904882,40.745428],[-73.902984,40.74563],[-73.896403,40.746325],[-73.891394,40.746848],[-73.883697,40.747659],[-73.876613,40.748408],[-73.869527,40.749145],[-73.8627,40.749865],[-73.861615,40.749981],[-73.861521,40.749992],[-73.861428,40.750004],[-73.861338,40.750017],[-73.861249,40.75003],[-73.861162,40.750045],[-73.861078,40.750059],[-73.860995,40.750075],[-73.860914,40.750091],[-73.860835,40.750108],[-73.860758,40.750126],[-73.860682,40.750144],[-73.860609,40.750163],[-73.860538,40.750183],[-73.860468,40.750204],[-73.860401,40.750225],[-73.855334,40.75173],[-73.845625,40.754622],[-73.841916,40.755728],[-73.841872,40.755741],[-73.841827,40.755755],[-73.841782,40.75577],[-73.841735,40.755786],[-73.841687,40.755802],[-73.841638,40.75582],[-73.841587,40.755838],[-73.841536,40.755857],[-73.841484,40.755876],[-73.841431,40.755897],[-73.841376,40.755918],[-73.841321,40.75594],[-73.841264,40.755963],[-73.841207,40.755987],[-73.841148,40.756011],[-73.837147,40.757619],[-73.837103,40.757635],[-73.837059,40.757651],[-73.837015,40.757666],[-73.836971,40.75768],[-73.836927,40.757695],[-73.836883,40.757708],[-73.83684,40.757722],[-73.836796,40.757734],[-73.836753,40.757747],[-73.83671,40.757758],[-73.836667,40.75777],[-73.836623,40.75778],[-73.836581,40.757791],[-73.836538,40.757801],[-73.836495,40.75781],[-73.834494,40.758152],[-73.834417,40.758167],[-73.834342,40.758182],[-73.834268,40.758197],[-73.834196,40.758213],[-73.834125,40.758229],[-73.834057,40.758245],[-73.83399,40.758262],[-73.833925,40.758279],[-73.833861,40.758296],[-73.833799,40.758314],[-73.833739,40.758332],[-73.83368,40.75835],[-73.833624,40.758369],[-73.833568,40.758388],[-73.833515,40.758407],[-73.830623,40.759409],[-73.830588,40.759421],[-73.830553,40.759433],[-73.830519,40.759445],[-73.830486,40.759456],[-73.830453,40.759467],[-73.830421,40.759478],[-73.830389,40.759488],[-73.830359,40.759498],[-73.830329,40.759508],[-73.830299,40.759517],[-73.83027,40.759526],[-73.830242,40.759534],[-73.830215,40.759543],[-73.830188,40.75955],[-73.830162,40.759558],[-73.83003,40.7596]]}},{"type":"Feature","id":"A:a-main:solo:0:06f91ed52cce","properties":{"route_id":"A","canonical_route_id":"A","visual_route_id":"A","visual_route_normalization_reason":"identity","display_route":"A","shape_id":"A..N09R","source_shape_ids":["A..N09R","A..N58R","A..N82R","A..N85R","A..S16R","A..S56R","A..S74R","A..N60R","A..N65R","A..S78R","A..S87R","A..N43R","A..N54R","A..S43R","A..S57R","A..S70R"],"raw_route_ids":["A"],"raw_shape_ids":["A..N09R","A..N58R","A..N82R","A..N85R","A..S16R","A..S56R","A..S74R","A..N60R","A..N65R","A..S78R","A..S87R","A..N43R","A..N54R","A..S43R","A..S57R","A..S70R"],"visual_edge_ids":["a:H10-H11","a:H09-H10","a:H08-H09","a:H07-H08","a:H06-H07","a:H04-H06","a:H03-H04","a:H02-H03","a:H01-H02","a:A61-H01","a:A60-A61","a:A59-A60","a:A57-A59","a:A55-A57"],"edge_count":14,"from_stop_id":"H11","to_stop_id":"A55","from_stop_name":"Far Rockaway-Mott Av","to_stop_name":"Euclid Av","edge_sequence":0,"edge_sequence_range":[0,0],"representative_edge_geometry_source":"A..N09R","representative_edge_geometry_sources":["A..N09R"],"edge_geometry_confidence":"high","visual_edge_metadata":[],"geometry_reversal_count":0,"internal_stitch_valid":true,"max_internal_snap_distance_m":0,"branch_representative_geometry_used":null,"branch_representative_warning":null,"canonical_direction_id":"mixed","canonical_direction_count":2,"collapsed_direction_count":2,"direction_collapse_reason":"visual-edge-direction-collapse","representative_shape_id":"A..N09R","canonical_feature_count":7,"color":"#0062CF","visual_family":"A-C-E","visual_branch_id":"a-main","raw_group_sequence":0,"group_sequence":0,"group_id":null,"merged_group_ids":[],"group_member_routes":[],"group_member_visual_routes":[],"group_lane_order":[],"group_lane_order_visual":[],"group_lane_count":1,"visual_lane_slot":0,"visual_z_order":70,"corridor_id":null,"segment_kind":"solo","render_style":"subway-ribbon-v1","source":"group-corridors","debug_id":"A:a-main:solo:0:06f91ed52cce","feature_length_m":18104.85,"assignment_reason":"merged validated solo visual edges with compatible render state","handoff_node_id":"handoff-a-a-main--73.87211,40.67538","handoff_reason":"detected-corridor-entry","handoff_kind":"merge","handoff_from_group_id":null,"handoff_to_group_id":"group-a-c-e-a-c","handoff_from_lane_slot":0,"handoff_to_lane_slot":-1,"start_handoff_node_id":"terminal-a-a-main-start","start_handoff_reason":"terminal","start_handoff_kind":"terminal","start_handoff_from_group_id":null,"start_handoff_to_group_id":null,"start_handoff_from_lane_slot":0,"start_handoff_to_lane_slot":0,"end_handoff_node_id":"handoff-a-a-main--73.87211,40.67538","end_handoff_reason":"detected-corridor-entry","end_handoff_kind":"merge","end_handoff_from_group_id":null,"end_handoff_to_group_id":"group-a-c-e-a-c","end_handoff_from_lane_slot":0,"end_handoff_to_lane_slot":-1,"effective_render_key":"A|a-main|lane:0|z:70|color:#0062CF|kind:solo|style:subway-ribbon-v1","merged_debug_ids":["A:a-main:solo:0:5684cfffd4f5","A:a-main:solo:0:964c3f2d7cbf","A:a-main:solo:0:bda0a8cf0c07","A:a-main:solo:0:608357f61a43","A:a-main:solo:0:15be75b85dd4","A:a-main:solo:0:1e02bc0dc278","A:a-main:solo:0:bb89a16d9eab","A:a-main:solo:0:dc37c62c13d1","A:a-main:solo:0:9b401a5a443b","A:a-main:solo:0:13da51103852","A:a-main:solo:0:8f54ef965347","A:a-main:solo:0:8fb1769b69b9","A:a-main:solo:0:b347291a1245","A:a-main:solo:0:ae92961db99d"]},"geometry":{"type":"LineString","coordinates":[[-73.755405,40.603995],[-73.755898,40.603729],[-73.755925,40.603715],[-73.755953,40.603701],[-73.75598,40.603687],[-73.756007,40.603673],[-73.756035,40.603658],[-73.756062,40.603644],[-73.756089,40.603629],[-73.756117,40.603613],[-73.756144,40.603598],[-73.756172,40.603582],[-73.756199,40.603566],[-73.756226,40.60355],[-73.756254,40.603534],[-73.756281,40.603518],[-73.756309,40.603501],[-73.756581,40.603349],[-73.756619,40.603327],[-73.756658,40.603304],[-73.756698,40.603281],[-73.756738,40.603258],[-73.75678,40.603234],[-73.756822,40.60321],[-73.756865,40.603186],[-73.756909,40.603162],[-73.756954,40.603137],[-73.757,40.603112],[-73.757046,40.603087],[-73.757094,40.603062],[-73.757142,40.603036],[-73.757191,40.60301],[-73.757241,40.602984],[-73.758375,40.602381],[-73.758606,40.602254],[-73.75883,40.602124],[-73.759048,40.601993],[-73.75926,40.601859],[-73.759466,40.601724],[-73.759665,40.601587],[-73.759859,40.601447],[-73.760046,40.601306],[-73.760227,40.601163],[-73.760401,40.601017],[-73.76057,40.60087],[-73.760732,40.600721],[-73.760888,40.60057],[-73.761038,40.600416],[-73.761181,40.600262],[-73.761353,40.600066],[-73.762051,40.599257],[-73.762101,40.599204],[-73.762153,40.59915],[-73.762206,40.599097],[-73.762262,40.599045],[-73.762319,40.598994],[-73.762377,40.598943],[-73.762438,40.598893],[-73.7625,40.598843],[-73.762564,40.598795],[-73.76263,40.598747],[-73.762698,40.598699],[-73.762767,40.598653],[-73.762838,40.598607],[-73.762911,40.598562],[-73.762987,40.598518],[-73.768175,40.595398],[-73.770405,40.594053],[-73.77054,40.593974],[-73.770679,40.593898],[-73.770821,40.593826],[-73.770966,40.593758],[-73.771115,40.593694],[-73.771268,40.593634],[-73.771424,40.593578],[-73.771583,40.593525],[-73.771746,40.593477],[-73.771913,40.593432],[-73.772082,40.593392],[-73.772256,40.593355],[-73.772433,40.593322],[-73.772613,40.593293],[-73.772796,40.593269],[-73.776013,40.592943],[-73.783159,40.592222],[-73.78333,40.592206],[-73.7835,40.592192],[-73.783668,40.592179],[-73.783836,40.592169],[-73.784004,40.592161],[-73.78417,40.592155],[-73.784336,40.59215],[-73.784502,40.592148],[-73.784666,40.592148],[-73.78483,40.592149],[-73.784993,40.592153],[-73.785156,40.592158],[-73.785317,40.592166],[-73.785479,40.592176],[-73.785638,40.592187],[-73.787287,40.59232],[-73.787362,40.592326],[-73.787439,40.592331],[-73.787517,40.592337],[-73.787596,40.592341],[-73.787676,40.592346],[-73.787756,40.59235],[-73.787838,40.592354],[-73.78792,40.592358],[-73.788004,40.592361],[-73.788088,40.592364],[-73.788173,40.592367],[-73.788259,40.592369],[-73.788346,40.592371],[-73.788434,40.592373],[-73.788522,40.592374],[-73.788732,40.592373],[-73.788935,40.59237],[-73.78913,40.592366],[-73.789318,40.59236],[-73.789498,40.592352],[-73.789671,40.592343],[-73.789836,40.592332],[-73.789994,40.592319],[-73.790144,40.592305],[-73.790287,40.592289],[-73.790423,40.592272],[-73.790551,40.592253],[-73.790671,40.592232],[-73.790784,40.592209],[-73.79089,40.592186],[-73.794251,40.591336],[-73.794327,40.591318],[-73.794404,40.591301],[-73.794481,40.591284],[-73.794559,40.591268],[-73.794637,40.591252],[-73.794716,40.591236],[-73.794795,40.591221],[-73.794875,40.591206],[-73.794955,40.591191],[-73.795036,40.591177],[-73.795117,40.591163],[-73.795199,40.591149],[-73.795281,40.591136],[-73.795364,40.591123],[-73.795446,40.59111],[-73.796924,40.590927],[-73.802733,40.590214],[-73.802858,40.590199],[-73.802987,40.590189],[-73.803118,40.590182],[-73.803252,40.590179],[-73.803388,40.590179],[-73.803526,40.590182],[-73.803667,40.590189],[-73.80381,40.5902],[-73.803955,40.590213],[-73.804103,40.59023],[-73.804254,40.590251],[-73.804406,40.590275],[-73.804562,40.590302],[-73.804719,40.590333],[-73.804877,40.590367],[-73.806332,40.590713],[-73.806647,40.590788],[-73.806945,40.590876],[-73.807227,40.590976],[-73.807494,40.591089],[-73.807746,40.591213],[-73.807982,40.59135],[-73.808203,40.591499],[-73.808409,40.59166],[-73.808599,40.591833],[-73.808775,40.592018],[-73.808935,40.592216],[-73.809079,40.592425],[-73.809208,40.592647],[-73.809322,40.592881],[-73.809421,40.593127],[-73.815653,40.607677],[-73.815661,40.607698],[-73.81567,40.607719],[-73.815678,40.60774],[-73.815687,40.60776],[-73.815696,40.607781],[-73.815704,40.607801],[-73.815713,40.607822],[-73.815721,40.607842],[-73.81573,40.607862],[-73.815738,40.607883],[-73.815746,40.607903],[-73.815754,40.607923],[-73.815762,40.607942],[-73.81577,40.607962],[-73.815778,40.607982],[-73.815808,40.60806],[-73.815838,40.60814],[-73.815867,40.60822],[-73.815896,40.6083],[-73.815925,40.608382],[-73.815954,40.608465],[-73.815982,40.608548],[-73.81601,40.608632],[-73.816038,40.608717],[-73.816065,40.608803],[-73.816092,40.60889],[-73.816119,40.608977],[-73.816145,40.609066],[-73.816171,40.609155],[-73.816197,40.609245],[-73.82842,40.656136],[-73.828456,40.656261],[-73.828493,40.656385],[-73.828531,40.656508],[-73.828571,40.656629],[-73.828611,40.65675],[-73.828652,40.65687],[-73.828694,40.656988],[-73.828737,40.657106],[-73.82878,40.657222],[-73.828825,40.657337],[-73.82887,40.657451],[-73.828917,40.657564],[-73.828964,40.657676],[-73.829012,40.657787],[-73.829062,40.657898],[-73.830301,40.660476],[-73.834058,40.668234],[-73.835919,40.672097],[-73.838715,40.677879],[-73.838734,40.677921],[-73.838754,40.677965],[-73.838775,40.678009],[-73.838797,40.678055],[-73.838819,40.678102],[-73.838843,40.67815],[-73.838867,40.678199],[-73.838893,40.678249],[-73.838919,40.678301],[-73.838946,40.678353],[-73.838974,40.678407],[-73.839003,40.678461],[-73.839033,40.678517],[-73.839063,40.678574],[-73.839095,40.678632],[-73.840071,40.680272],[-73.840138,40.680367],[-73.84021,40.680455],[-73.840289,40.680534],[-73.840373,40.680605],[-73.840463,40.680667],[-73.840559,40.680722],[-73.840661,40.680768],[-73.840769,40.680806],[-73.840882,40.680836],[-73.841001,40.680857],[-73.841127,40.680871],[-73.841258,40.680876],[-73.841395,40.680873],[-73.841537,40.680861],[-73.841687,40.680843],[-73.843853,40.680429],[-73.844224,40.680357],[-73.844289,40.680345],[-73.844356,40.680333],[-73.844422,40.680322],[-73.84449,40.680312],[-73.844557,40.680302],[-73.844626,40.680292],[-73.844695,40.680283],[-73.844765,40.680275],[-73.844835,40.680267],[-73.844906,40.680259],[-73.844978,40.680252],[-73.84505,40.680246],[-73.845123,40.68024],[-73.845197,40.680234],[-73.845271,40.680229],[-73.85147,40.679843],[-73.858992,40.679371],[-73.860342,40.679287],[-73.860372,40.679285],[-73.860402,40.679283],[-73.860432,40.679281],[-73.860462,40.679278],[-73.860492,40.679275],[-73.860522,40.679271],[-73.860552,40.679267],[-73.860582,40.679263],[-73.860612,40.679258],[-73.860642,40.679253],[-73.860673,40.679248],[-73.860703,40.679242],[-73.860733,40.679236],[-73.860764,40.67923],[-73.860794,40.679223],[-73.861871,40.678935],[-73.861947,40.678912],[-73.862023,40.678888],[-73.862097,40.678862],[-73.862171,40.678836],[-73.862244,40.678808],[-73.862315,40.678779],[-73.862386,40.678749],[-73.862456,40.678718],[-73.862525,40.678686],[-73.862592,40.678653],[-73.862659,40.678618],[-73.862725,40.678583],[-73.86279,40.678546],[-73.862854,40.678508],[-73.862917,40.678469],[-73.86505,40.677044],[-73.865742,40.676558],[-73.865795,40.676522],[-73.86585,40.676487],[-73.865905,40.676454],[-73.865961,40.676422],[-73.866018,40.676392],[-73.866076,40.676363],[-73.866134,40.676335],[-73.866194,40.676309],[-73.866254,40.676284],[-73.866316,40.676261],[-73.866378,40.676239],[-73.866441,40.676218],[-73.866505,40.676199],[-73.86657,40.676181],[-73.866636,40.676166],[-73.872106,40.675377]]}},{"type":"Feature","id":"A:a-main:group:1:785f1c8e147b","properties":{"route_id":"A","canonical_route_id":"A","visual_route_id":"A","visual_route_normalization_reason":"identity","display_route":"A","shape_id":"A..N09R","source_shape_ids":["A..N09R","A..S74R","A..N54R","A..N60R","A..N65R","A..N82R","A..N85R","A..S51R","A..S56R","A..S57R","A..S70R","A..S78R","A..S87R"],"raw_route_ids":["A"],"raw_shape_ids":["A..N09R","A..S74R","A..N54R","A..N60R","A..N65R","A..N82R","A..N85R","A..S51R","A..S56R","A..S57R","A..S70R","A..S78R","A..S87R"],"visual_edge_ids":["a:A54-A55","a:A53-A54","a:A52-A53","a:A51-A52","a:A50-A51","a:A49-A50","a:A48-A49","a:A47-A48","a:A46-A47","a:A45-A46","a:A44-A45","a:A43-A44","a:A42-A43","a:A41-A42","a:A40-A41","a:A38-A40","a:A36-A38","a:A34-A36","a:A33-A34","a:A32-A33","a:A31-A32","a:A30-A31","a:A28-A30","a:A27-A28","a:A25-A27","a:A24-A25","a:A22-A24","a:A21-A22","a:A20-A21","a:A19-A20","a:A18-A19","a:A17-A18","a:A16-A17","a:A15-A16","a:A14-A15","a:A12-A14","a:A11-A12","a:A10-A11","a:A09-A10"],"edge_count":39,"from_stop_id":"A55","to_stop_id":"A09","from_stop_name":"Euclid Av","to_stop_name":"168 St","edge_sequence":14,"edge_sequence_range":[14,14],"representative_edge_geometry_source":"A..N09R","representative_edge_geometry_sources":["A..N09R"],"edge_geometry_confidence":"high","visual_edge_metadata":[],"geometry_reversal_count":0,"internal_stitch_valid":true,"max_internal_snap_distance_m":0,"branch_representative_geometry_used":null,"branch_representative_warning":null,"canonical_direction_id":"mixed","canonical_direction_count":2,"collapsed_direction_count":2,"direction_collapse_reason":"visual-edge-direction-collapse","representative_shape_id":"A..N09R","canonical_feature_count":2,"color":"#0062CF","visual_family":"A-C-E","visual_branch_id":"a-main","raw_group_sequence":14000,"group_sequence":1,"group_id":"group-a-c-e-a-c","merged_group_ids":["group-a-c-e-a-c","group-a-c-e-a-c-e"],"group_member_routes":["A","C","E"],"group_member_visual_routes":["A","C","E"],"group_lane_order":["A","C","E"],"group_lane_order_visual":["A","C","E"],"group_lane_count":3,"visual_lane_slot":-1,"visual_z_order":69,"corridor_id":null,"segment_kind":"group","render_style":"subway-ribbon-v1","source":"group-corridors","debug_id":"A:a-main:group:1:785f1c8e147b","feature_length_m":29940.53,"assignment_reason":"merged validated visual edges with compatible render state","handoff_node_id":"handoff-a-a-main--73.93956,40.84072","handoff_reason":"detected-corridor-exit","handoff_kind":"divergence","handoff_from_group_id":"group-a-c-e-a-c","handoff_to_group_id":null,"handoff_from_lane_slot":-1,"handoff_to_lane_slot":0,"start_handoff_node_id":"handoff-a-a-main--73.87211,40.67538","start_handoff_reason":"detected-corridor-entry","start_handoff_kind":"merge","start_handoff_from_group_id":null,"start_handoff_to_group_id":"group-a-c-e-a-c","start_handoff_from_lane_slot":0,"start_handoff_to_lane_slot":-1,"end_handoff_node_id":"handoff-a-a-main--73.93956,40.84072","end_handoff_reason":"detected-corridor-exit","end_handoff_kind":"divergence","end_handoff_from_group_id":"group-a-c-e-a-c","end_handoff_to_group_id":null,"end_handoff_from_lane_slot":-1,"end_handoff_to_lane_slot":0,"effective_render_key":"A|a-main|lane:-1|z:69|color:#0062CF|kind:group|style:subway-ribbon-v1","merged_debug_ids":["A:a-main:group:0:f1813b110126","A:a-main:group:0:f937f0ce88be","A:a-main:group:0:d82d4e28a8da","A:a-main:group:0:1de186ff4733","A:a-main:group:0:2e87a233e95e","A:a-main:group:0:aa18d61413ff","A:a-main:group:0:90766582a148","A:a-main:group:0:a2c0e3289b7b","A:a-main:group:0:1e4bd76cd749","A:a-main:group:0:db050cb0ff9c","A:a-main:group:0:fe27bc1772a4","A:a-main:group:0:e42a98a71812","A:a-main:group:0:98d291e104f7","A:a-main:group:0:f2b5bc63f29b","A:a-main:group:0:ab86bbe32296","A:a-main:group:0:fb7a9eb0ea93","A:a-main:group:0:66a74cd56b2f","A:a-main:group:0:e4322fe49bc8","A:a-main:group:0:14a92158a19c","A:a-main:group:0:315501ecddad","A:a-main:group:0:39d3c9cf5466","A:a-main:group:0:be418136e8ca","A:a-main:group:0:7546e7995c22","A:a-main:group:0:33bc39b7cf73","A:a-main:group:0:ccd8661dbad5","A:a-main:group:0:876005615684","A:a-main:group:0:35f334da41c8","A:a-main:group:0:a1201cef6523","A:a-main:group:0:dbbb69ecb8cb","A:a-main:group:0:54d63f052338","A:a-main:group:0:07279846574d","A:a-main:group:0:7bff1fa278ca","A:a-main:group:0:ab7ff70f9ccf","A:a-main:group:0:5d42b7b04c98","A:a-main:group:0:1c6cfca13f82","A:a-main:group:0:6568fb1f5f53","A:a-main:group:0:1826d76af930","A:a-main:group:0:315a5554c42a","A:a-main:group:0:c1b37b3d8c43"]},"geometry":{"type":"LineString","coordinates":[[-73.872106,40.675377],[-73.88081718668269,40.67403500672964],[-73.89042518414067,40.67261500627759],[-73.89389718322057,40.67210100611396],[-73.89416118315434,40.67206400610218],[-73.89440718312034,40.672045006096134],[-73.89463918311675,40.67204300609549],[-73.89485718314539,40.67205900610059],[-73.89506118320267,40.67209100611078],[-73.89525118329217,40.672141006126694],[-73.89542718341032,40.67220700614771],[-73.89558918356069,40.67229100617445],[-73.89573818374147,40.67239200620659],[-73.8958721839527,40.67251000624415],[-73.89599218419258,40.672644006286816],[-73.89609918446467,40.672796006335204],[-73.89619118476898,40.672966006389316],[-73.89626918510196,40.67315200644854],[-73.89633118546178,40.67335300651252],[-73.89661518742025,40.67444700686081],[-73.89715519119976,40.676558007532925],[-73.89722919152383,40.676739007590555],[-73.89732219182287,40.67690600764372],[-73.89743219210038,40.67706100769308],[-73.89755919235644,40.67720400773861],[-73.89770419259101,40.67733500778033],[-73.89786619280409,40.67745400781822],[-73.89804619299748,40.677562007852615],[-73.89824319316759,40.67765700788286],[-73.898457193318,40.67774100790961],[-73.89868819344692,40.677813007932535],[-73.89893719355615,40.67787400795196],[-73.8992021936421,40.67792200796724],[-73.89948619370834,40.67795900797903],[-73.89978619375312,40.677984007986986],[-73.90010019377817,40.67799800799144],[-73.90051119381219,40.67801700799749],[-73.90056119381578,40.67801900799813],[-73.90061019382115,40.67802200799908],[-73.90066019382652,40.67802500800004],[-73.90070819383189,40.67802800800099],[-73.90075719383728,40.67803100800195],[-73.90080519384445,40.67803500800323],[-73.9008521938516,40.6780390080045],[-73.90090019385877,40.67804300800577],[-73.90094619386593,40.67804700800705],[-73.90099319387488,40.67805200800864],[-73.90103919388383,40.67805700801023],[-73.90108419389279,40.67806200801182],[-73.90113019390174,40.678067008013414],[-73.90117519391248,40.678073008015325],[-73.90121919392323,40.678079008017235],[-73.90268619425808,40.67826600807678],[-73.90273519426525,40.67827000807806],[-73.9027841942724,40.678274008079335],[-73.90283419427956,40.6782780080806],[-73.90288319428494,40.67828100808156],[-73.90293319429031,40.678284008082514],[-73.90298219429567,40.67828700808347],[-73.90303219429926,40.67828900808411],[-73.90308219430284,40.67829100808475],[-73.90313219430642,40.67829300808538],[-73.90318219430822,40.6782940080857],[-73.90323219431001,40.67829500808602],[-73.90328219431001,40.67829500808602],[-73.9033331943118,40.678296008086335],[-73.90338319431001,40.67829500808602],[-73.90343419431001,40.67829500808602],[-73.90538319420973,40.67823900806818],[-73.90806419401812,40.67813200803411],[-73.90820019400739,40.6781260080322],[-73.90833719400023,40.678122008030925],[-73.90847219399306,40.67811800802966],[-73.90860619398948,40.678116008029015],[-73.90874019398589,40.67811400802839],[-73.90887219398232,40.678112008027746],[-73.90900319398231,40.678112008027746],[-73.90913319398231,40.678112008027746],[-73.9092621939841,40.67811300802806],[-73.90939019398769,40.6781150080287],[-73.90951619399306,40.67811800802966],[-73.90964219399844,40.67812100803061],[-73.9097671940056,40.678125008031884],[-73.90989019401455,40.67813000803348],[-73.9100131940253,40.67813600803538],[-73.91201319422048,40.67824500807009],[-73.9208531950836,40.67872700822358],[-73.93079619605417,40.67926900839618],[-73.94092519705167,40.67982600857356],[-73.95049319797754,40.68034300873821],[-73.95240519816558,40.680448008771656],[-73.95249919817454,40.68045300877325],[-73.9525941981853,40.68045900877516],[-73.95269119819783,40.68046600877738],[-73.95278819821394,40.680475008780256],[-73.95288819823185,40.680485008783435],[-73.95298819825155,40.68049600878694],[-73.95309019827484,40.680509008791084],[-73.9531941982999,40.68052300879554],[-73.95329919832855,40.68053900880063],[-73.953406198359,40.68055600880604],[-73.95351419839123,40.68057400881178],[-73.95362319842707,40.68059400881815],[-73.95373419846466,40.68061500882484],[-73.95384619850586,40.68063800883216],[-73.95396019854884,40.6806620088398],[-73.9569151996646,40.68128500903822],[-73.96590520303725,40.68316800963797],[-73.96749720363192,40.68350000974372],[-73.96756620365521,40.683513009747855],[-73.96763320368387,40.68352900975296],[-73.96770120371254,40.68354500975805],[-73.96776820374298,40.68356200976346],[-73.96783620377522,40.6835800097692],[-73.96790420380925,40.68359900977526],[-73.96797120384687,40.68362000978194],[-73.96803920388449,40.68364100978863],[-73.9681062039239,40.68366300979564],[-73.96817420396509,40.68368600980297],[-73.96824220400809,40.68371000981061],[-73.96830920405287,40.68373500981857],[-73.96837720409944,40.68376100982685],[-73.9684442041478,40.68378800983545],[-73.96851220419796,40.68381600984438],[-73.97401320814257,40.68601801054582],[-73.97550520923002,40.686625010739206],[-73.97559228111547,40.68665709854337],[-73.97568080724564,40.68668820654009],[-73.97576659725617,40.686715788483504],[-73.97585431100462,40.6867414693601],[-73.97594070005935,40.686764185147545],[-73.9760287554832,40.68678519358102],[-73.97611535707841,40.68680299118479],[-73.97620365735027,40.686819267462596],[-73.97629068194969,40.68683226611192],[-73.97637984764775,40.686843730237804],[-73.97646895904083,40.68685327038493],[-73.97655492438459,40.686858582552695],[-73.97664694768741,40.6868634669005],[-73.97673498728372,40.68686524506857],[-73.97682413594201,40.68686324248729],[-73.97859940080353,40.68665545415776],[-73.97872961445636,40.68664042938005],[-73.97885928444218,40.68662804295614],[-73.97898856226091,40.68661868533214],[-73.97911632780941,40.686613359761374],[-73.97924035435062,40.68661026023431],[-73.979363,40.686610202659],[-73.97948320388119,40.686612230039124],[-73.97960384340742,40.6866184613848],[-73.9797209810509,40.68662780289575],[-73.97983624338053,40.686640301188376],[-73.9799496121043,40.686655966605066],[-73.98005941601933,40.68667353568574],[-73.98017058079192,40.68669583266317],[-73.98027652021014,40.68671967435185],[-73.9803852432199,40.68674987648433],[-73.9807893194102,40.686868471798476],[-73.98081397989853,40.686873553379435],[-73.98085451225626,40.68688362319092],[-73.98089042288677,40.68689235453222],[-73.98092742289792,40.6869013545335],[-73.98096872823214,40.68691245964051],[-73.98100989051487,40.686924640497544],[-73.98104670072344,40.6869352914356],[-73.98108865314924,40.686948487250994],[-73.98112665316748,40.68696048725365],[-73.98116846230482,40.686974739938265],[-73.98120620871916,40.686987316586205],[-73.9812488275441,40.687002568955826],[-73.98128782756733,40.68701656895957],[-73.9813303072423,40.68703286238156],[-73.98136901874922,40.68704737301226],[-73.98194355689014,40.687252471981225],[-73.98201553555097,40.68727919259501],[-73.98208719250866,40.687307205720806],[-73.98215426350177,40.687332464914554],[-73.98222326354623,40.687358464922006],[-73.98229028995415,40.68738273559621],[-73.98235957433216,40.68740747815913],[-73.98243126367625,40.68743446494381],[-73.98249656977914,40.68745677660125],[-73.98256857445611,40.68748247817905],[-73.98263656985796,40.687505776613506],[-73.98270857453711,40.68753147819208],[-73.98277656993677,40.68755477662576],[-73.98284484987197,40.687576869866675],[-73.98291757001238,40.68760177663752],[-73.98298584994465,40.687623869877456],[-73.98306027338857,40.68764768423726],[-73.98313527342538,40.687671684242666],[-73.98321027346219,40.687695684248084],[-73.98328685565163,40.68772153347318],[-73.98336120991677,40.68774631676822],[-73.9834362099562,40.68777131677421],[-73.98351310911474,40.68779796243885],[-73.98358776752139,40.68782419221879],[-73.983662109199,40.68784996245207],[-73.98373897086118,40.68787762018901],[-73.98381364077486,40.68790486297642],[-73.98388797095092,40.68793162020352],[-73.98396264086539,40.68795886299122],[-73.98403879500871,40.6879872889641],[-73.98411347536884,40.68801554466919],[-73.98506617635381,40.68838819898677],[-73.98744117797308,40.68931319926627],[-73.98755117808336,40.68937619928531],[-73.9876511782024,40.68944419930586],[-73.98773717832496,40.689514199327014],[-73.9878121784545,40.68958819934938],[-73.9878741785893,40.68966519937264],[-73.98792317872936,40.689745199396825],[-73.98796017887464,40.689828199421896],[-73.98798517902696,40.689915199448194],[-73.98799717918277,40.69000419947509],[-73.98799617934384,40.69009619950289],[-73.9879831795119,40.6901921995319],[-73.98795717968522,40.69029119956182],[-73.9879191798638,40.69039319959264],[-73.98786818004763,40.69049819962437],[-73.98780318023495,40.69060519965671],[-73.98764718066214,40.690849199730444],[-73.98762118074617,40.69089719974495],[-73.9875971808302,40.690945199759454],[-73.98757418091425,40.69099319977396],[-73.98755318100004,40.691042199788775],[-73.98753418108583,40.69109119980358],[-73.98751718117163,40.69114019981839],[-73.98750218125916,40.6911901998335],[-73.9874881813467,40.69124019984861],[-73.98747718143424,40.69129019986372],[-73.98746718152353,40.69134119987913],[-73.98745918161282,40.691392199894544],[-73.98745218170211,40.69144319990996],[-73.98744818179316,40.691495199925676],[-73.9874451818842,40.69154719994139],[-73.98744418197525,40.69159919995711],[-73.98740818309055,40.69223620014962],[-73.98740718310106,40.69224220015143],[-73.98740818311506,40.69225020015386],[-73.9873421854544,40.693586200557654],[-73.98734118551216,40.69361920056762],[-73.98733818556995,40.693652200577596],[-73.98733618562949,40.69368620058788],[-73.98733318568902,40.69372020059815],[-73.98733018574855,40.693754200608424],[-73.9873271858081,40.6937882006187],[-73.98732418586938,40.69382320062928],[-73.98732018592892,40.69385720063956],[-73.98731718599021,40.69389220065014],[-73.98731318605324,40.69392820066102],[-73.98730918611454,40.693963200671604],[-73.98730518617758,40.69399920068248],[-73.98730018624062,40.694035200693364],[-73.98729618630365,40.69407120070424],[-73.98729118636845,40.69410820071543],[-73.98727618659609,40.69423820075472],[-73.98727118664863,40.69426820076379],[-73.98726718670116,40.69429820077286],[-73.9872631867537,40.694328200781925],[-73.98725918680798,40.6943592007913],[-73.98725618686402,40.69439120080097],[-73.98725218692006,40.69442320081064],[-73.98724918697609,40.69445520082031],[-73.98724718703563,40.69448920083059],[-73.98724418709341,40.69452220084057],[-73.98724218715296,40.69455620085084],[-73.98724018721424,40.694591200861424],[-73.98723818727554,40.694626200872],[-73.98723718733858,40.69466220088288],[-73.98723618740162,40.69469820089377],[-73.98723518746817,40.69473620090525],[-73.98710119195677,40.69729920168003],[-73.98711819236661,40.69753320175077],[-73.98715519275017,40.69775220181698],[-73.98721119310747,40.697956201878654],[-73.98728619343677,40.69814420193549],[-73.9873811937398,40.6983172019878],[-73.98749419401479,40.69847420203526],[-73.98762719426524,40.698617202078495],[-73.9877781944877,40.69874420211689],[-73.98794919468212,40.698855202150455],[-73.98813919485028,40.69895120217948],[-73.98834819499216,40.69903220220397],[-73.98857619510777,40.69909820222392],[-73.98882319519535,40.699148202239044],[-73.98909019525665,40.69918320224962],[-73.98937419529345,40.69920420225597],[-73.99059619535826,40.69924120226716],[-73.99137019541256,40.69927220227653],[-73.99148819542481,40.69927920227865],[-73.99160419543708,40.69928620228077],[-73.99171919545284,40.69929520228349],[-73.9918331954721,40.69930620228681],[-73.99194519549313,40.699318202290435],[-73.99205619551765,40.69933220229467],[-73.99216619554568,40.69934820229951],[-73.99227419557546,40.69936520230465],[-73.99238119560874,40.6993842023104],[-73.99248719564378,40.699404202316444],[-73.99259219568405,40.6994272023234],[-73.99269519572435,40.69945020233035],[-73.9927971957699,40.69947620233822],[-73.99289819581719,40.69950320234637],[-73.99299619586974,40.69953320235545],[-73.9962711974638,40.700443202630595],[-73.99668819770379,40.70058020267202],[-73.9970951979613,40.700727202716465],[-73.99748719823283,40.70088220276333],[-73.99786519851838,40.70104520281262],[-73.99822719881794,40.70121620286433],[-73.99857419913153,40.701395202918455],[-73.99890619946088,40.70158320297531],[-73.99922419980426,40.701779203034576],[-73.99952620016164,40.70198320309626],[-73.99981420053305,40.70219520316037],[-74.00008620091849,40.7024152032269],[-74.0003442013197,40.702644203296146],[-74.00058720173317,40.70288020336751],[-74.00081420216242,40.70312520344161],[-74.00103120260394,40.70337720351782],[-74.00491021134457,40.70836520502649],[-74.00495921145672,40.70842920504585],[-74.0050122115689,40.70849320506521],[-74.00506721167756,40.70855520508397],[-74.00512621178447,40.708616205102416],[-74.00518721188787,40.708675205120265],[-74.00525221199129,40.708734205138114],[-74.00531921208942,40.708790205155054],[-74.00539021218582,40.7088452051717],[-74.00546321228046,40.70889920518803],[-74.00554021237336,40.70895220520406],[-74.00561921246275,40.70900320521949],[-74.00570221254861,40.70905220523431],[-74.0057872126345,40.70910120524914],[-74.00587621271687,40.709148205263354],[-74.00596521279223,40.70919120527636],[-74.00775621438721,40.71010120555166],[-74.00980221619088,40.71113020586298],[-74.00990221630482,40.71119520588264],[-74.00998921642226,40.711262205902905],[-74.0100642165432,40.711331205923784],[-74.01012721666767,40.71140220594526],[-74.01017721679564,40.71147520596735],[-74.01021421692533,40.71154920598974],[-74.01023921706033,40.711626206013044],[-74.0102522171988,40.711705206036946],[-74.01025221733903,40.711785206061144],[-74.01024021748277,40.711867206085955],[-74.01021521763177,40.711952206111675],[-74.01017821778254,40.71203820613769],[-74.0101282179368,40.71212620616432],[-74.01006621809456,40.71221620619155],[-74.00999121825758,40.712309206219686],[-74.00865022124836,40.7140152067359],[-74.00555922813565,40.717943207924634],[-74.00551222825315,40.71801020794491],[-74.00546922837239,40.71807820796549],[-74.00543022849163,40.718146207986074],[-74.00539422861088,40.71821420800666],[-74.00536222873188,40.718283208027536],[-74.00533322885464,40.718353208048725],[-74.00530822897738,40.718423208069915],[-74.00528722910015,40.718493208091104],[-74.00526822922465,40.71856420811259],[-74.00525422935092,40.718636208134384],[-74.00524322947719,40.71870820815617],[-74.00523522960346,40.71878020817797],[-74.00523122973146,40.718853208200066],[-74.00522922985948,40.718926208222165],[-74.00523122998926,40.71900020824456],[-74.0052952329514,40.720689208755815],[-74.00529423301981,40.72072820876762],[-74.00535923465799,40.72166220905036],[-74.00536423477374,40.721728209070335],[-74.00536723488774,40.721793209090016],[-74.005369235,40.72185720910939],[-74.00536923511049,40.72192020912847],[-74.00536723521925,40.721982209147235],[-74.00536423532799,40.72204420916601],[-74.005358235435,40.72210520918447],[-74.00535123554023,40.722165209202636],[-74.00534323564374,40.7222242092205],[-74.00533223574722,40.722283209238356],[-74.0053202358472,40.72234020925561],[-74.00530623594717,40.72239720927287],[-74.0052902360454,40.722453209289824],[-74.00527323614362,40.72250920930678],[-74.00525423623834,40.72256320932313],[-74.00380424249752,40.726131210403416],[-74.00278524663128,40.728487211116864],[-74.00277024669798,40.72852521112837],[-74.00275424676816,40.72856521114049],[-74.0027382468401,40.7286062111529],[-74.0027202469138,40.72864821116563],[-74.00270224698924,40.72869121117864],[-74.00268224706646,40.728735211191974],[-74.00266224714541,40.7287802112056],[-74.00264024722613,40.72882621121953],[-74.00261724731035,40.728874211234064],[-74.00259424739633,40.72892321124891],[-74.00256924748233,40.728972211263745],[-74.00254324757181,40.72902321127919],[-74.00251724766306,40.72907521129494],[-74.00248924775782,40.729129211311296],[-74.00246024785258,40.729183211327644],[-74.00161725055679,40.73072421179437],[-74.00160425060065,40.73074921180194],[-74.00159025064629,40.730775211809814],[-74.00157625069191,40.73080121181769],[-74.00156225073579,40.73082621182526],[-74.00154725078141,40.73085221183314],[-74.0015322508288,40.73087921184132],[-74.00151625087443,40.73090521184919],[-74.00150025092006,40.73093121185706],[-74.00148425096744,40.73095821186524],[-74.00146725101307,40.730984211873114],[-74.00145025106045,40.731011211881295],[-74.00143225110783,40.73103821188947],[-74.00141425115523,40.73106521189765],[-74.00139625120435,40.731093211906135],[-74.00137725125174,40.731120211914316],[-74.00058025317523,40.732216212246286],[-74.00056025322087,40.73224221225416],[-74.00054225326299,40.73226621226143],[-73.99984225495143,40.73322821255284],[-73.99980125506903,40.733295212573125],[-73.99976725518837,40.73336321259373],[-73.99973925530773,40.73343121261433],[-73.99971725542883,40.73350021263523],[-73.9997012555517,40.73357021265643],[-73.99969125567458,40.73364021267764],[-73.9996862557992,40.73371121269915],[-73.99968725592382,40.733782212720655],[-73.99969425604844,40.73385321274217],[-73.99970725617482,40.73392521276397],[-73.99972525630295,40.73399821278609],[-73.99975025643108,40.7340712128082],[-73.99978025655922,40.734144212830316],[-73.99981525668912,40.73421821285273],[-73.99985725682076,40.73429321287546],[-74.00249826457666,40.738711214214014],[-74.00254226471361,40.738789214237656],[-74.00257926485232,40.73886821426159],[-74.00260926499102,40.73894721428553],[-74.00263226512797,40.73902521430916],[-74.00264826526667,40.739104214333096],[-74.00265726540364,40.73918221435674],[-74.00265926554059,40.73926021438037],[-74.00265526567753,40.739338214404015],[-74.00264326581448,40.73941621442764],[-74.00262526594969,40.73949321445098],[-74.00260026608488,40.73957021447431],[-74.00256726622185,40.73964821449795],[-74.00252826635705,40.73972521452128],[-74.00248226649049,40.739801214544315],[-74.0024282666257,40.739878214567646],[-74.00175526823938,40.74079721484614],[-73.99810627704338,40.74581021636555],[-73.9934562882537,40.75219121830021],[-73.98980029707771,40.75721221982301],[-73.98604930612765,40.762360221384775],[-73.98538730772592,40.763269221660586],[-73.98420331057628,40.764890222152474],[-73.98180131639744,40.76820022315702],[-73.97647532923618,40.77549822537252],[-73.97220833951225,40.78133722714576],[-73.96898134731978,40.78577222849301],[-73.96476135748763,40.79154623024751],[-73.96151936532634,40.795996231600085],[-73.95822637327461,40.80050723297155],[-73.9549473811739,40.80498923433453],[-73.95335338502032,40.80717123499821],[-73.9533013851314,40.80723423501737],[-73.9532553852407,40.807296235036226],[-73.95321338535175,40.80735923505539],[-73.95317538546458,40.80742323507486],[-73.95314038557741,40.80748723509433],[-73.95311038569024,40.8075512351138],[-73.95308338580307,40.80761523513326],[-73.95306038591943,40.80768123515334],[-73.95304138603402,40.80774623517311],[-73.95302638615037,40.80781223519318],[-73.95301538626849,40.80787923521357],[-73.9530073863866,40.80794623523395],[-73.95300438650473,40.80801323525433],[-73.95300438662461,40.80808123527501],[-73.95300638674449,40.8081492352957],[-73.95309538920048,40.809542235719455],[-73.95309838930804,40.80960323573802],[-73.9530993894103,40.809661235755655],[-73.95309838951256,40.80971923577331],[-73.95309538961305,40.80977623579064],[-73.95309038971003,40.80983123580738],[-73.95308238980525,40.809885235823806],[-73.95307238990046,40.80993923584023],[-73.95306038999215,40.80999123585605],[-73.95304539008207,40.81004223587157],[-73.95302839017023,40.81009223588678],[-73.95300839025664,40.81014123590169],[-73.95298739034126,40.81018923591629],[-73.95296339042415,40.81023623593059],[-73.95293739050348,40.81028123594428],[-73.95290739058284,40.81032623595797],[-73.9524083917942,40.811013236166986],[-73.95236539189646,40.811071236184624],[-73.95232139199523,40.81112723620166],[-73.95227539209395,40.8111832362187],[-73.9522293921927,40.81123923623574],[-73.9521823922897,40.81129423625248],[-73.95213339238667,40.81134923626921],[-73.95208439248367,40.811404236285945],[-73.9520343925789,40.81145823630237],[-73.9519823926741,40.8115122363188],[-73.95193039276757,40.81156523633493],[-73.95187639286102,40.81161823635105],[-73.95182239295448,40.811671236367175],[-73.95176639304619,40.811723236382996],[-73.95171039313787,40.811775236398816],[-73.95165139322958,40.811827236414636],[-73.95066939496304,40.81281023671373],[-73.95063339501948,40.81284223672347],[-73.95059839507766,40.812875236733504],[-73.95056339513586,40.81290823674355],[-73.95052939519583,40.8129422367539],[-73.95049539525755,40.812977236764546],[-73.95046239532103,40.8130132367755],[-73.95042839538452,40.813049236786455],[-73.95039639544801,40.813085236797406],[-73.95036339551503,40.81312323680897],[-73.95033139558204,40.813161236820534],[-73.95029939565082,40.8132002368324],[-73.9502683957196,40.81323923684427],[-73.9502373957919,40.81328023685674],[-73.95020639586245,40.81332023686891],[-73.95017739593828,40.813363236882],[-73.94926739813398,40.81460823726084],[-73.94923939819924,40.814645237272096],[-73.94921239826449,40.81468223728336],[-73.94918639832976,40.814719237294625],[-73.94916039839678,40.81475723730618],[-73.94913539846557,40.81479623731805],[-73.94911139853258,40.81483423732961],[-73.94908839860136,40.81487323734148],[-73.94906539867192,40.81491323735366],[-73.94904239874246,40.81495323736583],[-73.94902139881302,40.814993237378],[-73.94900039888533,40.81503423739048],[-73.94897939895765,40.81507523740295],[-73.94896039902994,40.81511623741543],[-73.94894039910403,40.815158237428214],[-73.94892239917988,40.8152012374413],[-73.9477144037607,40.81779823823166],[-73.94501241399733,40.82360023999783],[-73.9449914140732,40.823643240010924],[-73.94496941414732,40.82368524002371],[-73.94494741421968,40.82372624003619],[-73.94492541429027,40.823766240048364],[-73.94490241436085,40.82380624006054],[-73.94487941442966,40.823845240072416],[-73.94485641449849,40.8238842400843],[-73.94483241456554,40.82392224009587],[-73.94480841463084,40.82395924010713],[-73.94478441469614,40.8239962401184],[-73.9447594147579,40.824031240129045],[-73.94473441482143,40.82406724014001],[-73.94470841488142,40.82410124015036],[-73.94468241494141,40.824135240160714],[-73.94465641499966,40.82416824017076],[-73.94428141591554,40.82468724032878],[-73.94421341609025,40.82478624035893],[-73.94346841789213,40.8258072406698],[-73.9434444179539,40.825842240680466],[-73.9434204180192,40.82587924069173],[-73.9433984180845,40.825916240702995],[-73.9433764181498,40.82595324071426],[-73.94335441821686,40.825991240725834],[-73.94333441828394,40.826029240737405],[-73.94331441835276,40.82606824074928],[-73.94329441841984,40.82610624076085],[-73.94327641849043,40.826146240773035],[-73.94325841855925,40.82618524078491],[-73.94324141862985,40.826225240797086],[-73.94322441870221,40.826266240809574],[-73.94320941877281,40.82630624082175],[-73.94319341884695,40.82634824083454],[-73.94317841892106,40.82639024084733],[-73.9415794260381,40.83042224207523],[-73.94077443025935,40.83281324280351],[-73.94076543031409,40.83284424281295],[-73.94075543036882,40.832875242822396],[-73.94074543042531,40.83290724283214],[-73.94073543048181,40.832939242841896],[-73.94072443053831,40.83297124285164],[-73.94071343059657,40.8330042428617],[-73.94070243065484,40.83303724287174],[-73.9406904307131,40.833070242881796],[-73.94067843077137,40.83310324289185],[-73.94066543083142,40.833137242902204],[-73.94065243088967,40.83317024291226],[-73.94063943095146,40.83320524292292],[-73.94062543101151,40.833239242933274],[-73.9406114310733,40.83327424294394],[-73.9405974311351,40.8333092429546],[-73.93998043359299,40.83470124337865],[-73.93996143366893,40.834744243391754],[-73.93994543374485,40.83478724340485],[-73.93993143382077,40.834830243417954],[-73.93991843389847,40.83487424343135],[-73.93990643397618,40.83491824344476],[-73.93989743405562,40.83496324345847],[-73.9398884341351,40.83500824347218],[-73.93988243421633,40.83505424348619],[-73.93987743429756,40.83510024350021],[-73.93987443437878,40.835146243514224],[-73.93987243446178,40.83519324352854],[-73.93987243454653,40.835241243543166],[-73.9398734346313,40.83528924355779],[-73.93987643471607,40.83533724357241],[-73.93988243480258,40.83538624358734],[-73.93995743574028,40.835917243749115],[-73.94009843734202,40.83682424402545],[-73.94010243740206,40.83685824403581],[-73.94010743746034,40.836891244045866],[-73.94011143752037,40.836925244056225],[-73.94011443757867,40.83695824406628],[-73.94011743763694,40.83699124407633],[-73.94011943769699,40.837025244086696],[-73.94012043775527,40.837058244096745],[-73.9401214378153,40.837092244107104],[-73.94012243787358,40.83712524411716],[-73.94012243793186,40.83715824412722],[-73.94012143799192,40.837192244137576],[-73.9401204380502,40.83722524414763],[-73.94011843810848,40.83725824415768],[-73.94011543816852,40.83729224416804],[-73.9401124382268,40.8373252441781],[-73.9399464414589,40.83915524473571],[-73.93994144155957,40.839212244753085],[-73.93993644166201,40.83927024477075],[-73.9399304417627,40.83932724478812],[-73.93992344186337,40.839384244805494],[-73.93991644196406,40.839441244822865],[-73.93990844206296,40.839497244839926],[-73.93989944216189,40.839553244856994],[-73.93988944226079,40.83960924487406],[-73.93987944235793,40.83966424489082],[-73.93986744245508,40.83971924490758],[-73.93985544255047,40.83977324492403],[-73.93984344264585,40.83982724494049],[-73.93982944274123,40.83988124495694],[-73.93981544283486,40.839934244973094],[-73.93980044292846,40.839987244989246],[-73.939561,40.840719]]}},{"type":"Feature","id":"A:a-main:solo:2:ec50d6a4d931","properties":{"route_id":"A","canonical_route_id":"A","visual_route_id":"A","visual_route_normalization_reason":"identity","display_route":"A","shape_id":"A..N09R","source_shape_ids":["A..N09R","A..N54R","A..N60R","A..N65R","A..N82R","A..S51R","A..S56R","A..S57R","A..S70R","A..S74R","A..S78R"],"raw_route_ids":["A"],"raw_shape_ids":["A..N09R","A..N54R","A..N60R","A..N65R","A..N82R","A..S51R","A..S56R","A..S57R","A..S70R","A..S74R","A..S78R"],"visual_edge_ids":["a:A07-A09","a:A06-A07","a:A05-A06","a:A03-A05","a:A02-A03"],"edge_count":5,"from_stop_id":"A09","to_stop_id":"A02","from_stop_name":"168 St","to_stop_name":"Inwood-207 St","edge_sequence":53,"edge_sequence_range":[53,53],"representative_edge_geometry_source":"A..N09R","representative_edge_geometry_sources":["A..N09R"],"edge_geometry_confidence":"high","visual_edge_metadata":[],"geometry_reversal_count":0,"internal_stitch_valid":true,"max_internal_snap_distance_m":0,"branch_representative_geometry_used":null,"branch_representative_warning":null,"canonical_direction_id":"mixed","canonical_direction_count":2,"collapsed_direction_count":2,"direction_collapse_reason":"visual-edge-direction-collapse","representative_shape_id":"A..N09R","canonical_feature_count":11,"color":"#0062CF","visual_family":"A-C-E","visual_branch_id":"a-main","raw_group_sequence":53000,"group_sequence":2,"group_id":null,"merged_group_ids":[],"group_member_routes":[],"group_member_visual_routes":[],"group_lane_order":[],"group_lane_order_visual":[],"group_lane_count":1,"visual_lane_slot":0,"visual_z_order":70,"corridor_id":null,"segment_kind":"solo","render_style":"subway-ribbon-v1","source":"group-corridors","debug_id":"A:a-main:solo:2:ec50d6a4d931","feature_length_m":3790.6,"assignment_reason":"merged validated solo visual edges with compatible render state","handoff_node_id":"handoff-a-a-main--73.93956,40.84072","handoff_reason":"detected-corridor-exit","handoff_kind":"divergence","handoff_from_group_id":"group-a-c-e-a-c","handoff_to_group_id":null,"handoff_from_lane_slot":-1,"handoff_to_lane_slot":0,"start_handoff_node_id":"handoff-a-a-main--73.93956,40.84072","start_handoff_reason":"detected-corridor-exit","start_handoff_kind":"divergence","start_handoff_from_group_id":"group-a-c-e-a-c","start_handoff_to_group_id":null,"start_handoff_from_lane_slot":-1,"start_handoff_to_lane_slot":0,"end_handoff_node_id":"terminal-a-a-main-end","end_handoff_reason":"terminal","end_handoff_kind":"terminal","end_handoff_from_group_id":null,"end_handoff_to_group_id":null,"end_handoff_from_lane_slot":0,"end_handoff_to_lane_slot":0,"effective_render_key":"A|a-main|lane:0|z:70|color:#0062CF|kind:solo|style:subway-ribbon-v1","merged_debug_ids":["A:a-main:solo:0:7d2a99904579","A:a-main:solo:0:6d2e65d2fc5a","A:a-main:solo:0:2693eda71000","A:a-main:solo:0:4909ca072b7c","A:a-main:solo:0:731dc7c0b239"]},"geometry":{"type":"LineString","coordinates":[[-73.939561,40.840719],[-73.93939,40.841395],[-73.939376,40.841452],[-73.939363,40.841509],[-73.93935,40.841567],[-73.939338,40.841625],[-73.939327,40.841684],[-73.939317,40.841744],[-73.939307,40.841804],[-73.939299,40.841864],[-73.939291,40.841926],[-73.939284,40.841987],[-73.939277,40.84205],[-73.939271,40.842113],[-73.939267,40.842176],[-73.939262,40.84224],[-73.939259,40.842305],[-73.939202,40.842713],[-73.939196,40.842768],[-73.939189,40.842825],[-73.939181,40.842882],[-73.939173,40.842941],[-73.939163,40.843],[-73.939152,40.843061],[-73.939141,40.843124],[-73.939129,40.843187],[-73.939115,40.843251],[-73.939101,40.843317],[-73.939086,40.843384],[-73.93907,40.843451],[-73.939053,40.84352],[-73.939036,40.843591],[-73.939017,40.843662],[-73.938886,40.844266],[-73.938885,40.84434],[-73.93889,40.844412],[-73.9389,40.844484],[-73.938916,40.844554],[-73.938937,40.844623],[-73.938964,40.844692],[-73.938996,40.84476],[-73.939033,40.844826],[-73.939076,40.844892],[-73.939125,40.844957],[-73.939178,40.845021],[-73.939238,40.845084],[-73.939302,40.845146],[-73.939372,40.845208],[-73.939448,40.845268],[-73.939709,40.845466],[-73.939776,40.845523],[-73.939837,40.845583],[-73.939892,40.845644],[-73.93994,40.845707],[-73.939982,40.845773],[-73.940017,40.84584],[-73.940047,40.84591],[-73.94007,40.845981],[-73.940086,40.846054],[-73.940097,40.84613],[-73.940101,40.846208],[-73.940099,40.846287],[-73.94009,40.846369],[-73.940075,40.846452],[-73.940053,40.846536],[-73.939704,40.847391],[-73.937969,40.851695],[-73.936887,40.855112],[-73.936867,40.855168],[-73.936848,40.855225],[-73.936827,40.855281],[-73.936806,40.855336],[-73.936783,40.85539],[-73.93676,40.855444],[-73.936736,40.855497],[-73.93671,40.855549],[-73.936684,40.8556],[-73.936656,40.855651],[-73.936628,40.855701],[-73.936599,40.85575],[-73.936569,40.855798],[-73.936537,40.855845],[-73.936503,40.855893],[-73.93418,40.859022],[-73.930852,40.863314],[-73.930814,40.86336],[-73.930776,40.863405],[-73.930735,40.86345],[-73.930694,40.863494],[-73.93065,40.863537],[-73.930605,40.86358],[-73.930558,40.863623],[-73.93051,40.863665],[-73.930459,40.863707],[-73.930407,40.863748],[-73.930354,40.863788],[-73.930299,40.863828],[-73.930242,40.863868],[-73.930183,40.863907],[-73.930123,40.863946],[-73.928643,40.864789],[-73.928091,40.865077],[-73.928031,40.865109],[-73.927971,40.865141],[-73.927913,40.865172],[-73.927855,40.865202],[-73.927798,40.865232],[-73.927742,40.865261],[-73.927686,40.865289],[-73.927632,40.865317],[-73.927578,40.865344],[-73.927525,40.86537],[-73.927472,40.865395],[-73.927421,40.86542],[-73.92737,40.865445],[-73.92732,40.865468],[-73.927271,40.865491],[-73.927208,40.865518],[-73.927145,40.865545],[-73.92708,40.865572],[-73.927016,40.865599],[-73.926951,40.865625],[-73.926885,40.865652],[-73.926818,40.865678],[-73.926751,40.865704],[-73.926684,40.86573],[-73.926616,40.865756],[-73.926547,40.865782],[-73.926478,40.865808],[-73.926408,40.865833],[-73.926338,40.865859],[-73.926267,40.865884],[-73.92138,40.867635],[-73.921333,40.867652],[-73.921286,40.867669],[-73.92124,40.867685],[-73.921193,40.867701],[-73.921147,40.867717],[-73.921101,40.867732],[-73.921056,40.867747],[-73.92101,40.867762],[-73.920965,40.867777],[-73.92092,40.867791],[-73.920875,40.867806],[-73.920831,40.867819],[-73.920786,40.867833],[-73.920742,40.867846],[-73.920698,40.867859],[-73.919899,40.868072]]}},{"type":"Feature","id":"B:b-main:group:0:c390af2e40a6","properties":{"route_id":"B","canonical_route_id":"B","visual_route_id":"B","visual_route_normalization_reason":"identity","display_route":"B","shape_id":"B..N65R","source_shape_ids":["B..N60R","B..N65R","B..N66R","B..S65R","B..S66R"],"raw_route_ids":["B"],"raw_shape_ids":["B..N60R","B..N65R","B..N66R","B..S65R","B..S66R"],"visual_edge_ids":["b:D39-D40","b:D35-D39","b:D31-D35","b:D28-D31","b:D26-D28","b:D25-D26"],"edge_count":6,"from_stop_id":"D40","to_stop_id":"D25","from_stop_name":"Brighton Beach","to_stop_name":"7 Av","edge_sequence":0,"edge_sequence_range":[0,0],"representative_edge_geometry_source":"B..N65R","representative_edge_geometry_sources":["B..N65R"],"edge_geometry_confidence":"high","visual_edge_metadata":[],"geometry_reversal_count":0,"internal_stitch_valid":true,"max_internal_snap_distance_m":0,"branch_representative_geometry_used":null,"branch_representative_warning":null,"canonical_direction_id":"mixed","canonical_direction_count":2,"collapsed_direction_count":2,"direction_collapse_reason":"visual-edge-direction-collapse","representative_shape_id":"B..N65R","canonical_feature_count":5,"color":"#EB6800","visual_family":"B-D-F-M","visual_branch_id":"b-main","raw_group_sequence":0,"group_sequence":0,"group_id":"group-manual-brighton-bq-brooklyn","merged_group_ids":["group-manual-brighton-bq-brooklyn"],"group_member_routes":["B","Q"],"group_member_visual_routes":["B","Q"],"group_lane_order":["B","Q"],"group_lane_order_visual":["B","Q"],"group_lane_count":2,"visual_lane_slot":-0.5,"visual_z_order":295,"corridor_id":"brighton-bq-brooklyn","segment_kind":"group","render_style":"subway-ribbon-v1","source":"group-corridors","debug_id":"B:b-main:group:0:c390af2e40a6","feature_length_m":11568.52,"assignment_reason":"merged validated visual edges with compatible render state","handoff_node_id":"handoff-b-b-main--73.97237,40.67705","handoff_reason":"station-adjacent-membership-change","handoff_kind":"membership-change","handoff_from_group_id":"group-manual-brighton-bq-brooklyn","handoff_to_group_id":"group-manual-dekalb-atlantic","handoff_from_lane_slot":-0.5,"handoff_to_lane_slot":-0.25,"start_handoff_node_id":"terminal-b-b-main-start","start_handoff_reason":"terminal","start_handoff_kind":"terminal","start_handoff_from_group_id":null,"start_handoff_to_group_id":"group-manual-brighton-bq-brooklyn","start_handoff_from_lane_slot":0,"start_handoff_to_lane_slot":-0.5,"end_handoff_node_id":"handoff-b-b-main--73.97237,40.67705","end_handoff_reason":"station-adjacent-membership-change","end_handoff_kind":"membership-change","end_handoff_from_group_id":"group-manual-brighton-bq-brooklyn","end_handoff_to_group_id":"group-manual-dekalb-atlantic","end_handoff_from_lane_slot":-0.5,"end_handoff_to_lane_slot":-0.25,"effective_render_key":"B|b-main|lane:-0.5|z:295|color:#EB6800|kind:group|style:subway-ribbon-v1","merged_debug_ids":["B:b-main:group:0:f24a1c83b444","B:b-main:group:0:57120db9d773","B:b-main:group:0:fda3d3985bc3","B:b-main:group:0:fc3cb37abd16","B:b-main:group:0:b85d64380352","B:b-main:group:0:9f92e1921986"]},"geometry":{"type":"LineString","coordinates":[[-73.961376,40.577621],[-73.96042495900215,40.57783962976128],[-73.96035395901913,40.577855629761125],[-73.96028495903822,40.57787362976096],[-73.96021895906051,40.57789462976076],[-73.9601559590849,40.57791762976054],[-73.96009595911143,40.57794262976031],[-73.96003795914007,40.577969629760055],[-73.95998295917083,40.57799862975978],[-73.95993095920478,40.57803062975948],[-73.95988195924085,40.57806462975916],[-73.9598359592801,40.57810162975881],[-73.9597919593204,40.578139629758454],[-73.9597519593639,40.57818062975807],[-73.95971395940951,40.578223629757666],[-73.95967795945725,40.57826862975724],[-73.95964595950817,40.57831662975679],[-73.95474096681009,40.58519862969201],[-73.95467196692896,40.58531062969095],[-73.95460696704887,40.58542362968989],[-73.95454796716879,40.585536629688825],[-73.95449296728977,40.585650629687755],[-73.95444396740969,40.58576362968669],[-73.95439896752961,40.58587662968563],[-73.95435996764954,40.58598962968456],[-73.95432496777052,40.58610362968349],[-73.95429596789043,40.586216629682426],[-73.95427196801035,40.58632962968136],[-73.95425196813135,40.58644362968029],[-73.95423796825126,40.58655662967923],[-73.95422896837225,40.58667062967815],[-73.95422396849217,40.586783629677086],[-73.95422596861209,40.586896629676026],[-73.95422496868109,40.586961629675415],[-73.95422295361476,40.58702627875421],[-73.95422095304268,40.58708929903897],[-73.95421895243838,40.58715131997752],[-73.95421592434094,40.58721301162416],[-73.95421292274445,40.58727304510151],[-73.95420991922464,40.58733111551359],[-73.95420587683654,40.58738981899399],[-73.95420186984911,40.58744591937961],[-73.9541968055588,40.58750171219733],[-73.95419179933964,40.58755578060353],[-73.95418679276263,40.58760885157174],[-73.9541807033508,40.58766170481145],[-73.95417469274072,40.58771279633547],[-73.9541664561817,40.587764501178555],[-73.95413683538516,40.58812437608353],[-73.95413087065899,40.58820791934645],[-73.95412692744868,40.588289971252976],[-73.95412496254511,40.588370010460245],[-73.95412296263109,40.588451010459025],[-73.95412197199221,40.58853051161113],[-73.95412297207712,40.58860948838948],[-73.95412496224539,40.588687963972774],[-73.95412794518649,40.588765426417595],[-73.95413094447782,40.58884240600106],[-73.95413588946873,40.58891834540113],[-73.9541428027055,40.58899323927812],[-73.95414979815916,40.58906818938841],[-73.9541577441359,40.589142648348194],[-73.9541666751292,40.589216043085734],[-73.95417660520359,40.58928949777894],[-73.95438956303607,40.59077918319793],[-73.95523126434699,40.595238353360344],[-73.9559992634729,40.59929232620559],[-73.95757227024988,40.607583315977365],[-73.95757507422141,40.60759634540704],[-73.95757793035445,40.60760869880795],[-73.95758107425046,40.60762334541045],[-73.95758351613625,40.60763874726847],[-73.95758607427949,40.60765034541385],[-73.95758893041264,40.60766269881524],[-73.95759193042664,40.607675698817026],[-73.95759538209659,40.607687574550326],[-73.95759893045575,40.60770269882068],[-73.95760193046975,40.607715698822396],[-73.95760493048375,40.60772869882419],[-73.95760793049776,40.607741698825905],[-73.95761093051178,40.60775469882766],[-73.95761382601741,40.607762777173185],[-73.9576179305387,40.60777969883103],[-73.95764122304776,40.607857030839575],[-73.95764628944012,40.60787425428034],[-73.95765146787743,40.60789287825865],[-73.95765682617682,40.60790877720031],[-73.95766200652587,40.60793103362689],[-73.9576666200135,40.607948440555944],[-73.95767146795653,40.60796587827031],[-73.95767662005352,40.60798544056156],[-73.95768119138812,40.60800790897331],[-73.9576856200957,40.60802444056749],[-73.95769019143,40.60804690897793],[-73.95769419145148,40.60806690898033],[-73.95769826511727,40.60808828618465],[-73.9577022651398,40.608109286187016],[-73.95770626516233,40.608130286189414],[-73.95771026518486,40.60815128619177],[-73.95780431422673,40.60866254527779],[-73.95795731509317,40.60947054536621],[-73.95796031511141,40.60948754536807],[-73.95796331512963,40.60950454536992],[-73.95796631514786,40.609521545371784],[-73.95796831516716,40.60953954537375],[-73.95797131518539,40.60955654537561],[-73.9579733152047,40.60957454537758],[-73.95797631522399,40.60959254537955],[-73.9579783152433,40.60961054538152],[-73.9579803152626,40.609628545383494],[-73.95798331528191,40.60964654538546],[-73.95798531530228,40.60966554538754],[-73.95798731532157,40.60968354538951],[-73.95798831534196,40.609702545391585],[-73.95799031536232,40.60972154539367],[-73.9579923153827,40.60974054539575],[-73.9580093155189,40.60986754540964],[-73.95801131553714,40.609884545411504],[-73.95801331555643,40.60990254541347],[-73.95801631557573,40.60992054541544],[-73.95801831559503,40.609938545417414],[-73.9580213156154,40.60995754541949],[-73.95802331563578,40.60997654542157],[-73.95802631565616,40.609995545423644],[-73.9580303156776,40.61001554542583],[-73.95803331569905,40.61003554542802],[-73.95803631572049,40.61005554543021],[-73.95804031574302,40.61007654543251],[-73.95804431576553,40.610097545434805],[-73.95804831578913,40.610119545437215],[-73.95805231581272,40.610141545439625],[-73.95805631583632,40.610163545442035],[-73.95946932382382,40.617610546256955],[-73.9608733317864,40.625031547069156],[-73.96147833521012,40.62822154741833],[-73.96149033527237,40.62827954742468],[-73.9615013353357,40.62833854743114],[-73.96151333540118,40.62839954743782],[-73.96152533546773,40.62846154744461],[-73.96153933553641,40.62852554745161],[-73.96155333560726,40.62859154745884],[-73.96156733568024,40.62865954746628],[-73.9615833357543,40.628728547473834],[-73.96159933583051,40.628799547481606],[-73.96161533590887,40.6288725474896],[-73.96163333598938,40.6289475474978],[-73.96165133607096,40.62902354750612],[-73.96167033615468,40.62910154751466],[-73.96168933624055,40.629181547523416],[-73.9617093363275,40.629262547532285],[-73.96190433717014,40.63004754761822],[-73.96191433721093,40.63008554762238],[-73.9619243372528,40.63012454762665],[-73.9619333372968,40.63016554763113],[-73.96194333734081,40.63020654763562],[-73.9619533373859,40.63024854764022],[-73.96196233743314,40.630292547645034],[-73.96197133748036,40.630336547649854],[-73.96198133752975,40.63038254765489],[-73.9619903375802,40.630429547660036],[-73.96199933763066,40.63047654766518],[-73.96200833768326,40.630525547670544],[-73.96201733773692,40.63057554767602],[-73.96202633779167,40.6306265476816],[-73.96203433784748,40.63067854768729],[-73.96204333790439,40.63073154769309],[-73.96286334256705,40.63507454816853],[-73.96396134884384,40.640919548808476],[-73.9645623521779,40.64402354914835],[-73.96458235231324,40.64414954916215],[-73.96460035244752,40.64427454917584],[-73.9646143525818,40.64439954918953],[-73.964624352715,40.64452354920311],[-73.96463135284714,40.644646549216574],[-73.96463435297926,40.64476954923004],[-73.9646333531114,40.644892549243515],[-73.96462835324245,40.64501454925687],[-73.9646203533735,40.645136549270234],[-73.9646083535035,40.645257549283485],[-73.96459235363348,40.64537854929673],[-73.96457235376239,40.64549854930987],[-73.9645493538913,40.64561854932301],[-73.96452235402022,40.64573854933615],[-73.96449135414913,40.64585854934929],[-73.96305235915702,40.65051954985971],[-73.96298035941598,40.65076054988611],[-73.9629093596728,40.65099954991228],[-73.96283735992749,40.65123654993823],[-73.96276636017893,40.65147054996386],[-73.96269636042717,40.651701549989156],[-73.96262636067327,40.65193055001424],[-73.9625563609172,40.6521575500391],[-73.96248636115793,40.65238155006363],[-73.96241736139541,40.65260255008784],[-73.96234836163077,40.65282155011182],[-73.96228036186398,40.65303855013559],[-73.96221236209396,40.65325255015903],[-73.9621443623218,40.65346455018224],[-73.96207636254641,40.653673550205134],[-73.96200836276888,40.65388055022781],[-73.96156536427785,40.65528455038158],[-73.96153836440038,40.65539855039406],[-73.96151536452183,40.65551155040644],[-73.96149536464114,40.6556225504186],[-73.96147836476045,40.65573355043075],[-73.96146336487868,40.6558435504428],[-73.96145236499476,40.65595155045463],[-73.96144336511084,40.65605955046646],[-73.96143836522585,40.65616655047818],[-73.96143536534086,40.6562735504899],[-73.96143536545372,40.6563785505014],[-73.9614383655655,40.65648255051279],[-73.9614443656773,40.65658655052418],[-73.96145336578692,40.65668855053535],[-73.96146436589656,40.656790550546525],[-73.96148036600621,40.6568925505577],[-73.96200736949021,40.6601335509127],[-73.96201136951493,40.66015655091522],[-73.96201636954073,40.66018055091784],[-73.96202136956654,40.660204550920476],[-73.96202636959342,40.66022955092321],[-73.96203136962029,40.66025455092595],[-73.96203636964825,40.660280550928796],[-73.9620423696762,40.660306550931644],[-73.96204836970415,40.66033255093449],[-73.96205436973318,40.66035955093745],[-73.96206136976328,40.66038755094052],[-73.96206736979337,40.66041555094358],[-73.96207436982455,40.660444550946764],[-73.96208136985574,40.66047355094994],[-73.96208836988691,40.66050255095312],[-73.96209636991915,40.6605325509564],[-73.96217737022558,40.66081755098762],[-73.96218137023845,40.660829550988936],[-73.96218437025136,40.66084155099025],[-73.96218837026427,40.66085355099156],[-73.96219137027717,40.66086555099288],[-73.96219437029008,40.66087755099419],[-73.96219837030405,40.66089055099562],[-73.96220137031695,40.66090255099693],[-73.96220337032985,40.66091455099824],[-73.96220637034382,40.66092755099967],[-73.96220937035672,40.660939551000986],[-73.96221137036963,40.6609515510023],[-73.9622143703836,40.66096455100372],[-73.96221637039758,40.66097755100514],[-73.96221837041048,40.66098955100646],[-73.96222037042446,40.66100255100788],[-73.96231637107383,40.661606551074044],[-73.96246237208126,40.66254355117669],[-73.9624783721791,40.66263455118665],[-73.96249737227696,40.66272555119662],[-73.96252037237373,40.662815551206485],[-73.96254537247049,40.66290555121634],[-73.96257237256727,40.6629955512262],[-73.96260337266295,40.66308455123595],[-73.96263637275865,40.6631735512457],[-73.96267137285328,40.66326155125534],[-73.9627103729479,40.66334955126498],[-73.96275137304252,40.66343755127462],[-73.96279437313606,40.66352455128415],[-73.96284137322961,40.66361155129368],[-73.96289037332208,40.6636975513031],[-73.96294237341456,40.66378355131253],[-73.96299737350594,40.66386855132183],[-73.972367,40.67705]]}},{"type":"Feature","id":"B:b-main:group:1:bba831c56785","properties":{"route_id":"B","canonical_route_id":"B","visual_route_id":"B","visual_route_normalization_reason":"identity","display_route":"B","shape_id":"B..N65R","source_shape_ids":["B..N60R","B..N65R","B..N66R","B..S65R","B..S66R"],"raw_route_ids":["B"],"raw_shape_ids":["B..N60R","B..N65R","B..N66R","B..S65R","B..S66R"],"visual_edge_ids":["b:D24-D25","b:D24-R30"],"edge_count":2,"from_stop_id":"D25","to_stop_id":"R30","from_stop_name":"7 Av","to_stop_name":"DeKalb Av","edge_sequence":6,"edge_sequence_range":[6,6],"representative_edge_geometry_source":"B..N65R","representative_edge_geometry_sources":["B..N65R"],"edge_geometry_confidence":"high","visual_edge_metadata":[],"geometry_reversal_count":0,"internal_stitch_valid":true,"max_internal_snap_distance_m":0,"branch_representative_geometry_used":null,"branch_representative_warning":null,"canonical_direction_id":"mixed","canonical_direction_count":2,"collapsed_direction_count":2,"direction_collapse_reason":"visual-edge-direction-collapse","representative_shape_id":"B..N65R","canonical_feature_count":5,"color":"#EB6800","visual_family":"B-D-F-M","visual_branch_id":"b-main","raw_group_sequence":6000,"group_sequence":1,"group_id":"group-manual-dekalb-atlantic","merged_group_ids":["group-manual-dekalb-atlantic"],"group_member_routes":["B","D","2","3","4","5","N","Q","R","W"],"group_member_visual_routes":["B","D","2","3","4","5","N","Q","R","W"],"group_lane_order":["B","D","2","3","4","5","N","Q","R","W"],"group_lane_order_visual":["B","D","2","3","4","5","N","Q","R","W"],"group_lane_count":10,"visual_lane_slot":-0.25,"visual_z_order":304,"corridor_id":"dekalb-atlantic","segment_kind":"group","render_style":"subway-ribbon-v1","source":"group-corridors","debug_id":"B:b-main:group:1:bba831c56785","feature_length_m":1788.08,"assignment_reason":"merged validated visual edges with compatible render state","handoff_node_id":"handoff-b-b-main--73.98182,40.69064","handoff_reason":"station-adjacent-membership-change","handoff_kind":"membership-change","handoff_from_group_id":"group-manual-dekalb-atlantic","handoff_to_group_id":"group-b-d-f-m-b-d","handoff_from_lane_slot":-0.25,"handoff_to_lane_slot":-1.5,"start_handoff_node_id":"handoff-b-b-main--73.97237,40.67705","start_handoff_reason":"station-adjacent-membership-change","start_handoff_kind":"membership-change","start_handoff_from_group_id":"group-manual-brighton-bq-brooklyn","start_handoff_to_group_id":"group-manual-dekalb-atlantic","start_handoff_from_lane_slot":-0.5,"start_handoff_to_lane_slot":-0.25,"end_handoff_node_id":"handoff-b-b-main--73.98182,40.69064","end_handoff_reason":"station-adjacent-membership-change","end_handoff_kind":"membership-change","end_handoff_from_group_id":"group-manual-dekalb-atlantic","end_handoff_to_group_id":"group-b-d-f-m-b-d","end_handoff_from_lane_slot":-0.25,"end_handoff_to_lane_slot":-1.5,"effective_render_key":"B|b-main|lane:-0.25|z:304|color:#EB6800|kind:group|style:subway-ribbon-v1","merged_debug_ids":["B:b-main:group:0:0c1fb5656aae","B:b-main:group:0:2d840d71599b"]},"geometry":{"type":"LineString","coordinates":[[-73.972367,40.67705],[-73.97642981173556,40.682620012735605],[-73.97646281176645,40.68267401272781],[-73.97649281179734,40.682728012720005],[-73.97652181182767,40.682781012712354],[-73.97654881185856,40.68283501270455],[-73.97657481188946,40.682889012696755],[-73.97659781192093,40.682944012688814],[-73.97662081195239,40.68299901268087],[-73.97664081198327,40.68305301267307],[-73.97665981201533,40.68310901266498],[-73.97667681204679,40.68316401265704],[-73.97669281207882,40.68322001264895],[-73.97670681211086,40.68327601264087],[-73.9767188121429,40.68333201263278],[-73.97672981217494,40.68338801262469],[-73.97673981220755,40.68344501261646],[-73.97692323023003,40.68446955428654],[-73.97745132228343,40.68717802108911],[-73.97745932230865,40.68722502109118],[-73.97747232233279,40.68727002109316],[-73.9774873223564,40.68731402109511],[-73.97750732237893,40.68735602109697],[-73.9775303224004,40.68739602109873],[-73.97755732242076,40.68743402110041],[-73.97758732244009,40.687470021101994],[-73.9776222815329,40.68750475419358],[-73.97765928155063,40.68753775419517],[-73.97770103629198,40.68756847759887],[-73.97774603630765,40.68759747760079],[-73.9777946198562,40.68762390639872],[-73.97784661987039,40.68764990640097],[-73.97790191577417,40.68767194528],[-73.97796191578693,40.68769494528253],[-73.97882591026371,40.68804620858599],[-73.98049047360982,40.68870612043668],[-73.98056230017839,40.68873645891137],[-73.98063174132767,40.68876910199013],[-73.98069857787246,40.68880502728225],[-73.98076160811169,40.68884160346101],[-73.98082158087438,40.68888183676056],[-73.98087791637082,40.688923782357946],[-73.98093119532712,40.688967786448615],[-73.98098140654365,40.68901384174297],[-73.98102776086603,40.68906216743291],[-73.98107158914148,40.68911207072137],[-73.9811117462761,40.68916448175315],[-73.98114871884084,40.689219842094495],[-73.98118151738485,40.689276122354585],[-73.98121208743295,40.68933516017041],[-73.98123876526888,40.68939658754469],[-73.981824,40.690635]]}},{"type":"Feature","id":"B:b-main:group:2:01bf1468d989","properties":{"route_id":"B","canonical_route_id":"B","visual_route_id":"B","visual_route_normalization_reason":"identity","display_route":"B","shape_id":"B..N65R","source_shape_ids":["B..N60R","B..N65R","B..N66R","B..S65R","B..S66R"],"raw_route_ids":["B"],"raw_shape_ids":["B..N60R","B..N65R","B..N66R","B..S65R","B..S66R"],"visual_edge_ids":["b:D22-R30"],"edge_count":1,"from_stop_id":"R30","to_stop_id":"D22","from_stop_name":"DeKalb Av","to_stop_name":"Grand St","edge_sequence":8,"edge_sequence_range":[8,8],"representative_edge_geometry_source":"B..N65R","representative_edge_geometry_sources":["B..N65R"],"edge_geometry_confidence":"high","visual_edge_metadata":[],"geometry_reversal_count":0,"internal_stitch_valid":true,"max_internal_snap_distance_m":0,"branch_representative_geometry_used":null,"branch_representative_warning":null,"canonical_direction_id":"mixed","canonical_direction_count":2,"collapsed_direction_count":2,"direction_collapse_reason":"visual-edge-direction-collapse","representative_shape_id":"B..N65R","canonical_feature_count":5,"color":"#EB6800","visual_family":"B-D-F-M","visual_branch_id":"b-main","raw_group_sequence":8000,"group_sequence":2,"group_id":"group-b-d-f-m-b-d","merged_group_ids":["group-b-d-f-m-b-d"],"group_member_routes":["B","D"],"group_member_visual_routes":["B","D"],"group_lane_order":["B","D"],"group_lane_order_visual":["B","D"],"group_lane_count":2,"visual_lane_slot":-1.5,"visual_z_order":118.5,"corridor_id":null,"segment_kind":"group","render_style":"subway-ribbon-v1","source":"group-corridors","debug_id":"B:b-main:group:2:01bf1468d989","feature_length_m":3318.9,"assignment_reason":"grouped edge: local visual edge matched a derived corridor group","handoff_node_id":"handoff-b-b-main--73.99394,40.71835","handoff_reason":"station-adjacent-membership-change","handoff_kind":"membership-change","handoff_from_group_id":"group-b-d-f-m-b-d","handoff_to_group_id":"group-manual-6av-orange-trunk","handoff_from_lane_slot":-1.5,"handoff_to_lane_slot":-1.5,"start_handoff_node_id":"handoff-b-b-main--73.98182,40.69064","start_handoff_reason":"station-adjacent-membership-change","start_handoff_kind":"membership-change","start_handoff_from_group_id":"group-manual-dekalb-atlantic","start_handoff_to_group_id":"group-b-d-f-m-b-d","start_handoff_from_lane_slot":-0.25,"start_handoff_to_lane_slot":-1.5,"end_handoff_node_id":"handoff-b-b-main--73.99394,40.71835","end_handoff_reason":"station-adjacent-membership-change","end_handoff_kind":"membership-change","end_handoff_from_group_id":"group-b-d-f-m-b-d","end_handoff_to_group_id":"group-manual-6av-orange-trunk","end_handoff_from_lane_slot":-1.5,"end_handoff_to_lane_slot":-1.5,"effective_render_key":"B|b-main|lane:-1.5|z:118.5|color:#EB6800|kind:group|style:subway-ribbon-v1"},"geometry":{"type":"LineString","coordinates":[[-73.981824,40.690635],[-73.98248989624827,40.6916382343445],[-73.98361390410243,40.693908232293275],[-73.98411990863194,40.69521723111036],[-73.9854279179791,40.69791822866939],[-73.99489897703943,40.714976213248775],[-73.99495097736501,40.71507021316377],[-73.99499597769754,40.71516621307696],[-73.99503297803352,40.71526321298925],[-73.99506297836952,40.71536021290154],[-73.99508597870899,40.71545821281292],[-73.99510097905191,40.7155572127234],[-73.9951089793983,40.71565721263297],[-73.99510897974469,40.71575721254254],[-73.99510198009455,40.71585821245121],[-73.99508698044787,40.71596021235898],[-73.99506498080464,40.71606321226584],[-73.99503498116144,40.716166212172695],[-73.99499798152169,40.71627021207865],[-73.99495298188542,40.716375211983696],[-73.99489998224915,40.716480211888744],[-73.99393898871334,40.71834621020129]]}},{"type":"Feature","id":"B:b-main:group:3:4af666bd92aa","properties":{"route_id":"B","canonical_route_id":"B","visual_route_id":"B","visual_route_normalization_reason":"identity","display_route":"B","shape_id":"B..N65R","source_shape_ids":["B..N60R","B..N65R","B..N66R","B..S65R","B..S66R"],"raw_route_ids":["B"],"raw_shape_ids":["B..N60R","B..N65R","B..N66R","B..S65R","B..S66R"],"visual_edge_ids":["b:D21-D22","b:D20-D21","b:D17-D20","b:D16-D17","b:D15-D16","b:D14-D15","b:A24-D14"],"edge_count":7,"from_stop_id":"D22","to_stop_id":"A24","from_stop_name":"Grand St","to_stop_name":"59 St-Columbus Circle","edge_sequence":9,"edge_sequence_range":[9,9],"representative_edge_geometry_source":"B..N65R","representative_edge_geometry_sources":["B..N65R"],"edge_geometry_confidence":"high","visual_edge_metadata":[],"geometry_reversal_count":0,"internal_stitch_valid":true,"max_internal_snap_distance_m":0,"branch_representative_geometry_used":null,"branch_representative_warning":null,"canonical_direction_id":"mixed","canonical_direction_count":2,"collapsed_direction_count":2,"direction_collapse_reason":"visual-edge-direction-collapse","representative_shape_id":"B..N65R","canonical_feature_count":5,"color":"#EB6800","visual_family":"B-D-F-M","visual_branch_id":"b-main","raw_group_sequence":9000,"group_sequence":3,"group_id":"group-manual-6av-orange-trunk","merged_group_ids":["group-manual-6av-orange-trunk"],"group_member_routes":["B","D","F","M"],"group_member_visual_routes":["B","D","F","M"],"group_lane_order":["B","D","F","M"],"group_lane_order_visual":["B","D","F","M"],"group_lane_count":4,"visual_lane_slot":-1.5,"visual_z_order":220,"corridor_id":"6av-orange-trunk","segment_kind":"group","render_style":"subway-ribbon-v1","source":"group-corridors","debug_id":"B:b-main:group:3:4af666bd92aa","feature_length_m":6911.86,"assignment_reason":"merged validated visual edges with compatible render state","handoff_node_id":"handoff-b-b-main--73.98192,40.76838","handoff_reason":"station-adjacent-membership-change","handoff_kind":"membership-change","handoff_from_group_id":"group-manual-6av-orange-trunk","handoff_to_group_id":"group-b-d-f-m-b-d","handoff_from_lane_slot":-1.5,"handoff_to_lane_slot":-1.5,"start_handoff_node_id":"handoff-b-b-main--73.99394,40.71835","start_handoff_reason":"station-adjacent-membership-change","start_handoff_kind":"membership-change","start_handoff_from_group_id":"group-b-d-f-m-b-d","start_handoff_to_group_id":"group-manual-6av-orange-trunk","start_handoff_from_lane_slot":-1.5,"start_handoff_to_lane_slot":-1.5,"end_handoff_node_id":"handoff-b-b-main--73.98192,40.76838","end_handoff_reason":"station-adjacent-membership-change","end_handoff_kind":"membership-change","end_handoff_from_group_id":"group-manual-6av-orange-trunk","end_handoff_to_group_id":"group-b-d-f-m-b-d","end_handoff_from_lane_slot":-1.5,"end_handoff_to_lane_slot":-1.5,"effective_render_key":"B|b-main|lane:-1.5|z:220|color:#EB6800|kind:group|style:subway-ribbon-v1","merged_debug_ids":["B:b-main:group:0:2326b200dacb","B:b-main:group:0:38ee19907f18","B:b-main:group:0:04512803fead","B:b-main:group:0:422ae9df311e","B:b-main:group:0:3679e005c8fb","B:b-main:group:0:865b6b3587a1","B:b-main:group:0:b91d87040bd0"]},"geometry":{"type":"LineString","coordinates":[[-73.99393898871334,40.71834621020129],[-73.99210806872262,40.721506063621476],[-73.9920930687895,40.721535063631315],[-73.99207806885642,40.72156406364115],[-73.9920640689233,40.721593063650985],[-73.9920500689879,40.721621063660486],[-73.9920370690548,40.72165006367032],[-73.99202506911938,40.72167806367982],[-73.99201406918628,40.72170706368966],[-73.99200306925087,40.72173506369916],[-73.99199206931547,40.72176306370866],[-73.99198306938237,40.72179206371849],[-73.99197406944695,40.72182006372799],[-73.99196606951155,40.72184806373749],[-73.99195806957383,40.721875063746644],[-73.99195106963842,40.72190306375614],[-73.99194406970302,40.72193106376564],[-73.99179207163623,40.722769064049906],[-73.99177607190845,40.72288706408994],[-73.99177007216453,40.72299806412759],[-73.99177407240907,40.72310406416355],[-73.99178907264438,40.72320606419815],[-73.99181407287048,40.7233040642314],[-73.99185007308503,40.72339706426295],[-73.99189507329037,40.72348606429314],[-73.99195107348646,40.72357106432198],[-73.99201807367103,40.72365106434911],[-73.99209407384407,40.72372606437456],[-73.99218107400787,40.723797064398646],[-73.99227907416245,40.72386406442138],[-73.9923870743055,40.72392606444241],[-73.99250507443931,40.72398406446209],[-73.99263307455928,40.724036064479726],[-73.99628707712493,40.725148064856995],[-73.99672407744795,40.7252880649045],[-73.99683916889919,40.7253281018554],[-73.9969478487728,40.72536633995409],[-73.9970571842752,40.72540654023258],[-73.99716290060923,40.72544580502307],[-73.99726930428321,40.72548709789091],[-73.99736986485877,40.725525927704666],[-73.99747452633686,40.72556878291132],[-73.99757217406855,40.725608638780066],[-73.99767193011488,40.7256507835949],[-73.99777051383064,40.7256943329471],[-73.99786522489526,40.72573709749899],[-73.99795809737998,40.7257794936313],[-73.9980517892452,40.72582421800569],[-73.99814169988673,40.72586765549491],[-73.99823055617765,40.72591156259238],[-74.00201731080466,40.72777743989084],[-74.00213368960995,40.7278336488933],[-74.00225560303099,40.72790355006845],[-74.00236618604946,40.727981216423686],[-74.00246241183103,40.72806424842024],[-74.00254671084015,40.72815526613446],[-74.00261627418719,40.7282519142396],[-74.00267134792797,40.72835439765113],[-74.00271174519823,40.72846215277375],[-74.00273676264649,40.72857578426627],[-74.00274788861408,40.72869110589754],[-74.00274428659213,40.72881262204513],[-74.00272708960067,40.72893571583954],[-74.00269564541213,40.72906409808909],[-74.0026528768326,40.72919360067505],[-74.00259885403206,40.72932676280489],[-74.00174911463353,40.73088192044115],[-74.00173752353291,40.73090427959827],[-74.00172256647011,40.73093208822428],[-74.00170856655829,40.73095808820386],[-74.0016934260885,40.73098516494215],[-74.00167751307238,40.7310127712502],[-74.00166366364762,40.73103773931897],[-74.00164438726053,40.73106933801697],[-74.00162838734958,40.731095337995036],[-74.00161365546575,40.73112023842627],[-74.00159319888265,40.73115178732463],[-74.00157758381377,40.731176629204356],[-74.0015574572191,40.731206910876615],[-74.00153945731212,40.731233910853035],[-74.00152283042765,40.73125981371702],[-74.0015002841679,40.731292083189366],[-74.00070188921319,40.732390037395305],[-74.00067935254518,40.732419428457575],[-74.00066135262854,40.73244342843565],[-73.99996135596999,40.733405427556896],[-73.99639337300623,40.73830942307683],[-73.99300538916391,40.742959418828164],[-73.9880074129416,40.74980041257646],[-73.98475342859734,40.75430340846062],[-73.98151344404097,40.75874440440088],[-73.9798854517971,40.76097440236211],[-73.9798144521971,40.76108940225696],[-73.97976045258667,40.76120140215456],[-73.97972045296233,40.76130940205582],[-73.97969445332409,40.76141340196074],[-73.97968445367887,40.76151540186748],[-73.97968945401976,40.76161340177788],[-73.97970845434672,40.76170740169193],[-73.97974245466325,40.76179840160872],[-73.97979145496936,40.76188640152827],[-73.97985445526155,40.761970401451464],[-73.97993345553982,40.762050401378325],[-73.98002645581116,40.76212840130701],[-73.98013445606855,40.76220240123935],[-73.98025745631206,40.762272401175345],[-73.98039645654859,40.76234040111317],[-73.98182145864617,40.76294340056183],[-73.98184745868791,40.76295540055086],[-73.98388246166915,40.76381239976726],[-73.9839934618883,40.763875399709654],[-73.98409446212138,40.76394239964839],[-73.9841834623649,40.76401239958439],[-73.98426146261538,40.76408439951855],[-73.9843264628763,40.76415939944997],[-73.98437946315111,40.76423839937774],[-73.98442146342941,40.76431839930459],[-73.98445046372166,40.764402399227784],[-73.98446846402432,40.76448939914823],[-73.98447346433395,40.76457839906685],[-73.984467464654,40.76467039898273],[-73.98444946498448,40.76476539889586],[-73.98441846532543,40.76486339880625],[-73.98437646567679,40.76496439871389],[-73.98432246603514,40.76506739861971],[-73.98192047755151,40.76837739559289]]}},{"type":"Feature","id":"B:b-main:group:4:d2e7e5942337","properties":{"route_id":"B","canonical_route_id":"B","visual_route_id":"B","visual_route_normalization_reason":"identity","display_route":"B","shape_id":"B..N65R","source_shape_ids":["B..N60R","B..N65R","B..N66R","B..S65R","B..S66R"],"raw_route_ids":["B"],"raw_shape_ids":["B..N60R","B..N65R","B..N66R","B..S65R","B..S66R"],"visual_edge_ids":["b:A22-A24","b:A21-A22","b:A20-A21","b:A19-A20","b:A18-A19","b:A17-A18","b:A16-A17","b:A15-A16","b:A14-A15","b:A14-D13","b:D12-D13","b:D11-D12","b:D10-D11","b:D09-D10","b:D08-D09","b:D07-D08","b:D06-D07","b:D05-D06","b:D04-D05","b:D03-D04"],"edge_count":20,"from_stop_id":"A24","to_stop_id":"D03","from_stop_name":"59 St-Columbus Circle","to_stop_name":"Bedford Park Blvd","edge_sequence":16,"edge_sequence_range":[16,16],"representative_edge_geometry_source":"B..N65R","representative_edge_geometry_sources":["B..N65R"],"edge_geometry_confidence":"high","visual_edge_metadata":[],"geometry_reversal_count":0,"internal_stitch_valid":true,"max_internal_snap_distance_m":0,"branch_representative_geometry_used":null,"branch_representative_warning":null,"canonical_direction_id":"mixed","canonical_direction_count":2,"collapsed_direction_count":2,"direction_collapse_reason":"visual-edge-direction-collapse","representative_shape_id":"B..N65R","canonical_feature_count":5,"color":"#EB6800","visual_family":"B-D-F-M","visual_branch_id":"b-main","raw_group_sequence":16000,"group_sequence":4,"group_id":"group-b-d-f-m-b-d","merged_group_ids":["group-b-d-f-m-b-d"],"group_member_routes":["B","D"],"group_member_visual_routes":["B","D"],"group_lane_order":["B","D"],"group_lane_order_visual":["B","D"],"group_lane_count":2,"visual_lane_slot":-1.5,"visual_z_order":118.5,"corridor_id":null,"segment_kind":"group","render_style":"subway-ribbon-v1","source":"group-corridors","debug_id":"B:b-main:group:4:d2e7e5942337","feature_length_m":15274.65,"assignment_reason":"merged validated visual edges with compatible render state","handoff_node_id":"handoff-b-b-main--73.98192,40.76838","handoff_reason":"station-adjacent-membership-change","handoff_kind":"membership-change","handoff_from_group_id":"group-manual-6av-orange-trunk","handoff_to_group_id":"group-b-d-f-m-b-d","handoff_from_lane_slot":-1.5,"handoff_to_lane_slot":-1.5,"start_handoff_node_id":"handoff-b-b-main--73.98192,40.76838","start_handoff_reason":"station-adjacent-membership-change","start_handoff_kind":"membership-change","start_handoff_from_group_id":"group-manual-6av-orange-trunk","start_handoff_to_group_id":"group-b-d-f-m-b-d","start_handoff_from_lane_slot":-1.5,"start_handoff_to_lane_slot":-1.5,"end_handoff_node_id":"terminal-b-b-main-end","end_handoff_reason":"terminal","end_handoff_kind":"terminal","end_handoff_from_group_id":"group-b-d-f-m-b-d","end_handoff_to_group_id":null,"end_handoff_from_lane_slot":-1.5,"end_handoff_to_lane_slot":0,"effective_render_key":"B|b-main|lane:-1.5|z:118.5|color:#EB6800|kind:group|style:subway-ribbon-v1","merged_debug_ids":["B:b-main:group:0:961cac04bb02","B:b-main:group:0:23f83ca220c6","B:b-main:group:0:c70262235017","B:b-main:group:0:21773a01dfa7","B:b-main:group:0:3631a975b1fa","B:b-main:group:0:b9582b95eb22","B:b-main:group:0:2d4cab7d6bb9","B:b-main:group:0:382512ac7fee","B:b-main:group:0:87e7368648a9","B:b-main:group:0:5521b784f23f","B:b-main:group:0:d3b617c966b0","B:b-main:group:0:d422f4bf0300","B:b-main:group:0:9ceaf7ca8184","B:b-main:group:0:6a980d12739b","B:b-main:group:0:7df83c9c0692","B:b-main:group:0:1e6ed24d24f8","B:b-main:group:0:2d353e516405","B:b-main:group:0:2b92b360bbe7","B:b-main:group:0:1b2f00f7d8d0","B:b-main:group:0:c43284298b4a"]},"geometry":{"type":"LineString","coordinates":[[-73.98192047755151,40.76837739559289],[-73.97659618759704,40.77567315831168],[-73.97232920788589,40.781512153021325],[-73.96910222330017,40.785947149002396],[-73.96488224337335,40.79172114376926],[-73.9616402588476,40.796171139735456],[-73.95834727453743,40.8006821356458],[-73.95506829012987,40.805164131581854],[-73.9534742977221,40.80734612960318],[-73.95342229794132,40.807409129546045],[-73.95337629815705,40.80747112948982],[-73.95333429837628,40.80753412943269],[-73.95329629859897,40.807598129374654],[-73.95326129882167,40.80766212931661],[-73.95323129904438,40.807726129258576],[-73.95320429926709,40.807790129200534],[-73.95318129949675,40.80785612914068],[-73.95316229972293,40.807921129081734],[-73.95314729995259,40.80798712902188],[-73.95313630018573,40.808054128961125],[-73.95312830041888,40.80812112890036],[-73.95312530065203,40.8081881288396],[-73.95312530088866,40.808256128777934],[-73.95312730112528,40.808324128716265],[-73.95321630597286,40.80971712745296],[-73.95321930618515,40.80977812739764],[-73.953220306387,40.80983612734504],[-73.95321930658885,40.80989412729244],[-73.9532163067872,40.80995112724074],[-73.9532113069786,40.81000612719086],[-73.95320330716655,40.81006012714189],[-73.95319330735447,40.81011412709291],[-73.95318130753543,40.810166127045754],[-73.95316630771292,40.810217126999504],[-73.95314930788693,40.81026712695415],[-73.95312930805747,40.81031612690971],[-73.95310830822451,40.81036412686618],[-73.95308430838809,40.81041112682356],[-73.95305830854468,40.810456126782746],[-73.95302830870129,40.81050112674193],[-73.95252931109223,40.81118812611886],[-73.9524863112941,40.81124612606625],[-73.95243962304696,40.81130564775035],[-73.95239143294712,40.81136437376309],[-73.95234543314295,40.8114203737111],[-73.952296388202,40.81147781446443],[-73.95224513234082,40.811535399815504],[-73.95219613253359,40.81159039976397],[-73.95214395470299,40.811646797597064],[-73.95208965020193,40.81170323812406],[-73.95203652081608,40.81175740016391],[-73.95198017995492,40.81181274146471],[-73.95192618014042,40.81186574141527],[-73.95186660007016,40.81192115899114],[-73.95181060025175,40.81197315894303],[-73.95174807992922,40.81202834354775],[-73.95077441675026,40.81300351859032],[-73.95073066712541,40.81304282601129],[-73.95069960709486,40.81307221943547],[-73.95066460721024,40.81310521940481],[-73.9506343540941,40.81313558161752],[-73.95060212889038,40.813168781056],[-73.95057253634253,40.813201170722586],[-73.95053680777217,40.81323902852981],[-73.95050826395887,40.81327125712318],[-73.95047653475496,40.813307810881945],[-73.95044616428125,40.813343905576616],[-73.95041549638125,40.813381303215344],[-73.95038607061718,40.813418354160426],[-73.95035743087166,40.813456310233654],[-73.95032528387341,40.81349780870596],[-73.95030229027194,40.81353251163036],[-73.94938895151911,40.81478226987956],[-73.94935939574306,40.814821361716945],[-73.94933402331395,40.81485617186002],[-73.94930963295607,40.81489092439977],[-73.94928472250793,40.814927353306054],[-73.94926222331843,40.814962578534555],[-73.94923876142853,40.81499973301594],[-73.94921809949862,40.81503490366074],[-73.94919590470887,40.815073521187614],[-73.9491729048458,40.81511352115492],[-73.94915455215121,40.81514870661993],[-73.94913420776331,40.81518844262923],[-73.94911320790247,40.81522944259787],[-73.94909661125466,40.81526551450245],[-73.94907599701827,40.815308822236055],[-73.9490606748757,40.81534583457042],[-73.94785053740146,40.81794769112435],[-73.94514853072145,40.82374974335337],[-73.9451264297806,40.8237950516509],[-73.9451026430601,40.823840582888785],[-73.94507998064593,40.82388283251779],[-73.94505727527036,40.8239241311002],[-73.94503293515713,40.82396651391499],[-73.94500913027309,40.82400689622779],[-73.94498613040692,40.82404589619544],[-73.94495979275212,40.82408772523909],[-73.9449348183453,40.824126247698096],[-73.9449108184731,40.824163247666064],[-73.94488197789744,40.82420388630477],[-73.94485815315576,40.82423821784112],[-73.94482794705762,40.82427798622902],[-73.9448019471762,40.82431198619792],[-73.94477453639172,40.82434680375652],[-73.94440348792995,40.824860570906935],[-73.94433548827423,40.824959570817796],[-73.94359049182503,40.8259805698984],[-73.94267349582815,40.827131568861915],[-73.94265549589423,40.82715056884481],[-73.94264049595336,40.827167568829495],[-73.94262549601595,40.82718556881329],[-73.94261149607857,40.82720356879708],[-73.94259749613768,40.82722056878177],[-73.9425844962003,40.82723856876556],[-73.94257149625942,40.82725556875025],[-73.94255849632202,40.82727356873404],[-73.94254549638114,40.82729056871873],[-73.94253349644376,40.82730856870252],[-73.94252149650289,40.82732556868721],[-73.94250949656549,40.827343568671004],[-73.94249849662462,40.8273605686557],[-73.94248749668722,40.82737856863948],[-73.94247649674635,40.827395568624176],[-73.94121950351156,40.82934056687259],[-73.941140503842,40.82943556678703],[-73.94105350415506,40.82952556670598],[-73.94095950445073,40.82961056662943],[-73.94086050472553,40.82968956655828],[-73.94075450497947,40.82976256649254],[-73.940642505216,40.8298305664313],[-73.94052350543167,40.82989256637546],[-73.94039850562648,40.82994856632502],[-73.94026650580388,40.8299995662791],[-73.94012850596042,40.83004456623858],[-73.93998450609955,40.83008456620255],[-73.93983350621782,40.830118566171926],[-73.93967650631521,40.83014656614671],[-73.93951350639175,40.8301685661269],[-73.93934350645088,40.83018556611159],[-73.93927950646132,40.83018856610889],[-73.93921550647522,40.83019256610528],[-73.93915250648567,40.830195566102574],[-73.93908950649262,40.83019756610078],[-73.93902650650307,40.83020056609808],[-73.93896350651002,40.830202566096276],[-73.93890050651699,40.83020456609447],[-73.93883750652392,40.83020656609267],[-73.93877450652741,40.830207566091765],[-73.93871150653437,40.83020956608997],[-73.93864850653786,40.830210566089065],[-73.93858550654133,40.83021156608817],[-73.93852250654132,40.83021156608817],[-73.9384605065448,40.83021256608727],[-73.9383965065448,40.83021256608727],[-73.9368455063987,40.83017056612509],[-73.93125850602303,40.83006256622236],[-73.93109250598823,40.830052566231366],[-73.93093050593954,40.83003856624397],[-73.93077350588389,40.830022566258386],[-73.9306215058178,40.830003566275494],[-73.93047250574126,40.82998156629531],[-73.93032950565082,40.82995556631872],[-73.93019050555343,40.82992756634394],[-73.93005550544558,40.82989656637186],[-73.92992550532732,40.82986256640248],[-73.92980050519861,40.82982556643581],[-73.92967950505947,40.82978556647182],[-73.92956250490641,40.82974156651145],[-73.92945050474641,40.829695566552886],[-73.92934350457597,40.829646566597006],[-73.92924050438464,40.82959156664654],[-73.92766950120192,40.828676567470566],[-73.92755650101061,40.8286215675201],[-73.92744150082628,40.828568567567835],[-73.92732550064888,40.828517567613765],[-73.92720850047496,40.82846756765879],[-73.92708950030452,40.82841856770292],[-73.92697050013409,40.828369567747046],[-73.9268494999706,40.82832256778937],[-73.92672749981061,40.8282765678308],[-73.92660449965409,40.82823156787132],[-73.92647949950106,40.82818756791095],[-73.92635349935148,40.828144567949664],[-73.9262274992054,40.82810256798749],[-73.92609949906279,40.82806156802442],[-73.92596949892366,40.82802156806044],[-73.92583849878802,40.827982568095564],[-73.92478549773065,40.82767856836933],[-73.92448549739326,40.82758156845667],[-73.92420049713242,40.82750656852422],[-73.92392949695504,40.827455568570144],[-73.9236734968507,40.827425568597164],[-73.92343149682982,40.827419568602565],[-73.92320349688548,40.82743556858815],[-73.92298949702112,40.82747456855303],[-73.92279049723676,40.8275365684972],[-73.92260649752893,40.82762056842155],[-73.92243549790108,40.827727568325194],[-73.92227949834977,40.82785656820903],[-73.92213849887845,40.82800856807214],[-73.92201049948714,40.82818356791455],[-73.92189850017583,40.828381567736244],[-73.92179950094105,40.828601567538115],[-73.9207105089068,40.830891565475746],[-73.9205875097069,40.8311215652686],[-73.9204625104931,40.831347565065066],[-73.92033551126191,40.83156856486602],[-73.92020551201334,40.83178456467148],[-73.92007351274738,40.83199556448144],[-73.91993851346403,40.8322015642959],[-73.91980151416676,40.83240356411397],[-73.91966251485213,40.83260056393654],[-73.9195215155201,40.832792563763604],[-73.91937751617067,40.832979563595174],[-73.91923051680735,40.83316256343035],[-73.91908251742663,40.83334056327003],[-73.91893151802851,40.8335135631142],[-73.91877851861302,40.83368156296289],[-73.91862751919403,40.83384856281247],[-73.91479053283382,40.83776855928147],[-73.9146905332166,40.837878559182386],[-73.91459253360287,40.837989559082395],[-73.91449753398915,40.838100558982404],[-73.91440553437194,40.83821055888331],[-73.91431653475125,40.83831955878512],[-73.91423053513057,40.838428558686935],[-73.91414753550642,40.83853655858964],[-73.91406653588224,40.83864455849235],[-73.91398953625462,40.838751558395955],[-73.91391553662699,40.83885855829956],[-73.91384353699587,40.838964558204076],[-73.91377553736129,40.839069558109486],[-73.91370953772669,40.8391745580149],[-73.9136475380921,40.83927955792031],[-73.91358753845404,40.83938355782662],[-73.91354953867678,40.83944755776896],[-73.91351353890646,40.8395135577095],[-73.91347653913964,40.83958055764915],[-73.91344053937976,40.83964955758699],[-73.91340353963035,40.839721557522125],[-73.91336753988439,40.839794557456365],[-73.91333054014889,40.8398705573879],[-73.91329454041687,40.839947557318524],[-73.91325754069182,40.840026557247356],[-73.91322154097719,40.84010855717349],[-73.91318454126954,40.84019255709781],[-73.91314854156536,40.84027755702124],[-73.91311154187163,40.84036555694196],[-73.91307554218137,40.84045455686177],[-73.91303754250157,40.8405465567789],[-73.91182755498323,40.84413255354811],[-73.91176255549145,40.844278553416565],[-73.91169255598575,40.84442055328863],[-73.91161755646961,40.844559553163386],[-73.91153855694303,40.84469555304084],[-73.91145355740602,40.844828552921015],[-73.91136355785508,40.844957552804786],[-73.9112675582937,40.84508355269125],[-73.91116755872187,40.84520655258043],[-73.91106255913962,40.84532655247231],[-73.91095255954343,40.845442552367786],[-73.91083755993682,40.84555555226597],[-73.91071656031974,40.84566555216686],[-73.91059156069224,40.84577255207044],[-73.9104605610543,40.84587655197674],[-73.9103235614059,40.84597755188573],[-73.90894256477587,40.84694555101351],[-73.90872256533291,40.84710555086934],[-73.90851156588646,40.84726455072607],[-73.90830856642958,40.8474205505855],[-73.90811356696574,40.84757455044672],[-73.90792656749495,40.84772655030976],[-73.90774756801719,40.847876550174604],[-73.90757656853246,40.84802455004123],[-73.9074145690408,40.848170549909675],[-73.90725956953867,40.84831354978082],[-73.90711257003306,40.848455549652854],[-73.9069745705205,40.8485955495267],[-73.90684357100099,40.84873354940235],[-73.90672157147102,40.848868549280695],[-73.90660657193759,40.84900254915995],[-73.90649857240068,40.8491355490401],[-73.90541457710826,40.850487547821736],[-73.90171959307884,40.85507354368869],[-73.90166359331566,40.855141543627404],[-73.90160759355598,40.855210543565214],[-73.90155259379978,40.855280543502126],[-73.90149759404358,40.85535054343903],[-73.90144359429088,40.855421543375044],[-73.90138959454164,40.855493543310146],[-73.90133559479241,40.855565543245255],[-73.90128359505015,40.855639543178555],[-73.9012305953079,40.855713543111854],[-73.90117959556564,40.85578754304516],[-73.90112759583035,40.855863542976664],[-73.90107759609505,40.85593954290816],[-73.90102759635975,40.856015542839664],[-73.90097759663144,40.85609354276935],[-73.90092859689962,40.85617054269996],[-73.89926560661102,40.85895854018695],[-73.89922460684443,40.85902554012656],[-73.89918460707433,40.85909154006707],[-73.89914460730773,40.859158540006675],[-73.89910560753763,40.85922453994718],[-73.89906760776756,40.85929053988768],[-73.89902960800096,40.85935753982729],[-73.89899160823087,40.8594235397678],[-73.8989556084608,40.859489539708306],[-73.89891860869072,40.85955553964882],[-73.89888260892064,40.85962153958932],[-73.89884760915056,40.85968753952983],[-73.89881260938047,40.85975353947033],[-73.8987786096104,40.859819539410836],[-73.89874460983684,40.859884539352244],[-73.89871061006676,40.85995053929275],[-73.89793661502424,40.86137353800999],[-73.8975246177313,40.86215053730954],[-73.89747961800306,40.86222853723922],[-73.89743461826785,40.8623045371707],[-73.89738961853264,40.86238053710219],[-73.89734461879048,40.86245453703548],[-73.89729861904482,40.86252753696967],[-73.89725161929219,40.862598536905665],[-73.8972046195361,40.86266853684256],[-73.8971576197765,40.86273753678036],[-73.89711062001342,40.86280553671905],[-73.89706262024686,40.86287253665865],[-73.89701462047334,40.86293753660005],[-73.89696662069632,40.863001536542356],[-73.89691762091235,40.863063536486464],[-73.89686862112836,40.86312553643057],[-73.89681862133742,40.86318553637648],[-73.89435163177355,40.86618053367631],[-73.89369663482277,40.8670555328874],[-73.8921856416919,40.86902653111024],[-73.89207864212756,40.86915153099753],[-73.89196864254927,40.86927253088842],[-73.89185864295706,40.869389530782925],[-73.89174764334741,40.86950153068194],[-73.89163564372731,40.86961053058365],[-73.89152364409676,40.86971653048807],[-73.89141064444878,40.869817530397],[-73.89129664478688,40.86991453030953],[-73.89118264511451,40.87000853022477],[-73.8910676454247,40.87009753014452],[-73.89095264572445,40.870183530066974],[-73.89083664601026,40.870265529993034],[-73.89071964628212,40.8703435299227],[-73.89060264654356,40.87041852985508],[-73.89048464678754,40.87048852979195],[-73.88968264849545,40.87097852935011],[-73.88958364867322,40.871029529304124],[-73.88948664886144,40.87108352925542],[-73.88939264905315,40.87113852920583],[-73.88930064925182,40.871195529154434],[-73.88921164945052,40.87125252910303],[-73.88912564965268,40.871310529050724],[-73.88904164985833,40.871369528997526],[-73.88896065006747,40.87142952894342],[-73.8888826502801,40.871490528888415],[-73.88880665049622,40.8715525288325],[-73.8887336507193,40.871616528774794],[-73.88866365094238,40.871680528717086],[-73.88859565116896,40.871745528658465],[-73.88853065139902,40.87181152859895],[-73.88846665163256,40.87187852853853],[-73.887138,40.873244]]}},{"type":"Feature","id":"C:c-main:group:0:910bdcb03e9e","properties":{"route_id":"C","canonical_route_id":"C","visual_route_id":"C","visual_route_normalization_reason":"identity","display_route":"C","shape_id":"C..N04R","source_shape_ids":["C..N04R","C..S04R"],"raw_route_ids":["C"],"raw_shape_ids":["C..N04R","C..S04R"],"visual_edge_ids":["c:A54-A55","c:A53-A54","c:A52-A53","c:A51-A52","c:A50-A51","c:A49-A50","c:A48-A49","c:A47-A48","c:A46-A47","c:A45-A46","c:A44-A45","c:A43-A44","c:A42-A43","c:A41-A42","c:A40-A41","c:A38-A40","c:A36-A38","c:A34-A36","c:A33-A34","c:A32-A33","c:A31-A32","c:A30-A31","c:A28-A30","c:A27-A28","c:A25-A27","c:A24-A25","c:A22-A24","c:A21-A22","c:A20-A21","c:A19-A20","c:A18-A19","c:A17-A18","c:A16-A17","c:A15-A16","c:A14-A15","c:A12-A14","c:A11-A12","c:A10-A11","c:A09-A10"],"edge_count":39,"from_stop_id":"A55","to_stop_id":"A09","from_stop_name":"Euclid Av","to_stop_name":"168 St","edge_sequence":0,"edge_sequence_range":[0,0],"representative_edge_geometry_source":"C..N04R","representative_edge_geometry_sources":["C..N04R"],"edge_geometry_confidence":"high","visual_edge_metadata":[],"geometry_reversal_count":0,"internal_stitch_valid":true,"max_internal_snap_distance_m":0,"branch_representative_geometry_used":null,"branch_representative_warning":null,"canonical_direction_id":"mixed","canonical_direction_count":2,"collapsed_direction_count":2,"direction_collapse_reason":"visual-edge-direction-collapse","representative_shape_id":"C..N04R","canonical_feature_count":2,"color":"#0062CF","visual_family":"A-C-E","visual_branch_id":"c-main","raw_group_sequence":0,"group_sequence":0,"group_id":"group-a-c-e-a-c","merged_group_ids":["group-a-c-e-a-c","group-a-c-e-a-c-e"],"group_member_routes":["A","C","E"],"group_member_visual_routes":["A","C","E"],"group_lane_order":["A","C","E"],"group_lane_order_visual":["A","C","E"],"group_lane_count":3,"visual_lane_slot":0,"visual_z_order":80,"corridor_id":null,"segment_kind":"group","render_style":"subway-ribbon-v1","source":"group-corridors","debug_id":"C:c-main:group:0:910bdcb03e9e","feature_length_m":29921.5,"assignment_reason":"merged validated visual edges with compatible render state","handoff_node_id":null,"handoff_reason":null,"handoff_kind":null,"handoff_from_group_id":null,"handoff_to_group_id":null,"handoff_from_lane_slot":null,"handoff_to_lane_slot":null,"start_handoff_node_id":"terminal-c-c-main-start","start_handoff_reason":"terminal","start_handoff_kind":"terminal","start_handoff_from_group_id":null,"start_handoff_to_group_id":"group-a-c-e-a-c","start_handoff_from_lane_slot":0,"start_handoff_to_lane_slot":0,"end_handoff_node_id":"terminal-c-c-main-end","end_handoff_reason":"terminal","end_handoff_kind":"terminal","end_handoff_from_group_id":"group-a-c-e-a-c","end_handoff_to_group_id":null,"end_handoff_from_lane_slot":0,"end_handoff_to_lane_slot":0,"effective_render_key":"C|c-main|lane:0|z:80|color:#0062CF|kind:group|style:subway-ribbon-v1","merged_debug_ids":["C:c-main:group:0:f8e07cc50b95","C:c-main:group:0:3262c519a547","C:c-main:group:0:47df5cd81982","C:c-main:group:0:80df97391cc7","C:c-main:group:0:b959e7b0be66","C:c-main:group:0:f60743babb15","C:c-main:group:0:5ced815301a5","C:c-main:group:0:a5a873287b91","C:c-main:group:0:45da2746a45a","C:c-main:group:0:089cd7b0a1e5","C:c-main:group:0:811b83327aca","C:c-main:group:0:b78a65f4f9c7","C:c-main:group:0:ebabda2789cb","C:c-main:group:0:9976040a79b8","C:c-main:group:0:2aa72760f88f","C:c-main:group:0:2edaf5c6439b","C:c-main:group:0:1f3cbe21e654","C:c-main:group:0:acc01e0b5de8","C:c-main:group:0:89b712c6583a","C:c-main:group:0:1d3a0ca75d38","C:c-main:group:0:10f77869e408","C:c-main:group:0:183f2c6119ee","C:c-main:group:0:5102ed43f962","C:c-main:group:0:6fd5fa19d3c7","C:c-main:group:0:30d2bf1c481b","C:c-main:group:0:cc63a721c175","C:c-main:group:0:8b8b18c1d4c2","C:c-main:group:0:b32a5f995ab2","C:c-main:group:0:33a89ba9017d","C:c-main:group:0:5a38a0073edc","C:c-main:group:0:cebffdf2584c","C:c-main:group:0:9d78a67a5da1","C:c-main:group:0:b93992aaf9ab","C:c-main:group:0:cd5919616533","C:c-main:group:0:cbf78a5ecfd2","C:c-main:group:0:ea53d33c2173","C:c-main:group:0:66590aa3e9d9","C:c-main:group:0:c36b37fe1508","C:c-main:group:0:173580c811d5"]},"geometry":{"type":"LineString","coordinates":[[-73.872106,40.675377],[-73.88075,40.67413],[-73.890358,40.67271],[-73.89383,40.672196],[-73.894094,40.672159],[-73.89434,40.67214],[-73.894572,40.672138],[-73.89479,40.672154],[-73.894994,40.672186],[-73.895184,40.672236],[-73.89536,40.672302],[-73.895522,40.672386],[-73.895671,40.672487],[-73.895805,40.672605],[-73.895925,40.672739],[-73.896032,40.672891],[-73.896124,40.673061],[-73.896202,40.673247],[-73.896264,40.673448],[-73.896548,40.674542],[-73.897088,40.676653],[-73.897162,40.676834],[-73.897255,40.677001],[-73.897365,40.677156],[-73.897492,40.677299],[-73.897637,40.67743],[-73.897799,40.677549],[-73.897979,40.677657],[-73.898176,40.677752],[-73.89839,40.677836],[-73.898621,40.677908],[-73.89887,40.677969],[-73.899135,40.678017],[-73.899419,40.678054],[-73.899719,40.678079],[-73.900033,40.678093],[-73.900444,40.678112],[-73.900494,40.678114],[-73.900543,40.678117],[-73.900593,40.67812],[-73.900641,40.678123],[-73.90069,40.678126],[-73.900738,40.67813],[-73.900785,40.678134],[-73.900833,40.678138],[-73.900879,40.678142],[-73.900926,40.678147],[-73.900972,40.678152],[-73.901017,40.678157],[-73.901063,40.678162],[-73.901108,40.678168],[-73.901152,40.678174],[-73.902619,40.678361],[-73.902668,40.678365],[-73.902717,40.678369],[-73.902767,40.678373],[-73.902816,40.678376],[-73.902866,40.678379],[-73.902915,40.678382],[-73.902965,40.678384],[-73.903015,40.678386],[-73.903065,40.678388],[-73.903115,40.678389],[-73.903165,40.67839],[-73.903215,40.67839],[-73.903266,40.678391],[-73.903316,40.67839],[-73.903367,40.67839],[-73.905316,40.678334],[-73.907997,40.678227],[-73.908133,40.678221],[-73.90827,40.678217],[-73.908405,40.678213],[-73.908539,40.678211],[-73.908673,40.678209],[-73.908805,40.678207],[-73.908936,40.678207],[-73.909066,40.678207],[-73.909195,40.678208],[-73.909323,40.67821],[-73.909449,40.678213],[-73.909575,40.678216],[-73.9097,40.67822],[-73.909823,40.678225],[-73.909946,40.678231],[-73.911946,40.67834],[-73.920786,40.678822],[-73.930729,40.679364],[-73.940858,40.679921],[-73.950426,40.680438],[-73.952338,40.680543],[-73.952432,40.680548],[-73.952527,40.680554],[-73.952624,40.680561],[-73.952721,40.68057],[-73.952821,40.68058],[-73.952921,40.680591],[-73.953023,40.680604],[-73.953127,40.680618],[-73.953232,40.680634],[-73.953339,40.680651],[-73.953447,40.680669],[-73.953556,40.680689],[-73.953667,40.68071],[-73.953779,40.680733],[-73.953893,40.680757],[-73.956848,40.68138],[-73.965838,40.683263],[-73.96743,40.683595],[-73.967499,40.683608],[-73.967566,40.683624],[-73.967634,40.68364],[-73.967701,40.683657],[-73.967769,40.683675],[-73.967837,40.683694],[-73.967904,40.683715],[-73.967972,40.683736],[-73.968039,40.683758],[-73.968107,40.683781],[-73.968175,40.683805],[-73.968242,40.68383],[-73.96831,40.683856],[-73.968377,40.683883],[-73.968445,40.683911],[-73.973946,40.686113],[-73.975438,40.68672],[-73.97553,40.686754],[-73.975621,40.686786],[-73.975711,40.686815],[-73.975803,40.686842],[-73.975894,40.686866],[-73.975986,40.686888],[-73.976078,40.686907],[-73.97617,40.686924],[-73.976263,40.686938],[-73.976356,40.68695],[-73.976449,40.68696],[-73.976543,40.686966],[-73.976637,40.686971],[-73.976731,40.686973],[-73.976828,40.686971],[-73.978621,40.686762],[-73.978751,40.686747],[-73.978877,40.686735],[-73.979002,40.686726],[-73.979124,40.686721],[-73.979245,40.686718],[-73.979363,40.686718],[-73.97948,40.68672],[-73.979594,40.686726],[-73.979706,40.686735],[-73.979816,40.686747],[-73.979924,40.686762],[-73.98003,40.686779],[-73.980134,40.6868],[-73.980236,40.686823],[-73.980336,40.686851],[-73.980738,40.686969],[-73.980774,40.686977],[-73.98081,40.686986],[-73.980847,40.686995],[-73.980884,40.687004],[-73.980921,40.687014],[-73.980958,40.687025],[-73.980996,40.687036],[-73.981034,40.687048],[-73.981072,40.68706],[-73.98111,40.687073],[-73.981149,40.687086],[-73.981188,40.6871],[-73.981227,40.687114],[-73.981266,40.687129],[-73.981306,40.687144],[-73.981883,40.68735],[-73.981953,40.687376],[-73.982022,40.687403],[-73.982091,40.687429],[-73.98216,40.687455],[-73.982229,40.68748],[-73.982299,40.687505],[-73.982368,40.687531],[-73.982438,40.687555],[-73.982508,40.68758],[-73.982578,40.687604],[-73.982648,40.687629],[-73.982718,40.687653],[-73.982789,40.687676],[-73.982859,40.6877],[-73.98293,40.687723],[-73.983005,40.687747],[-73.98308,40.687771],[-73.983155,40.687795],[-73.983229,40.68782],[-73.983304,40.687845],[-73.983379,40.68787],[-73.983454,40.687896],[-73.983528,40.687922],[-73.983603,40.687948],[-73.983678,40.687975],[-73.983752,40.688002],[-73.983827,40.688029],[-73.983901,40.688056],[-73.983976,40.688084],[-73.98405,40.688112],[-73.985001,40.688484],[-73.987376,40.689409],[-73.987486,40.689472],[-73.987586,40.68954],[-73.987672,40.68961],[-73.987747,40.689684],[-73.987809,40.689761],[-73.987858,40.689841],[-73.987895,40.689924],[-73.98792,40.690011],[-73.987932,40.6901],[-73.987931,40.690192],[-73.987918,40.690288],[-73.987892,40.690387],[-73.987854,40.690489],[-73.987803,40.690594],[-73.987738,40.690701],[-73.987582,40.690945],[-73.987556,40.690993],[-73.987532,40.691041],[-73.987509,40.691089],[-73.987488,40.691138],[-73.987469,40.691187],[-73.987452,40.691236],[-73.987437,40.691286],[-73.987423,40.691336],[-73.987412,40.691386],[-73.987402,40.691437],[-73.987394,40.691488],[-73.987387,40.691539],[-73.987383,40.691591],[-73.98738,40.691643],[-73.987379,40.691695],[-73.987343,40.692332],[-73.987342,40.692338],[-73.987343,40.692346],[-73.987277,40.693682],[-73.987276,40.693715],[-73.987273,40.693748],[-73.987271,40.693782],[-73.987268,40.693816],[-73.987265,40.69385],[-73.987262,40.693884],[-73.987259,40.693919],[-73.987255,40.693953],[-73.987252,40.693988],[-73.987248,40.694024],[-73.987244,40.694059],[-73.98724,40.694095],[-73.987235,40.694131],[-73.987231,40.694167],[-73.987226,40.694204],[-73.987211,40.694334],[-73.987206,40.694364],[-73.987202,40.694394],[-73.987198,40.694424],[-73.987194,40.694455],[-73.987191,40.694487],[-73.987187,40.694519],[-73.987184,40.694551],[-73.987182,40.694585],[-73.987179,40.694618],[-73.987177,40.694652],[-73.987175,40.694687],[-73.987173,40.694722],[-73.987172,40.694758],[-73.987171,40.694794],[-73.98717,40.694832],[-73.987036,40.697395],[-73.987053,40.697629],[-73.98709,40.697848],[-73.987146,40.698052],[-73.987221,40.69824],[-73.987316,40.698413],[-73.987429,40.69857],[-73.987562,40.698713],[-73.987713,40.69884],[-73.987884,40.698951],[-73.988074,40.699047],[-73.988283,40.699128],[-73.988511,40.699194],[-73.988758,40.699244],[-73.989025,40.699279],[-73.989309,40.6993],[-73.990531,40.699337],[-73.991305,40.699368],[-73.991423,40.699375],[-73.991539,40.699382],[-73.991654,40.699391],[-73.991768,40.699402],[-73.99188,40.699414],[-73.991991,40.699428],[-73.992101,40.699444],[-73.992209,40.699461],[-73.992316,40.69948],[-73.992422,40.6995],[-73.992527,40.699523],[-73.99263,40.699546],[-73.992732,40.699572],[-73.992833,40.699599],[-73.992931,40.699629],[-73.996206,40.700539],[-73.996623,40.700676],[-73.99703,40.700823],[-73.997422,40.700978],[-73.9978,40.701141],[-73.998162,40.701312],[-73.998509,40.701491],[-73.998841,40.701679],[-73.999159,40.701875],[-73.999461,40.702079],[-73.999749,40.702291],[-74.000021,40.702511],[-74.000279,40.70274],[-74.000522,40.702976],[-74.000749,40.703221],[-74.000966,40.703473],[-74.004845,40.708461],[-74.004894,40.708525],[-74.004947,40.708589],[-74.005002,40.708651],[-74.005061,40.708712],[-74.005122,40.708771],[-74.005187,40.70883],[-74.005254,40.708886],[-74.005325,40.708941],[-74.005398,40.708995],[-74.005475,40.709048],[-74.005554,40.709099],[-74.005637,40.709148],[-74.005722,40.709197],[-74.005811,40.709244],[-74.0059,40.709287],[-74.007691,40.710197],[-74.009737,40.711226],[-74.009837,40.711291],[-74.009924,40.711358],[-74.009999,40.711427],[-74.010062,40.711498],[-74.010112,40.711571],[-74.010149,40.711645],[-74.010174,40.711722],[-74.010187,40.711801],[-74.010187,40.711881],[-74.010175,40.711963],[-74.01015,40.712048],[-74.010113,40.712134],[-74.010063,40.712222],[-74.010001,40.712312],[-74.009926,40.712405],[-74.008585,40.714111],[-74.005494,40.718039],[-74.005447,40.718106],[-74.005404,40.718174],[-74.005365,40.718242],[-74.005329,40.71831],[-74.005297,40.718379],[-74.005268,40.718449],[-74.005243,40.718519],[-74.005222,40.718589],[-74.005203,40.71866],[-74.005189,40.718732],[-74.005178,40.718804],[-74.00517,40.718876],[-74.005166,40.718949],[-74.005164,40.719022],[-74.005166,40.719096],[-74.00523,40.720785],[-74.005229,40.720824],[-74.005294,40.721758],[-74.005299,40.721824],[-74.005302,40.721889],[-74.005304,40.721953],[-74.005304,40.722016],[-74.005302,40.722078],[-74.005299,40.72214],[-74.005293,40.722201],[-74.005286,40.722261],[-74.005278,40.72232],[-74.005267,40.722379],[-74.005255,40.722436],[-74.005241,40.722493],[-74.005225,40.722549],[-74.005208,40.722605],[-74.005189,40.722659],[-74.003739,40.726227],[-74.00272,40.728583],[-74.002705,40.728621],[-74.002689,40.728661],[-74.002673,40.728702],[-74.002655,40.728744],[-74.002637,40.728787],[-74.002617,40.728831],[-74.002597,40.728876],[-74.002575,40.728922],[-74.002552,40.72897],[-74.002529,40.729019],[-74.002504,40.729068],[-74.002478,40.729119],[-74.002452,40.729171],[-74.002424,40.729225],[-74.002395,40.729279],[-74.001552,40.73082],[-74.001539,40.730845],[-74.001525,40.730871],[-74.001511,40.730897],[-74.001497,40.730922],[-74.001482,40.730948],[-74.001467,40.730975],[-74.001451,40.731001],[-74.001435,40.731027],[-74.001419,40.731054],[-74.001402,40.73108],[-74.001385,40.731107],[-74.001367,40.731134],[-74.001349,40.731161],[-74.001331,40.731189],[-74.001312,40.731216],[-74.000515,40.732312],[-74.000495,40.732338],[-74.000477,40.732362],[-73.999777,40.733324],[-73.999736,40.733391],[-73.999702,40.733459],[-73.999674,40.733527],[-73.999652,40.733596],[-73.999636,40.733666],[-73.999626,40.733736],[-73.999621,40.733807],[-73.999622,40.733878],[-73.999629,40.733949],[-73.999642,40.734021],[-73.99966,40.734094],[-73.999685,40.734167],[-73.999715,40.73424],[-73.99975,40.734314],[-73.999792,40.734389],[-74.002433,40.738807],[-74.002477,40.738885],[-74.002514,40.738964],[-74.002544,40.739043],[-74.002567,40.739121],[-74.002583,40.7392],[-74.002592,40.739278],[-74.002594,40.739356],[-74.00259,40.739434],[-74.002578,40.739512],[-74.00256,40.739589],[-74.002535,40.739666],[-74.002502,40.739744],[-74.002463,40.739821],[-74.002417,40.739897],[-74.002363,40.739974],[-74.00169,40.740893],[-73.998041,40.745906],[-73.993391,40.752287],[-73.989735,40.757308],[-73.985984,40.762456],[-73.985322,40.763365],[-73.984138,40.764986],[-73.981736,40.768296],[-73.97641,40.775594],[-73.972143,40.781433],[-73.968916,40.785868],[-73.964696,40.791642],[-73.961454,40.796092],[-73.958161,40.800603],[-73.954882,40.805085],[-73.953288,40.807267],[-73.953236,40.80733],[-73.95319,40.807392],[-73.953148,40.807455],[-73.95311,40.807519],[-73.953075,40.807583],[-73.953045,40.807647],[-73.953018,40.807711],[-73.952995,40.807777],[-73.952976,40.807842],[-73.952961,40.807908],[-73.95295,40.807975],[-73.952942,40.808042],[-73.952939,40.808109],[-73.952939,40.808177],[-73.952941,40.808245],[-73.95303,40.809638],[-73.953033,40.809699],[-73.953034,40.809757],[-73.953033,40.809815],[-73.95303,40.809872],[-73.953025,40.809927],[-73.953017,40.809981],[-73.953007,40.810035],[-73.952995,40.810087],[-73.95298,40.810138],[-73.952963,40.810188],[-73.952943,40.810237],[-73.952922,40.810285],[-73.952898,40.810332],[-73.952872,40.810377],[-73.952842,40.810422],[-73.952343,40.811109],[-73.9523,40.811167],[-73.952256,40.811223],[-73.95221,40.811279],[-73.952164,40.811335],[-73.952117,40.81139],[-73.952068,40.811445],[-73.952019,40.8115],[-73.951969,40.811554],[-73.951917,40.811608],[-73.951865,40.811661],[-73.951811,40.811714],[-73.951757,40.811767],[-73.951701,40.811819],[-73.951645,40.811871],[-73.951586,40.811923],[-73.950604,40.812906],[-73.950568,40.812938],[-73.950533,40.812971],[-73.950498,40.813004],[-73.950464,40.813038],[-73.95043,40.813073],[-73.950397,40.813109],[-73.950363,40.813145],[-73.950331,40.813181],[-73.950298,40.813219],[-73.950266,40.813257],[-73.950234,40.813296],[-73.950203,40.813335],[-73.950172,40.813376],[-73.950141,40.813416],[-73.950112,40.813459],[-73.949202,40.814704],[-73.949174,40.814741],[-73.949147,40.814778],[-73.949121,40.814815],[-73.949095,40.814853],[-73.94907,40.814892],[-73.949046,40.81493],[-73.949023,40.814969],[-73.949,40.815009],[-73.948977,40.815049],[-73.948956,40.815089],[-73.948935,40.81513],[-73.948914,40.815171],[-73.948895,40.815212],[-73.948875,40.815254],[-73.948857,40.815297],[-73.947649,40.817894],[-73.944947,40.823696],[-73.944926,40.823739],[-73.944904,40.823781],[-73.944882,40.823822],[-73.94486,40.823862],[-73.944837,40.823902],[-73.944814,40.823941],[-73.944791,40.82398],[-73.944767,40.824018],[-73.944743,40.824055],[-73.944719,40.824092],[-73.944694,40.824127],[-73.944669,40.824163],[-73.944643,40.824197],[-73.944617,40.824231],[-73.944591,40.824264],[-73.944216,40.824783],[-73.944148,40.824882],[-73.943403,40.825903],[-73.943379,40.825938],[-73.943355,40.825975],[-73.943333,40.826012],[-73.943311,40.826049],[-73.943289,40.826087],[-73.943269,40.826125],[-73.943249,40.826164],[-73.943229,40.826202],[-73.943211,40.826242],[-73.943193,40.826281],[-73.943176,40.826321],[-73.943159,40.826362],[-73.943144,40.826402],[-73.943128,40.826444],[-73.943113,40.826486],[-73.941514,40.830518],[-73.940709,40.832909],[-73.9407,40.83294],[-73.94069,40.832971],[-73.94068,40.833003],[-73.94067,40.833035],[-73.940659,40.833067],[-73.940648,40.8331],[-73.940637,40.833133],[-73.940625,40.833166],[-73.940613,40.833199],[-73.9406,40.833233],[-73.940587,40.833266],[-73.940574,40.833301],[-73.94056,40.833335],[-73.940546,40.83337],[-73.940532,40.833405],[-73.939915,40.834797],[-73.939896,40.83484],[-73.93988,40.834883],[-73.939866,40.834926],[-73.939853,40.83497],[-73.939841,40.835014],[-73.939832,40.835059],[-73.939823,40.835104],[-73.939817,40.83515],[-73.939812,40.835196],[-73.939809,40.835242],[-73.939807,40.835289],[-73.939807,40.835337],[-73.939808,40.835385],[-73.939811,40.835433],[-73.939817,40.835482],[-73.939892,40.836013],[-73.940033,40.83692],[-73.940037,40.836954],[-73.940042,40.836987],[-73.940046,40.837021],[-73.940049,40.837054],[-73.940052,40.837087],[-73.940054,40.837121],[-73.940055,40.837154],[-73.940056,40.837188],[-73.940057,40.837221],[-73.940057,40.837254],[-73.940056,40.837288],[-73.940055,40.837321],[-73.940053,40.837354],[-73.94005,40.837388],[-73.940047,40.837421],[-73.939881,40.839251],[-73.939876,40.839308],[-73.939871,40.839366],[-73.939865,40.839423],[-73.939858,40.83948],[-73.939851,40.839537],[-73.939843,40.839593],[-73.939834,40.839649],[-73.939824,40.839705],[-73.939814,40.83976],[-73.939802,40.839815],[-73.93979,40.839869],[-73.939778,40.839923],[-73.939764,40.839977],[-73.93975,40.84003],[-73.939735,40.840083],[-73.939561,40.840719]]}},{"type":"Feature","id":"D:d-main:solo:0:7e5ef3080c0d","properties":{"route_id":"D","canonical_route_id":"D","visual_route_id":"D","visual_route_normalization_reason":"identity","display_route":"D","shape_id":"D..N05R","source_shape_ids":["D..N05R","D..S05R","D..S78R","D..N64X001","D..S08X007"],"raw_route_ids":["D"],"raw_shape_ids":["D..N05R","D..S05R","D..S78R","D..N64X001","D..S08X007"],"visual_edge_ids":["d:B23-D43","d:B22-B23","d:B21-B22","d:B20-B21","d:B19-B20","d:B18-B19","d:B17-B18","d:B16-B17","d:B15-B16","d:B14-B15","d:B13-B14","d:B12-B13","d:B12-R36","d:R35-R36","d:R34-R35","d:R33-R34","d:R32-R33"],"edge_count":17,"from_stop_id":"D43","to_stop_id":"R32","from_stop_name":"Coney Island-Stillwell Av","to_stop_name":"Union St","edge_sequence":0,"edge_sequence_range":[0,0],"representative_edge_geometry_source":"D..N05R","representative_edge_geometry_sources":["D..N05R"],"edge_geometry_confidence":"high","visual_edge_metadata":[],"geometry_reversal_count":0,"internal_stitch_valid":true,"max_internal_snap_distance_m":0,"branch_representative_geometry_used":null,"branch_representative_warning":null,"canonical_direction_id":"mixed","canonical_direction_count":2,"collapsed_direction_count":2,"direction_collapse_reason":"visual-edge-direction-collapse","representative_shape_id":"D..N05R","canonical_feature_count":3,"color":"#EB6800","visual_family":"B-D-F-M","visual_branch_id":"d-main","raw_group_sequence":0,"group_sequence":0,"group_id":null,"merged_group_ids":[],"group_member_routes":[],"group_member_visual_routes":[],"group_lane_order":[],"group_lane_order_visual":[],"group_lane_count":1,"visual_lane_slot":0,"visual_z_order":130,"corridor_id":null,"segment_kind":"solo","render_style":"subway-ribbon-v1","source":"group-corridors","debug_id":"D:d-main:solo:0:7e5ef3080c0d","feature_length_m":13061.64,"assignment_reason":"merged validated solo visual edges with compatible render state","handoff_node_id":"handoff-d-d-main--73.98311,40.67732","handoff_reason":"detected-corridor-entry","handoff_kind":"merge","handoff_from_group_id":null,"handoff_to_group_id":"group-manual-dekalb-atlantic","handoff_from_lane_slot":0,"handoff_to_lane_slot":0.25,"start_handoff_node_id":"terminal-d-d-main-start","start_handoff_reason":"terminal","start_handoff_kind":"terminal","start_handoff_from_group_id":null,"start_handoff_to_group_id":null,"start_handoff_from_lane_slot":0,"start_handoff_to_lane_slot":0,"end_handoff_node_id":"handoff-d-d-main--73.98311,40.67732","end_handoff_reason":"detected-corridor-entry","end_handoff_kind":"merge","end_handoff_from_group_id":null,"end_handoff_to_group_id":"group-manual-dekalb-atlantic","end_handoff_from_lane_slot":0,"end_handoff_to_lane_slot":0.25,"effective_render_key":"D|d-main|lane:0|z:130|color:#EB6800|kind:solo|style:subway-ribbon-v1","merged_debug_ids":["D:d-main:solo:0:f3634515977b","D:d-main:solo:0:337f1fe81c37","D:d-main:solo:0:f63ef1eb924a","D:d-main:solo:0:2e7208b2acde","D:d-main:solo:0:3286e041fd2f","D:d-main:solo:0:5fbe6d5d746e","D:d-main:solo:0:6503c2376791","D:d-main:solo:0:66eb30787988","D:d-main:solo:0:5a2f8bf1edd5","D:d-main:solo:0:d2375cd7ccfb","D:d-main:solo:0:177d2a3afb5e","D:d-main:solo:0:576bbe154976","D:d-main:solo:0:435a4e318b89","D:d-main:solo:0:573194495a6f","D:d-main:solo:0:0429c228bb27","D:d-main:solo:0:6624141c354c","D:d-main:solo:0:d71739bc4565"]},"geometry":{"type":"LineString","coordinates":[[-73.981233,40.577422],[-73.981401,40.578309],[-73.981405,40.578339],[-73.981409,40.57837],[-73.981412,40.5784],[-73.981414,40.578429],[-73.981415,40.578459],[-73.981416,40.578488],[-73.981415,40.578518],[-73.981414,40.578546],[-73.981413,40.578575],[-73.98141,40.578604],[-73.981407,40.578632],[-73.981403,40.57866],[-73.981398,40.578688],[-73.981392,40.578716],[-73.981386,40.578743],[-73.981382,40.578767],[-73.981379,40.578792],[-73.981376,40.578816],[-73.981373,40.578841],[-73.981371,40.578866],[-73.98137,40.578891],[-73.981368,40.578916],[-73.981368,40.578942],[-73.981367,40.578968],[-73.981367,40.578993],[-73.981368,40.57902],[-73.981369,40.579046],[-73.98137,40.579072],[-73.981372,40.579099],[-73.981373,40.579126],[-73.98146,40.580445],[-73.98146,40.580478],[-73.98146,40.580511],[-73.981458,40.580544],[-73.981456,40.580576],[-73.981453,40.580609],[-73.981448,40.580641],[-73.981443,40.580672],[-73.981437,40.580704],[-73.981429,40.580735],[-73.981421,40.580765],[-73.981412,40.580796],[-73.981401,40.580826],[-73.98139,40.580855],[-73.981377,40.580885],[-73.981364,40.580914],[-73.981208,40.581268],[-73.98118,40.581347],[-73.981153,40.581426],[-73.981127,40.581506],[-73.981102,40.581586],[-73.981079,40.581666],[-73.981057,40.581747],[-73.981036,40.581827],[-73.981016,40.581909],[-73.980998,40.58199],[-73.98098,40.582072],[-73.980964,40.582154],[-73.980949,40.582236],[-73.980936,40.582319],[-73.980923,40.582402],[-73.980912,40.582485],[-73.980814,40.583361],[-73.980811,40.583398],[-73.980808,40.583434],[-73.980806,40.583471],[-73.980805,40.583509],[-73.980804,40.583546],[-73.980805,40.583583],[-73.980805,40.583621],[-73.980807,40.583659],[-73.980809,40.583697],[-73.980812,40.583735],[-73.980815,40.583774],[-73.980819,40.583812],[-73.980824,40.583851],[-73.98083,40.58389],[-73.980836,40.583929],[-73.980891,40.584227],[-73.980899,40.584267],[-73.980909,40.584306],[-73.980919,40.584345],[-73.98093,40.584384],[-73.980941,40.584423],[-73.980954,40.584461],[-73.980968,40.5845],[-73.980982,40.584538],[-73.980998,40.584576],[-73.981014,40.584614],[-73.981031,40.584652],[-73.981049,40.584689],[-73.981068,40.584727],[-73.981088,40.584764],[-73.981109,40.584801],[-73.981289,40.585098],[-73.981556,40.585497],[-73.981625,40.585595],[-73.981696,40.585687],[-73.981767,40.585776],[-73.981837,40.585862],[-73.981908,40.585943],[-73.981979,40.58602],[-73.98205,40.586094],[-73.98212,40.586163],[-73.982191,40.586229],[-73.982263,40.586291],[-73.982334,40.586349],[-73.982405,40.586403],[-73.982476,40.586454],[-73.982548,40.5865],[-73.98262,40.586543],[-73.982945,40.586717],[-73.983004,40.586751],[-73.983059,40.586785],[-73.983111,40.586819],[-73.98316,40.586854],[-73.983204,40.586889],[-73.983246,40.586923],[-73.983283,40.586958],[-73.983318,40.586994],[-73.983348,40.587029],[-73.983376,40.587065],[-73.983399,40.5871],[-73.98342,40.587136],[-73.983436,40.587172],[-73.983449,40.587209],[-73.983459,40.587245],[-73.983765,40.588841],[-73.985196,40.596359],[-73.985204,40.59641],[-73.985217,40.596459],[-73.985232,40.596507],[-73.985251,40.596555],[-73.985274,40.596601],[-73.985299,40.596646],[-73.985328,40.596689],[-73.985359,40.596732],[-73.985394,40.596774],[-73.985433,40.596814],[-73.985474,40.596854],[-73.985519,40.596892],[-73.985567,40.596929],[-73.985618,40.596965],[-73.985672,40.597],[-73.986829,40.597704],[-73.993728,40.601875],[-73.998168,40.604556],[-74.00101,40.606273],[-74.001077,40.606317],[-74.001141,40.606362],[-74.001201,40.606409],[-74.001258,40.606458],[-74.00131,40.606508],[-74.001359,40.606559],[-74.001405,40.606612],[-74.001446,40.606666],[-74.001484,40.606722],[-74.001518,40.60678],[-74.001549,40.606839],[-74.001576,40.606899],[-74.001599,40.606961],[-74.001618,40.607025],[-74.001634,40.60709],[-74.001736,40.607954],[-74.00184,40.60886],[-74.001842,40.6089],[-74.001843,40.608941],[-74.001842,40.608981],[-74.001841,40.609022],[-74.001839,40.609062],[-74.001836,40.609103],[-74.001831,40.609144],[-74.001826,40.609184],[-74.00182,40.609225],[-74.001813,40.609266],[-74.001805,40.609307],[-74.001796,40.609348],[-74.001785,40.609389],[-74.001774,40.609431],[-74.001762,40.609472],[-74.00061,40.613501],[-73.998864,40.619589],[-73.996895,40.626472],[-73.995476,40.631435],[-73.995461,40.631491],[-73.995446,40.631548],[-73.995431,40.631605],[-73.995417,40.631663],[-73.995403,40.631721],[-73.99539,40.631779],[-73.995377,40.631838],[-73.995365,40.631898],[-73.995353,40.631958],[-73.995341,40.632018],[-73.99533,40.632079],[-73.99532,40.632141],[-73.99531,40.632203],[-73.9953,40.632265],[-73.995292,40.632328],[-73.994791,40.63626],[-73.994373,40.63952],[-73.994367,40.639569],[-73.994362,40.639618],[-73.994357,40.639666],[-73.994352,40.639712],[-73.994348,40.639758],[-73.994344,40.639803],[-73.99434,40.639847],[-73.994336,40.63989],[-73.994333,40.639933],[-73.99433,40.639974],[-73.994327,40.640014],[-73.994325,40.640054],[-73.994323,40.640093],[-73.994321,40.64013],[-73.99432,40.640167],[-73.994304,40.640914],[-73.994266,40.643022],[-73.994263,40.643071],[-73.994257,40.643119],[-73.994248,40.643166],[-73.994237,40.643213],[-73.994223,40.643258],[-73.994206,40.643303],[-73.994186,40.643347],[-73.994163,40.64339],[-73.994138,40.643433],[-73.99411,40.643474],[-73.994079,40.643515],[-73.994046,40.643555],[-73.994009,40.643594],[-73.99397,40.643633],[-73.993928,40.64367],[-73.993035,40.644487],[-73.992967,40.644565],[-73.99291,40.644643],[-73.992865,40.64472],[-73.992832,40.644798],[-73.992811,40.644875],[-73.992801,40.644952],[-73.992803,40.645029],[-73.992816,40.645105],[-73.992841,40.645182],[-73.992878,40.645258],[-73.992927,40.645334],[-73.992987,40.64541],[-73.993058,40.645485],[-73.993142,40.645561],[-73.993237,40.645636],[-73.994324,40.646292],[-73.998756,40.648984],[-73.99877,40.648992],[-73.998784,40.649001],[-73.998798,40.649009],[-73.998813,40.649017],[-73.998827,40.649025],[-73.998842,40.649033],[-73.998857,40.649041],[-73.998873,40.649049],[-73.998888,40.649057],[-73.998904,40.649064],[-73.99892,40.649072],[-73.998936,40.64908],[-73.998952,40.649087],[-73.998968,40.649095],[-73.998985,40.649102],[-73.999251,40.649221],[-73.999267,40.649228],[-73.999282,40.649235],[-73.999298,40.649243],[-73.999314,40.64925],[-73.99933,40.649258],[-73.999346,40.649266],[-73.999362,40.649275],[-73.999378,40.649283],[-73.999395,40.649292],[-73.999411,40.649301],[-73.999428,40.64931],[-73.999444,40.64932],[-73.999461,40.649329],[-73.999478,40.649339],[-73.999495,40.649349],[-74.005152,40.652741],[-74.005211,40.652782],[-74.005261,40.652825],[-74.005303,40.65287],[-74.005337,40.652917],[-74.005364,40.652966],[-74.005382,40.653017],[-74.005393,40.65307],[-74.005395,40.653125],[-74.00539,40.653181],[-74.005377,40.65324],[-74.005356,40.6533],[-74.005328,40.653363],[-74.005291,40.653427],[-74.005246,40.653494],[-74.005194,40.653563],[-74.003549,40.655144],[-73.998091,40.660397],[-73.992872,40.665414],[-73.992838,40.665448],[-73.992804,40.665483],[-73.992772,40.665517],[-73.992739,40.665552],[-73.992707,40.665586],[-73.992675,40.66562],[-73.992644,40.665655],[-73.992612,40.665689],[-73.992582,40.665724],[-73.992551,40.665758],[-73.992521,40.665792],[-73.992491,40.665827],[-73.992462,40.665861],[-73.992433,40.665896],[-73.992403,40.66593],[-73.988302,40.670847],[-73.984193,40.675775],[-73.984147,40.675831],[-73.984102,40.675887],[-73.984059,40.675942],[-73.984016,40.675997],[-73.983975,40.67605],[-73.983934,40.676104],[-73.983895,40.676156],[-73.983857,40.676208],[-73.98382,40.676259],[-73.983785,40.676309],[-73.98375,40.676359],[-73.983717,40.676408],[-73.983684,40.676457],[-73.983653,40.676505],[-73.983623,40.676552],[-73.98311,40.677316]]}},{"type":"Feature","id":"D:d-main:group:1:d0d7756da238","properties":{"route_id":"D","canonical_route_id":"D","visual_route_id":"D","visual_route_normalization_reason":"identity","display_route":"D","shape_id":"D..N05R","source_shape_ids":["D..N05R","D..S05R"],"raw_route_ids":["D"],"raw_shape_ids":["D..N05R","D..S05R"],"visual_edge_ids":["d:R31-R32","d:R30-R31"],"edge_count":2,"from_stop_id":"R32","to_stop_id":"R30","from_stop_name":"Union St","to_stop_name":"DeKalb Av","edge_sequence":17,"edge_sequence_range":[17,17],"representative_edge_geometry_source":"D..N05R","representative_edge_geometry_sources":["D..N05R"],"edge_geometry_confidence":"high","visual_edge_metadata":[],"geometry_reversal_count":0,"internal_stitch_valid":true,"max_internal_snap_distance_m":0,"branch_representative_geometry_used":null,"branch_representative_warning":null,"canonical_direction_id":"mixed","canonical_direction_count":2,"collapsed_direction_count":2,"direction_collapse_reason":"visual-edge-direction-collapse","representative_shape_id":"D..N05R","canonical_feature_count":2,"color":"#EB6800","visual_family":"B-D-F-M","visual_branch_id":"d-main","raw_group_sequence":17000,"group_sequence":1,"group_id":"group-manual-dekalb-atlantic","merged_group_ids":["group-manual-dekalb-atlantic"],"group_member_routes":["B","D","2","3","4","5","N","Q","R","W"],"group_member_visual_routes":["B","D","2","3","4","5","N","Q","R","W"],"group_lane_order":["B","D","2","3","4","5","N","Q","R","W"],"group_lane_order_visual":["B","D","2","3","4","5","N","Q","R","W"],"group_lane_count":10,"visual_lane_slot":0.25,"visual_z_order":305,"corridor_id":"dekalb-atlantic","segment_kind":"group","render_style":"subway-ribbon-v1","source":"group-corridors","debug_id":"D:d-main:group:1:d0d7756da238","feature_length_m":1722.32,"assignment_reason":"merged validated visual edges with compatible render state","handoff_node_id":"handoff-d-d-main--73.98182,40.69064","handoff_reason":"station-adjacent-membership-change","handoff_kind":"membership-change","handoff_from_group_id":"group-manual-dekalb-atlantic","handoff_to_group_id":"group-b-d-f-m-b-d","handoff_from_lane_slot":0.25,"handoff_to_lane_slot":-0.5,"start_handoff_node_id":"handoff-d-d-main--73.98311,40.67732","start_handoff_reason":"detected-corridor-entry","start_handoff_kind":"merge","start_handoff_from_group_id":null,"start_handoff_to_group_id":"group-manual-dekalb-atlantic","start_handoff_from_lane_slot":0,"start_handoff_to_lane_slot":0.25,"end_handoff_node_id":"handoff-d-d-main--73.98182,40.69064","end_handoff_reason":"station-adjacent-membership-change","end_handoff_kind":"membership-change","end_handoff_from_group_id":"group-manual-dekalb-atlantic","end_handoff_to_group_id":"group-b-d-f-m-b-d","end_handoff_from_lane_slot":0.25,"end_handoff_to_lane_slot":-0.5,"effective_render_key":"D|d-main|lane:0.25|z:305|color:#EB6800|kind:group|style:subway-ribbon-v1","merged_debug_ids":["D:d-main:group:0:8ceb1a9740a1","D:d-main:group:0:0e8d91c8be40"]},"geometry":{"type":"LineString","coordinates":[[-73.98311,40.677316],[-73.97877818765915,40.683653987417195],[-73.97816618712591,40.6845859875518],[-73.97813735902426,40.68462872922589],[-73.97811082952977,40.6846715482075],[-73.97808548135359,40.68471512835015],[-73.97806286742467,40.68475925234158],[-73.97804176957297,40.68480144575746],[-73.97802312678608,40.68484584638446],[-73.97800595803344,40.68488926100935],[-73.97799154478523,40.6849323957672],[-73.97797923110056,40.684976420544196],[-73.97796814188855,40.685018750296095],[-73.97795980953462,40.685063235272544],[-73.97795272875636,40.685106698306186],[-73.97794855332582,40.68515005879195],[-73.97794551061594,40.685193576240636],[-73.97794446675324,40.685236513513956],[-73.97826867757439,40.6874489788992],[-73.97827671847355,40.687499245807],[-73.97828796372316,40.68754952240297],[-73.97830338016345,40.6876000936044],[-73.978323084248,40.687648054724406],[-73.97834676795922,40.68769555388219],[-73.97837356660362,40.68774101958892],[-73.9784045848488,40.687785602122155],[-73.97843846773046,40.68782879351405],[-73.97847690332112,40.68787047518382],[-73.97851920907951,40.687910798570876],[-73.97856587361149,40.687949270054496],[-73.97861500726825,40.68798616027188],[-73.97866715119483,40.688021981013094],[-73.97872478626346,40.688057036768626],[-73.97878408973628,40.688089791414015],[-73.98045752639018,40.68875387956332],[-73.98052769982162,40.68878354108863],[-73.98059425867234,40.688814898009866],[-73.98065742212754,40.68884897271776],[-73.9807183918883,40.68888439653899],[-73.98077441912561,40.68892216323944],[-73.98082808362918,40.68896221764206],[-73.9808788046729,40.689004213551385],[-73.98092659345635,40.68904815825703],[-73.98097023913397,40.689093832567096],[-73.98101241085853,40.68914192927863],[-73.98105025372391,40.689191518246844],[-73.98108528115915,40.6892441579055],[-73.98111648261515,40.689297877645416],[-73.98114591256704,40.6893548398296],[-73.98117123473112,40.68941341245531],[-73.981824,40.690635]]}},{"type":"Feature","id":"D:d-main:group:2:8f73dc449359","properties":{"route_id":"D","canonical_route_id":"D","visual_route_id":"D","visual_route_normalization_reason":"identity","display_route":"D","shape_id":"D..N05R","source_shape_ids":["D..N05R","D..S05R"],"raw_route_ids":["D"],"raw_shape_ids":["D..N05R","D..S05R"],"visual_edge_ids":["d:D22-R30"],"edge_count":1,"from_stop_id":"R30","to_stop_id":"D22","from_stop_name":"DeKalb Av","to_stop_name":"Grand St","edge_sequence":19,"edge_sequence_range":[19,19],"representative_edge_geometry_source":"D..N05R","representative_edge_geometry_sources":["D..N05R"],"edge_geometry_confidence":"high","visual_edge_metadata":[],"geometry_reversal_count":0,"internal_stitch_valid":true,"max_internal_snap_distance_m":0,"branch_representative_geometry_used":null,"branch_representative_warning":null,"canonical_direction_id":"mixed","canonical_direction_count":2,"collapsed_direction_count":2,"direction_collapse_reason":"visual-edge-direction-collapse","representative_shape_id":"D..N05R","canonical_feature_count":2,"color":"#EB6800","visual_family":"B-D-F-M","visual_branch_id":"d-main","raw_group_sequence":19000,"group_sequence":2,"group_id":"group-b-d-f-m-b-d","merged_group_ids":["group-b-d-f-m-b-d"],"group_member_routes":["B","D"],"group_member_visual_routes":["B","D"],"group_lane_order":["B","D"],"group_lane_order_visual":["B","D"],"group_lane_count":2,"visual_lane_slot":-0.5,"visual_z_order":129.5,"corridor_id":null,"segment_kind":"group","render_style":"subway-ribbon-v1","source":"group-corridors","debug_id":"D:d-main:group:2:8f73dc449359","feature_length_m":3309.15,"assignment_reason":"grouped edge: local visual edge matched a derived corridor group","handoff_node_id":"handoff-d-d-main--73.99381,40.71829","handoff_reason":"station-adjacent-membership-change","handoff_kind":"membership-change","handoff_from_group_id":"group-b-d-f-m-b-d","handoff_to_group_id":"group-manual-6av-orange-trunk","handoff_from_lane_slot":-0.5,"handoff_to_lane_slot":-0.5,"start_handoff_node_id":"handoff-d-d-main--73.98182,40.69064","start_handoff_reason":"station-adjacent-membership-change","start_handoff_kind":"membership-change","start_handoff_from_group_id":"group-manual-dekalb-atlantic","start_handoff_to_group_id":"group-b-d-f-m-b-d","start_handoff_from_lane_slot":0.25,"start_handoff_to_lane_slot":-0.5,"end_handoff_node_id":"handoff-d-d-main--73.99381,40.71829","end_handoff_reason":"station-adjacent-membership-change","end_handoff_kind":"membership-change","end_handoff_from_group_id":"group-b-d-f-m-b-d","end_handoff_to_group_id":"group-manual-6av-orange-trunk","end_handoff_from_lane_slot":-0.5,"end_handoff_to_lane_slot":-0.5,"effective_render_key":"D|d-main|lane:-0.5|z:129.5|color:#EB6800|kind:group|style:subway-ribbon-v1"},"geometry":{"type":"LineString","coordinates":[[-73.981824,40.690635],[-73.9823659654161,40.691585411448166],[-73.98348996803415,40.69385541076443],[-73.98399596954398,40.69516441037012],[-73.9853039726597,40.697865409556464],[-73.99477499234648,40.71492340441626],[-73.994826992455,40.71501740438792],[-73.99487199256585,40.71511340435899],[-73.99490899267784,40.71521040432975],[-73.99493899278984,40.71530740430051],[-73.994961992903,40.715405404270975],[-73.9949769930173,40.71550440424113],[-73.99498499313276,40.71560440421099],[-73.99498499324822,40.71570440418085],[-73.99497799336486,40.7158054041504],[-73.99496299348262,40.71590740411966],[-73.99494099360155,40.716010404088614],[-73.99491099372048,40.716113404057566],[-73.99487399384056,40.71621740402622],[-73.9948289939618,40.71632240399457],[-73.99477599408306,40.71642740396291],[-73.99381499623777,40.71829340340043]]}},{"type":"Feature","id":"D:d-main:group:3:4da57ec82dda","properties":{"route_id":"D","canonical_route_id":"D","visual_route_id":"D","visual_route_normalization_reason":"identity","display_route":"D","shape_id":"D..N05R","source_shape_ids":["D..N05R","D..N64X001","D..S05R","D..S08X007","D..S78R"],"raw_route_ids":["D"],"raw_shape_ids":["D..N05R","D..N64X001","D..S05R","D..S08X007","D..S78R"],"visual_edge_ids":["d:D21-D22","d:D20-D21","d:D17-D20","d:D16-D17","d:D15-D16","d:D14-D15","d:A24-D14"],"edge_count":7,"from_stop_id":"D22","to_stop_id":"A24","from_stop_name":"Grand St","to_stop_name":"59 St-Columbus Circle","edge_sequence":20,"edge_sequence_range":[20,20],"representative_edge_geometry_source":"D..N05R","representative_edge_geometry_sources":["D..N05R"],"edge_geometry_confidence":"high","visual_edge_metadata":[],"geometry_reversal_count":0,"internal_stitch_valid":true,"max_internal_snap_distance_m":0,"branch_representative_geometry_used":null,"branch_representative_warning":null,"canonical_direction_id":"mixed","canonical_direction_count":2,"collapsed_direction_count":2,"direction_collapse_reason":"visual-edge-direction-collapse","representative_shape_id":"D..N05R","canonical_feature_count":5,"color":"#EB6800","visual_family":"B-D-F-M","visual_branch_id":"d-main","raw_group_sequence":20000,"group_sequence":3,"group_id":"group-manual-6av-orange-trunk","merged_group_ids":["group-manual-6av-orange-trunk"],"group_member_routes":["B","D","F","M"],"group_member_visual_routes":["B","D","F","M"],"group_lane_order":["B","D","F","M"],"group_lane_order_visual":["B","D","F","M"],"group_lane_count":4,"visual_lane_slot":-0.5,"visual_z_order":221,"corridor_id":"6av-orange-trunk","segment_kind":"group","render_style":"subway-ribbon-v1","source":"group-corridors","debug_id":"D:d-main:group:3:4da57ec82dda","feature_length_m":6891.53,"assignment_reason":"merged validated visual edges with compatible render state","handoff_node_id":"handoff-d-d-main--73.98180,40.76832","handoff_reason":"station-adjacent-membership-change","handoff_kind":"membership-change","handoff_from_group_id":"group-manual-6av-orange-trunk","handoff_to_group_id":"group-b-d-f-m-b-d","handoff_from_lane_slot":-0.5,"handoff_to_lane_slot":-0.5,"start_handoff_node_id":"handoff-d-d-main--73.99381,40.71829","start_handoff_reason":"station-adjacent-membership-change","start_handoff_kind":"membership-change","start_handoff_from_group_id":"group-b-d-f-m-b-d","start_handoff_to_group_id":"group-manual-6av-orange-trunk","start_handoff_from_lane_slot":-0.5,"start_handoff_to_lane_slot":-0.5,"end_handoff_node_id":"handoff-d-d-main--73.98180,40.76832","end_handoff_reason":"station-adjacent-membership-change","end_handoff_kind":"membership-change","end_handoff_from_group_id":"group-manual-6av-orange-trunk","end_handoff_to_group_id":"group-b-d-f-m-b-d","end_handoff_from_lane_slot":-0.5,"end_handoff_to_lane_slot":-0.5,"effective_render_key":"D|d-main|lane:-0.5|z:221|color:#EB6800|kind:group|style:subway-ribbon-v1","merged_debug_ids":["D:d-main:group:0:935caf4ef964","D:d-main:group:0:181f675ce253","D:d-main:group:0:293e770a92f2","D:d-main:group:0:3649f0d4f3b3","D:d-main:group:0:62f3e68626dd","D:d-main:group:0:f5fda64fef3b","D:d-main:group:0:ac8588708c3b"]},"geometry":{"type":"LineString","coordinates":[[-73.99381499623777,40.71829340340043],[-73.99205268957421,40.72160535454049],[-73.9920376895965,40.721634354543774],[-73.9920226896188,40.721663354547054],[-73.9920086896411,40.72169235455033],[-73.99199468966263,40.7217203545535],[-73.99198168968493,40.72174935455677],[-73.99196968970645,40.72177735455994],[-73.99195868972876,40.72180635456322],[-73.99194768975029,40.72183435456639],[-73.99193668977183,40.72186235456955],[-73.99192768979412,40.72189135457283],[-73.99191868981565,40.721919354575995],[-73.99191068983718,40.721947354579164],[-73.99190268985794,40.721974354582215],[-73.99189568987947,40.72200235458538],[-73.991888689901,40.72203035458855],[-73.99173669054541,40.7228683546833],[-73.99172069063614,40.722986354696644],[-73.99171469072151,40.723097354709196],[-73.99171869080303,40.723203354721186],[-73.99173369088146,40.723305354732716],[-73.99175869095683,40.7234033547438],[-73.99179469102835,40.72349635475432],[-73.99183969109679,40.72358535476438],[-73.99189569116216,40.72367035477399],[-73.99196269122368,40.723750354783036],[-73.99203869128137,40.72382535479152],[-73.99212569133596,40.72389635479955],[-73.9922236913875,40.723963354807125],[-73.99233169143517,40.72402535481414],[-73.99244969147978,40.7240833548207],[-73.99257769151976,40.72413535482657],[-73.99623169237498,40.72524735495233],[-73.99666869248264,40.72538735496816],[-73.9967797229664,40.725426033951805],[-73.99688794959094,40.72546411331803],[-73.99699506142507,40.725503513410864],[-73.99710030020307,40.725542601674356],[-73.99720443476107,40.725583032630304],[-73.99730528828626,40.725621975901554],[-73.99740684211228,40.72566359430377],[-73.99750472468952,40.72570354626002],[-73.99760264337162,40.725744927864966],[-73.99769883794355,40.7257874443157],[-73.99779240829842,40.72582969916633],[-73.99788469912666,40.72587183121043],[-73.9979759297484,40.725915406001896],[-73.99806523329558,40.72595855183164],[-73.99815285205922,40.72600185419746],[-74.00193977026822,40.727867813296946],[-74.00205722986999,40.7279245496311],[-74.00216920101033,40.72798918335615],[-74.00226872868315,40.72805973880789],[-74.00235480394367,40.72813474947341],[-74.00242957028004,40.728216422044824],[-74.0024907580624,40.72830263807987],[-74.00253911597599,40.72839413255038],[-74.00257458173274,40.72849071759125],[-74.0025962542155,40.72859259475542],[-74.00260596287136,40.728698368632514],[-74.00260209553072,40.72880954068171],[-74.00258569653356,40.72892390527985],[-74.00255588180404,40.729044032696365],[-74.0025149589442,40.72916720022502],[-74.00246295134403,40.72929492093496],[-74.00161770487784,40.73084064014705],[-74.00160517451097,40.730864759866094],[-74.00159085549004,40.730891362741424],[-74.00157685551943,40.73091736273462],[-74.00156247536283,40.73094305498071],[-74.00154717102413,40.730969590416734],[-74.00153255454921,40.73099591310633],[-74.00151546242017,40.73102377933899],[-74.00149946244986,40.73104977933168],[-74.00148388515525,40.73107607947542],[-74.00146573296088,40.73110392910821],[-74.00144919460459,40.731130209734786],[-74.0014304857397,40.731158303625534],[-74.00141248577071,40.73118530361768],[-74.00139494347587,40.73121260457234],[-74.0013747613893,40.73124136106313],[-74.00057729640439,40.7323380124651],[-74.00055645084839,40.73236514281919],[-74.00053845087618,40.73238914281188],[-73.99983845198999,40.73335114251897],[-73.99627045766874,40.73825514102561],[-73.99288246305464,40.742905139609384],[-73.98788447098053,40.749746137525484],[-73.98463047619911,40.75424913615354],[-73.98139048134699,40.75869013480029],[-73.97976248393238,40.7609201341207],[-73.9796914840657,40.76103513408565],[-73.97963748419555,40.76114713405152],[-73.97959748432078,40.76125513401861],[-73.97957148444137,40.761359133986915],[-73.97956148455962,40.76146113395583],[-73.97956648467326,40.761559133925964],[-73.97958548478223,40.76165313389731],[-73.97961948488775,40.76174413386957],[-73.97966848498979,40.76183213384276],[-73.97973148508719,40.76191613381715],[-73.97981048517994,40.76199613379278],[-73.97990348527038,40.762074133769005],[-73.98001148535619,40.76214813374645],[-73.98013448543736,40.76221813372511],[-73.9802734855162,40.76228613370439],[-73.9816984862154,40.76288913352061],[-73.9817244862293,40.76290113351695],[-73.98375948722305,40.763758133255756],[-73.9838704872961,40.76382113323655],[-73.9839714873738,40.76388813321613],[-73.98406048745497,40.7639581331948],[-73.98413848753846,40.76403013317285],[-73.98420348762544,40.76410513314999],[-73.98425648771703,40.76418413312591],[-73.9842984878098,40.764264133101534],[-73.98432748790722,40.76434813307593],[-73.9843454880081,40.76443513304941],[-73.98435048811132,40.764524133022285],[-73.984344488218,40.76461613299424],[-73.98432648832815,40.76471113296529],[-73.98429548844182,40.76480913293541],[-73.98425348855892,40.76491013290463],[-73.98419948867839,40.765013132873236],[-73.98179749251717,40.7683231318643]]}},{"type":"Feature","id":"D:d-main:group:4:9b2590ae3414","properties":{"route_id":"D","canonical_route_id":"D","visual_route_id":"D","visual_route_normalization_reason":"identity","display_route":"D","shape_id":"D..N05R","source_shape_ids":["D..N05R","D..N64X001","D..S05R","D..S08X007","D..S78R"],"raw_route_ids":["D"],"raw_shape_ids":["D..N05R","D..N64X001","D..S05R","D..S08X007","D..S78R"],"visual_edge_ids":["d:A15-A24","d:A15-D13","d:D12-D13","d:D11-D12","d:D10-D11","d:D09-D10","d:D08-D09","d:D07-D08","d:D06-D07","d:D05-D06","d:D04-D05","d:D03-D04"],"edge_count":12,"from_stop_id":"A24","to_stop_id":"D03","from_stop_name":"59 St-Columbus Circle","to_stop_name":"Bedford Park Blvd","edge_sequence":27,"edge_sequence_range":[27,27],"representative_edge_geometry_source":"D..N05R","representative_edge_geometry_sources":["D..N05R"],"edge_geometry_confidence":"high","visual_edge_metadata":[],"geometry_reversal_count":0,"internal_stitch_valid":true,"max_internal_snap_distance_m":0,"branch_representative_geometry_used":null,"branch_representative_warning":null,"canonical_direction_id":"mixed","canonical_direction_count":2,"collapsed_direction_count":2,"direction_collapse_reason":"visual-edge-direction-collapse","representative_shape_id":"D..N05R","canonical_feature_count":5,"color":"#EB6800","visual_family":"B-D-F-M","visual_branch_id":"d-main","raw_group_sequence":27000,"group_sequence":4,"group_id":"group-b-d-f-m-b-d","merged_group_ids":["group-b-d-f-m-b-d"],"group_member_routes":["B","D"],"group_member_visual_routes":["B","D"],"group_lane_order":["B","D"],"group_lane_order_visual":["B","D"],"group_lane_count":2,"visual_lane_slot":-0.5,"visual_z_order":129.5,"corridor_id":null,"segment_kind":"group","render_style":"subway-ribbon-v1","source":"group-corridors","debug_id":"D:d-main:group:4:9b2590ae3414","feature_length_m":15273.57,"assignment_reason":"merged validated visual edges with compatible render state","handoff_node_id":"handoff-d-d-main--73.88714,40.87324","handoff_reason":"detected-corridor-exit","handoff_kind":"divergence","handoff_from_group_id":"group-b-d-f-m-b-d","handoff_to_group_id":null,"handoff_from_lane_slot":-0.5,"handoff_to_lane_slot":0,"start_handoff_node_id":"handoff-d-d-main--73.98180,40.76832","start_handoff_reason":"station-adjacent-membership-change","start_handoff_kind":"membership-change","start_handoff_from_group_id":"group-manual-6av-orange-trunk","start_handoff_to_group_id":"group-b-d-f-m-b-d","start_handoff_from_lane_slot":-0.5,"start_handoff_to_lane_slot":-0.5,"end_handoff_node_id":"handoff-d-d-main--73.88714,40.87324","end_handoff_reason":"detected-corridor-exit","end_handoff_kind":"divergence","end_handoff_from_group_id":"group-b-d-f-m-b-d","end_handoff_to_group_id":null,"end_handoff_from_lane_slot":-0.5,"end_handoff_to_lane_slot":0,"effective_render_key":"D|d-main|lane:-0.5|z:129.5|color:#EB6800|kind:group|style:subway-ribbon-v1","merged_debug_ids":["D:d-main:group:0:8c3ef56c8e87","D:d-main:group:0:07e385fb4bab","D:d-main:group:0:b47eff9618b3","D:d-main:group:0:802baf13b380","D:d-main:group:0:9fb3ce2dfec2","D:d-main:group:0:53150e5ace4d","D:d-main:group:0:6db0ae4f01de","D:d-main:group:0:a726d8e850ab","D:d-main:group:0:1acf0ab66f72","D:d-main:group:0:811ec4cd4e57","D:d-main:group:0:77709ea4cc17","D:d-main:group:0:fb0f071edeeb"]},"geometry":{"type":"LineString","coordinates":[[-73.98179749251717,40.7683231318643],[-73.97647206253235,40.775620386103895],[-73.9722050692953,40.781459384340444],[-73.96897807443338,40.7858943830008],[-73.96475808112446,40.79166838125642],[-73.96151608628253,40.79611837991182],[-73.95822309151248,40.8006293785486],[-73.95494409670995,40.80511137719395],[-73.9533500992407,40.807293376534396],[-73.95329809931377,40.80735637651535],[-73.9532520993857,40.80741837649661],[-73.95321009945876,40.80748137647756],[-73.95317209953299,40.807545376458215],[-73.95313709960722,40.80760937643887],[-73.95310709968146,40.80767337641953],[-73.9530800997557,40.807737376400176],[-73.95305709983225,40.80780337638023],[-73.95303809990764,40.80786837636058],[-73.9530230999842,40.807934376340626],[-73.95301210006191,40.80800137632038],[-73.95300410013962,40.80806837630012],[-73.95300110021735,40.80813537627987],[-73.95300110029622,40.808203376259314],[-73.95300310037508,40.80827137623876],[-73.95309210199095,40.809664375817654],[-73.95309510206172,40.80972537579922],[-73.953096102129,40.80978337578168],[-73.95309510219629,40.809841375764144],[-73.9530921022624,40.80989837574691],[-73.9530871023262,40.80995337573029],[-73.95307910238886,40.810007375713965],[-73.9530691024515,40.810061375697636],[-73.9530571025118,40.81011337568192],[-73.95304210257098,40.8101643756665],[-73.95302510262897,40.810214375651384],[-73.95300510268582,40.81026337563657],[-73.95298410274151,40.810311375622064],[-73.95296010279603,40.810358375607855],[-73.95293410284823,40.81040337559425],[-73.95290410290043,40.81044837558065],[-73.95240510369742,40.811135375372956],[-73.9523621037647,40.811193375355415],[-73.95231720768233,40.81125054925012],[-73.95227047764904,40.81130745792103],[-73.95222447771431,40.8113634579037],[-73.95217679606733,40.81141927148815],[-73.95212704411361,40.811475133271834],[-73.95207804417787,40.81153013325466],[-73.95202731823433,40.811584932532355],[-73.9519745500673,40.81163974604135],[-73.95192217360535,40.81169313338797],[-73.95186739331831,40.81174691382157],[-73.95181339338014,40.81179991380509],[-73.95175620002338,40.811853052997044],[-73.95170020008392,40.81190505298101],[-73.95164002664308,40.81195811451592],[-73.95066080558342,40.81293850619677],[-73.95062222237515,40.81297294200377],[-73.95058853569829,40.813004739811824],[-73.95055353573674,40.8130377398016],[-73.95052078469803,40.81307052720584],[-73.95048737629679,40.81310492701867],[-73.95045551211417,40.813139723574196],[-73.95042093592406,40.81317634284327],[-73.95039008798629,40.81321108570773],[-73.95035751158498,40.813248603627315],[-73.95032605476041,40.81328596852554],[-73.95029449879375,40.81332443440512],[-73.95026402353906,40.81336278472014],[-73.95023381029056,40.813402770077886],[-73.9502024279578,40.81344326956865],[-73.95017543009065,40.81348350387679],[-73.94926431717303,40.81473008995985],[-73.94923579858101,40.81476778723898],[-73.94920934110465,40.81480405728667],[-73.94918387765203,40.814840308133256],[-73.94915824083597,40.81487778443535],[-73.94913407443948,40.81491552617818],[-73.94911025380951,40.814953244338646],[-73.9490880331662,40.814990967886914],[-73.94906530156962,40.81503050706254],[-73.94904230161526,40.815070507051644],[-73.9490221840504,40.815108902206646],[-73.94900140258777,40.815149480876414],[-73.94898040263416,40.81519048086596],[-73.94896220375155,40.81522983816748],[-73.9489419990061,40.81527227407869],[-73.94892489162524,40.81531327819014],[-73.94771617913382,40.817911897041455],[-73.94501417690715,40.82371391445112],[-73.94499280992686,40.823757683883635],[-73.94497021435336,40.823800860962926],[-73.94494799354865,40.82384227750593],[-73.94492575842345,40.82388271036673],[-73.94490231171905,40.82392350463833],[-73.94487904342436,40.823962965409265],[-73.94485604346897,40.82400196539848],[-73.94483126425071,40.824041241746365],[-73.94480693944844,40.8240787492327],[-73.94478293949103,40.824115749222024],[-73.94475665929914,40.82415262876825],[-73.94473205105193,40.82418807261371],[-73.9447046490192,40.824223995409675],[-73.94467864905873,40.82425799539931],[-73.94465217879724,40.82429160125217],[-73.94427849597665,40.82480885696898],[-73.94421049609142,40.82490785693927],[-73.94346549727501,40.8259288566328],[-73.94254849860938,40.827079856287305],[-73.94253049863141,40.8270988562816],[-73.94251549865112,40.8271158562765],[-73.94250049867198,40.8271338562711],[-73.94248649869286,40.827151856265694],[-73.94247249871256,40.82716885626059],[-73.94245949873343,40.82718685625518],[-73.94244649875314,40.82720385625009],[-73.94243349877401,40.827221856244684],[-73.94242049879371,40.827238856239575],[-73.94240849881459,40.82725685623417],[-73.9423964988343,40.82727385622907],[-73.94238449885516,40.82729185622367],[-73.94237349887487,40.827308856218565],[-73.94236249889575,40.82732685621316],[-73.94235149891546,40.82734385620806],[-73.94109450117053,40.82928885562419],[-73.94101550128066,40.82938385559568],[-73.94092850138502,40.82947385556866],[-73.94083450148358,40.82955885554314],[-73.94073550157518,40.82963785551942],[-73.94062950165983,40.82971085549751],[-73.94051750173867,40.829778855477095],[-73.94039850181056,40.82984085545849],[-73.9402735018755,40.829896855441675],[-73.94014150193462,40.82994785542637],[-73.94000350198681,40.82999285541286],[-73.93985950203319,40.83003285540085],[-73.9397085020726,40.83006685539064],[-73.93955150210506,40.830094855382235],[-73.93938850213058,40.830116855375636],[-73.9392185021503,40.83013385537053],[-73.93915450215377,40.83013685536963],[-73.93909050215841,40.83014085536843],[-73.93902750216189,40.830143855367524],[-73.93896450216421,40.83014585536693],[-73.9389015021677,40.830148855366026],[-73.93883850217001,40.830150855365424],[-73.93877550217233,40.83015285536482],[-73.93871250217464,40.83015485536422],[-73.9386495021758,40.83015585536392],[-73.93858650217813,40.830157855363325],[-73.9385235021793,40.83015885536302],[-73.93846050218045,40.83015985536272],[-73.93839750218044,40.83015985536272],[-73.9383355021816,40.83016085536242],[-73.9382715021816,40.83016085536242],[-73.9367205021329,40.83011885537503],[-73.93113350200768,40.83001085540745],[-73.93096750199608,40.830000855410454],[-73.93080550197985,40.82998685541465],[-73.9306485019613,40.82997085541946],[-73.93049650193927,40.829951855425165],[-73.93034750191376,40.82992985543177],[-73.93020450188361,40.829903855439575],[-73.93006550185115,40.82987585544798],[-73.92993050181519,40.82984485545729],[-73.92980050177577,40.82981085546749],[-73.92967550173287,40.82977385547861],[-73.92955450168648,40.8297338554906],[-73.92943750163546,40.829689855503815],[-73.92932550158214,40.82964385551763],[-73.92921850152533,40.829594855532335],[-73.92911550146154,40.82953985554885],[-73.92754450040064,40.82862485582352],[-73.92743150033687,40.82856985584004],[-73.92731650027542,40.828516855855945],[-73.92720050021629,40.82846585587126],[-73.92708350015832,40.82841585588626],[-73.9269645001015,40.828366855900974],[-73.92684550004469,40.82831785591568],[-73.9267244999902,40.828270855929794],[-73.92660249993688,40.828224855943596],[-73.92647949988469,40.8281798559571],[-73.92635449983369,40.82813585597032],[-73.92622849978382,40.82809285598322],[-73.92610249973514,40.828050855995826],[-73.9259744996876,40.82800985600814],[-73.92584449964122,40.82796985602015],[-73.92571349959601,40.827930856031855],[-73.92466049924356,40.82762685612311],[-73.92436049913108,40.827529856152225],[-73.92407549904414,40.82745485617474],[-73.92380449898502,40.82740385619005],[-73.92354849895023,40.82737385619905],[-73.92330649894328,40.82736785620086],[-73.92307849896183,40.82738385619605],[-73.92286449900705,40.82742285618434],[-73.92266549907892,40.82748485616573],[-73.92248149917631,40.827568856140516],[-73.92231049930035,40.8276758561084],[-73.92215449944993,40.827804856069676],[-73.92201349962616,40.827956856024045],[-73.92188549982905,40.82813185597151],[-73.9217735000586,40.82832985591208],[-73.92167450031369,40.82854985584604],[-73.92058550296893,40.83083985515858],[-73.92046250323564,40.83106985508953],[-73.9203375034977,40.83129585502169],[-73.92021050375396,40.83151685495534],[-73.92008050400445,40.8317328548905],[-73.91994850424913,40.831943854827145],[-73.91981350448802,40.8321498547653],[-73.91967650472225,40.832351854704655],[-73.91953750495071,40.832548854645516],[-73.91939650517337,40.83274085458787],[-73.91925250539022,40.832927854531725],[-73.91910550560245,40.83311085447678],[-73.91895750580888,40.833288854423344],[-73.9188065060095,40.8334618543714],[-73.91865350620435,40.83362985432096],[-73.91850250639801,40.83379685427082],[-73.9146655109446,40.83771685309382],[-73.9145655110722,40.8378268530608],[-73.91446751120095,40.83793785302747],[-73.91437251132972,40.838048852994135],[-73.91428051145732,40.8381588529611],[-73.91419151158375,40.838267852928375],[-73.91410551171019,40.83837685289565],[-73.91402251183547,40.83848485286321],[-73.91394151196074,40.83859285283078],[-73.91386451208487,40.83869985279865],[-73.913790512209,40.83880685276652],[-73.91371851233195,40.838912852734694],[-73.91365051245377,40.83901785270316],[-73.91358451257557,40.839122852671636],[-73.91352251269737,40.8392278526401],[-73.91346251281801,40.83933185260887],[-73.91342451289226,40.839395852589654],[-73.91338851296882,40.83946185256983],[-73.91335151304655,40.83952885254972],[-73.91331551312659,40.839597852528996],[-73.91327851321012,40.83966985250738],[-73.91324251329479,40.83974285248546],[-73.91320551338296,40.839818852462635],[-73.91316951347228,40.839895852439504],[-73.91313251356394,40.839974852415786],[-73.91309651365906,40.840056852391164],[-73.91305951375652,40.840140852365934],[-73.91302351385512,40.84022585234042],[-73.91298651395721,40.84031385231399],[-73.91295051406046,40.840402852287255],[-73.91291251416719,40.84049485225963],[-73.91170251832774,40.8440808511827],[-73.91163751849714,40.844226851138856],[-73.91156751866193,40.84436885109621],[-73.9114925188232,40.84450785105446],[-73.911413518981,40.844643851013615],[-73.91132851913534,40.84477685097367],[-73.91123851928502,40.84490585093493],[-73.91114251943124,40.84503185089708],[-73.91104251957395,40.84515485086014],[-73.91093751971322,40.845274850824104],[-73.91082751984781,40.845390850789265],[-73.91071251997894,40.84550385075532],[-73.91059152010658,40.84561385072229],[-73.91046652023074,40.84572085069015],[-73.91033552035144,40.845824850658914],[-73.91019852046863,40.845925850628575],[-73.90881752159196,40.846893850337835],[-73.90859752177764,40.84705385028978],[-73.90838652196214,40.84721285024202],[-73.90818352214319,40.84736885019517],[-73.90798852232192,40.847522850148906],[-73.90780152249832,40.84767485010325],[-73.9076225226724,40.8478248500582],[-73.90745152284416,40.84797285001374],[-73.9072895230136,40.84811884996989],[-73.90713452317955,40.84826184992694],[-73.90698752334436,40.848403849884285],[-73.90684952350684,40.84854384984223],[-73.906718523667,40.84868184980078],[-73.90659652382367,40.84881684976023],[-73.9064815239792,40.848950849719984],[-73.90637352413356,40.849083849680035],[-73.90528952570276,40.85043584927391],[-73.90159453102628,40.85502184789623],[-73.90153853110522,40.8550898478758],[-73.90148253118532,40.85515884785507],[-73.90142753126659,40.85522884783404],[-73.90137253134786,40.85529884781301],[-73.90131853143029,40.855369847791685],[-73.90126453151387,40.855441847770045],[-73.90121053159747,40.85551384774842],[-73.90115853168338,40.855587847726184],[-73.9011055317693,40.85566184770395],[-73.90105453185521,40.85573584768172],[-73.90100253194345,40.85581184765889],[-73.90095253203168,40.855887847636055],[-73.90090253211991,40.855963847613225],[-73.90085253221048,40.85604184758978],[-73.90080353229988,40.856118847566655],[-73.89914053553701,40.85890684672898],[-73.89909953561481,40.85897384670885],[-73.89905953569144,40.85903984668902],[-73.89901953576924,40.859106846668894],[-73.89898053584588,40.85917284664906],[-73.89894253592253,40.859238846629225],[-73.89890453600032,40.8593058466091],[-73.89886653607695,40.85937184658927],[-73.8988305361536,40.859437846569435],[-73.89879353623024,40.85950384654961],[-73.89875753630689,40.85956984652977],[-73.89872253638353,40.859635846509946],[-73.89868753646016,40.85970184649011],[-73.8986535365368,40.85976784647028],[-73.89861953661227,40.85983284645075],[-73.89858553668891,40.859898846430916],[-73.89781153834141,40.861321846003335],[-73.89739953924376,40.86209884576985],[-73.89735453933434,40.862176845746404],[-73.89730953942261,40.86225284572357],[-73.89726453951087,40.86232884570073],[-73.89721953959683,40.862402845678496],[-73.8971735396816,40.86247584565656],[-73.89712653976406,40.86254684563522],[-73.89707953984536,40.86261684561419],[-73.89703253992549,40.862685845593454],[-73.89698554000448,40.86275384557302],[-73.89693754008228,40.86282084555288],[-73.89688954015779,40.86288584553335],[-73.8968415402321,40.862949845514116],[-73.89679254030412,40.863011845495485],[-73.89674354037612,40.863073845476855],[-73.89669354044581,40.863133845458826],[-73.89422654392452,40.86612884455877],[-73.89357154494093,40.8670038442958],[-73.89206054723063,40.86897484370341],[-73.89195354737585,40.86909984366584],[-73.89184354751642,40.86922084362947],[-73.89173354765235,40.86933784359431],[-73.89162254778248,40.869449843560645],[-73.8915105479091,40.869558843527884],[-73.89139854803226,40.869664843496025],[-73.8912855481496,40.869765843465665],[-73.89117154826229,40.86986284343651],[-73.8910575483715,40.86995684340826],[-73.8909425484749,40.870045843381504],[-73.89082754857482,40.87013184335566],[-73.89071154867008,40.87021384333101],[-73.8905945487607,40.87029184330757],[-73.89047754884785,40.87036684328503],[-73.89035954892918,40.87043684326398],[-73.88955754949848,40.870926843116706],[-73.88945854955774,40.87097784310138],[-73.88936154962047,40.87103184308514],[-73.88926754968439,40.87108684306861],[-73.8891755497506,40.87114384305148],[-73.88908654981684,40.871200843034345],[-73.88900054988423,40.8712588430169],[-73.88891654995277,40.871317842999176],[-73.88883555002249,40.87137784298114],[-73.88875755009336,40.8714388429628],[-73.88868155016542,40.871500842944165],[-73.88860855023977,40.87156484292493],[-73.88853855031412,40.87162884290569],[-73.88847055038966,40.87169384288615],[-73.88840555046635,40.87175984286631],[-73.88834155054418,40.871826842846176],[-73.887138,40.873244]]}},{"type":"Feature","id":"D:d-main:solo:5:c2c41da5b0d4","properties":{"route_id":"D","canonical_route_id":"D","visual_route_id":"D","visual_route_normalization_reason":"identity","display_route":"D","shape_id":"D..N05R","source_shape_ids":["D..N05R","D..N64X001","D..S05R","D..S08X007"],"raw_route_ids":["D"],"raw_shape_ids":["D..N05R","D..N64X001","D..S05R","D..S08X007"],"visual_edge_ids":["d:D01-D03"],"edge_count":1,"from_stop_id":"D03","to_stop_id":"D01","from_stop_name":"Bedford Park Blvd","to_stop_name":"Norwood-205 St","edge_sequence":39,"edge_sequence_range":[39,39],"representative_edge_geometry_source":"D..N05R","representative_edge_geometry_sources":["D..N05R"],"edge_geometry_confidence":"high","visual_edge_metadata":[],"geometry_reversal_count":0,"internal_stitch_valid":true,"max_internal_snap_distance_m":0,"branch_representative_geometry_used":null,"branch_representative_warning":null,"canonical_direction_id":"mixed","canonical_direction_count":2,"collapsed_direction_count":2,"direction_collapse_reason":"visual-edge-direction-collapse","representative_shape_id":"D..N05R","canonical_feature_count":4,"color":"#EB6800","visual_family":"B-D-F-M","visual_branch_id":"d-main","raw_group_sequence":39000,"group_sequence":5,"group_id":null,"merged_group_ids":[],"group_member_routes":[],"group_member_visual_routes":[],"group_lane_order":[],"group_lane_order_visual":[],"group_lane_count":1,"visual_lane_slot":0,"visual_z_order":130,"corridor_id":null,"segment_kind":"solo","render_style":"subway-ribbon-v1","source":"group-corridors","debug_id":"D:d-main:solo:5:c2c41da5b0d4","feature_length_m":1025.22,"assignment_reason":"solo edge: no active corridor group for this local visual edge","handoff_node_id":"handoff-d-d-main--73.88714,40.87324","handoff_reason":"detected-corridor-exit","handoff_kind":"divergence","handoff_from_group_id":"group-b-d-f-m-b-d","handoff_to_group_id":null,"handoff_from_lane_slot":-0.5,"handoff_to_lane_slot":0,"start_handoff_node_id":"handoff-d-d-main--73.88714,40.87324","start_handoff_reason":"detected-corridor-exit","start_handoff_kind":"divergence","start_handoff_from_group_id":"group-b-d-f-m-b-d","start_handoff_to_group_id":null,"start_handoff_from_lane_slot":-0.5,"start_handoff_to_lane_slot":0,"end_handoff_node_id":"terminal-d-d-main-end","end_handoff_reason":"terminal","end_handoff_kind":"terminal","end_handoff_from_group_id":null,"end_handoff_to_group_id":null,"end_handoff_from_lane_slot":0,"end_handoff_to_lane_slot":0,"effective_render_key":"D|d-main|lane:0|z:130|color:#EB6800|kind:solo|style:subway-ribbon-v1"},"geometry":{"type":"LineString","coordinates":[[-73.887138,40.873244],[-73.887104,40.873289],[-73.887068,40.873335],[-73.887033,40.873382],[-73.886998,40.87343],[-73.886964,40.873479],[-73.88693,40.873529],[-73.886897,40.87358],[-73.886865,40.873632],[-73.886833,40.873685],[-73.886802,40.87374],[-73.886771,40.873795],[-73.88674,40.873852],[-73.886711,40.873909],[-73.886682,40.873967],[-73.886653,40.874027],[-73.885853,40.875843],[-73.885744,40.87606],[-73.885623,40.876254],[-73.885491,40.876425],[-73.885348,40.876573],[-73.885193,40.876698],[-73.885028,40.876801],[-73.884851,40.876881],[-73.884662,40.876938],[-73.884463,40.876972],[-73.884252,40.876983],[-73.88403,40.876972],[-73.883797,40.876938],[-73.883553,40.876881],[-73.883297,40.876801],[-73.883029,40.876699],[-73.878855,40.874811]]}},{"type":"Feature","id":"E:e-main:group:0:747c5fbb1d25","properties":{"route_id":"E","canonical_route_id":"E","visual_route_id":"E","visual_route_normalization_reason":"identity","display_route":"E","shape_id":"E..N55R","source_shape_ids":["E..N05R","E..N55R","E..N57R","E..N75R","E..S04R","E..S56R","E..S69R"],"raw_route_ids":["E"],"raw_shape_ids":["E..N05R","E..N55R","E..N57R","E..N75R","E..S04R","E..S56R","E..S69R"],"visual_edge_ids":["e:A34-E01","e:A33-A34","e:A32-A33","e:A31-A32","e:A30-A31","e:A28-A30","e:A27-A28","e:A25-A27"],"edge_count":8,"from_stop_id":"E01","to_stop_id":"A25","from_stop_name":"World Trade Center","to_stop_name":"50 St","edge_sequence":0,"edge_sequence_range":[0,0],"representative_edge_geometry_source":"E..N55R","representative_edge_geometry_sources":["E..N55R"],"edge_geometry_confidence":"high","visual_edge_metadata":[],"geometry_reversal_count":0,"internal_stitch_valid":true,"max_internal_snap_distance_m":0,"branch_representative_geometry_used":null,"branch_representative_warning":null,"canonical_direction_id":"mixed","canonical_direction_count":2,"collapsed_direction_count":2,"direction_collapse_reason":"visual-edge-direction-collapse","representative_shape_id":"E..N55R","canonical_feature_count":7,"color":"#0062CF","visual_family":"A-C-E","visual_branch_id":"e-main","raw_group_sequence":0,"group_sequence":0,"group_id":"group-a-c-e-a-c-e","merged_group_ids":["group-a-c-e-a-c-e"],"group_member_routes":["A","C","E"],"group_member_visual_routes":["A","C","E"],"group_lane_order":["A","C","E"],"group_lane_order_visual":["A","C","E"],"group_lane_count":3,"visual_lane_slot":1,"visual_z_order":91,"corridor_id":null,"segment_kind":"group","render_style":"subway-ribbon-v1","source":"group-corridors","debug_id":"E:e-main:group:0:747c5fbb1d25","feature_length_m":6153.72,"assignment_reason":"merged validated visual edges with compatible render state","handoff_node_id":"handoff-e-e-main--73.98598,40.76246","handoff_reason":"detected-corridor-exit","handoff_kind":"divergence","handoff_from_group_id":"group-a-c-e-a-c-e","handoff_to_group_id":null,"handoff_from_lane_slot":1,"handoff_to_lane_slot":0,"start_handoff_node_id":"terminal-e-e-main-start","start_handoff_reason":"terminal","start_handoff_kind":"terminal","start_handoff_from_group_id":null,"start_handoff_to_group_id":"group-a-c-e-a-c-e","start_handoff_from_lane_slot":0,"start_handoff_to_lane_slot":1,"end_handoff_node_id":"handoff-e-e-main--73.98598,40.76246","end_handoff_reason":"detected-corridor-exit","end_handoff_kind":"divergence","end_handoff_from_group_id":"group-a-c-e-a-c-e","end_handoff_to_group_id":null,"end_handoff_from_lane_slot":1,"end_handoff_to_lane_slot":0,"effective_render_key":"E|e-main|lane:1|z:91|color:#0062CF|kind:group|style:subway-ribbon-v1","merged_debug_ids":["E:e-main:group:0:64bdd3f7bd4e","E:e-main:group:0:b29d8d2dcdc4","E:e-main:group:0:d8df66e58a87","E:e-main:group:0:8581eb02b8fa","E:e-main:group:0:8b66b5a2340c","E:e-main:group:0:b1c24a917701","E:e-main:group:0:6383defc6cfb","E:e-main:group:0:9fe3d9333cb4"]},"geometry":{"type":"LineString","coordinates":[[-74.009781,40.712582],[-74.00535485029513,40.718003420744324],[-74.00530885014369,40.718071420775296],[-74.00526584999447,40.718138420805815],[-74.00522584984301,40.718206420836786],[-74.00518984968934,40.71827542086821],[-74.0051578495379,40.71834342089918],[-74.00512884938199,40.718413420931064],[-74.00510284922609,40.71848342096295],[-74.00508184907018,40.71855342099483],[-74.00506284891203,40.71862442102717],[-74.00504784875169,40.71869642105997],[-74.00503684859132,40.71876842109276],[-74.00502984843095,40.718840421125556],[-74.00502584826836,40.71891342115881],[-74.00502584810354,40.71898742119251],[-74.00502784793649,40.719062421226674],[-74.00508884417442,40.720751421996006],[-74.00509384408755,40.72079042201377],[-74.00515884200703,40.721724422439216],[-74.00516384186,40.721790422469276],[-74.00516684171521,40.721855422498884],[-74.00516884157264,40.72191942252804],[-74.0051688414323,40.72198242255674],[-74.0051668412942,40.722044422584986],[-74.00516384115608,40.72210642261323],[-74.00515784102019,40.72216742264101],[-74.00515084088653,40.72222742266835],[-74.00514284075511,40.72228642269522],[-74.00513184062368,40.72234542272209],[-74.0051198404967,40.72240242274806],[-74.00510584036971,40.72245942277402],[-74.00508984024496,40.72251542279953],[-74.0050728401202,40.72257142282504],[-74.00505383999992,40.72262542284964],[-74.00360383205081,40.72619342447503],[-74.00258482680113,40.72854942554837],[-74.00256871796643,40.728590106635366],[-74.0025528678669,40.72862972919498],[-74.0025365909333,40.72867142987257],[-74.00251970733925,40.728710702257544],[-74.00250140954877,40.72875440507907],[-74.00248250607444,40.728795892800235],[-74.00246219139075,40.728841592689655],[-74.00244126311564,40.728885269142744],[-74.00241829243396,40.72893320769734],[-74.00239497657688,40.72898287347326],[-74.00237132178432,40.72902912623015],[-74.00234530813988,40.72908015278433],[-74.00231897859261,40.72913280528214],[-74.0022916039969,40.72918557695145],[-74.0022632429246,40.72923836609711],[-74.00142059024432,40.7307787197059],[-74.00140665097805,40.730805480267826],[-74.00139328901993,40.73083027451715],[-74.00137928896113,40.73085627453076],[-74.00136604927434,40.730879890038565],[-74.00135165795174,40.73090481916653],[-74.00133589090159,40.73093317378735],[-74.00132207515965,40.73095544132202],[-74.00130607510027,40.73098144133664],[-74.0012892296895,40.73100984104915],[-74.00127453407823,40.73103214178358],[-74.00125661079082,40.73106058053043],[-74.0012400285206,40.731085392748916],[-74.0012220284586,40.73111239276464],[-74.00120311304822,40.731141790855325],[-74.0011864772214,40.731165277873764],[-74.0003904071912,40.732259975069795],[-74.00037209830322,40.732283714361614],[-74.00035409824764,40.73230771437623],[-73.99965409602,40.73326971496207],[-73.99961309586486,40.73333671500287],[-73.99957909570739,40.73340471504429],[-73.99955109554992,40.733472715085696],[-73.99952909539013,40.733541715127714],[-73.99951309522802,40.73361171517035],[-73.99950309506595,40.733681715212974],[-73.99949809490153,40.73375271525621],[-73.9994990947371,40.73382371529945],[-73.99950609457268,40.73389471534269],[-73.99951909440594,40.733966715386536],[-73.9995370942369,40.734039715430995],[-73.99956209406784,40.734112715475455],[-73.99959209389878,40.734185715519914],[-73.99962709372743,40.734259715564974],[-73.99966909355373,40.73433471561065],[-74.00231008332139,40.73875271830144],[-74.00235408314072,40.73883071834895],[-74.00239108295773,40.738909718397075],[-74.00242108277473,40.73898871844519],[-74.00244408259405,40.739066718492694],[-74.00246008241108,40.73914571854081],[-74.0024690822304,40.73922371858833],[-74.00247108204972,40.739301718635836],[-74.00246708186904,40.73937971868335],[-74.00245508168835,40.739457718730854],[-74.00243708151,40.73953471877776],[-74.00241208133163,40.73961171882466],[-74.00237908115096,40.73968971887217],[-74.00234008097259,40.73976671891907],[-74.00229408079653,40.73984271896536],[-74.00224008061818,40.73991971901226],[-74.0015670784893,40.740838719572054],[-73.99791806687499,40.74585172262588],[-73.99326805208705,40.75223272651378],[-73.98961204044761,40.75725372957359],[-73.985984,40.762456]]}},{"type":"Feature","id":"E:e-main:solo:1:893ebe34e164","properties":{"route_id":"E","canonical_route_id":"E","visual_route_id":"E","visual_route_normalization_reason":"identity","display_route":"E","shape_id":"E..N55R","source_shape_ids":["E..N05R","E..N55R","E..N57R","E..N75R","E..S04R","E..S56R","E..S69R"],"raw_route_ids":["E"],"raw_shape_ids":["E..N05R","E..N55R","E..N57R","E..N75R","E..S04R","E..S56R","E..S69R"],"visual_edge_ids":["e:A25-D14","e:D14-F12","e:F11-F12","e:F09-F11","e:F09-G21","e:G14-G21","e:G08-G14","e:F06-G08","e:F03-F06","e:F01-F03"],"edge_count":10,"from_stop_id":"A25","to_stop_id":"F01","from_stop_name":"50 St","to_stop_name":"Jamaica-179 St","edge_sequence":8,"edge_sequence_range":[8,8],"representative_edge_geometry_source":"E..N55R","representative_edge_geometry_sources":["E..N55R"],"edge_geometry_confidence":"high","visual_edge_metadata":[],"geometry_reversal_count":0,"internal_stitch_valid":true,"max_internal_snap_distance_m":0,"branch_representative_geometry_used":null,"branch_representative_warning":null,"canonical_direction_id":"mixed","canonical_direction_count":2,"collapsed_direction_count":2,"direction_collapse_reason":"visual-edge-direction-collapse","representative_shape_id":"E..N55R","canonical_feature_count":7,"color":"#0062CF","visual_family":"A-C-E","visual_branch_id":"e-main","raw_group_sequence":8000,"group_sequence":1,"group_id":null,"merged_group_ids":[],"group_member_routes":[],"group_member_visual_routes":[],"group_lane_order":[],"group_lane_order_visual":[],"group_lane_count":1,"visual_lane_slot":0,"visual_z_order":90,"corridor_id":null,"segment_kind":"solo","render_style":"subway-ribbon-v1","source":"group-corridors","debug_id":"E:e-main:solo:1:893ebe34e164","feature_length_m":19966.72,"assignment_reason":"merged validated solo visual edges with compatible render state","handoff_node_id":"handoff-e-e-main--73.98598,40.76246","handoff_reason":"detected-corridor-exit","handoff_kind":"divergence","handoff_from_group_id":"group-a-c-e-a-c-e","handoff_to_group_id":null,"handoff_from_lane_slot":1,"handoff_to_lane_slot":0,"start_handoff_node_id":"handoff-e-e-main--73.98598,40.76246","start_handoff_reason":"detected-corridor-exit","start_handoff_kind":"divergence","start_handoff_from_group_id":"group-a-c-e-a-c-e","start_handoff_to_group_id":null,"start_handoff_from_lane_slot":1,"start_handoff_to_lane_slot":0,"end_handoff_node_id":"terminal-e-e-main-end","end_handoff_reason":"terminal","end_handoff_kind":"terminal","end_handoff_from_group_id":null,"end_handoff_to_group_id":null,"end_handoff_from_lane_slot":0,"end_handoff_to_lane_slot":0,"effective_render_key":"E|e-main|lane:0|z:90|color:#0062CF|kind:solo|style:subway-ribbon-v1","merged_debug_ids":["E:e-main:solo:0:62aaaeb7d4ec","E:e-main:solo:0:fee8bc971036","E:e-main:solo:0:c6868c853774","E:e-main:solo:0:21ac5a65485c","E:e-main:solo:0:6183ca9f3cd4","E:e-main:solo:0:9b9f2a13dd9e","E:e-main:solo:0:7fe71e02e78e","E:e-main:solo:0:e681743ac4f5","E:e-main:solo:0:f1a52880d887","E:e-main:solo:0:4e6e63e6eff0"]},"geometry":{"type":"LineString","coordinates":[[-73.985984,40.762456],[-73.985322,40.763365],[-73.985242,40.763455],[-73.985157,40.763535],[-73.985068,40.763606],[-73.984976,40.763668],[-73.984879,40.76372],[-73.984778,40.763763],[-73.984674,40.763797],[-73.984565,40.763821],[-73.984453,40.763836],[-73.984337,40.763842],[-73.984216,40.763838],[-73.984092,40.763825],[-73.983964,40.763803],[-73.983832,40.763771],[-73.983698,40.763731],[-73.981663,40.762874],[-73.981637,40.762862],[-73.980212,40.762259],[-73.976697,40.760789],[-73.975224,40.760167],[-73.969055,40.757552],[-73.962705,40.754872],[-73.96263,40.754839],[-73.962555,40.754803],[-73.962481,40.754767],[-73.962407,40.75473],[-73.962335,40.754693],[-73.962264,40.754655],[-73.962194,40.754617],[-73.962124,40.754577],[-73.962056,40.754538],[-73.961989,40.754497],[-73.961923,40.754456],[-73.961857,40.754414],[-73.961793,40.754372],[-73.961729,40.754329],[-73.961669,40.754285],[-73.957251,40.751182],[-73.956916,40.750975],[-73.956583,40.750778],[-73.956251,40.750591],[-73.95592,40.750413],[-73.95559,40.750244],[-73.955261,40.750085],[-73.954933,40.749935],[-73.954605,40.749795],[-73.954279,40.749664],[-73.953954,40.749543],[-73.953629,40.74943],[-73.953305,40.749328],[-73.952983,40.749234],[-73.952661,40.749151],[-73.952344,40.749075],[-73.946,40.747846],[-73.943479,40.747357],[-73.943338,40.747329],[-73.943199,40.747306],[-73.943063,40.747287],[-73.942927,40.747273],[-73.942794,40.747264],[-73.942663,40.747259],[-73.942533,40.747258],[-73.942405,40.747263],[-73.942279,40.747272],[-73.942155,40.747285],[-73.942033,40.747303],[-73.941913,40.747326],[-73.941794,40.747353],[-73.941678,40.747385],[-73.941563,40.747421],[-73.93978,40.748061],[-73.937243,40.748973],[-73.93717,40.748999],[-73.937099,40.749025],[-73.93703,40.749054],[-73.936963,40.749083],[-73.936897,40.749114],[-73.936834,40.749146],[-73.936772,40.74918],[-73.936712,40.749215],[-73.936655,40.749251],[-73.936599,40.749288],[-73.936544,40.749327],[-73.936492,40.749367],[-73.936442,40.749408],[-73.936394,40.749451],[-73.936347,40.749495],[-73.935094,40.75066],[-73.934913,40.750826],[-73.934726,40.750981],[-73.934532,40.751125],[-73.934331,40.751258],[-73.934122,40.75138],[-73.933905,40.751491],[-73.933682,40.751591],[-73.933451,40.75168],[-73.933212,40.751758],[-73.932966,40.751824],[-73.932713,40.75188],[-73.932452,40.751924],[-73.932184,40.751957],[-73.931908,40.751979],[-73.931627,40.75199],[-73.928781,40.752039],[-73.926563,40.752074],[-73.92645,40.752078],[-73.926339,40.752083],[-73.926229,40.75209],[-73.92612,40.752098],[-73.926011,40.752108],[-73.925903,40.752119],[-73.925796,40.752132],[-73.92569,40.752146],[-73.925585,40.752162],[-73.92548,40.752179],[-73.925376,40.752197],[-73.925273,40.752217],[-73.925171,40.752239],[-73.92507,40.752262],[-73.924968,40.752285],[-73.918734,40.753651],[-73.918511,40.753697],[-73.918288,40.753737],[-73.918064,40.753771],[-73.91784,40.753799],[-73.917614,40.753821],[-73.917388,40.753837],[-73.91716,40.753847],[-73.916932,40.753852],[-73.916702,40.75385],[-73.916472,40.753843],[-73.916241,40.75383],[-73.916009,40.753811],[-73.915776,40.753786],[-73.915542,40.753755],[-73.915309,40.753719],[-73.911537,40.753079],[-73.91142,40.753066],[-73.911304,40.753054],[-73.911187,40.753044],[-73.911072,40.753035],[-73.910957,40.753027],[-73.910844,40.753022],[-73.91073,40.753017],[-73.910618,40.753015],[-73.910506,40.753014],[-73.910395,40.753014],[-73.910285,40.753017],[-73.910175,40.75302],[-73.910066,40.753026],[-73.909958,40.753033],[-73.909852,40.753041],[-73.908257,40.753208],[-73.908092,40.75322],[-73.907928,40.753226],[-73.907767,40.753228],[-73.907609,40.753225],[-73.907452,40.753218],[-73.907298,40.753205],[-73.907145,40.753188],[-73.906995,40.753167],[-73.906847,40.75314],[-73.906702,40.753109],[-73.906558,40.753074],[-73.906417,40.753033],[-73.906278,40.752988],[-73.906141,40.752938],[-73.906006,40.752885],[-73.898453,40.749669],[-73.891338,40.746644],[-73.885149,40.744006],[-73.885104,40.743987],[-73.885059,40.743967],[-73.885015,40.743948],[-73.884971,40.743928],[-73.884928,40.743909],[-73.884885,40.74389],[-73.884843,40.743871],[-73.884801,40.743851],[-73.88476,40.743832],[-73.884719,40.743813],[-73.884679,40.743794],[-73.884639,40.743775],[-73.8846,40.743756],[-73.884561,40.743737],[-73.884523,40.743718],[-73.882917,40.742933],[-73.882846,40.742897],[-73.882775,40.742862],[-73.882706,40.742827],[-73.882639,40.742792],[-73.882574,40.742759],[-73.88251,40.742726],[-73.882448,40.742693],[-73.882388,40.742661],[-73.88233,40.74263],[-73.882273,40.742599],[-73.882218,40.742569],[-73.882165,40.742539],[-73.882114,40.74251],[-73.882064,40.742482],[-73.882017,40.742454],[-73.881945,40.742415],[-73.881874,40.742376],[-73.881803,40.742337],[-73.881732,40.742296],[-73.881662,40.742256],[-73.881592,40.742215],[-73.881523,40.742173],[-73.881453,40.742131],[-73.881384,40.742088],[-73.881316,40.742045],[-73.881247,40.742001],[-73.881179,40.741957],[-73.881112,40.741913],[-73.881044,40.741868],[-73.880977,40.741822],[-73.879422,40.740665],[-73.879357,40.740614],[-73.879295,40.740561],[-73.879235,40.740506],[-73.879175,40.740449],[-73.879117,40.740389],[-73.87906,40.740326],[-73.879004,40.740261],[-73.87895,40.740194],[-73.878897,40.740124],[-73.878845,40.740052],[-73.878794,40.739977],[-73.878744,40.7399],[-73.878696,40.739821],[-73.878649,40.739739],[-73.878602,40.739655],[-73.877223,40.737015],[-73.877055,40.73671],[-73.876951,40.736514],[-73.876834,40.736327],[-73.876705,40.736148],[-73.876562,40.735976],[-73.876405,40.735812],[-73.876236,40.735655],[-73.876054,40.735507],[-73.875859,40.735365],[-73.87565,40.735232],[-73.875429,40.735106],[-73.875194,40.734988],[-73.874947,40.734877],[-73.874686,40.734775],[-73.874412,40.734679],[-73.874126,40.734593],[-73.870923,40.733648],[-73.870805,40.733614],[-73.870688,40.733579],[-73.870571,40.733544],[-73.870454,40.733509],[-73.870339,40.733473],[-73.870224,40.733437],[-73.870111,40.733401],[-73.869998,40.733365],[-73.869885,40.733328],[-73.869774,40.733292],[-73.869663,40.733255],[-73.869554,40.733218],[-73.869445,40.733181],[-73.869336,40.733144],[-73.869229,40.733106],[-73.869062,40.733041],[-73.868898,40.732975],[-73.868737,40.732909],[-73.868579,40.732842],[-73.868425,40.732774],[-73.868274,40.732706],[-73.868127,40.732638],[-73.867984,40.732568],[-73.867843,40.732499],[-73.867707,40.732429],[-73.867573,40.732358],[-73.867444,40.732287],[-73.867317,40.732215],[-73.867194,40.732143],[-73.867073,40.73207],[-73.866945,40.731991],[-73.866812,40.731914],[-73.866676,40.731838],[-73.866535,40.731763],[-73.86639,40.731688],[-73.866241,40.731614],[-73.866087,40.731541],[-73.86593,40.731469],[-73.865768,40.731397],[-73.865602,40.731327],[-73.865431,40.731257],[-73.865257,40.731187],[-73.865078,40.731119],[-73.864895,40.731051],[-73.86471,40.730985],[-73.861604,40.729846],[-73.854378,40.727216],[-73.854282,40.727179],[-73.854184,40.727142],[-73.854085,40.727103],[-73.853983,40.727062],[-73.853879,40.727021],[-73.853773,40.726977],[-73.853665,40.726933],[-73.853554,40.726887],[-73.853442,40.726839],[-73.853327,40.72679],[-73.85321,40.72674],[-73.853091,40.726688],[-73.852969,40.726635],[-73.852846,40.72658],[-73.852719,40.726523],[-73.852538,40.726443],[-73.852359,40.726358],[-73.852185,40.726271],[-73.852015,40.726181],[-73.851849,40.72609],[-73.851688,40.725995],[-73.85153,40.725899],[-73.851377,40.7258],[-73.851228,40.725699],[-73.851083,40.725596],[-73.850942,40.72549],[-73.850805,40.725382],[-73.850673,40.725272],[-73.850544,40.725159],[-73.850418,40.725045],[-73.850252,40.724889],[-73.850084,40.724735],[-73.849912,40.724584],[-73.849736,40.724436],[-73.849556,40.724292],[-73.849372,40.724151],[-73.849184,40.724013],[-73.848993,40.723878],[-73.848797,40.723747],[-73.848598,40.723618],[-73.848394,40.723493],[-73.848187,40.723371],[-73.847975,40.723253],[-73.84776,40.723137],[-73.847541,40.723026],[-73.844521,40.721691],[-73.841421,40.720314],[-73.841329,40.720274],[-73.841237,40.720234],[-73.841146,40.720194],[-73.841055,40.720153],[-73.840965,40.720112],[-73.840875,40.72007],[-73.840786,40.720028],[-73.840697,40.719986],[-73.840608,40.719943],[-73.84052,40.7199],[-73.840432,40.719857],[-73.840345,40.719813],[-73.840258,40.719769],[-73.840171,40.719725],[-73.840085,40.71968],[-73.837324,40.718331],[-73.835753,40.717531],[-73.835607,40.717453],[-73.835462,40.717374],[-73.835318,40.717294],[-73.835176,40.717213],[-73.835035,40.71713],[-73.834895,40.717046],[-73.834756,40.716961],[-73.834618,40.716875],[-73.834482,40.716787],[-73.834347,40.716698],[-73.834213,40.716608],[-73.834081,40.716517],[-73.83395,40.716425],[-73.83382,40.716331],[-73.833689,40.716237],[-73.833446,40.71605],[-73.833291,40.715936],[-73.833138,40.715821],[-73.832983,40.715708],[-73.832827,40.715596],[-73.832669,40.715485],[-73.83251,40.715375],[-73.832349,40.715267],[-73.832187,40.715159],[-73.832023,40.715053],[-73.831858,40.714948],[-73.831691,40.714844],[-73.831523,40.714741],[-73.831353,40.714639],[-73.831182,40.714539],[-73.831008,40.714441],[-73.828344,40.713129],[-73.828269,40.713093],[-73.828191,40.713058],[-73.828113,40.713023],[-73.828033,40.712988],[-73.827953,40.712953],[-73.827871,40.712918],[-73.827788,40.712884],[-73.827704,40.71285],[-73.827619,40.712816],[-73.827532,40.712782],[-73.827445,40.712749],[-73.827356,40.712716],[-73.827267,40.712682],[-73.827176,40.71265],[-73.827083,40.712617],[-73.822473,40.710847],[-73.822318,40.710787],[-73.822167,40.710724],[-73.822024,40.710658],[-73.821887,40.710588],[-73.821757,40.710516],[-73.821634,40.71044],[-73.821518,40.710362],[-73.821408,40.71028],[-73.821305,40.710195],[-73.82121,40.710107],[-73.821121,40.710015],[-73.821039,40.709921],[-73.820963,40.709823],[-73.820895,40.709723],[-73.820832,40.709619],[-73.820574,40.709179],[-73.819479,40.707304],[-73.81838,40.70556],[-73.818196,40.705321],[-73.817996,40.705107],[-73.817786,40.704916],[-73.817565,40.704748],[-73.817333,40.704603],[-73.81709,40.704481],[-73.816836,40.704382],[-73.816571,40.704306],[-73.816296,40.704252],[-73.816009,40.704221],[-73.815712,40.704214],[-73.815403,40.704229],[-73.815084,40.704267],[-73.814754,40.704327],[-73.814414,40.704413],[-73.810708,40.70546],[-73.803326,40.707564],[-73.795611,40.709755],[-73.795556,40.70977],[-73.795499,40.709786],[-73.795443,40.709802],[-73.795386,40.709819],[-73.795329,40.709836],[-73.795272,40.709854],[-73.795215,40.709872],[-73.795157,40.70989],[-73.795099,40.709909],[-73.795042,40.709929],[-73.794983,40.709949],[-73.794925,40.70997],[-73.794867,40.709991],[-73.794808,40.710012],[-73.794749,40.710034],[-73.793604,40.71047],[-73.790828,40.711493],[-73.790661,40.711555],[-73.790491,40.711613],[-73.790317,40.711666],[-73.79014,40.711716],[-73.789961,40.711762],[-73.789778,40.711803],[-73.789591,40.711841],[-73.789402,40.711874],[-73.789209,40.711904],[-73.789014,40.711929],[-73.788815,40.71195],[-73.788612,40.711967],[-73.788407,40.71198],[-73.788199,40.711989],[-73.78799,40.711994],[-73.786515,40.712102],[-73.786429,40.71211],[-73.786343,40.712119],[-73.786257,40.71213],[-73.786172,40.712141],[-73.786087,40.712152],[-73.786003,40.712164],[-73.785919,40.712177],[-73.785835,40.712191],[-73.785753,40.712205],[-73.78567,40.71222],[-73.785588,40.712236],[-73.785507,40.712252],[-73.785426,40.712269],[-73.785346,40.712287],[-73.785267,40.712305],[-73.783817,40.712646]]}},{"type":"Feature","id":"F:f-main:solo:0:272e5e4b90de","properties":{"route_id":"F","canonical_route_id":"F","visual_route_id":"F","visual_route_normalization_reason":"express-variant-collapse","display_route":"F","shape_id":"F..N07R","source_shape_ids":["F..N07R","F..N65R","F..N69R","F..N81R","F..N81X001","F..S07R","F..S69R","F..S74R","F..S78R","F..S78X001","F..N82R","F..N79R","F..S79R","F..N81X002","F..S78X002"],"raw_route_ids":["F","FX"],"raw_shape_ids":["F..N07R","F..N65R","F..N69R","F..N81R","F..N81X001","F..S07R","F..S69R","F..S74R","F..S78R","F..S78X001","F..N82R","F..N79R","F..S79R","F..N81X002","F..S78X002"],"visual_edge_ids":["f:D42-D43","f:D42-F39","f:F38-F39","f:F36-F38","f:F35-F36","f:F34-F35","f:F33-F34","f:F32-F33","f:F31-F32","f:F30-F31","f:F29-F30","f:F27-F29","f:F26-F27","f:F25-F26","f:F24-F25","f:F23-F24","f:F22-F23","f:F21-F22","f:F20-F21","f:A41-F20","f:A41-F18","f:F16-F18","f:F15-F16","f:F14-F15"],"edge_count":24,"from_stop_id":"D43","to_stop_id":"F14","from_stop_name":"Coney Island-Stillwell Av","to_stop_name":"2 Av","edge_sequence":0,"edge_sequence_range":[0,0],"representative_edge_geometry_source":"F..N07R","representative_edge_geometry_sources":["F..N07R"],"edge_geometry_confidence":"high","visual_edge_metadata":[],"geometry_reversal_count":0,"internal_stitch_valid":true,"max_internal_snap_distance_m":0,"branch_representative_geometry_used":null,"branch_representative_warning":null,"canonical_direction_id":"mixed","canonical_direction_count":2,"collapsed_direction_count":2,"direction_collapse_reason":"visual-edge-direction-collapse","representative_shape_id":"F..N07R","canonical_feature_count":10,"color":"#EB6800","visual_family":"B-D-F-M","visual_branch_id":"f-main","raw_group_sequence":0,"group_sequence":0,"group_id":null,"merged_group_ids":[],"group_member_routes":[],"group_member_visual_routes":[],"group_lane_order":[],"group_lane_order_visual":[],"group_lane_count":1,"visual_lane_slot":0,"visual_z_order":100,"corridor_id":null,"segment_kind":"solo","render_style":"subway-ribbon-v1","source":"group-corridors","debug_id":"F:f-main:solo:0:272e5e4b90de","feature_length_m":18850.16,"assignment_reason":"merged validated solo visual edges with compatible render state","handoff_node_id":"handoff-f-f-main--73.98994,40.72340","handoff_reason":"detected-corridor-entry","handoff_kind":"merge","handoff_from_group_id":null,"handoff_to_group_id":"group-manual-6av-orange-trunk","handoff_from_lane_slot":0,"handoff_to_lane_slot":0.5,"start_handoff_node_id":"terminal-f-f-main-start","start_handoff_reason":"terminal","start_handoff_kind":"terminal","start_handoff_from_group_id":null,"start_handoff_to_group_id":null,"start_handoff_from_lane_slot":0,"start_handoff_to_lane_slot":0,"end_handoff_node_id":"handoff-f-f-main--73.98994,40.72340","end_handoff_reason":"detected-corridor-entry","end_handoff_kind":"merge","end_handoff_from_group_id":null,"end_handoff_to_group_id":"group-manual-6av-orange-trunk","end_handoff_from_lane_slot":0,"end_handoff_to_lane_slot":0.5,"effective_render_key":"F|f-main|lane:0|z:100|color:#EB6800|kind:solo|style:subway-ribbon-v1","merged_debug_ids":["F:f-main:solo:0:011f374f6e3d","F:f-main:solo:0:b4fa00d0a41c","F:f-main:solo:0:62e40ac84e6b","F:f-main:solo:0:ab0f41f932f9","F:f-main:solo:0:7972f94ea75b","F:f-main:solo:0:3012fa92b9be","F:f-main:solo:0:f65fd847089b","F:f-main:solo:0:65a77f7f60d9","F:f-main:solo:0:6bbe15924b1f","F:f-main:solo:0:a70d7058bdef","F:f-main:solo:0:60277bf0f2b6","F:f-main:solo:0:7ddfc18f273a","F:f-main:solo:0:25460da8fe31","F:f-main:solo:0:f636848426a5","F:f-main:solo:0:4b41c2bed108","F:f-main:solo:0:46cdbd8dbf19","F:f-main:solo:0:8af44f0272ab","F:f-main:solo:0:b18c309b6593","F:f-main:solo:0:d727dca78f22","F:f-main:solo:0:0f045b4eaf65","F:f-main:solo:0:10016bd35588","F:f-main:solo:0:3db913735f2e","F:f-main:solo:0:3b266dd0e18d","F:f-main:solo:0:dd7dac3e971b"]},"geometry":{"type":"LineString","coordinates":[[-73.981233,40.577422],[-73.981083,40.576635],[-73.981069,40.576575],[-73.981047,40.576518],[-73.981018,40.576463],[-73.980982,40.576412],[-73.980938,40.576363],[-73.980887,40.576318],[-73.980828,40.576275],[-73.980762,40.576235],[-73.980689,40.576199],[-73.980608,40.576165],[-73.98052,40.576134],[-73.980425,40.576106],[-73.980322,40.576081],[-73.980212,40.576058],[-73.980094,40.576039],[-73.978088,40.575771],[-73.977991,40.575762],[-73.977895,40.575756],[-73.977798,40.575753],[-73.9777,40.575752],[-73.977603,40.575754],[-73.977506,40.575758],[-73.977408,40.575765],[-73.97731,40.575774],[-73.977212,40.575786],[-73.977114,40.575801],[-73.977015,40.575818],[-73.976917,40.575837],[-73.976818,40.57586],[-73.976719,40.575885],[-73.97662,40.575912],[-73.975939,40.576127],[-73.974984,40.576429],[-73.974919,40.576454],[-73.974858,40.576482],[-73.974803,40.576512],[-73.974753,40.576545],[-73.974707,40.576581],[-73.974667,40.57662],[-73.974632,40.576661],[-73.974602,40.576705],[-73.974576,40.576752],[-73.974556,40.576802],[-73.974541,40.576854],[-73.974531,40.576909],[-73.974526,40.576967],[-73.974526,40.577028],[-73.974531,40.577091],[-73.974701,40.578467],[-73.974704,40.578509],[-73.974708,40.57855],[-73.974711,40.578591],[-73.974714,40.578632],[-73.974716,40.578673],[-73.974718,40.578714],[-73.974719,40.578755],[-73.974719,40.578795],[-73.974719,40.578836],[-73.974718,40.578877],[-73.974717,40.578918],[-73.974716,40.578958],[-73.974713,40.578999],[-73.97471,40.579039],[-73.974707,40.57908],[-73.974574,40.581011],[-73.974516,40.581844],[-73.974515,40.581869],[-73.974514,40.581895],[-73.974514,40.58192],[-73.974514,40.581946],[-73.974514,40.581973],[-73.974515,40.581999],[-73.974516,40.582026],[-73.974518,40.582054],[-73.97452,40.582081],[-73.974522,40.582109],[-73.974525,40.582138],[-73.974528,40.582166],[-73.974532,40.582195],[-73.974536,40.582224],[-73.97454,40.582254],[-73.974601,40.582752],[-73.974606,40.582785],[-73.97461,40.582819],[-73.974614,40.582853],[-73.974617,40.582887],[-73.97462,40.582922],[-73.974623,40.582958],[-73.974625,40.582994],[-73.974627,40.58303],[-73.974628,40.583067],[-73.97463,40.583105],[-73.97463,40.583143],[-73.974631,40.583181],[-73.974631,40.58322],[-73.974631,40.583259],[-73.97463,40.583299],[-73.974328,40.588507],[-73.974325,40.588569],[-73.974322,40.588633],[-73.974319,40.588699],[-73.974315,40.588767],[-73.974311,40.588837],[-73.974307,40.588908],[-73.974302,40.58898],[-73.974297,40.589054],[-73.974292,40.58913],[-73.974286,40.589208],[-73.97428,40.589287],[-73.974273,40.589367],[-73.974266,40.58945],[-73.974259,40.589533],[-73.97425,40.58962],[-73.97424,40.58972],[-73.974228,40.58982],[-73.974216,40.589918],[-73.974204,40.590016],[-73.974192,40.590112],[-73.97418,40.590208],[-73.974168,40.590302],[-73.974156,40.590396],[-73.974143,40.590488],[-73.974131,40.59058],[-73.974118,40.59067],[-73.974105,40.59076],[-73.974092,40.590848],[-73.974079,40.590936],[-73.974067,40.591023],[-73.973357,40.596063],[-73.972361,40.603217],[-73.972247,40.604053],[-73.972239,40.604117],[-73.972234,40.604183],[-73.97223,40.60425],[-73.972227,40.604318],[-73.972226,40.604387],[-73.972226,40.604457],[-73.972228,40.604529],[-73.972232,40.604601],[-73.972237,40.604675],[-73.972243,40.60475],[-73.972251,40.604827],[-73.972261,40.604904],[-73.972272,40.604982],[-73.972284,40.605062],[-73.972299,40.605143],[-73.973022,40.608944],[-73.974197,40.61514],[-73.975264,40.620769],[-73.976127,40.625322],[-73.976971,40.629755],[-73.978172,40.636119],[-73.978249,40.636526],[-73.978262,40.636596],[-73.978277,40.636669],[-73.978294,40.636745],[-73.978312,40.636824],[-73.978331,40.636906],[-73.978351,40.636991],[-73.978373,40.637079],[-73.978396,40.63717],[-73.97842,40.637264],[-73.978445,40.637361],[-73.978471,40.637462],[-73.978499,40.637565],[-73.978528,40.637671],[-73.978558,40.637781],[-73.978591,40.637892],[-73.978605,40.637945],[-73.978619,40.637997],[-73.978632,40.63805],[-73.978645,40.638101],[-73.978657,40.638153],[-73.97867,40.638203],[-73.978681,40.638254],[-73.978693,40.638304],[-73.978704,40.638354],[-73.978714,40.638403],[-73.978724,40.638452],[-73.978734,40.6385],[-73.978743,40.638548],[-73.978752,40.638596],[-73.978761,40.638643],[-73.979056,40.640186],[-73.979064,40.640223],[-73.979072,40.640261],[-73.979079,40.640299],[-73.979086,40.640339],[-73.979093,40.640379],[-73.9791,40.64042],[-73.979106,40.640461],[-73.979112,40.640503],[-73.979118,40.640546],[-73.979123,40.64059],[-73.979129,40.640634],[-73.979134,40.640679],[-73.979138,40.640725],[-73.979143,40.640772],[-73.979147,40.640819],[-73.979204,40.641369],[-73.979208,40.641416],[-73.979213,40.641463],[-73.979218,40.64151],[-73.979224,40.641558],[-73.97923,40.641607],[-73.979236,40.641656],[-73.979243,40.641705],[-73.979251,40.641755],[-73.979259,40.641806],[-73.979267,40.641857],[-73.979276,40.641908],[-73.979285,40.64196],[-73.979294,40.642013],[-73.979304,40.642066],[-73.979314,40.64212],[-73.979678,40.644041],[-73.979931,40.645397],[-73.979966,40.645613],[-73.979985,40.645822],[-73.979986,40.646022],[-73.979969,40.646215],[-73.979936,40.6464],[-73.979886,40.646577],[-73.979818,40.646746],[-73.979733,40.646907],[-73.979632,40.64706],[-73.979513,40.647205],[-73.979376,40.647342],[-73.979223,40.647471],[-73.979052,40.647593],[-73.978865,40.647706],[-73.97866,40.647813],[-73.977306,40.648349],[-73.977113,40.648437],[-73.976933,40.648536],[-73.976767,40.648646],[-73.976613,40.648766],[-73.976473,40.648897],[-73.976345,40.649038],[-73.976231,40.64919],[-73.976129,40.649352],[-73.97604,40.649525],[-73.975964,40.649708],[-73.975901,40.649902],[-73.975851,40.650106],[-73.975814,40.65032],[-73.975789,40.650546],[-73.975776,40.650782],[-73.97578,40.650865],[-73.975785,40.65095],[-73.97579,40.651038],[-73.975797,40.651128],[-73.975806,40.651221],[-73.975815,40.651317],[-73.975825,40.651415],[-73.975837,40.651516],[-73.97585,40.651619],[-73.975863,40.651724],[-73.975878,40.651833],[-73.975894,40.651943],[-73.975911,40.652057],[-73.97593,40.652173],[-73.975951,40.652292],[-73.976441,40.654895],[-73.976464,40.655008],[-73.976491,40.655117],[-73.976525,40.655222],[-73.976565,40.655324],[-73.976611,40.655422],[-73.976664,40.655517],[-73.976722,40.655609],[-73.976787,40.655696],[-73.976858,40.655781],[-73.976935,40.655862],[-73.977018,40.655939],[-73.977108,40.656013],[-73.977203,40.656084],[-73.977305,40.656151],[-73.977414,40.656215],[-73.979648,40.657523],[-73.979786,40.657608],[-73.979912,40.657695],[-73.980024,40.657784],[-73.980122,40.657876],[-73.980208,40.65797],[-73.980281,40.658066],[-73.98034,40.658165],[-73.980386,40.658266],[-73.98042,40.658369],[-73.98044,40.658475],[-73.980446,40.658583],[-73.98044,40.658693],[-73.98042,40.658806],[-73.980388,40.658921],[-73.980342,40.659039],[-73.980298,40.659124],[-73.980252,40.65921],[-73.980204,40.659296],[-73.980155,40.659382],[-73.980104,40.659469],[-73.980051,40.659557],[-73.979996,40.659645],[-73.97994,40.659733],[-73.979881,40.659822],[-73.979821,40.659912],[-73.97976,40.660002],[-73.979696,40.660092],[-73.979631,40.660183],[-73.979564,40.660274],[-73.979493,40.660365],[-73.977329,40.663046],[-73.977197,40.663205],[-73.977094,40.663364],[-73.977015,40.663519],[-73.976959,40.663671],[-73.976928,40.66382],[-73.976921,40.663966],[-73.976938,40.664108],[-73.976978,40.664247],[-73.977043,40.664383],[-73.977132,40.664515],[-73.977245,40.664645],[-73.977382,40.664771],[-73.977544,40.664893],[-73.977729,40.665013],[-73.977941,40.66513],[-73.980305,40.666271],[-73.982712,40.667436],[-73.982761,40.667459],[-73.982809,40.667482],[-73.982856,40.667505],[-73.982902,40.667527],[-73.982948,40.667549],[-73.982993,40.667571],[-73.983037,40.667593],[-73.983081,40.667615],[-73.983123,40.667636],[-73.983166,40.667657],[-73.983207,40.667678],[-73.983248,40.667699],[-73.983287,40.66772],[-73.983327,40.66774],[-73.983365,40.66776],[-73.985354,40.668766],[-73.985451,40.668808],[-73.985549,40.668847],[-73.985647,40.668884],[-73.985745,40.668919],[-73.985843,40.668952],[-73.985942,40.668982],[-73.986041,40.669011],[-73.986139,40.669037],[-73.986238,40.669061],[-73.986338,40.669083],[-73.986437,40.669102],[-73.986537,40.66912],[-73.986636,40.669135],[-73.986736,40.669148],[-73.986836,40.66916],[-73.986944,40.669177],[-73.987053,40.669197],[-73.987162,40.669218],[-73.987271,40.669242],[-73.98738,40.669268],[-73.987489,40.669295],[-73.987598,40.669325],[-73.987708,40.669357],[-73.987817,40.669391],[-73.987926,40.669427],[-73.988035,40.669466],[-73.988144,40.669506],[-73.988253,40.669548],[-73.988362,40.669593],[-73.98847,40.669639],[-73.989779,40.670272],[-73.992891,40.671773],[-73.992925,40.671791],[-73.992958,40.671808],[-73.992991,40.671826],[-73.993023,40.671843],[-73.993056,40.67186],[-73.993087,40.671877],[-73.993119,40.671894],[-73.993149,40.67191],[-73.99318,40.671927],[-73.99321,40.671943],[-73.99324,40.671959],[-73.993269,40.671976],[-73.993298,40.671992],[-73.993326,40.672007],[-73.993354,40.672023],[-73.995224,40.673105],[-73.995278,40.673136],[-73.995331,40.673167],[-73.995383,40.673198],[-73.995434,40.673229],[-73.995485,40.67326],[-73.995536,40.673292],[-73.995585,40.673323],[-73.995634,40.673355],[-73.995683,40.673387],[-73.99573,40.673418],[-73.995777,40.67345],[-73.995824,40.673482],[-73.99587,40.673514],[-73.995915,40.673547],[-73.995959,40.67358],[-73.996031,40.673631],[-73.996103,40.673684],[-73.996176,40.673738],[-73.996248,40.673793],[-73.99632,40.673849],[-73.996391,40.673906],[-73.996462,40.673964],[-73.996533,40.674024],[-73.996604,40.674085],[-73.996675,40.674147],[-73.996745,40.67421],[-73.996815,40.674274],[-73.996884,40.67434],[-73.996954,40.674406],[-73.997022,40.674474],[-73.997086,40.674547],[-73.997146,40.674622],[-73.9972,40.674699],[-73.99725,40.674778],[-73.997294,40.674859],[-73.997333,40.674941],[-73.997367,40.675025],[-73.997396,40.675111],[-73.997419,40.675199],[-73.997438,40.675288],[-73.997451,40.675379],[-73.997459,40.675472],[-73.997462,40.675567],[-73.99746,40.675663],[-73.997454,40.67576],[-73.997447,40.675805],[-73.997437,40.67585],[-73.997427,40.675896],[-73.997415,40.675941],[-73.997403,40.675986],[-73.997389,40.676031],[-73.997375,40.676076],[-73.997359,40.676122],[-73.997343,40.676167],[-73.997325,40.676212],[-73.997306,40.676257],[-73.997287,40.676302],[-73.997266,40.676348],[-73.997245,40.676393],[-73.997223,40.676438],[-73.996262,40.678436],[-73.996182,40.678593],[-73.9961,40.678744],[-73.996019,40.67889],[-73.995937,40.679032],[-73.995856,40.679169],[-73.995775,40.679303],[-73.995694,40.679431],[-73.995612,40.679556],[-73.995532,40.679676],[-73.995451,40.679791],[-73.99537,40.679902],[-73.995289,40.680009],[-73.995209,40.680111],[-73.995128,40.680209],[-73.995048,40.680303],[-73.994454,40.680903],[-73.994403,40.680967],[-73.994353,40.681033],[-73.994302,40.681099],[-73.994252,40.681166],[-73.994202,40.681234],[-73.994151,40.681302],[-73.994101,40.681371],[-73.994051,40.681441],[-73.994001,40.681511],[-73.993951,40.681583],[-73.993901,40.681655],[-73.993851,40.681727],[-73.993801,40.6818],[-73.993751,40.681874],[-73.993701,40.681949],[-73.990862,40.686145],[-73.988937,40.688929],[-73.987738,40.690701],[-73.987582,40.690945],[-73.987556,40.690993],[-73.987532,40.691041],[-73.987509,40.691089],[-73.987488,40.691138],[-73.987469,40.691187],[-73.987452,40.691236],[-73.987437,40.691286],[-73.987423,40.691336],[-73.987412,40.691386],[-73.987402,40.691437],[-73.987394,40.691488],[-73.987387,40.691539],[-73.987383,40.691591],[-73.98738,40.691643],[-73.987379,40.691695],[-73.987343,40.692332],[-73.987342,40.692338],[-73.987343,40.692346],[-73.987277,40.693682],[-73.987276,40.693715],[-73.987273,40.693748],[-73.987271,40.693782],[-73.987268,40.693816],[-73.987265,40.69385],[-73.987262,40.693884],[-73.987259,40.693919],[-73.987255,40.693953],[-73.987252,40.693988],[-73.987248,40.694024],[-73.987244,40.694059],[-73.98724,40.694095],[-73.987235,40.694131],[-73.987231,40.694167],[-73.987226,40.694204],[-73.987211,40.694334],[-73.987206,40.694364],[-73.987202,40.694394],[-73.987198,40.694424],[-73.987194,40.694455],[-73.987191,40.694487],[-73.987187,40.694519],[-73.987184,40.694551],[-73.987182,40.694585],[-73.987179,40.694618],[-73.987177,40.694652],[-73.987175,40.694687],[-73.987173,40.694722],[-73.987172,40.694758],[-73.987171,40.694794],[-73.98717,40.694832],[-73.987036,40.697395],[-73.986885,40.699743],[-73.98677201197785,40.70139782457218],[-73.986587,40.704099],[-73.986579,40.704345],[-73.986585,40.704591],[-73.986604,40.704836],[-73.986636,40.705079],[-73.986682,40.705322],[-73.986741,40.705563],[-73.986813,40.705803],[-73.986898,40.706042],[-73.986997,40.70628],[-73.987109,40.706517],[-73.987234,40.706752],[-73.987372,40.706987],[-73.987524,40.70722],[-73.987689,40.707452],[-73.987867,40.707683],[-73.988681,40.708766],[-73.988791,40.708915],[-73.988899,40.709071],[-73.989002,40.709232],[-73.9891,40.709397],[-73.989193,40.709566],[-73.989281,40.70974],[-73.989365,40.709918],[-73.989444,40.710101],[-73.989518,40.710288],[-73.989587,40.710479],[-73.989652,40.710675],[-73.989712,40.710875],[-73.989767,40.711079],[-73.989817,40.711288],[-73.989866,40.711503],[-73.99007,40.712816],[-73.99008,40.712885],[-73.990091,40.712953],[-73.990101,40.71302],[-73.99011,40.713086],[-73.990119,40.71315],[-73.990127,40.713212],[-73.990134,40.713274],[-73.990141,40.713334],[-73.990148,40.713392],[-73.990154,40.71345],[-73.990159,40.713506],[-73.990164,40.71356],[-73.990168,40.713613],[-73.990171,40.713665],[-73.990173,40.713715],[-73.990177,40.713758],[-73.990181,40.713802],[-73.990184,40.713846],[-73.990187,40.713889],[-73.990188,40.713931],[-73.990189,40.713973],[-73.99019,40.714014],[-73.99019,40.714055],[-73.990189,40.714096],[-73.990188,40.714136],[-73.990186,40.714176],[-73.990183,40.714215],[-73.99018,40.714253],[-73.990176,40.714291],[-73.990171,40.71433],[-73.990161,40.71439],[-73.990152,40.714448],[-73.990141,40.714506],[-73.990127,40.714566],[-73.990112,40.714625],[-73.990095,40.714685],[-73.990076,40.714746],[-73.990055,40.714807],[-73.990033,40.714868],[-73.990008,40.71493],[-73.989981,40.714992],[-73.989953,40.715055],[-73.989922,40.715118],[-73.98989,40.715182],[-73.989854,40.715245],[-73.988114,40.718611],[-73.986929,40.720922],[-73.986848,40.721101],[-73.986786,40.721272],[-73.986746,40.721436],[-73.986727,40.721592],[-73.986729,40.721741],[-73.986752,40.721881],[-73.986797,40.722014],[-73.986863,40.722138],[-73.98695,40.722255],[-73.987058,40.722365],[-73.987188,40.722466],[-73.987339,40.722559],[-73.987511,40.722645],[-73.987704,40.722723],[-73.987919,40.722792],[-73.989938,40.723402]]}},{"type":"Feature","id":"F:f-main:group:1:2697b8841061","properties":{"route_id":"F","canonical_route_id":"F","visual_route_id":"F","visual_route_normalization_reason":"express-variant-collapse","display_route":"F","shape_id":"F..N07R","source_shape_ids":["F..N07R","F..N65R","F..N69R","F..N79R","F..N81R","F..N81X001","F..N81X002","F..N82R","F..S07R","F..S69R","F..S74R","F..S78R","F..S78X001","F..S78X002","F..S79R"],"raw_route_ids":["F","FX"],"raw_shape_ids":["F..N07R","F..N65R","F..N69R","F..N79R","F..N81R","F..N81X001","F..N81X002","F..N82R","F..S07R","F..S69R","F..S74R","F..S78R","F..S78X001","F..S78X002","F..S79R"],"visual_edge_ids":["f:D21-F14","f:D20-D21","f:D19-D20","f:D18-D19","f:D17-D18","f:D16-D17","f:D15-D16","f:B10-D15"],"edge_count":8,"from_stop_id":"F14","to_stop_id":"B10","from_stop_name":"2 Av","to_stop_name":"57 St","edge_sequence":24,"edge_sequence_range":[24,24],"representative_edge_geometry_source":"F..N07R","representative_edge_geometry_sources":["F..N07R"],"edge_geometry_confidence":"high","visual_edge_metadata":[],"geometry_reversal_count":0,"internal_stitch_valid":true,"max_internal_snap_distance_m":0,"branch_representative_geometry_used":null,"branch_representative_warning":null,"canonical_direction_id":"mixed","canonical_direction_count":2,"collapsed_direction_count":2,"direction_collapse_reason":"visual-edge-direction-collapse","representative_shape_id":"F..N07R","canonical_feature_count":15,"color":"#EB6800","visual_family":"B-D-F-M","visual_branch_id":"f-main","raw_group_sequence":24000,"group_sequence":1,"group_id":"group-manual-6av-orange-trunk","merged_group_ids":["group-manual-6av-orange-trunk"],"group_member_routes":["B","D","F","M"],"group_member_visual_routes":["B","D","F","M"],"group_lane_order":["B","D","F","M"],"group_lane_order_visual":["B","D","F","M"],"group_lane_count":4,"visual_lane_slot":0.5,"visual_z_order":222,"corridor_id":"6av-orange-trunk","segment_kind":"group","render_style":"subway-ribbon-v1","source":"group-corridors","debug_id":"F:f-main:group:1:2697b8841061","feature_length_m":5688.12,"assignment_reason":"merged validated visual edges with compatible render state","handoff_node_id":"handoff-f-f-main--73.97739,40.76394","handoff_reason":"station-adjacent-membership-change","handoff_kind":"membership-change","handoff_from_group_id":"group-manual-6av-orange-trunk","handoff_to_group_id":"group-b-d-f-m-f-m","handoff_from_lane_slot":0.5,"handoff_to_lane_slot":0.5,"start_handoff_node_id":"handoff-f-f-main--73.98994,40.72340","start_handoff_reason":"detected-corridor-entry","start_handoff_kind":"merge","start_handoff_from_group_id":null,"start_handoff_to_group_id":"group-manual-6av-orange-trunk","start_handoff_from_lane_slot":0,"start_handoff_to_lane_slot":0.5,"end_handoff_node_id":"handoff-f-f-main--73.97739,40.76394","end_handoff_reason":"station-adjacent-membership-change","end_handoff_kind":"membership-change","end_handoff_from_group_id":"group-manual-6av-orange-trunk","end_handoff_to_group_id":"group-b-d-f-m-f-m","end_handoff_from_lane_slot":0.5,"end_handoff_to_lane_slot":0.5,"effective_render_key":"F|f-main|lane:0.5|z:222|color:#EB6800|kind:group|style:subway-ribbon-v1","merged_debug_ids":["F:f-main:group:0:16d0325eff89","F:f-main:group:0:c2b317dbb60b","F:f-main:group:0:a07cbd45cab5","F:f-main:group:0:790e053118af","F:f-main:group:0:136328d67fe3","F:f-main:group:0:5672d776b7eb","F:f-main:group:0:f76d74ed02ea","F:f-main:group:0:0f63dda83a01"]},"geometry":{"type":"LineString","coordinates":[[-73.989938,40.723402],[-73.99252230848023,40.724234645173425],[-73.99617630762503,40.725346645047665],[-73.99661330751735,40.725486645031836],[-73.99672027703362,40.7255239660482],[-73.99682805040906,40.725561886681966],[-73.99693293857494,40.72560048658914],[-73.99703769979692,40.72563939832565],[-73.99713956523894,40.725678967369696],[-73.99724071171376,40.72571802409845],[-73.99733915788771,40.725758405696226],[-73.99743727531049,40.72579845373998],[-73.99753335662838,40.72583907213503],[-73.99762716205646,40.7258805556843],[-73.99771959170157,40.725922300833666],[-73.99781130087335,40.72596416878957],[-73.9979000702516,40.7260065939981],[-73.99798876670441,40.72604944816837],[-73.99807514794078,40.72609214580254],[-74.00186222973178,40.727958186703056],[-74.00198077013002,40.7280154503689],[-74.00208279898968,40.72807481664385],[-74.00217127131684,40.72813826119211],[-74.00224719605633,40.728205250526585],[-74.00231242971995,40.72827757795518],[-74.0023652419376,40.72835336192013],[-74.002406884024,40.728433867449624],[-74.00243741826725,40.72851928240875],[-74.0024557457845,40.728609405244576],[-74.00246403712863,40.72870563136748],[-74.00245990446929,40.72880645931829],[-74.00244430346645,40.72891209472015],[-74.00241611819597,40.72902396730363],[-74.00237704105581,40.72914079977498],[-74.00232704865599,40.729263079065035],[-74.00148629512216,40.73079935985295],[-74.00147282548902,40.73082524013391],[-74.00145914450997,40.73085063725858],[-74.00144514448056,40.730876637265375],[-74.00143152463717,40.730900945019286],[-74.00141682897586,40.73092640958326],[-74.0014014454508,40.730954086893675],[-74.00138653757983,40.73097822066101],[-74.00137053755014,40.73100422066832],[-74.00135411484474,40.73103192052458],[-74.00133826703912,40.73105607089179],[-74.00132080539541,40.73108379026522],[-74.0013035142603,40.73110969637446],[-74.0012855142293,40.73113669638232],[-74.00126705652411,40.73116539542766],[-74.0012492386107,40.73119063893688],[-74.0004527035956,40.7322859875349],[-74.00043354915161,40.732310857180806],[-74.00041554912383,40.73233485718812],[-73.99971554801,40.73329685748104],[-73.99614754233124,40.73820085897439],[-73.99275953694537,40.74285086039061],[-73.98776152901948,40.74969186247451],[-73.98450752380087,40.75419486384646],[-73.98126751865301,40.75863586519971],[-73.97963951606764,40.7608658658793],[-73.9773885124975,40.7639448668177]]}},{"type":"Feature","id":"F:f-main:group:2:999aedd63026","properties":{"route_id":"F","canonical_route_id":"F","visual_route_id":"F","visual_route_normalization_reason":"express-variant-collapse","display_route":"F","shape_id":"F..N07R","source_shape_ids":["F..N07R","F..N65R","F..N69R","F..S07R","F..S69R","F..S74R"],"raw_route_ids":["F"],"raw_shape_ids":["F..N07R","F..N65R","F..N69R","F..S07R","F..S69R","F..S74R"],"visual_edge_ids":["f:B08-B10","f:B06-B08","f:B04-B06","f:B04-G20","f:G19-G20","f:G18-G19","f:G16-G18","f:G15-G16","f:G14-G15","f:G13-G14","f:G12-G13","f:G11-G12","f:G10-G11","f:G09-G10","f:G08-G09"],"edge_count":15,"from_stop_id":"B10","to_stop_id":"G08","from_stop_name":"57 St","to_stop_name":"Forest Hills-71 Av","edge_sequence":32,"edge_sequence_range":[32,32],"representative_edge_geometry_source":"F..N07R","representative_edge_geometry_sources":["F..N07R"],"edge_geometry_confidence":"high","visual_edge_metadata":[],"geometry_reversal_count":0,"internal_stitch_valid":true,"max_internal_snap_distance_m":0,"branch_representative_geometry_used":null,"branch_representative_warning":null,"canonical_direction_id":"mixed","canonical_direction_count":2,"collapsed_direction_count":2,"direction_collapse_reason":"visual-edge-direction-collapse","representative_shape_id":"F..N07R","canonical_feature_count":6,"color":"#EB6800","visual_family":"B-D-F-M","visual_branch_id":"f-main","raw_group_sequence":32000,"group_sequence":2,"group_id":"group-b-d-f-m-f-m","merged_group_ids":["group-b-d-f-m-f-m"],"group_member_routes":["F","M"],"group_member_visual_routes":["F","M"],"group_lane_order":["F","M"],"group_lane_order_visual":["F","M"],"group_lane_count":2,"visual_lane_slot":0.5,"visual_z_order":100.5,"corridor_id":null,"segment_kind":"group","render_style":"subway-ribbon-v1","source":"group-corridors","debug_id":"F:f-main:group:2:999aedd63026","feature_length_m":13677.79,"assignment_reason":"merged validated visual edges with compatible render state","handoff_node_id":"handoff-f-f-main--73.84452,40.72169","handoff_reason":"detected-corridor-exit","handoff_kind":"divergence","handoff_from_group_id":"group-b-d-f-m-f-m","handoff_to_group_id":null,"handoff_from_lane_slot":0.5,"handoff_to_lane_slot":0,"start_handoff_node_id":"handoff-f-f-main--73.97739,40.76394","start_handoff_reason":"station-adjacent-membership-change","start_handoff_kind":"membership-change","start_handoff_from_group_id":"group-manual-6av-orange-trunk","start_handoff_to_group_id":"group-b-d-f-m-f-m","start_handoff_from_lane_slot":0.5,"start_handoff_to_lane_slot":0.5,"end_handoff_node_id":"handoff-f-f-main--73.84452,40.72169","end_handoff_reason":"detected-corridor-exit","end_handoff_kind":"divergence","end_handoff_from_group_id":"group-b-d-f-m-f-m","end_handoff_to_group_id":null,"end_handoff_from_lane_slot":0.5,"end_handoff_to_lane_slot":0,"effective_render_key":"F|f-main|lane:0.5|z:100.5|color:#EB6800|kind:group|style:subway-ribbon-v1","merged_debug_ids":["F:f-main:group:0:abdf31e078df","F:f-main:group:0:e80d67ed3c19","F:f-main:group:0:f8cc92dbdaa1","F:f-main:group:0:fb47f0374fb9","F:f-main:group:0:4641241090f6","F:f-main:group:0:d9464a4e9327","F:f-main:group:0:89a82436108d","F:f-main:group:0:7fb37d4fc86c","F:f-main:group:0:9aa681fd64de","F:f-main:group:0:7415a68daa43","F:f-main:group:0:52fb1aca1db1","F:f-main:group:0:ef0b48258c12","F:f-main:group:0:5ee57db747e9","F:f-main:group:0:a56d99274b54","F:f-main:group:0:38db3b3db687"]},"geometry":{"type":"LineString","coordinates":[[-73.9773885124975,40.7639448668177],[-73.97563551759949,40.76640311302436],[-73.97543251759043,40.76660611302443],[-73.97521251758266,40.766780113024495],[-73.97498151757605,40.76692811302454],[-73.97473851757053,40.76705211302458],[-73.97448551756611,40.76715111302462],[-73.97422051756277,40.76722611302465],[-73.97394351756058,40.76727511302466],[-73.97365651755952,40.76729911302467],[-73.97335751755956,40.76729811302467],[-73.97304751756067,40.767273113024665],[-73.97272551756296,40.76722211302465],[-73.97239251756629,40.76714711302462],[-73.9720485175708,40.767046113024584],[-73.97169351757637,40.766921113024544],[-73.97132851758298,40.766773113024485],[-73.96611151768101,40.76457511302372],[-73.96455651771026,40.76391911302348],[-73.95770551783892,40.76103411302247],[-73.95766451783967,40.76101711302246],[-73.95762351784046,40.76099911302246],[-73.95758351784123,40.76098211302245],[-73.95754351784198,40.76096511302244],[-73.9575045178427,40.76094911302244],[-73.95746651784347,40.760932113022434],[-73.95742951784418,40.760916113022425],[-73.95739251784488,40.76090011302242],[-73.9573555178456,40.76088411302242],[-73.95732051784631,40.76086811302241],[-73.95728551784698,40.76085311302241],[-73.95725151784765,40.7608381130224],[-73.95721751784832,40.7608231130224],[-73.95718451784899,40.76080811302239],[-73.95715251784966,40.76079311302238],[-73.95325851792555,40.75909111302178],[-73.9477825180335,40.75666911302093],[-73.9477365180344,40.75664911302093],[-73.94768951803535,40.756628113020916],[-73.94764351803627,40.75660711302091],[-73.9475985180372,40.7565861130209],[-73.94755251803818,40.7565641130209],[-73.94750751803912,40.75654311302089],[-73.9474625180401,40.75652111302088],[-73.94741751804108,40.75649911302087],[-73.94737251804206,40.75647711302087],[-73.9473275180431,40.75645411302086],[-73.94728351804412,40.756431113020845],[-73.94723851804514,40.75640811302084],[-73.94719451804617,40.75638511302083],[-73.94715151804719,40.75636211302083],[-73.94710751804826,40.75633811302082],[-73.94283451814583,40.75414911302005],[-73.94182251816909,40.75362711301987],[-73.94176651817034,40.75359911301985],[-73.94171051817163,40.75357011301985],[-73.94165451817297,40.75354011301983],[-73.94159851817426,40.753511113019826],[-73.9415425181756,40.75348111301982],[-73.9414865181769,40.753452113019804],[-73.94143051817824,40.753422113019795],[-73.94137451817957,40.75339211301978],[-73.9413185181809,40.753362113019776],[-73.94126351818224,40.75333211301976],[-73.94120751818362,40.75330111301975],[-73.94115251818495,40.753271113019736],[-73.94109751818634,40.75324011301973],[-73.94104151818767,40.75321011301972],[-73.94098651818902,40.75318011301971],[-73.93668851829096,40.7508921130189],[-73.9365465182943,40.750817113018876],[-73.93640351829707,40.750755113018855],[-73.9362605182993,40.75070511301884],[-73.93611751830096,40.750668113018826],[-73.93597351830206,40.75064311301882],[-73.93583051830265,40.75063011301881],[-73.93568651830265,40.75063011301881],[-73.9355425183021,40.75064211301881],[-73.93539851830104,40.75066611301882],[-73.93525351829939,40.75070311301884],[-73.93510951829721,40.750752113018855],[-73.93496451829449,40.75081311301888],[-73.93481951829119,40.7508871130189],[-73.93467451828735,40.75097311301893],[-73.934530518283,40.751071113018966],[-73.93432951827707,40.751204113019014],[-73.93412051827163,40.751326113019054],[-73.93390351826667,40.751437113019094],[-73.93368051826224,40.751537113019126],[-73.93344951825827,40.751626113019164],[-73.93321051825478,40.751704113019194],[-73.93296451825184,40.75177011301921],[-73.93271151824936,40.751826113019234],[-73.93245051824739,40.75187011301925],[-73.93218251824592,40.75190311301925],[-73.93190651824494,40.75192511301927],[-73.93162551824446,40.75193611301927],[-73.92877951824227,40.751985113019295],[-73.9265615182407,40.7520201130193],[-73.92644667896587,40.752024160076814],[-73.92633477675692,40.75202919636366],[-73.92622304414695,40.752036290500776],[-73.92611313879547,40.75204435252871],[-73.92600244583575,40.75205449229403],[-73.92589351920908,40.752065581985086],[-73.92578473293433,40.75207878143176],[-73.9256777795795,40.75209290229719],[-73.92557096914835,40.75210915974645],[-73.9254651294391,40.752126291695184],[-73.92536015263487,40.75214445529178],[-73.92525533383723,40.75216478920794],[-73.92515151662994,40.752187161537975],[-73.92504951725182,40.75221038309021],[-73.92494770163114,40.75223334130715],[-73.92483926838035,40.75225967698962],[-73.9247324223096,40.75228941920759],[-73.92462858469162,40.75232358631745],[-73.9245273172138,40.752363124259844],[-73.92443121242694,40.752405415751404],[-73.92433780620271,40.752452016369304],[-73.92424879609966,40.75250160733307],[-73.92416214326592,40.75255678918612],[-73.92408038601842,40.752614644505606],[-73.92400233672221,40.75267694077763],[-73.92392784734581,40.75274303965044],[-73.92385658935447,40.75281315238395],[-73.92378927010743,40.75288757421907],[-73.92372620509474,40.75296599831903],[-73.92366626595253,40.75304520326904],[-73.92150368959913,40.755826647510524],[-73.92149352189419,40.75583986434769],[-73.92148413353146,40.75585237561573],[-73.92147385660448,40.75586543379363],[-73.92146352184899,40.75587886435957],[-73.92145241957863,40.75589435085485],[-73.92144285655691,40.75590643380619],[-73.92143185654066,40.75592043381046],[-73.92142132214805,40.75593264863575],[-73.92140779898929,40.75595082657419],[-73.92139714783102,40.7559640663584],[-73.92138514781361,40.755979066363004],[-73.92137240355353,40.75599474914288],[-73.92135913334624,40.75601237566416],[-73.92134740351634,40.75602674915277],[-73.92133440349777,40.756042749157686],[-73.92067936452929,40.756850796265965],[-73.91978936325935,40.75794379660271],[-73.9196523631025,40.758078796644305],[-73.91950736297933,40.75818479667696],[-73.91935636287475,40.75827479670469],[-73.91920136278762,40.7583497967278],[-73.91904036271906,40.758408796745975],[-73.91887536266793,40.758452796759535],[-73.91870436263423,40.758481796768464],[-73.91852936261913,40.75849479677247],[-73.91834836262262,40.758491796771544],[-73.91816336264353,40.758473796766],[-73.91797236268188,40.75844079675583],[-73.91777736273882,40.75839179674074],[-73.91757736281318,40.75832779672102],[-73.91737136290614,40.758247796696374],[-73.91716136301535,40.75815379666741],[-73.91477336436198,40.75699479631032],[-73.9147373643829,40.756976796304784],[-73.91470136440381,40.756958796299244],[-73.91466536442472,40.75694079629369],[-73.91463036444564,40.75692279628815],[-73.91459436446655,40.7569047962826],[-73.91455836448746,40.75688679627706],[-73.9145223645072,40.75686979627182],[-73.91448636452813,40.756851796266275],[-73.91445036454789,40.75683479626104],[-73.91441436456763,40.7568177962558],[-73.91437836458739,40.756800796250566],[-73.91434336460713,40.75678379624532],[-73.91430736462688,40.756766796240086],[-73.91427136464547,40.75675079623516],[-73.91423436466522,40.75673379622992],[-73.91327236518805,40.75628379609128],[-73.9088743675894,40.754216795454504],[-73.90672536877894,40.753192795139064],[-73.90594536916926,40.752856795035555],[-73.89839237290472,40.749640794044936],[-73.89127737641779,40.74661579311325],[-73.88508837948098,40.743977792300825],[-73.88504337950303,40.74395879229497],[-73.88499837952625,40.74393879228881],[-73.88495437954832,40.743919792282966],[-73.88491037957154,40.7438997922768],[-73.8848673795936,40.74388079227095],[-73.88482437961567,40.7438617922651],[-73.88478237963773,40.74384279225925],[-73.88474037966094,40.74382279225309],[-73.884699379683,40.743803792247235],[-73.88465837970507,40.74378479224139],[-73.88461837972713,40.743765792235536],[-73.8845783797492,40.743746792229686],[-73.88453937977125,40.74372779222383],[-73.88450037979331,40.74370879221799],[-73.88446237981537,40.74368979221213],[-73.8828563807268,40.742904791970396],[-73.88278538076861,40.7428687919593],[-73.88271438080923,40.74283379194853],[-73.88264538084988,40.74279879193775],[-73.88257838089051,40.742763791926976],[-73.88251338092883,40.74273079191681],[-73.88244938096713,40.74269779190664],[-73.88238738100544,40.74266479189649],[-73.88232738104261,40.74263279188663],[-73.8822693810786,40.742601791877085],[-73.88221238111458,40.742570791867536],[-73.88215738114941,40.7425407918583],[-73.88210438118425,40.742510791849064],[-73.88205338121793,40.742481791840135],[-73.88200338125043,40.742453791831515],[-73.88195638128295,40.74242579182289],[-73.88188438132822,40.74238679181088],[-73.88181338137349,40.74234779179887],[-73.88174238141877,40.74230879178686],[-73.88167138146638,40.74226779177424],[-73.88160138151282,40.74222779176191],[-73.88153138156042,40.74218679174929],[-73.88146238160918,40.74214479173636],[-73.88139238165793,40.742102791723426],[-73.88132338170786,40.74205979171018],[-73.88125538175778,40.74201679169694],[-73.88118638180887,40.741972791683395],[-73.88111838185996,40.74192879166984],[-73.88105138191104,40.74188479165629],[-73.88098338196329,40.741839791642434],[-73.8809163820167,40.74179379162827],[-73.8793613833599,40.740636791272],[-73.8792963834191,40.740585791256294],[-73.87923438348064,40.74053279123998],[-73.87917438354448,40.74047779122304],[-73.87911438361066,40.74042079120549],[-73.87905638368031,40.740360791187015],[-73.87899938375344,40.74029779116762],[-73.8789433838289,40.7402327911476],[-73.87888938390668,40.74016579112697],[-73.87883638398795,40.74009579110542],[-73.87878438407152,40.740023791083246],[-73.8787333841586,40.73994879106016],[-73.87868338424798,40.73987179103644],[-73.87863538433969,40.739792791012114],[-73.87858838443488,40.73971079098687],[-73.8785413845324,40.739626790961005],[-73.87716238759684,40.73698679014815],[-73.87699438795084,40.73668179005425],[-73.87689038817835,40.7364857899939],[-73.87677338839539,40.736298789936335],[-73.87664438860315,40.73611978988122],[-73.87650138880278,40.735947789828266],[-73.87634438899313,40.73578378977778],[-73.87617538917534,40.73562678972944],[-73.87599338934712,40.73547878968387],[-73.87579838951193,40.73533678964016],[-73.87558938966627,40.73520378959921],[-73.87536838981251,40.73507778956042],[-73.87513338994945,40.73495978952409],[-73.87488639007829,40.73484878948992],[-73.87462539019667,40.73474678945851],[-73.87435139030809,40.73465078942896],[-73.87406539040789,40.73456478940248],[-73.8708623915046,40.733619789111565],[-73.87074439154405,40.73358578910109],[-73.87062739158466,40.733550789090316],[-73.87051039162529,40.73351578907955],[-73.8703933916659,40.733480789068764],[-73.87027839170769,40.73344478905768],[-73.87016339174946,40.73340878904661],[-73.87005039179122,40.73337278903552],[-73.869937391833,40.733336789024435],[-73.86982439187595,40.733299789013046],[-73.86971339191774,40.73326378900196],[-73.86960239196067,40.73322678899057],[-73.8694933920036,40.73318978897918],[-73.86938439204654,40.73315278896779],[-73.86927539208949,40.733115788956404],[-73.86916839213359,40.733077788944705],[-73.86900139220901,40.7330127889247],[-73.8688373922856,40.73294678890438],[-73.86867639236219,40.73288078888406],[-73.86851839243994,40.73281378886343],[-73.86836439251886,40.7327457888425],[-73.86821339259777,40.73267778882157],[-73.86806639267668,40.73260978880064],[-73.86792339275792,40.732539788779086],[-73.86778239283797,40.732470788757844],[-73.8676463929192,40.7324007887363],[-73.86751239300159,40.73232978871444],[-73.867383393084,40.73225878869258],[-73.86725639316754,40.73218678867041],[-73.86713339325108,40.73211478864825],[-73.8670123933358,40.73204178862578],[-73.86688439342747,40.731962788601464],[-73.86675139351682,40.73188578857776],[-73.86661539360502,40.731809788554365],[-73.86647439369204,40.73173478853128],[-73.86632939377907,40.73165978850819],[-73.86618039386495,40.73158578848541],[-73.86602639394964,40.731512788462936],[-73.86586939403321,40.73144078844077],[-73.86570739411675,40.731368788418614],[-73.86554139419796,40.73129878839706],[-73.8653703942792,40.73122878837552],[-73.86519639436042,40.731158788353966],[-73.86501739443932,40.731090788333034],[-73.86483439451824,40.7310227883121],[-73.86464939459482,40.730956788291785],[-73.86154339591641,40.72981778794118],[-73.85431739896777,40.72718778713166],[-73.8542213990107,40.72715078712028],[-73.85412339905362,40.72711378710889],[-73.85402439909886,40.72707478709689],[-73.85392239914643,40.72703378708427],[-73.85381839919401,40.72699278707165],[-73.85371239924505,40.726948787058106],[-73.8536043992961,40.72690478704457],[-73.85349339934946,40.7268587870304],[-73.85338139940514,40.72681078701563],[-73.85326639946197,40.72676178700055],[-73.85314939951999,40.72671178698516],[-73.85303039958032,40.72665978696916],[-73.8529083996418,40.72660678695284],[-73.85278539970561,40.726551786935914],[-73.85265839977173,40.72649478691837],[-73.85247739986454,40.726414786893756],[-73.85229839996316,40.72632978686759],[-73.85212440006408,40.72624278684081],[-73.85195440016848,40.72615278681311],[-73.85178840027405,40.7260617867851],[-73.85162740038425,40.72596678675586],[-73.85146940049562,40.72587078672632],[-73.85131640061047,40.72577178669585],[-73.85116740072763,40.725670786664764],[-73.85102240084711,40.725567786633064],[-73.85088140097008,40.72546178660044],[-73.85074440109535,40.725353786567204],[-73.85061240122296,40.72524378653335],[-73.85048340135405,40.72513078649857],[-73.85035740148629,40.725016786463485],[-73.85019140166725,40.72486078641547],[-73.85002340184589,40.72470678636808],[-73.84985140202105,40.72455578632161],[-73.84967540219272,40.72440778627605],[-73.84949540235976,40.72426378623174],[-73.84931140252331,40.724122786188346],[-73.84912340268339,40.72398478614588],[-73.84893240283998,40.72384978610433],[-73.84873640299193,40.72371878606402],[-73.84853740314156,40.72358978602431],[-73.84833340328656,40.72346478598584],[-73.84812640342805,40.7233427859483],[-73.84791440356494,40.72322478591199],[-73.84769940369948,40.72310878587629],[-73.84748040382824,40.722997785842125],[-73.844521,40.721691]]}},{"type":"Feature","id":"F:f-main:solo:3:92c2dd8cc0bf","properties":{"route_id":"F","canonical_route_id":"F","visual_route_id":"F","visual_route_normalization_reason":"express-variant-collapse","display_route":"F","shape_id":"F..N07R","source_shape_ids":["F..N07R","F..N65R","F..N69R","F..N79R","F..N81R","F..N81X001","F..N81X002","F..N82R","F..S07R","F..S69R","F..S74R","F..S78R","F..S78X001","F..S78X002","F..S79R"],"raw_route_ids":["F","FX"],"raw_shape_ids":["F..N07R","F..N65R","F..N69R","F..N79R","F..N81R","F..N81X001","F..N81X002","F..N82R","F..S07R","F..S69R","F..S74R","F..S78R","F..S78X001","F..S78X002","F..S79R"],"visual_edge_ids":["f:F07-G08","f:F06-F07","f:F05-F06","f:F04-F05","f:F03-F04","f:F02-F03","f:F01-F02"],"edge_count":7,"from_stop_id":"G08","to_stop_id":"F01","from_stop_name":"Forest Hills-71 Av","to_stop_name":"Jamaica-179 St","edge_sequence":47,"edge_sequence_range":[47,47],"representative_edge_geometry_source":"F..N07R","representative_edge_geometry_sources":["F..N07R"],"edge_geometry_confidence":"high","visual_edge_metadata":[],"geometry_reversal_count":0,"internal_stitch_valid":true,"max_internal_snap_distance_m":0,"branch_representative_geometry_used":null,"branch_representative_warning":null,"canonical_direction_id":"mixed","canonical_direction_count":2,"collapsed_direction_count":2,"direction_collapse_reason":"visual-edge-direction-collapse","representative_shape_id":"F..N07R","canonical_feature_count":15,"color":"#EB6800","visual_family":"B-D-F-M","visual_branch_id":"f-main","raw_group_sequence":47000,"group_sequence":3,"group_id":null,"merged_group_ids":[],"group_member_routes":[],"group_member_visual_routes":[],"group_lane_order":[],"group_lane_order_visual":[],"group_lane_count":1,"visual_lane_slot":0,"visual_z_order":100,"corridor_id":null,"segment_kind":"solo","render_style":"subway-ribbon-v1","source":"group-corridors","debug_id":"F:f-main:solo:3:92c2dd8cc0bf","feature_length_m":6064.76,"assignment_reason":"merged validated solo visual edges with compatible render state","handoff_node_id":"handoff-f-f-main--73.84452,40.72169","handoff_reason":"detected-corridor-exit","handoff_kind":"divergence","handoff_from_group_id":"group-b-d-f-m-f-m","handoff_to_group_id":null,"handoff_from_lane_slot":0.5,"handoff_to_lane_slot":0,"start_handoff_node_id":"handoff-f-f-main--73.84452,40.72169","start_handoff_reason":"detected-corridor-exit","start_handoff_kind":"divergence","start_handoff_from_group_id":"group-b-d-f-m-f-m","start_handoff_to_group_id":null,"start_handoff_from_lane_slot":0.5,"start_handoff_to_lane_slot":0,"end_handoff_node_id":"terminal-f-f-main-end","end_handoff_reason":"terminal","end_handoff_kind":"terminal","end_handoff_from_group_id":null,"end_handoff_to_group_id":null,"end_handoff_from_lane_slot":0,"end_handoff_to_lane_slot":0,"effective_render_key":"F|f-main|lane:0|z:100|color:#EB6800|kind:solo|style:subway-ribbon-v1","merged_debug_ids":["F:f-main:solo:0:d84068d15736","F:f-main:solo:0:e34705eceeb7","F:f-main:solo:0:6446b1e5aaf5","F:f-main:solo:0:bbcaef411cc4","F:f-main:solo:0:65b566440a54","F:f-main:solo:0:a6e89e311b32","F:f-main:solo:0:2ca7f0213dfe"]},"geometry":{"type":"LineString","coordinates":[[-73.844521,40.721691],[-73.841421,40.720314],[-73.841329,40.720274],[-73.841237,40.720234],[-73.841146,40.720194],[-73.841055,40.720153],[-73.840965,40.720112],[-73.840875,40.72007],[-73.840786,40.720028],[-73.840697,40.719986],[-73.840608,40.719943],[-73.84052,40.7199],[-73.840432,40.719857],[-73.840345,40.719813],[-73.840258,40.719769],[-73.840171,40.719725],[-73.840085,40.71968],[-73.837324,40.718331],[-73.835753,40.717531],[-73.835607,40.717453],[-73.835462,40.717374],[-73.835318,40.717294],[-73.835176,40.717213],[-73.835035,40.71713],[-73.834895,40.717046],[-73.834756,40.716961],[-73.834618,40.716875],[-73.834482,40.716787],[-73.834347,40.716698],[-73.834213,40.716608],[-73.834081,40.716517],[-73.83395,40.716425],[-73.83382,40.716331],[-73.833689,40.716237],[-73.833446,40.71605],[-73.833291,40.715936],[-73.833138,40.715821],[-73.832983,40.715708],[-73.832827,40.715596],[-73.832669,40.715485],[-73.83251,40.715375],[-73.832349,40.715267],[-73.832187,40.715159],[-73.832023,40.715053],[-73.831858,40.714948],[-73.831691,40.714844],[-73.831523,40.714741],[-73.831353,40.714639],[-73.831182,40.714539],[-73.831008,40.714441],[-73.828344,40.713129],[-73.828269,40.713093],[-73.828191,40.713058],[-73.828113,40.713023],[-73.828033,40.712988],[-73.827953,40.712953],[-73.827871,40.712918],[-73.827788,40.712884],[-73.827704,40.71285],[-73.827619,40.712816],[-73.827532,40.712782],[-73.827445,40.712749],[-73.827356,40.712716],[-73.827267,40.712682],[-73.827176,40.71265],[-73.827083,40.712617],[-73.822473,40.710847],[-73.822318,40.710787],[-73.822167,40.710724],[-73.822024,40.710658],[-73.821887,40.710588],[-73.821757,40.710516],[-73.821634,40.71044],[-73.821518,40.710362],[-73.821408,40.71028],[-73.821305,40.710195],[-73.82121,40.710107],[-73.821121,40.710015],[-73.821039,40.709921],[-73.820963,40.709823],[-73.820895,40.709723],[-73.820832,40.709619],[-73.820574,40.709179],[-73.819479,40.707304],[-73.81838,40.70556],[-73.818196,40.705321],[-73.817996,40.705107],[-73.817786,40.704916],[-73.817565,40.704748],[-73.817333,40.704603],[-73.81709,40.704481],[-73.816836,40.704382],[-73.816571,40.704306],[-73.816296,40.704252],[-73.816009,40.704221],[-73.815712,40.704214],[-73.815403,40.704229],[-73.815084,40.704267],[-73.814754,40.704327],[-73.814414,40.704413],[-73.810708,40.70546],[-73.803326,40.707564],[-73.795611,40.709755],[-73.795556,40.70977],[-73.795499,40.709786],[-73.795443,40.709802],[-73.795386,40.709819],[-73.795329,40.709836],[-73.795272,40.709854],[-73.795215,40.709872],[-73.795157,40.70989],[-73.795099,40.709909],[-73.795042,40.709929],[-73.794983,40.709949],[-73.794925,40.70997],[-73.794867,40.709991],[-73.794808,40.710012],[-73.794749,40.710034],[-73.793604,40.71047],[-73.790828,40.711493],[-73.790661,40.711555],[-73.790491,40.711613],[-73.790317,40.711666],[-73.79014,40.711716],[-73.789961,40.711762],[-73.789778,40.711803],[-73.789591,40.711841],[-73.789402,40.711874],[-73.789209,40.711904],[-73.789014,40.711929],[-73.788815,40.71195],[-73.788612,40.711967],[-73.788407,40.71198],[-73.788199,40.711989],[-73.78799,40.711994],[-73.786515,40.712102],[-73.786429,40.71211],[-73.786343,40.712119],[-73.786257,40.71213],[-73.786172,40.712141],[-73.786087,40.712152],[-73.786003,40.712164],[-73.785919,40.712177],[-73.785835,40.712191],[-73.785753,40.712205],[-73.78567,40.71222],[-73.785588,40.712236],[-73.785507,40.712252],[-73.785426,40.712269],[-73.785346,40.712287],[-73.785267,40.712305],[-73.783817,40.712646]]}},{"type":"Feature","id":"G:g-main:solo:0:4f4a80ab1f53","properties":{"route_id":"G","canonical_route_id":"G","visual_route_id":"G","visual_route_normalization_reason":"identity","display_route":"G","shape_id":"G..N16R","source_shape_ids":["G..N16R","G..S14R"],"raw_route_ids":["G"],"raw_shape_ids":["G..N16R","G..S14R"],"visual_edge_ids":["g:F26-F27","g:F25-F26","g:F24-F25","g:F23-F24","g:F22-F23","g:F21-F22","g:F20-F21","g:A42-F20","g:A42-G36","g:G35-G36","g:G34-G35","g:G33-G34","g:G32-G33","g:G31-G32","g:G30-G31","g:G29-G30","g:G28-G29","g:G26-G28","g:G24-G26","g:G22-G24"],"edge_count":20,"from_stop_id":"F27","to_stop_id":"G22","from_stop_name":"Church Av","to_stop_name":"Court Sq","edge_sequence":0,"edge_sequence_range":[0,0],"representative_edge_geometry_source":"G..N16R","representative_edge_geometry_sources":["G..N16R"],"edge_geometry_confidence":"high","visual_edge_metadata":[],"geometry_reversal_count":0,"internal_stitch_valid":true,"max_internal_snap_distance_m":0,"branch_representative_geometry_used":null,"branch_representative_warning":null,"canonical_direction_id":"mixed","canonical_direction_count":2,"collapsed_direction_count":2,"direction_collapse_reason":"visual-edge-direction-collapse","representative_shape_id":"G..N16R","canonical_feature_count":2,"color":"#799534","visual_family":"G","visual_branch_id":"g-main","raw_group_sequence":0,"group_sequence":0,"group_id":null,"merged_group_ids":[],"group_member_routes":[],"group_member_visual_routes":[],"group_lane_order":[],"group_lane_order_visual":[],"group_lane_count":1,"visual_lane_slot":0,"visual_z_order":40,"corridor_id":null,"segment_kind":"solo","render_style":"subway-ribbon-v1","source":"group-corridors","debug_id":"G:g-main:solo:0:4f4a80ab1f53","feature_length_m":16901.12,"assignment_reason":"merged validated solo visual edges with compatible render state","handoff_node_id":null,"handoff_reason":null,"handoff_kind":null,"handoff_from_group_id":null,"handoff_to_group_id":null,"handoff_from_lane_slot":null,"handoff_to_lane_slot":null,"start_handoff_node_id":"terminal-g-g-main-start","start_handoff_reason":"terminal","start_handoff_kind":"terminal","start_handoff_from_group_id":null,"start_handoff_to_group_id":null,"start_handoff_from_lane_slot":0,"start_handoff_to_lane_slot":0,"end_handoff_node_id":"terminal-g-g-main-end","end_handoff_reason":"terminal","end_handoff_kind":"terminal","end_handoff_from_group_id":null,"end_handoff_to_group_id":null,"end_handoff_from_lane_slot":0,"end_handoff_to_lane_slot":0,"effective_render_key":"G|g-main|lane:0|z:40|color:#799534|kind:solo|style:subway-ribbon-v1","merged_debug_ids":["G:g-main:solo:0:b934c664d39a","G:g-main:solo:0:a306af759f91","G:g-main:solo:0:869e3dcda54a","G:g-main:solo:0:5d7529e356a9","G:g-main:solo:0:94c2640f9f58","G:g-main:solo:0:4abde8d903ae","G:g-main:solo:0:51369057b718","G:g-main:solo:0:1f155df33514","G:g-main:solo:0:6734496468dd","G:g-main:solo:0:570aaa51e967","G:g-main:solo:0:59840baafe1b","G:g-main:solo:0:9f84466ce7e1","G:g-main:solo:0:dd3818a3119f","G:g-main:solo:0:f6e580b1f94f","G:g-main:solo:0:b4b61430a32e","G:g-main:solo:0:9f520b639f52","G:g-main:solo:0:8539b1b7163d","G:g-main:solo:0:95a53e771df8","G:g-main:solo:0:bd039448019a","G:g-main:solo:0:c7e8c241760c"]},"geometry":{"type":"LineString","coordinates":[[-73.979678,40.644041],[-73.979931,40.645397],[-73.979966,40.645613],[-73.979985,40.645822],[-73.979986,40.646022],[-73.979969,40.646215],[-73.979936,40.6464],[-73.979886,40.646577],[-73.979818,40.646746],[-73.979733,40.646907],[-73.979632,40.64706],[-73.979513,40.647205],[-73.979376,40.647342],[-73.979223,40.647471],[-73.979052,40.647593],[-73.978865,40.647706],[-73.97866,40.647813],[-73.977306,40.648349],[-73.977113,40.648437],[-73.976933,40.648536],[-73.976767,40.648646],[-73.976613,40.648766],[-73.976473,40.648897],[-73.976345,40.649038],[-73.976231,40.64919],[-73.976129,40.649352],[-73.97604,40.649525],[-73.975964,40.649708],[-73.975901,40.649902],[-73.975851,40.650106],[-73.975814,40.65032],[-73.975789,40.650546],[-73.975776,40.650782],[-73.97578,40.650865],[-73.975785,40.65095],[-73.97579,40.651038],[-73.975797,40.651128],[-73.975806,40.651221],[-73.975815,40.651317],[-73.975825,40.651415],[-73.975837,40.651516],[-73.97585,40.651619],[-73.975863,40.651724],[-73.975878,40.651833],[-73.975894,40.651943],[-73.975911,40.652057],[-73.97593,40.652173],[-73.975951,40.652292],[-73.976441,40.654895],[-73.976464,40.655008],[-73.976491,40.655117],[-73.976525,40.655222],[-73.976565,40.655324],[-73.976611,40.655422],[-73.976664,40.655517],[-73.976722,40.655609],[-73.976787,40.655696],[-73.976858,40.655781],[-73.976935,40.655862],[-73.977018,40.655939],[-73.977108,40.656013],[-73.977203,40.656084],[-73.977305,40.656151],[-73.977414,40.656215],[-73.979648,40.657523],[-73.979786,40.657608],[-73.979912,40.657695],[-73.980024,40.657784],[-73.980122,40.657876],[-73.980208,40.65797],[-73.980281,40.658066],[-73.98034,40.658165],[-73.980386,40.658266],[-73.98042,40.658369],[-73.98044,40.658475],[-73.980446,40.658583],[-73.98044,40.658693],[-73.98042,40.658806],[-73.980388,40.658921],[-73.980342,40.659039],[-73.980298,40.659124],[-73.980252,40.65921],[-73.980204,40.659296],[-73.980155,40.659382],[-73.980104,40.659469],[-73.980051,40.659557],[-73.979996,40.659645],[-73.97994,40.659733],[-73.979881,40.659822],[-73.979821,40.659912],[-73.97976,40.660002],[-73.979696,40.660092],[-73.979631,40.660183],[-73.979564,40.660274],[-73.979493,40.660365],[-73.977329,40.663046],[-73.977197,40.663205],[-73.977094,40.663364],[-73.977015,40.663519],[-73.976959,40.663671],[-73.976928,40.66382],[-73.976921,40.663966],[-73.976938,40.664108],[-73.976978,40.664247],[-73.977043,40.664383],[-73.977132,40.664515],[-73.977245,40.664645],[-73.977382,40.664771],[-73.977544,40.664893],[-73.977729,40.665013],[-73.977941,40.66513],[-73.980305,40.666271],[-73.982712,40.667436],[-73.982761,40.667459],[-73.982809,40.667482],[-73.982856,40.667505],[-73.982902,40.667527],[-73.982948,40.667549],[-73.982993,40.667571],[-73.983037,40.667593],[-73.983081,40.667615],[-73.983123,40.667636],[-73.983166,40.667657],[-73.983207,40.667678],[-73.983248,40.667699],[-73.983287,40.66772],[-73.983327,40.66774],[-73.983365,40.66776],[-73.985354,40.668766],[-73.985451,40.668808],[-73.985549,40.668847],[-73.985647,40.668884],[-73.985745,40.668919],[-73.985843,40.668952],[-73.985942,40.668982],[-73.986041,40.669011],[-73.986139,40.669037],[-73.986238,40.669061],[-73.986338,40.669083],[-73.986437,40.669102],[-73.986537,40.66912],[-73.986636,40.669135],[-73.986736,40.669148],[-73.986836,40.66916],[-73.986944,40.669177],[-73.987053,40.669197],[-73.987162,40.669218],[-73.987271,40.669242],[-73.98738,40.669268],[-73.987489,40.669295],[-73.987598,40.669325],[-73.987708,40.669357],[-73.987817,40.669391],[-73.987926,40.669427],[-73.988035,40.669466],[-73.988144,40.669506],[-73.988253,40.669548],[-73.988362,40.669593],[-73.98847,40.669639],[-73.989779,40.670272],[-73.992891,40.671773],[-73.992925,40.671791],[-73.992958,40.671808],[-73.992991,40.671826],[-73.993023,40.671843],[-73.993056,40.67186],[-73.993087,40.671877],[-73.993119,40.671894],[-73.993149,40.67191],[-73.99318,40.671927],[-73.99321,40.671943],[-73.99324,40.671959],[-73.993269,40.671976],[-73.993298,40.671992],[-73.993326,40.672007],[-73.993354,40.672023],[-73.995224,40.673105],[-73.995278,40.673136],[-73.995331,40.673167],[-73.995383,40.673198],[-73.995434,40.673229],[-73.995485,40.67326],[-73.995536,40.673292],[-73.995585,40.673323],[-73.995634,40.673355],[-73.995683,40.673387],[-73.99573,40.673418],[-73.995777,40.67345],[-73.995824,40.673482],[-73.99587,40.673514],[-73.995915,40.673547],[-73.995959,40.67358],[-73.996031,40.673631],[-73.996103,40.673684],[-73.996176,40.673738],[-73.996248,40.673793],[-73.99632,40.673849],[-73.996391,40.673906],[-73.996462,40.673964],[-73.996533,40.674024],[-73.996604,40.674085],[-73.996675,40.674147],[-73.996745,40.67421],[-73.996815,40.674274],[-73.996884,40.67434],[-73.996954,40.674406],[-73.997022,40.674474],[-73.997086,40.674547],[-73.997146,40.674622],[-73.9972,40.674699],[-73.99725,40.674778],[-73.997294,40.674859],[-73.997333,40.674941],[-73.997367,40.675025],[-73.997396,40.675111],[-73.997419,40.675199],[-73.997438,40.675288],[-73.997451,40.675379],[-73.997459,40.675472],[-73.997462,40.675567],[-73.99746,40.675663],[-73.997454,40.67576],[-73.997447,40.675805],[-73.997437,40.67585],[-73.997427,40.675896],[-73.997415,40.675941],[-73.997403,40.675986],[-73.997389,40.676031],[-73.997375,40.676076],[-73.997359,40.676122],[-73.997343,40.676167],[-73.997325,40.676212],[-73.997306,40.676257],[-73.997287,40.676302],[-73.997266,40.676348],[-73.997245,40.676393],[-73.997223,40.676438],[-73.996262,40.678436],[-73.996182,40.678593],[-73.9961,40.678744],[-73.996019,40.67889],[-73.995937,40.679032],[-73.995856,40.679169],[-73.995775,40.679303],[-73.995694,40.679431],[-73.995612,40.679556],[-73.995532,40.679676],[-73.995451,40.679791],[-73.99537,40.679902],[-73.995289,40.680009],[-73.995209,40.680111],[-73.995128,40.680209],[-73.995048,40.680303],[-73.994454,40.680903],[-73.994403,40.680967],[-73.994353,40.681033],[-73.994302,40.681099],[-73.994252,40.681166],[-73.994202,40.681234],[-73.994151,40.681302],[-73.994101,40.681371],[-73.994051,40.681441],[-73.994001,40.681511],[-73.993951,40.681583],[-73.993901,40.681655],[-73.993851,40.681727],[-73.993801,40.6818],[-73.993751,40.681874],[-73.993701,40.681949],[-73.990862,40.686145],[-73.988937,40.688929],[-73.988861,40.68903],[-73.98878,40.68912],[-73.988696,40.689201],[-73.988607,40.689272],[-73.988514,40.689333],[-73.988418,40.689384],[-73.988318,40.689426],[-73.988213,40.689458],[-73.988105,40.68948],[-73.987993,40.689492],[-73.987877,40.689495],[-73.987757,40.689488],[-73.987633,40.689471],[-73.987506,40.689444],[-73.987376,40.689409],[-73.985001,40.688484],[-73.98405,40.688112],[-73.983976,40.688084],[-73.983901,40.688056],[-73.983827,40.688029],[-73.983752,40.688002],[-73.983678,40.687975],[-73.983603,40.687948],[-73.983528,40.687922],[-73.983454,40.687896],[-73.983379,40.68787],[-73.983304,40.687845],[-73.983229,40.68782],[-73.983155,40.687795],[-73.98308,40.687771],[-73.983005,40.687747],[-73.98293,40.687723],[-73.982859,40.6877],[-73.982789,40.687676],[-73.982718,40.687653],[-73.982648,40.687629],[-73.982578,40.687604],[-73.982508,40.68758],[-73.982438,40.687555],[-73.982368,40.687531],[-73.982299,40.687505],[-73.982229,40.68748],[-73.98216,40.687455],[-73.982091,40.687429],[-73.982022,40.687403],[-73.981953,40.687376],[-73.981883,40.68735],[-73.981306,40.687144],[-73.981266,40.687129],[-73.981227,40.687114],[-73.981188,40.6871],[-73.981149,40.687086],[-73.98111,40.687073],[-73.981072,40.68706],[-73.981034,40.687048],[-73.980996,40.687036],[-73.980958,40.687025],[-73.980921,40.687014],[-73.980884,40.687004],[-73.980847,40.686995],[-73.98081,40.686986],[-73.980774,40.686977],[-73.980738,40.686969],[-73.980336,40.686851],[-73.980236,40.686823],[-73.980134,40.6868],[-73.98003,40.686779],[-73.979924,40.686762],[-73.979816,40.686747],[-73.979706,40.686735],[-73.979594,40.686726],[-73.97948,40.68672],[-73.979363,40.686718],[-73.979245,40.686718],[-73.979124,40.686721],[-73.979002,40.686726],[-73.978877,40.686735],[-73.978751,40.686747],[-73.978621,40.686762],[-73.976828,40.686971],[-73.975375,40.687119],[-73.966839,40.688089],[-73.96007,40.688873],[-73.953522,40.689627],[-73.949836,40.690051],[-73.949621,40.690103],[-73.949423,40.690164],[-73.949242,40.690234],[-73.949079,40.690311],[-73.948934,40.690397],[-73.948805,40.690491],[-73.948695,40.690593],[-73.948602,40.690703],[-73.948526,40.690821],[-73.948468,40.690947],[-73.948427,40.691081],[-73.948404,40.691224],[-73.948399,40.691374],[-73.948411,40.691533],[-73.94844,40.691698],[-73.948617,40.692468],[-73.948627,40.692511],[-73.948638,40.692554],[-73.948648,40.692597],[-73.948658,40.69264],[-73.948667,40.692683],[-73.948677,40.692726],[-73.948686,40.692769],[-73.948696,40.692812],[-73.948705,40.692855],[-73.948714,40.692898],[-73.948722,40.692941],[-73.948731,40.692984],[-73.94874,40.693027],[-73.948748,40.69307],[-73.948756,40.693113],[-73.949046,40.694568],[-73.950234,40.700377],[-73.950241,40.700416],[-73.950247,40.700455],[-73.950253,40.700497],[-73.950258,40.700539],[-73.950263,40.700583],[-73.950267,40.700628],[-73.950271,40.700674],[-73.950275,40.700722],[-73.950278,40.700771],[-73.95028,40.700821],[-73.950283,40.700873],[-73.950284,40.700926],[-73.950286,40.70098],[-73.950287,40.701035],[-73.950286,40.701092],[-73.950197,40.704918],[-73.950195,40.704979],[-73.950193,40.705043],[-73.950193,40.705109],[-73.950194,40.705177],[-73.950197,40.705248],[-73.950202,40.705321],[-73.950207,40.705397],[-73.950215,40.705475],[-73.950224,40.705556],[-73.950234,40.705639],[-73.950246,40.705725],[-73.95026,40.705813],[-73.950275,40.705903],[-73.950291,40.705996],[-73.950308,40.706092],[-73.951418,40.712792],[-73.952286,40.718117],[-73.952295,40.718209],[-73.952301,40.7183],[-73.952301,40.718391],[-73.952296,40.718481],[-73.952285,40.71857],[-73.952269,40.718658],[-73.952248,40.718746],[-73.952221,40.718834],[-73.952188,40.71892],[-73.95215,40.719006],[-73.952107,40.719091],[-73.952058,40.719176],[-73.952004,40.71926],[-73.951944,40.719343],[-73.951877,40.719427],[-73.95049,40.720844],[-73.950385,40.720948],[-73.950291,40.721052],[-73.950207,40.721157],[-73.950134,40.721262],[-73.950072,40.721367],[-73.95002,40.721473],[-73.949979,40.72158],[-73.949949,40.721686],[-73.949929,40.721794],[-73.94992,40.721902],[-73.949922,40.72201],[-73.949934,40.722118],[-73.949957,40.722227],[-73.949991,40.722337],[-73.950036,40.722448],[-73.951277,40.724635],[-73.953642,40.728773],[-73.953712,40.7289],[-73.953779,40.729031],[-73.953844,40.729165],[-73.953906,40.729301],[-73.953964,40.729439],[-73.95402,40.72958],[-73.954073,40.729724],[-73.954122,40.72987],[-73.954169,40.730019],[-73.954213,40.730171],[-73.954254,40.730325],[-73.954292,40.730481],[-73.954326,40.73064],[-73.954358,40.730802],[-73.954385,40.730967],[-73.954449,40.731352],[-73.955369,40.736961],[-73.955385,40.737066],[-73.955401,40.737172],[-73.955415,40.737279],[-73.955427,40.737385],[-73.955437,40.737492],[-73.955445,40.737598],[-73.95545,40.737705],[-73.955453,40.737811],[-73.955454,40.737918],[-73.955453,40.738024],[-73.95545,40.738131],[-73.955445,40.738237],[-73.955437,40.738343],[-73.955427,40.73845],[-73.955415,40.738556],[-73.95528,40.739836],[-73.955231,40.740037],[-73.955171,40.740232],[-73.955098,40.74042],[-73.955014,40.740602],[-73.954918,40.740778],[-73.95481,40.740948],[-73.95469,40.741111],[-73.954559,40.741268],[-73.954415,40.741418],[-73.95426,40.741563],[-73.954093,40.741701],[-73.953914,40.741832],[-73.953724,40.741958],[-73.953521,40.742077],[-73.95331,40.742194],[-73.949724,40.744065],[-73.9496,40.744129],[-73.949477,40.744194],[-73.949354,40.744256],[-73.949232,40.744318],[-73.94911,40.744378],[-73.94899,40.744438],[-73.94887,40.744496],[-73.94875,40.744552],[-73.948632,40.744608],[-73.948514,40.744662],[-73.948396,40.744715],[-73.94828,40.744766],[-73.948164,40.744817],[-73.948049,40.744866],[-73.947934,40.744914],[-73.943832,40.746554]]}},{"type":"Feature","id":"J:j-main:group:0:9823b1c2d71a","properties":{"route_id":"J","canonical_route_id":"J","visual_route_id":"J","visual_route_normalization_reason":"identity","display_route":"J","shape_id":"J..N41R","source_shape_ids":["J..N41R","J..N43R","J..S12R","J..S54R"],"raw_route_ids":["J"],"raw_shape_ids":["J..N41R","J..N43R","J..S12R","J..S54R"],"visual_edge_ids":["j:M22-M23","j:M21-M22","j:M20-M21","j:M19-M20","j:M18-M19"],"edge_count":5,"from_stop_id":"M23","to_stop_id":"M18","from_stop_name":"Broad St","to_stop_name":"Delancey St-Essex St","edge_sequence":0,"edge_sequence_range":[0,0],"representative_edge_geometry_source":"J..N41R","representative_edge_geometry_sources":["J..N41R"],"edge_geometry_confidence":"high","visual_edge_metadata":[],"geometry_reversal_count":0,"internal_stitch_valid":true,"max_internal_snap_distance_m":0,"branch_representative_geometry_used":null,"branch_representative_warning":null,"canonical_direction_id":"mixed","canonical_direction_count":2,"collapsed_direction_count":2,"direction_collapse_reason":"visual-edge-direction-collapse","representative_shape_id":"J..N41R","canonical_feature_count":4,"color":"#8E5C33","visual_family":"J-Z","visual_branch_id":"j-main","raw_group_sequence":0,"group_sequence":0,"group_id":"group-manual-nassau-jz-les","merged_group_ids":["group-manual-nassau-jz-les"],"group_member_routes":["J","Z"],"group_member_visual_routes":["J","Z"],"group_lane_order":["J","Z"],"group_lane_order_visual":["J","Z"],"group_lane_count":2,"visual_lane_slot":-0.5,"visual_z_order":190,"corridor_id":"nassau-jz-les","segment_kind":"group","render_style":"subway-ribbon-v1","source":"group-corridors","debug_id":"J:j-main:group:0:9823b1c2d71a","feature_length_m":2935.85,"assignment_reason":"merged validated visual edges with compatible render state","handoff_node_id":"handoff-j-j-main--73.98749,40.71835","handoff_reason":"station-adjacent-membership-change","handoff_kind":"membership-change","handoff_from_group_id":"group-manual-nassau-jz-les","handoff_to_group_id":"group-j-z-j-z","handoff_from_lane_slot":-0.5,"handoff_to_lane_slot":-0.5,"start_handoff_node_id":"terminal-j-j-main-start","start_handoff_reason":"terminal","start_handoff_kind":"terminal","start_handoff_from_group_id":null,"start_handoff_to_group_id":"group-manual-nassau-jz-les","start_handoff_from_lane_slot":0,"start_handoff_to_lane_slot":-0.5,"end_handoff_node_id":"handoff-j-j-main--73.98749,40.71835","end_handoff_reason":"station-adjacent-membership-change","end_handoff_kind":"membership-change","end_handoff_from_group_id":"group-manual-nassau-jz-les","end_handoff_to_group_id":"group-j-z-j-z","end_handoff_from_lane_slot":-0.5,"end_handoff_to_lane_slot":-0.5,"effective_render_key":"J|j-main|lane:-0.5|z:190|color:#8E5C33|kind:group|style:subway-ribbon-v1","merged_debug_ids":["J:j-main:group:0:648737fec332","J:j-main:group:0:7a20d1cebf37","J:j-main:group:0:0136550ca5f0","J:j-main:group:0:84af405563df","J:j-main:group:0:c1296b41ff3e"]},"geometry":{"type":"LineString","coordinates":[[-74.011056,40.706476],[-74.01075646422309,40.70709173869775],[-74.01073783661359,40.70712312196367],[-74.01071725460046,40.707156077223466],[-74.01069725463698,40.707188077214425],[-74.01067565936704,40.707221006569746],[-74.01065424944166,40.707252621378736],[-74.01063324947724,40.707283621369676],[-74.01061061570344,40.70731553533232],[-74.01058814481868,40.707346188053734],[-74.01056447386644,40.70737708280178],[-74.01054147390113,40.707407082792656],[-74.0105184739358,40.70743708278354],[-74.01049323043836,40.707467643401294],[-74.01046979589262,40.70749694854189],[-74.0104446215131,40.70752636640387],[-74.01041951979724,40.70755548476283],[-74.00962965731625,40.70842946265464],[-74.00960380718004,40.708458296197584],[-74.00957780721373,40.708487296188565],[-74.009551143236,40.708516023885736],[-74.00952619814858,40.708542964690125],[-74.0095004595002,40.708569747496945],[-74.00947725731014,40.70859490074632],[-74.00945145956062,40.708621747480755],[-74.00942666309724,40.708646559693186],[-74.0094026631251,40.70867055968574],[-74.00937966315182,40.70869355967859],[-74.00935476634851,40.70871743756898],[-74.00933172573085,40.70873947647507],[-74.0093096812551,40.70876051898989],[-74.00928570640552,40.70878242904435],[-74.00926360942435,40.708802517415414],[-74.00909670143409,40.70894832661811],[-74.00907831495537,40.708963502503934],[-74.00906059788088,40.70897826813382],[-74.00904184643754,40.70899405992686],[-74.00902425103658,40.70900984079094],[-74.00900438372067,40.70902772173819],[-74.00898438374149,40.70904572173268],[-74.0089646326745,40.709064565551934],[-74.00894160975162,40.70908551732889],[-74.00892068165514,40.7091055188834],[-74.00889866365588,40.70912755954382],[-74.0088756636826,40.70915055953668],[-74.00885076687854,40.709174437427826],[-74.00882849212772,40.70919771410131],[-74.0088034602603,40.70922374729333],[-74.00877666379874,40.70925055950564],[-74.007995256224,40.710054959147904],[-74.00796595983331,40.71008622191969],[-74.00793466480576,40.7101175592364],[-74.00790804634256,40.71014612949337],[-74.00787866487312,40.7101755592184],[-74.00785166490446,40.71020255921002],[-74.00782746142721,40.71022774698074],[-74.00780080539677,40.71025340134945],[-74.00777766499043,40.71027655918703],[-74.00775372753996,40.71029947599336],[-74.00773366504036,40.71031955917368],[-74.00771163415398,40.71034056515819],[-74.00769038526,40.71035972133186],[-74.00767252008913,40.71037667353358],[-74.00765310362344,40.71039397325923],[-74.00763593507055,40.710409122542806],[-74.00759593511556,40.71044812253097],[-74.0075579351571,40.710484122520036],[-74.00751993519863,40.71052012250912],[-74.00748393523787,40.71055412249879],[-74.0074489352748,40.71058612248909],[-74.00741493530941,40.710616122479976],[-74.00738193534288,40.710645122471185],[-74.00734993537404,40.71067212246298],[-74.00731993540404,40.71069812245509],[-74.00729093543174,40.71072212244781],[-74.00726293545827,40.71074512244083],[-74.00723593548251,40.71076612243446],[-74.00720993550443,40.71078512242869],[-74.0071849355252,40.71080312242323],[-74.00716193554366,40.71081912241837],[-74.00546393695384,40.7120411220475],[-74.00542193698038,40.71206412204052],[-74.00537793700693,40.712087122033545],[-74.00533393703115,40.71210812202717],[-74.00528893705425,40.7121281220211],[-74.00524393707617,40.71214712201533],[-74.00519693709694,40.71216512200987],[-74.00514893711656,40.71218212200471],[-74.00510093713503,40.71219812199985],[-74.00505093715118,40.7122121219956],[-74.00500093716734,40.71222612199135],[-74.00494993718118,40.71223812198772],[-74.00489793719504,40.71225012198407],[-74.00484493720657,40.71226012198103],[-74.00479093721697,40.71226912197831],[-74.0047359372262,40.71227712197588],[-74.00450393726312,40.712309121966165],[-74.00444193727581,40.712320121962826],[-74.00438393729081,40.71233312195888],[-74.00432693730812,40.71234812195433],[-74.0042739373266,40.71236412194947],[-74.00422193734737,40.71238212194401],[-74.00417393737045,40.71240212193794],[-74.00412793739584,40.712424121931264],[-74.00408493742238,40.71244712192428],[-74.00404393745123,40.7124721219167],[-74.00400593748239,40.71249912190849],[-74.00396993751471,40.712527121899996],[-74.00393693754933,40.712557121890896],[-74.00390693758627,40.71258912188118],[-74.0038789376255,40.71262312187086],[-74.00385593766472,40.712657121860545],[-74.00345493838141,40.71327812167206],[-74.00288593941781,40.7141761213995],[-74.0028649394582,40.71421112138888],[-74.00284393949862,40.71424612137825],[-74.002821939539,40.714281121367634],[-74.0027999395794,40.71431612135701],[-74.00277693961979,40.71435112134638],[-74.0027539396602,40.71438612133576],[-74.0027309397006,40.71442112132513],[-74.00270693974097,40.71445612131451],[-74.00268293978138,40.71449112130389],[-74.00265793982177,40.71452612129327],[-74.00263293986217,40.71456112128264],[-74.00260793990257,40.714596121272024],[-74.00258193994296,40.71463112126139],[-74.00255593998337,40.714666121250765],[-74.00252894002377,40.71470112124015],[-74.0007399428332,40.71713512050131],[-74.00071894286553,40.71716312049281],[-74.000696942899,40.71719212048401],[-74.00067494293248,40.7172211204752],[-74.00065294296596,40.7172501204664],[-74.00062994300059,40.717280120457296],[-74.00060594303638,40.71731112044788],[-74.00058194307101,40.717341120438775],[-74.00055794310795,40.71737312042906],[-74.00053294314488,40.71740512041935],[-74.00050794318183,40.717437120409635],[-74.00048194321876,40.71746912039992],[-74.000455943258,40.717503120389594],[-74.0004289432961,40.71753612037958],[-74.00040194333535,40.71757012036926],[-74.00037394337575,40.71760512035864],[-73.99994594397833,40.71812712020017],[-73.99926194496766,40.71898411994],[-73.99924394499305,40.719006119933326],[-73.99922694501845,40.71902811992664],[-73.9992089450427,40.71904911992027],[-73.99919094506811,40.71907111991359],[-73.9991739450935,40.71909311990691],[-73.99915594511889,40.71911511990023],[-73.99913794514313,40.71913611989386],[-73.99911994516853,40.71915811988718],[-73.99910194519278,40.719179119880806],[-73.99908394521817,40.71920111987413],[-73.9990659452424,40.71922211986775],[-73.99904794526782,40.719244119861074],[-73.99902994529207,40.7192651198547],[-73.99901194531746,40.71928711984801],[-73.99899394534171,40.71930811984164],[-73.99758794726742,40.72097611933524],[-73.99754394732746,40.721028119319456],[-73.99749794738288,40.72107611930488],[-73.99744994743136,40.72111811929213],[-73.99739994747408,40.721155119280894],[-73.99734794751218,40.72118811927088],[-73.99729394754337,40.72121511926267],[-73.99723694756877,40.721237119255996],[-73.99717794758838,40.72125411925084],[-73.99711794760223,40.7212661192472],[-73.99705494761032,40.72127311924507],[-73.99698994761148,40.72127411924476],[-73.99692294760801,40.72127111924567],[-73.99685394759877,40.72126311924811],[-73.99678194758262,40.721249119252356],[-73.99670894756184,40.721231119257816],[-73.99396894650427,40.720315119535925],[-73.9909459454456,40.71939811981432],[-73.98749094423576,40.71835012013247]]}},{"type":"Feature","id":"J:j-main:group:1:d8690d3c2f3e","properties":{"route_id":"J","canonical_route_id":"J","visual_route_id":"J","visual_route_normalization_reason":"identity","display_route":"J","shape_id":"J..N41R","source_shape_ids":["J..N41R","J..N43R","J..S12R","J..S54R","J..N60R"],"raw_route_ids":["J"],"raw_shape_ids":["J..N41R","J..N43R","J..S12R","J..S54R","J..N60R"],"visual_edge_ids":["j:M16-M18","j:M14-M16","j:M13-M14","j:M12-M13","j:M11-M12","j:J31-M11","j:J30-J31","j:J29-J30","j:J28-J29","j:J27-J28","j:J24-J27","j:J23-J24","j:J22-J23","j:J21-J22","j:J20-J21","j:J19-J20","j:J17-J19","j:J16-J17","j:J15-J16","j:J14-J15","j:J13-J14","j:J12-J13","j:G06-J12","j:G05-G06"],"edge_count":24,"from_stop_id":"M18","to_stop_id":"G05","from_stop_name":"Delancey St-Essex St","to_stop_name":"Jamaica Center-Parsons/Archer","edge_sequence":5,"edge_sequence_range":[5,5],"representative_edge_geometry_source":"J..N41R","representative_edge_geometry_sources":["J..N41R"],"edge_geometry_confidence":"high","visual_edge_metadata":[],"geometry_reversal_count":0,"internal_stitch_valid":true,"max_internal_snap_distance_m":0,"branch_representative_geometry_used":null,"branch_representative_warning":null,"canonical_direction_id":"mixed","canonical_direction_count":2,"collapsed_direction_count":2,"direction_collapse_reason":"visual-edge-direction-collapse","representative_shape_id":"J..N41R","canonical_feature_count":4,"color":"#8E5C33","visual_family":"J-Z","visual_branch_id":"j-main","raw_group_sequence":5000,"group_sequence":1,"group_id":"group-j-z-j-z","merged_group_ids":["group-j-z-j-z"],"group_member_routes":["J","Z"],"group_member_visual_routes":["J","Z"],"group_lane_order":["J","Z"],"group_lane_order_visual":["J","Z"],"group_lane_count":2,"visual_lane_slot":-0.5,"visual_z_order":49.5,"corridor_id":null,"segment_kind":"group","render_style":"subway-ribbon-v1","source":"group-corridors","debug_id":"J:j-main:group:1:d8690d3c2f3e","feature_length_m":18469.37,"assignment_reason":"merged validated visual edges with compatible render state","handoff_node_id":"handoff-j-j-main--73.98749,40.71835","handoff_reason":"station-adjacent-membership-change","handoff_kind":"membership-change","handoff_from_group_id":"group-manual-nassau-jz-les","handoff_to_group_id":"group-j-z-j-z","handoff_from_lane_slot":-0.5,"handoff_to_lane_slot":-0.5,"start_handoff_node_id":"handoff-j-j-main--73.98749,40.71835","start_handoff_reason":"station-adjacent-membership-change","start_handoff_kind":"membership-change","start_handoff_from_group_id":"group-manual-nassau-jz-les","start_handoff_to_group_id":"group-j-z-j-z","start_handoff_from_lane_slot":-0.5,"start_handoff_to_lane_slot":-0.5,"end_handoff_node_id":"terminal-j-j-main-end","end_handoff_reason":"terminal","end_handoff_kind":"terminal","end_handoff_from_group_id":"group-j-z-j-z","end_handoff_to_group_id":null,"end_handoff_from_lane_slot":-0.5,"end_handoff_to_lane_slot":0,"effective_render_key":"J|j-main|lane:-0.5|z:49.5|color:#8E5C33|kind:group|style:subway-ribbon-v1","merged_debug_ids":["J:j-main:group:0:c921ef11c9ab","J:j-main:group:0:d445b38ee141","J:j-main:group:0:3fa962329c04","J:j-main:group:0:bb91aa994873","J:j-main:group:0:26aefaf4a236","J:j-main:group:0:0e5af1178fec","J:j-main:group:0:33cffc185772","J:j-main:group:0:46b12413fa3d","J:j-main:group:0:65417afc688e","J:j-main:group:0:4e987c35497b","J:j-main:group:0:daeed6724469","J:j-main:group:0:45a09de67018","J:j-main:group:0:b80ce2463851","J:j-main:group:0:c6fb456ef076","J:j-main:group:0:7272dbc98dec","J:j-main:group:0:e46e848bd4a4","J:j-main:group:0:5d26f5e8a73d","J:j-main:group:0:208d1ea03dd8","J:j-main:group:0:15a9dc4224c4","J:j-main:group:0:48d8bccd4808","J:j-main:group:0:83732343711c","J:j-main:group:0:3f77ded6f489","J:j-main:group:0:168016171171","J:j-main:group:0:e55e85296c7c"]},"geometry":{"type":"LineString","coordinates":[[-73.98749094423576,40.71835012013247],[-73.98604714065455,40.71788262082762],[-73.98599414063523,40.71786562083226],[-73.98594314061592,40.71784862083689],[-73.98589214059774,40.71783262084125],[-73.98584314057842,40.71781562084588],[-73.98579414055912,40.717798620850516],[-73.98574614054094,40.71778262085488],[-73.98569914052163,40.71776562085951],[-73.98565314050346,40.71774962086387],[-73.98560814048415,40.7177326208685],[-73.98556414046597,40.717716620872864],[-73.98552114044779,40.71770062087722],[-73.98547914042962,40.717684620881585],[-73.98543814041143,40.717668620885945],[-73.98539714039326,40.7176526208903],[-73.98535814037508,40.717636620894666],[-73.98521814031147,40.71758062090993],[-73.98516614028762,40.717559620915644],[-73.98511414026376,40.717538620921374],[-73.98506214024106,40.717518620926825],[-73.98501014021946,40.717499620931996],[-73.98495814019674,40.717479620937446],[-73.98490714017515,40.717460620942624],[-73.98485614015472,40.71744262094753],[-73.98480414013427,40.717424620952436],[-73.98475414011382,40.71740662095734],[-73.98470314009451,40.717389620961974],[-73.98465214007634,40.717373620966335],[-73.98460214005702,40.71735662097097],[-73.98455214003884,40.71734062097533],[-73.9845021400218,40.717325620979416],[-73.98445214000476,40.717310620983504],[-73.97896313811577,40.71564762143669],[-73.96125113201137,40.71027262290128],[-73.96121513199775,40.71026062290455],[-73.96118013198299,40.71024762290809],[-73.96114513196821,40.710234622911635],[-73.96111113195232,40.71022062291545],[-73.96107713193642,40.710206622919266],[-73.96104413191938,40.71019162292335],[-73.96101213190123,40.710175622927714],[-73.96098013188305,40.71015962293207],[-73.96094913186374,40.7101426229367],[-73.96091813184331,40.7101246229416],[-73.96088813182287,40.71010662294651],[-73.96085813180129,40.71008762295168],[-73.96082913177972,40.71006862295687],[-73.96080113175701,40.71004862296231],[-73.96077313173316,40.710027622968035],[-73.95957213062832,40.709054623233136],[-73.95955513061242,40.709040623236945],[-73.95953713059765,40.709027623240495],[-73.95951913058175,40.70901362324431],[-73.959500130567,40.709000623247846],[-73.95948113055223,40.70898762325139],[-73.9594611305386,40.70897562325466],[-73.95944013052384,40.7089626232582],[-73.95941813051022,40.708950623261465],[-73.9593961304966,40.70893862326474],[-73.95937313048296,40.70892662326801],[-73.95935013047047,40.708915623271004],[-73.95932513045685,40.70890362327428],[-73.95930113044436,40.70889262327727],[-73.959275130433,40.70888262328],[-73.95924913042052,40.708871623282995],[-73.957822129863,40.70838062341677],[-73.95349910136169,40.706885490694916],[-73.95214910084803,40.70642149079393],[-73.9521041008292,40.70640449079756],[-73.95205810081038,40.706387490801184],[-73.95201310079045,40.706369490805024],[-73.95196810077051,40.70635149080886],[-73.95192310074948,40.70633249081292],[-73.95187810072845,40.70631349081697],[-73.95183310070631,40.70629349082124],[-73.95178910068418,40.70627349082551],[-73.95174410066093,40.70625249082999],[-73.95170010063768,40.70623149083447],[-73.95165510061334,40.70620949083917],[-73.95161110058898,40.70618749084386],[-73.95156710056351,40.70616449084877],[-73.95152310053804,40.706141490853675],[-73.95147910051148,40.7061174908588],[-73.94747609803963,40.70388449133528],[-73.94320109538654,40.701487491846734],[-73.94316009535997,40.701463491851854],[-73.94311909533452,40.70144049185676],[-73.94307809530797,40.70141649186188],[-73.9430370952814,40.701392491867004],[-73.94299709525373,40.70136749187233],[-73.94295709522716,40.70134349187745],[-73.94291709519949,40.701318491882795],[-73.94287709517293,40.70129449188791],[-73.94283809514526,40.70126949189324],[-73.9427980951176,40.70124449189858],[-73.94275909508882,40.70121849190413],[-73.94272009506115,40.70119349190946],[-73.94268209503349,40.70116849191479],[-73.94264309500471,40.70114249192034],[-73.94260509497593,40.70111649192589],[-73.94256509494716,40.70109049193144],[-73.94252609491838,40.70106449193698],[-73.94248609489071,40.70103949194232],[-73.94244709486195,40.70101349194786],[-73.94240709483428,40.7009884919532],[-73.94236709480661,40.70096349195853],[-73.94232709477784,40.700937491964076],[-73.94228709475126,40.7009134919692],[-73.9422470947236,40.70088849197454],[-73.94220709469593,40.70086349197987],[-73.94216709466936,40.700839491984986],[-73.9421260946417,40.70081449199033],[-73.94208609461514,40.70079049199545],[-73.94204509458856,40.70076649200056],[-73.942005094562,40.70074249200569],[-73.94119409404517,40.70027549210533],[-73.93572674862924,40.69721742408094],[-73.9347487480286,40.69666442416423],[-73.9288837444317,40.69335242466306],[-73.92234071533191,40.68963547313055],[-73.91662991693214,40.68636635915715],[-73.91048098715008,40.68294345811892],[-73.90453698476216,40.67954845843654],[-73.90030698300829,40.677054458669815],[-73.90026098299002,40.677028458672254],[-73.90021398297313,40.6770044586745],[-73.90016698295837,40.67698345867646],[-73.900119982945,40.676964458678235],[-73.90007198293306,40.67694745867983],[-73.9000239829232,40.676933458681134],[-73.89997598291477,40.67692145868226],[-73.89992798290774,40.6769114586832],[-73.89987898290282,40.67690445868385],[-73.8998309828993,40.67689945868432],[-73.89978198289789,40.67689745868451],[-73.8997329828979,40.67689745868451],[-73.89968298289931,40.67689945868432],[-73.89963398290212,40.676903458683945],[-73.89958398290703,40.67691045868329],[-73.89867898299985,40.67704245867094],[-73.89171298372557,40.678074458574415],[-73.89000198390629,40.678331458550375],[-73.88997798390841,40.6783344585501],[-73.88995498391122,40.678338458549725],[-73.88992998391332,40.67834145854945],[-73.88990498391685,40.67834645854898],[-73.88987998392035,40.678351458548505],[-73.88985398392389,40.67835645854804],[-73.8898269839281,40.678362458547475],[-73.8898009839323,40.67836845854691],[-73.88977298393723,40.67837545854626],[-73.88974498394215,40.678382458545606],[-73.88971698394778,40.67839045854486],[-73.88968798395341,40.67839845854411],[-73.88965898395904,40.678406458543364],[-73.88962898396537,40.67841545854252],[-73.88959898397239,40.67842545854159],[-73.88466398507795,40.67999745839454],[-73.88006398610693,40.68146045825767],[-73.8799959861217,40.68148145825571],[-73.87992898613577,40.68150145825384],[-73.87986098614984,40.681521458251964],[-73.8797929861639,40.681541458250095],[-73.87972498617798,40.681561458248225],[-73.87965798619204,40.68158145824635],[-73.87958998620611,40.68160145824448],[-73.87952198622018,40.68162145824261],[-73.87945398623354,40.68164045824083],[-73.87938598624761,40.68166045823896],[-73.87931898626098,40.681679458237184],[-73.87925098627434,40.68169845823541],[-73.8791829862877,40.68171745823363],[-73.87911498630108,40.681736458231846],[-73.87904698631444,40.68175545823007],[-73.87380998736182,40.68324445809076],[-73.87274598757497,40.683547458062414],[-73.87268743852266,40.68356870604528],[-73.8726337118706,40.683592601305634],[-73.87258411810089,40.68361849206378],[-73.87254208467549,40.68364603383708],[-73.87250514220648,40.68367543005232],[-73.87247306063983,40.68370713312713],[-73.87244490411584,40.68374100866231],[-73.87242305495656,40.683776358575585],[-73.87240465255846,40.683814718507904],[-73.87239062588891,40.68385503131675],[-73.87238224047726,40.683898243159675],[-73.87237787320815,40.68394407552703],[-73.87237906947479,40.68399222890439],[-73.87238484336558,40.68404463521682],[-73.87239621790512,40.68409864588149],[-73.87315310579127,40.68648238701975],[-73.87317112525658,40.68653944831443],[-73.8731890578773,40.68659523665177],[-73.87320698699864,40.68665001795037],[-73.87322406610674,40.686703261932806],[-73.87324106616474,40.68675626194237],[-73.87325799144563,40.68680803104562],[-73.87327482910509,40.68685754404494],[-73.87329107539883,40.68690829027319],[-73.87330691265463,40.68695579191254],[-73.87332282389241,40.68700252828292],[-73.87333872965131,40.687048254286424],[-73.8733539128059,40.68709379193826],[-73.87336881792962,40.68713751037043],[-73.87338371678649,40.68718021696295],[-73.87339860882315,40.68722191098378],[-73.87393475171946,40.68877031275782],[-73.87395750550434,40.688832620278085],[-73.87397549623245,40.688895678710836],[-73.87398738221627,40.688958455337904],[-73.8739929197672,40.68901835930138],[-73.87399207516347,40.689076756761196],[-73.8739847147937,40.68913347317135],[-73.87397073991036,40.68918842529016],[-73.87395008183712,40.68924149445921],[-73.87392110819981,40.689292628615895],[-73.87388769653879,40.689340397105106],[-73.87384515715274,40.689386990884735],[-73.87379853484308,40.6894295707265],[-73.87374364686889,40.689470573607046],[-73.87368469576003,40.68950828575223],[-73.87362010069907,40.68954442796046],[-73.87258494230736,40.6899879370176],[-73.87206628208232,40.690212790705004],[-73.87201569273083,40.6902334594364],[-73.87196516676184,40.690253671970076],[-73.87191085788746,40.69027355519524],[-73.87185719829954,40.69029342996981],[-73.87180192070946,40.69031289126887],[-73.87174485247763,40.690332915246245],[-73.87168519182771,40.69035247848345],[-73.87162453367156,40.69037100292105],[-73.87156400995016,40.690389856098435],[-73.8715016359186,40.69040897166182],[-73.87143706465848,40.69042743681174],[-73.87137005861373,40.69044571770405],[-73.87130405862597,40.690463717702485],[-73.8712354289362,40.690481886908074],[-73.87116482950353,40.690500043312824],[-73.8689426371074,40.69106609260288],[-73.86889117992081,40.691077681151654],[-73.86884525870221,40.69108918809936],[-73.868792475055,40.691100046420146],[-73.86874656549575,40.69111059369543],[-73.8686971799464,40.69112168114891],[-73.86864783320861,40.69113197256858],[-73.86859847507749,40.69114204641793],[-73.86855083321953,40.69115197256748],[-73.86850147508821,40.69116204641688],[-73.86845206407992,40.69117132264885],[-73.8684027353297,40.69118038366059],[-73.86835506408886,40.691189322648036],[-73.86830706409336,40.69119832264763],[-73.86825773534288,40.69120738365941],[-73.86820826065501,40.69121564195009],[-73.8671530384481,40.69137683713749],[-73.86649103849065,40.691479837134295],[-73.86643503849396,40.691487837134055],[-73.86637903849767,40.69149683713377],[-73.86632403850098,40.69150483713353],[-73.8662690385047,40.69151383713324],[-73.86621603850841,40.69152283713297],[-73.86616203851172,40.69153083713272],[-73.86611003851544,40.691539837132446],[-73.86605803851874,40.6915478371322],[-73.86600703852247,40.69155683713192],[-73.86595703852619,40.69156583713164],[-73.86590703852949,40.69157383713139],[-73.8658580385332,40.691582837131115],[-73.86580903853692,40.69159183713084],[-73.86576103854023,40.69159983713059],[-73.86571403854396,40.69160883713031],[-73.86283303874475,40.692094837115285],[-73.86277703874887,40.69210483711497],[-73.8627200387526,40.6921138371147],[-73.86266403875673,40.69212383711438],[-73.86260803876044,40.6921328371141],[-73.86255103876458,40.6921428371138],[-73.8624950387683,40.692151837113514],[-73.86243803877201,40.692160837113235],[-73.86238203877532,40.69216883711299],[-73.86232503877905,40.69217783711271],[-73.86226803878274,40.69218683711244],[-73.86221203878607,40.69219483711218],[-73.86215503878937,40.692202837111935],[-73.86209803879267,40.692210837111695],[-73.86204103879598,40.69221883711145],[-73.86198403879928,40.6922268371112],[-73.86002403890713,40.69248783710313],[-73.85994703891083,40.69249683710285],[-73.85987103891456,40.69250583710257],[-73.85979403891787,40.692513837102325],[-73.85971803892157,40.69252283710205],[-73.85964103892489,40.6925308371018],[-73.85956503892778,40.692537837101575],[-73.85948803893109,40.69254583710133],[-73.85941203893357,40.69255183710114],[-73.85933503893645,40.69255883710093],[-73.85925903893894,40.69256483710075],[-73.859182038941,40.69256983710059],[-73.85910603894348,40.69257583710041],[-73.85903003894514,40.692579837100276],[-73.8589530389472,40.69258483710013],[-73.85887603894926,40.69258983709997],[-73.8556210390253,40.69277383709428],[-73.85549003902818,40.69278083709406],[-73.85535903903232,40.69279083709375],[-73.85522903903727,40.69280283709338],[-73.85510103904306,40.69281683709295],[-73.85497503904968,40.69283283709245],[-73.85485003905752,40.692851837091865],[-73.85472603906621,40.692872837091215],[-73.85460403907571,40.69289583709051],[-73.85448403908603,40.69292083708973],[-73.8543650390976,40.69294883708886],[-73.85424703910999,40.69297883708794],[-73.85413103912322,40.693010837086945],[-73.85401703913728,40.69304483708589],[-73.85390403915257,40.693081837084755],[-73.85379103916826,40.69311983708358],[-73.85159003950378,40.693931837058464],[-73.85148503952031,40.69397183705723],[-73.8513810395356,40.69400883705608],[-73.85127803955048,40.69404483705497],[-73.85117603956452,40.694078837053915],[-73.85107603957816,40.694111837052894],[-73.85097703959096,40.694142837051935],[-73.85087903960337,40.694172837051006],[-73.85078203961535,40.694201837050116],[-73.85068603962651,40.69422883704927],[-73.85059203963725,40.69425483704847],[-73.85049903964759,40.694279837047695],[-73.85040703965709,40.69430283704698],[-73.85031603966576,40.69432383704633],[-73.85022703967402,40.694343837045714],[-73.85013803968188,40.694362837045134],[-73.8462400399947,40.695119837021714],[-73.84617403999924,40.695130837021374],[-73.84610804000378,40.69514183702103],[-73.84604004000792,40.695151837020724],[-73.84597104001206,40.695161837020414],[-73.84590104001578,40.695170837020136],[-73.84582904001908,40.69517883701989],[-73.84575504002198,40.69518583701967],[-73.84568004002486,40.695192837019455],[-73.84560404002777,40.69519983701924],[-73.84552604002982,40.695204837019084],[-73.8454470400319,40.69520983701893],[-73.84536704003355,40.695213837018805],[-73.8452840400352,40.69521783701868],[-73.84520104003643,40.69522083701859],[-73.84511604003727,40.69522283701853],[-73.84434404004057,40.69523083701828],[-73.8423420400509,40.695255837017505],[-73.84223604005216,40.69525883701741],[-73.8421260400538,40.69526283701729],[-73.84201404005627,40.6952688370171],[-73.84189904005876,40.69527483701692],[-73.84178104006206,40.69528283701667],[-73.84166104006536,40.69529083701643],[-73.84153804006951,40.69530083701611],[-73.84141204007364,40.69531083701581],[-73.8412830400786,40.69532283701543],[-73.84115204008397,40.69533583701504],[-73.84101804008975,40.6953498370146],[-73.84088204009595,40.69536483701413],[-73.84074204010255,40.695380837013644],[-73.84060104010959,40.69539783701312],[-73.84045604011702,40.695415837012554],[-73.84028904012736,40.69544083701179],[-73.84012404013976,40.69547083701085],[-73.8399620401534,40.69550383700983],[-73.83980204016909,40.69554183700866],[-73.83964504018604,40.695582837007386],[-73.83949104020463,40.69562783700599],[-73.8393390402253,40.69567783700445],[-73.8391900402472,40.69573083700281],[-73.83904304027116,40.69578883700101],[-73.83889904029638,40.69584983699913],[-73.83875704032323,40.69591483699712],[-73.83861804035217,40.69598483699495],[-73.83848204038235,40.69605783699269],[-73.83834804041457,40.69613583699029],[-73.83821704044763,40.696215836987804],[-73.83635904096631,40.69747083694898],[-73.83630804097955,40.697502836948],[-73.83625704099236,40.69753383694704],[-73.83620504100558,40.69756583694604],[-73.83615204101882,40.69759783694505],[-73.83609804103205,40.69762983694407],[-73.83604304104526,40.69766183694307],[-73.8359880410589,40.697694836942055],[-73.83593204107214,40.69772683694106],[-73.83587504108577,40.697759836940044],[-73.8358170410994,40.69779283693902],[-73.83575904111305,40.697825836937994],[-73.83569904112669,40.69785883693697],[-73.83563904114033,40.69789183693596],[-73.83557904115398,40.69792483693493],[-73.83551704116803,40.697958836933886],[-73.83276104178721,40.699456836887535],[-73.83269504180043,40.69948883688654],[-73.83262904181285,40.699518836885616],[-73.83256304182524,40.69954883688469],[-73.83249804183681,40.699576836883814],[-73.83243304184839,40.69960483688295],[-73.83236904185914,40.69963083688215],[-73.83230504186989,40.699656836881346],[-73.83224104187981,40.699680836880596],[-73.83217804188932,40.69970383687989],[-73.83211604189883,40.69972683687918],[-73.8320530419075,40.69974783687853],[-73.83199204191578,40.6997678368779],[-73.83193004192404,40.699787836877285],[-73.83186904193148,40.699805836876735],[-73.83180804193893,40.69982383687618],[-73.83059604206584,40.70013083686668],[-73.8305400420712,40.700143836866275],[-73.83048204207698,40.70015783686584],[-73.83042404208236,40.70017083686544],[-73.83036404208774,40.70018383686504],[-73.83030404209353,40.700197836864604],[-73.8302420420989,40.7002108368642],[-73.83018004210427,40.7002238368638],[-73.83011604211005,40.700237836863366],[-73.83005104211544,40.70025083686296],[-73.82998604212081,40.70026383686256],[-73.82991904212659,40.70027783686213],[-73.82985104213196,40.700290836861726],[-73.82978204213734,40.70030383686132],[-73.82971204214313,40.70031783686089],[-73.82964104214851,40.70033083686049],[-73.82830804223697,40.700544836853865],[-73.82624104237794,40.70088583684331],[-73.82616104238332,40.70089883684291],[-73.82608104238868,40.70091183684251],[-73.82600204239446,40.700925836842075],[-73.82592304240026,40.70093983684164],[-73.82584504240646,40.70095483684118],[-73.82576804241307,40.70097083684068],[-73.82569104241969,40.70098683684019],[-73.8256150424263,40.70100283683969],[-73.82554004243333,40.701019836839166],[-73.82546504244077,40.70103783683861],[-73.82539104244822,40.70105583683805],[-73.82531704245608,40.70107483683746],[-73.82524404246394,40.701093836836876],[-73.82517204247219,40.70111383683626],[-73.82510004248046,40.70113383683564],[-73.8241200425896,40.701397836827475],[-73.82391504260697,40.70143983682617],[-73.82371304261979,40.70147083682521],[-73.82351504262846,40.70149183682456],[-73.8233190426326,40.70150183682425],[-73.8231270426322,40.70150083682428],[-73.82293804262682,40.70148783682468],[-73.8227530426173,40.701464836825394],[-73.82257004260283,40.70142983682648],[-73.82239104258423,40.70138483682787],[-73.82221504256108,40.7013288368296],[-73.82204204253297,40.70126083683171],[-73.82187204250073,40.70118283683412],[-73.8217050424635,40.70109283683691],[-73.82154204242217,40.70099283684],[-73.82138204237587,40.70088083684347],[-73.82068104214643,40.70032583686064],[-73.82023204201002,40.69999583687085],[-73.81977404188724,40.699698836880046],[-73.81931204177812,40.699434836888216],[-73.81884604168263,40.699203836895364],[-73.81837604160079,40.69900583690149],[-73.81790204153258,40.69884083690659],[-73.81742304147802,40.698708836910676],[-73.8169400414375,40.69861083691371],[-73.81645304141024,40.69854483691575],[-73.815961041397,40.69851283691674],[-73.81546504139742,40.69851383691671],[-73.81496504141106,40.69854683691569],[-73.81446104143876,40.698613836913616],[-73.81395304148009,40.69871383691052],[-73.81344104153507,40.698846836906405],[-73.81111904180953,40.699510836885864],[-73.80974904196951,40.69989783687389],[-73.80968704197696,40.69991583687333],[-73.80962604198439,40.699933836872766],[-73.80956504199183,40.699951836872216],[-73.8095040420001,40.6999718368716],[-73.80944304200835,40.69999183687098],[-73.80938304201663,40.70001183687036],[-73.80932304202531,40.7000328368697],[-73.8092630420344,40.70005483686903],[-73.8092030420435,40.70007683686835],[-73.809144042053,40.700099836867636],[-73.80908504206293,40.700123836866894],[-73.80902604207284,40.70014783686615],[-73.8089670420832,40.70017283686538],[-73.80890904209353,40.700197836864604],[-73.80885204210426,40.7002238368638],[-73.808796042115,40.700249836862994],[-73.80874004212535,40.700274836862214],[-73.80868404213528,40.70029883686148],[-73.80862704214478,40.700321836860766],[-73.80857004215429,40.700344836860054],[-73.8085130421638,40.70036783685934],[-73.80845604217248,40.70038883685869],[-73.80839804218117,40.70040983685804],[-73.80834004218984,40.70043083685739],[-73.80828104219769,40.700449836856805],[-73.80822304220555,40.70046883685622],[-73.80816304221341,40.70048783685563],[-73.80810404222085,40.70050583685507],[-73.80804404222788,40.700522836854546],[-73.80798304223448,40.70053883685405],[-73.8066680423738,40.70087583684362],[-73.8040530426483,40.70153983682307],[-73.80400304265326,40.7015518368227],[-73.80395304265824,40.70156383682234],[-73.80390504266319,40.70157583682196],[-73.80385804266774,40.70158683682162],[-73.80381204267229,40.70159783682128],[-73.80376604267643,40.70160783682097],[-73.80372204268055,40.70161783682066],[-73.80367804268468,40.70162783682035],[-73.80363604268841,40.70163683682007],[-73.80359504269212,40.70164583681979],[-73.80355404269585,40.701654836819515],[-73.80351504269916,40.70166283681927],[-73.80347604270246,40.70167083681903],[-73.80343904270578,40.70167883681877],[-73.80340204270867,40.701685836818555],[-73.801109,40.702147]]}},{"type":"Feature","id":"L:l-main:solo:0:ef07ca9c716a","properties":{"route_id":"L","canonical_route_id":"L","visual_route_id":"L","visual_route_normalization_reason":"identity","display_route":"L","shape_id":"L..N01R","source_shape_ids":["L..N01R","L..S01R","L..N02R","L..N05R","L..S05R"],"raw_route_ids":["L"],"raw_shape_ids":["L..N01R","L..S01R","L..N02R","L..N05R","L..S05R"],"visual_edge_ids":["l:L28-L29","l:L27-L28","l:L26-L27","l:L25-L26","l:L24-L25","l:L22-L24","l:L21-L22","l:L20-L21","l:L19-L20","l:L17-L19","l:L16-L17","l:L15-L16","l:L14-L15","l:L13-L14","l:L12-L13","l:L11-L12","l:L10-L11","l:L08-L10","l:L06-L08","l:L05-L06","l:L03-L05","l:L02-L03","l:L01-L02"],"edge_count":23,"from_stop_id":"L29","to_stop_id":"L01","from_stop_name":"Canarsie-Rockaway Pkwy","to_stop_name":"8 Av","edge_sequence":0,"edge_sequence_range":[0,0],"representative_edge_geometry_source":"L..N01R","representative_edge_geometry_sources":["L..N01R"],"edge_geometry_confidence":"high","visual_edge_metadata":[],"geometry_reversal_count":0,"internal_stitch_valid":true,"max_internal_snap_distance_m":0,"branch_representative_geometry_used":null,"branch_representative_warning":null,"canonical_direction_id":"mixed","canonical_direction_count":2,"collapsed_direction_count":2,"direction_collapse_reason":"visual-edge-direction-collapse","representative_shape_id":"L..N01R","canonical_feature_count":2,"color":"#7C858C","visual_family":"L","visual_branch_id":"l-main","raw_group_sequence":0,"group_sequence":0,"group_id":null,"merged_group_ids":[],"group_member_routes":[],"group_member_visual_routes":[],"group_lane_order":[],"group_lane_order_visual":[],"group_lane_count":1,"visual_lane_slot":0,"visual_z_order":30,"corridor_id":null,"segment_kind":"solo","render_style":"subway-ribbon-v1","source":"group-corridors","debug_id":"L:l-main:solo:0:ef07ca9c716a","feature_length_m":16294.13,"assignment_reason":"merged validated solo visual edges with compatible render state","handoff_node_id":null,"handoff_reason":null,"handoff_kind":null,"handoff_from_group_id":null,"handoff_to_group_id":null,"handoff_from_lane_slot":null,"handoff_to_lane_slot":null,"start_handoff_node_id":"terminal-l-l-main-start","start_handoff_reason":"terminal","start_handoff_kind":"terminal","start_handoff_from_group_id":null,"start_handoff_to_group_id":null,"start_handoff_from_lane_slot":0,"start_handoff_to_lane_slot":0,"end_handoff_node_id":"terminal-l-l-main-end","end_handoff_reason":"terminal","end_handoff_kind":"terminal","end_handoff_from_group_id":null,"end_handoff_to_group_id":null,"end_handoff_from_lane_slot":0,"end_handoff_to_lane_slot":0,"effective_render_key":"L|l-main|lane:0|z:30|color:#7C858C|kind:solo|style:subway-ribbon-v1","merged_debug_ids":["L:l-main:solo:0:84702b7b105a","L:l-main:solo:0:9e547aceb1b7","L:l-main:solo:0:5767eea5f39c","L:l-main:solo:0:0bdb6c572744","L:l-main:solo:0:11998a060afa","L:l-main:solo:0:46a63130574d","L:l-main:solo:0:6912ec431af6","L:l-main:solo:0:2aca10a1e227","L:l-main:solo:0:6e4cc8c43e0c","L:l-main:solo:0:507024307fca","L:l-main:solo:0:24b54711d75f","L:l-main:solo:0:0a8726087f1d","L:l-main:solo:0:7e611fb4918e","L:l-main:solo:0:df71766b708a","L:l-main:solo:0:021908da93c3","L:l-main:solo:0:80350023df7b","L:l-main:solo:0:fe34cd630385","L:l-main:solo:0:10cc0a822b95","L:l-main:solo:0:a443073c2d27","L:l-main:solo:0:2b98ae8e92ca","L:l-main:solo:0:e9fa3ac015cb","L:l-main:solo:0:c621aa549020","L:l-main:solo:0:8b8db2e8f95b"]},"geometry":{"type":"LineString","coordinates":[[-73.90185,40.646654],[-73.899485,40.650573],[-73.898278,40.652568],[-73.898222,40.652675],[-73.898172,40.652781],[-73.898128,40.652889],[-73.898091,40.652997],[-73.898059,40.653106],[-73.898033,40.653217],[-73.898014,40.653328],[-73.898,40.65344],[-73.897992,40.653553],[-73.897991,40.653668],[-73.897995,40.653783],[-73.898006,40.653899],[-73.898023,40.654016],[-73.898045,40.654134],[-73.898074,40.654252],[-73.899232,40.658733],[-73.900571,40.664038],[-73.901975,40.669367],[-73.90231,40.670703],[-73.902314,40.670726],[-73.902319,40.670751],[-73.902326,40.670775],[-73.902333,40.6708],[-73.90234,40.670825],[-73.902349,40.67085],[-73.902358,40.670875],[-73.902368,40.670901],[-73.902379,40.670927],[-73.90239,40.670952],[-73.902402,40.670979],[-73.902415,40.671005],[-73.902429,40.671031],[-73.902443,40.671058],[-73.902458,40.671085],[-73.90247,40.671106],[-73.902481,40.671127],[-73.902492,40.671149],[-73.902503,40.671171],[-73.902513,40.671194],[-73.902523,40.671218],[-73.902533,40.671242],[-73.902543,40.671266],[-73.902552,40.671292],[-73.902561,40.671317],[-73.902569,40.671344],[-73.902577,40.671371],[-73.902585,40.671398],[-73.902593,40.671426],[-73.902599,40.671455],[-73.903274,40.674099],[-73.903283,40.674137],[-73.90329,40.674175],[-73.903297,40.674212],[-73.903302,40.674249],[-73.903306,40.674286],[-73.903309,40.674323],[-73.903311,40.674359],[-73.903311,40.674395],[-73.903311,40.674431],[-73.903309,40.674467],[-73.903306,40.674502],[-73.903302,40.674537],[-73.903297,40.674572],[-73.90329,40.674607],[-73.903283,40.674641],[-73.903097,40.675345],[-73.902906,40.676067],[-73.902901,40.676085],[-73.902897,40.676102],[-73.902893,40.67612],[-73.902889,40.676138],[-73.902886,40.676156],[-73.902882,40.676173],[-73.902879,40.676191],[-73.902877,40.676209],[-73.902874,40.676227],[-73.902872,40.676245],[-73.90287,40.676262],[-73.902868,40.67628],[-73.902867,40.676298],[-73.902866,40.676316],[-73.902865,40.676334],[-73.90281,40.677009],[-73.902807,40.677058],[-73.902805,40.677106],[-73.902803,40.677154],[-73.902803,40.677202],[-73.902805,40.677249],[-73.902807,40.677296],[-73.902811,40.677343],[-73.902816,40.677389],[-73.902822,40.677435],[-73.902829,40.67748],[-73.902838,40.677525],[-73.902848,40.67757],[-73.902859,40.677614],[-73.902871,40.677658],[-73.902886,40.677701],[-73.90324,40.678856],[-73.903846,40.680764],[-73.903881,40.680842],[-73.903918,40.680919],[-73.903957,40.680995],[-73.903998,40.68107],[-73.90404,40.681144],[-73.904084,40.681216],[-73.90413,40.681288],[-73.904178,40.681358],[-73.904228,40.681427],[-73.904279,40.681495],[-73.904333,40.681562],[-73.904388,40.681627],[-73.904445,40.681692],[-73.904503,40.681755],[-73.904564,40.681817],[-73.904605,40.681858],[-73.904647,40.681901],[-73.90469,40.681949],[-73.904733,40.682],[-73.904777,40.682056],[-73.904821,40.682115],[-73.904866,40.682179],[-73.904912,40.682246],[-73.904958,40.682318],[-73.905005,40.682393],[-73.905053,40.682472],[-73.905101,40.682555],[-73.90515,40.682643],[-73.905199,40.682734],[-73.905249,40.682829],[-73.905316,40.682948],[-73.905377,40.683067],[-73.905434,40.683187],[-73.905486,40.683307],[-73.905534,40.683429],[-73.905577,40.683552],[-73.905616,40.683676],[-73.905651,40.683801],[-73.90568,40.683927],[-73.905706,40.684054],[-73.905727,40.684182],[-73.905743,40.684311],[-73.905755,40.684441],[-73.905762,40.684573],[-73.905764,40.684707],[-73.905647,40.685684],[-73.905611,40.685878],[-73.905574,40.686067],[-73.905533,40.686248],[-73.905488,40.686422],[-73.905441,40.68659],[-73.905391,40.68675],[-73.905337,40.686903],[-73.90528,40.687049],[-73.90522,40.687188],[-73.905157,40.687321],[-73.905091,40.687446],[-73.905021,40.687564],[-73.904949,40.687675],[-73.904873,40.687779],[-73.904794,40.687875],[-73.904046,40.688764],[-73.903233,40.689721],[-73.903193,40.689768],[-73.903152,40.689815],[-73.90311,40.689863],[-73.903067,40.689911],[-73.903023,40.68996],[-73.902977,40.69001],[-73.902931,40.69006],[-73.902883,40.69011],[-73.902834,40.690162],[-73.902784,40.690214],[-73.902733,40.690266],[-73.90268,40.690319],[-73.902627,40.690373],[-73.902572,40.690427],[-73.902516,40.690482],[-73.90242,40.690576],[-73.902326,40.690671],[-73.902232,40.690766],[-73.90214,40.69086],[-73.902048,40.690955],[-73.901958,40.691049],[-73.901868,40.691144],[-73.90178,40.691238],[-73.901693,40.691332],[-73.901606,40.691427],[-73.901521,40.691521],[-73.901437,40.691615],[-73.901354,40.691708],[-73.901272,40.691802],[-73.901191,40.691895],[-73.901083,40.692066],[-73.900993,40.692234],[-73.900921,40.692397],[-73.900868,40.692557],[-73.900833,40.692712],[-73.900817,40.692864],[-73.900819,40.693012],[-73.90084,40.693155],[-73.900879,40.693295],[-73.900937,40.693431],[-73.901013,40.693564],[-73.901108,40.693692],[-73.901221,40.693816],[-73.901353,40.693937],[-73.901504,40.694054],[-73.902304,40.694559],[-73.902342,40.694585],[-73.902381,40.69461],[-73.902421,40.694637],[-73.902462,40.694663],[-73.902504,40.69469],[-73.902547,40.694717],[-73.902591,40.694745],[-73.902637,40.694773],[-73.902683,40.694801],[-73.90273,40.69483],[-73.902779,40.694859],[-73.902828,40.694889],[-73.902879,40.694918],[-73.90293,40.694949],[-73.902984,40.694979],[-73.904084,40.695602],[-73.911586,40.699814],[-73.914513,40.701432],[-73.91461,40.701485],[-73.914707,40.701538],[-73.914803,40.701592],[-73.9149,40.701646],[-73.914997,40.7017],[-73.915093,40.701756],[-73.91519,40.701811],[-73.915286,40.701867],[-73.915383,40.701924],[-73.915479,40.70198],[-73.915576,40.702038],[-73.915672,40.702096],[-73.915768,40.702154],[-73.915865,40.702213],[-73.915962,40.702272],[-73.918425,40.703811],[-73.922913,40.706607],[-73.923782,40.70715],[-73.923874,40.7072],[-73.923966,40.707246],[-73.924059,40.707287],[-73.924153,40.707324],[-73.924248,40.707357],[-73.924343,40.707385],[-73.924439,40.707409],[-73.924535,40.707428],[-73.924633,40.707443],[-73.924731,40.707453],[-73.924829,40.707459],[-73.924929,40.70746],[-73.925029,40.707457],[-73.92513,40.707449],[-73.92523,40.707436],[-73.933147,40.706152],[-73.933513,40.706094],[-73.933579,40.706084],[-73.933645,40.706075],[-73.933712,40.706067],[-73.93378,40.706059],[-73.933848,40.706053],[-73.933918,40.706047],[-73.933988,40.706042],[-73.934059,40.706038],[-73.93413,40.706035],[-73.934203,40.706033],[-73.934276,40.706032],[-73.93435,40.706031],[-73.934424,40.706032],[-73.9345,40.706033],[-73.934576,40.706036],[-73.934646,40.706038],[-73.934715,40.70604],[-73.934785,40.706041],[-73.934856,40.706042],[-73.934926,40.706041],[-73.934997,40.706039],[-73.935068,40.706037],[-73.935139,40.706033],[-73.93521,40.706029],[-73.935281,40.706023],[-73.935353,40.706017],[-73.935424,40.706009],[-73.935496,40.706001],[-73.935569,40.705991],[-73.93564,40.705981],[-73.937953,40.705534],[-73.938143,40.705505],[-73.938322,40.705488],[-73.938491,40.705485],[-73.938648,40.705495],[-73.938794,40.705518],[-73.938929,40.705554],[-73.939053,40.705604],[-73.939166,40.705667],[-73.939268,40.705743],[-73.939358,40.705833],[-73.939437,40.705936],[-73.939505,40.706052],[-73.939562,40.706181],[-73.939608,40.706324],[-73.939643,40.70648],[-73.93985,40.707739],[-73.940407,40.711087],[-73.940415,40.71114],[-73.940424,40.711193],[-73.940434,40.711246],[-73.940446,40.7113],[-73.940459,40.711355],[-73.940474,40.71141],[-73.94049,40.711465],[-73.940508,40.711521],[-73.940527,40.711577],[-73.940547,40.711634],[-73.940569,40.711691],[-73.940593,40.711749],[-73.940617,40.711807],[-73.940643,40.711866],[-73.94067,40.711926],[-73.941905,40.714383],[-73.941928,40.714429],[-73.941954,40.714472],[-73.941983,40.714511],[-73.942015,40.714547],[-73.94205,40.714579],[-73.942089,40.714607],[-73.942131,40.714632],[-73.942176,40.714653],[-73.942224,40.714671],[-73.942276,40.714685],[-73.942331,40.714695],[-73.942389,40.714702],[-73.94245,40.714705],[-73.942515,40.714704],[-73.942584,40.7147],[-73.944053,40.714565],[-73.94855,40.714136],[-73.948667,40.714124],[-73.948784,40.714113],[-73.9489,40.714103],[-73.949017,40.714094],[-73.949133,40.714086],[-73.949248,40.714079],[-73.949363,40.714073],[-73.949478,40.714068],[-73.949593,40.714064],[-73.949708,40.714061],[-73.949822,40.714059],[-73.949935,40.714058],[-73.950049,40.714058],[-73.950162,40.71406],[-73.950275,40.714063],[-73.951068,40.714065],[-73.951146,40.714065],[-73.951222,40.714068],[-73.951298,40.714074],[-73.951373,40.714083],[-73.951447,40.714094],[-73.95152,40.714108],[-73.951592,40.714125],[-73.951664,40.714145],[-73.951734,40.714168],[-73.951803,40.714193],[-73.951872,40.714221],[-73.95194,40.714252],[-73.952006,40.714286],[-73.952072,40.714323],[-73.952137,40.714362],[-73.956872,40.717304],[-73.972376,40.726957],[-73.972429,40.72699],[-73.972484,40.727022],[-73.97254,40.727055],[-73.972599,40.727089],[-73.97266,40.727122],[-73.972723,40.727156],[-73.972788,40.72719],[-73.972855,40.727224],[-73.972924,40.727259],[-73.972994,40.727293],[-73.973067,40.727328],[-73.973142,40.727364],[-73.973219,40.727399],[-73.973298,40.727435],[-73.973379,40.727471],[-73.981628,40.730953],[-73.986122,40.732849],[-73.99073,40.734789],[-73.996786,40.737335],[-74.002578,40.739777]]}},{"type":"Feature","id":"M:m-main:solo:0:d02ee1973197","properties":{"route_id":"M","canonical_route_id":"M","visual_route_id":"M","visual_route_normalization_reason":"identity","display_route":"M","shape_id":"M..N24R","source_shape_ids":["M..N24R","M..N35R","M..N37R","M..S24R","M..S35R","M..S37R"],"raw_route_ids":["M"],"raw_shape_ids":["M..N24R","M..N35R","M..N37R","M..S24R","M..S35R","M..S37R"],"visual_edge_ids":["m:M01-M04","m:M04-M05","m:M05-M06","m:M06-M08","m:M08-M09","m:M09-M10","m:M10-M11","m:M11-M12","m:M12-M13","m:M13-M14","m:M14-M16","m:M16-M18"],"edge_count":12,"from_stop_id":"M01","to_stop_id":"M18","from_stop_name":"Middle Village-Metropolitan Av","to_stop_name":"Delancey St-Essex St","edge_sequence":0,"edge_sequence_range":[0,0],"representative_edge_geometry_source":"M..N24R","representative_edge_geometry_sources":["M..N24R"],"edge_geometry_confidence":"high","visual_edge_metadata":[],"geometry_reversal_count":0,"internal_stitch_valid":true,"max_internal_snap_distance_m":0,"branch_representative_geometry_used":null,"branch_representative_warning":null,"canonical_direction_id":"mixed","canonical_direction_count":2,"collapsed_direction_count":2,"direction_collapse_reason":"visual-edge-direction-collapse","representative_shape_id":"M..N24R","canonical_feature_count":6,"color":"#EB6800","visual_family":"B-D-F-M","visual_branch_id":"m-main","raw_group_sequence":0,"group_sequence":0,"group_id":null,"merged_group_ids":[],"group_member_routes":[],"group_member_visual_routes":[],"group_lane_order":[],"group_lane_order_visual":[],"group_lane_count":1,"visual_lane_slot":0,"visual_z_order":110,"corridor_id":null,"segment_kind":"solo","render_style":"subway-ribbon-v1","source":"group-corridors","debug_id":"M:m-main:solo:0:d02ee1973197","feature_length_m":9525.27,"assignment_reason":"merged validated solo visual edges with compatible render state","handoff_node_id":"handoff-m-m-main--73.98744,40.71831","handoff_reason":"detected-corridor-entry","handoff_kind":"merge","handoff_from_group_id":null,"handoff_to_group_id":"group-b-d-f-m-b-d-m","handoff_from_lane_slot":0,"handoff_to_lane_slot":1.5,"start_handoff_node_id":"terminal-m-m-main-start","start_handoff_reason":"terminal","start_handoff_kind":"terminal","start_handoff_from_group_id":null,"start_handoff_to_group_id":null,"start_handoff_from_lane_slot":0,"start_handoff_to_lane_slot":0,"end_handoff_node_id":"handoff-m-m-main--73.98744,40.71831","end_handoff_reason":"detected-corridor-entry","end_handoff_kind":"merge","end_handoff_from_group_id":null,"end_handoff_to_group_id":"group-b-d-f-m-b-d-m","end_handoff_from_lane_slot":0,"end_handoff_to_lane_slot":1.5,"effective_render_key":"M|m-main|lane:0|z:110|color:#EB6800|kind:solo|style:subway-ribbon-v1","merged_debug_ids":["M:m-main:solo:0:2822e201d7ab","M:m-main:solo:0:baeec56fc06b","M:m-main:solo:0:04da8ed0d465","M:m-main:solo:0:84199fdd7c82","M:m-main:solo:0:21c56743c121","M:m-main:solo:0:4da995154856","M:m-main:solo:0:43c5c4d2591d","M:m-main:solo:0:94b7d477b53b","M:m-main:solo:0:0386f9820907","M:m-main:solo:0:0d6783e5014c","M:m-main:solo:0:ce81b74a4e4f","M:m-main:solo:0:98dee0657bab"]},"geometry":{"type":"LineString","coordinates":[[-73.889601,40.711396],[-73.889632,40.71133],[-73.889662,40.711264],[-73.88969,40.711201],[-73.889717,40.711139],[-73.889743,40.711079],[-73.889767,40.711022],[-73.889789,40.710966],[-73.88981,40.710912],[-73.88983,40.710861],[-73.889848,40.710811],[-73.889864,40.710763],[-73.889879,40.710717],[-73.889892,40.710673],[-73.889904,40.710631],[-73.889915,40.710591],[-73.889918,40.710579],[-73.88992,40.710567],[-73.889923,40.710555],[-73.889926,40.710544],[-73.889928,40.710532],[-73.88993,40.71052],[-73.889933,40.710508],[-73.889935,40.710496],[-73.889937,40.710484],[-73.88994,40.710472],[-73.889942,40.71046],[-73.889944,40.710449],[-73.889946,40.710437],[-73.889948,40.710425],[-73.88995,40.710413],[-73.889952,40.710401],[-73.889954,40.710389],[-73.889956,40.710376],[-73.889959,40.710364],[-73.889961,40.710352],[-73.889964,40.71034],[-73.889967,40.710328],[-73.889969,40.710316],[-73.889972,40.710304],[-73.889975,40.710292],[-73.889978,40.71028],[-73.889982,40.710268],[-73.889985,40.710257],[-73.889988,40.710245],[-73.889992,40.710233],[-73.890083,40.7099],[-73.890093,40.709866],[-73.890103,40.709831],[-73.890115,40.709797],[-73.890127,40.709763],[-73.890141,40.709729],[-73.890156,40.709695],[-73.890172,40.709661],[-73.89019,40.709627],[-73.890208,40.709594],[-73.890228,40.70956],[-73.890249,40.709527],[-73.890271,40.709493],[-73.890295,40.70946],[-73.890319,40.709427],[-73.890345,40.709394],[-73.892109,40.707479],[-73.892172,40.707419],[-73.892237,40.707361],[-73.892304,40.707306],[-73.892373,40.707254],[-73.892444,40.707203],[-73.892517,40.707155],[-73.892592,40.70711],[-73.89267,40.707067],[-73.89275,40.707026],[-73.892831,40.706988],[-73.892915,40.706952],[-73.893001,40.706919],[-73.893089,40.706888],[-73.89318,40.706859],[-73.893272,40.706833],[-73.895877,40.706186],[-73.903077,40.704423],[-73.906656,40.703548],[-73.906702,40.703536],[-73.906748,40.703523],[-73.906792,40.70351],[-73.906834,40.703495],[-73.906876,40.703478],[-73.906916,40.703461],[-73.906956,40.703443],[-73.906994,40.703423],[-73.907031,40.703402],[-73.907067,40.703381],[-73.907101,40.703358],[-73.907135,40.703334],[-73.907167,40.703309],[-73.907198,40.703282],[-73.907228,40.703255],[-73.90774,40.702762],[-73.910743,40.699825],[-73.91078,40.699792],[-73.910819,40.699761],[-73.910858,40.699732],[-73.910898,40.699705],[-73.91094,40.69968],[-73.910983,40.699656],[-73.911027,40.699634],[-73.911072,40.699614],[-73.911118,40.699596],[-73.911165,40.69958],[-73.911213,40.699565],[-73.911262,40.699553],[-73.911313,40.699542],[-73.911364,40.699533],[-73.911417,40.699526],[-73.912385,40.69943],[-73.919711,40.698664],[-73.927397,40.697857],[-73.933022,40.697229],[-73.93306,40.697223],[-73.933096,40.697217],[-73.933131,40.697209],[-73.933166,40.697201],[-73.933199,40.697191],[-73.933231,40.697181],[-73.933262,40.697169],[-73.933292,40.697157],[-73.933321,40.697143],[-73.933348,40.697129],[-73.933375,40.697113],[-73.933401,40.697097],[-73.933425,40.69708],[-73.933449,40.697061],[-73.933471,40.697042],[-73.933808,40.696684],[-73.933853,40.696649],[-73.9339,40.696619],[-73.933949,40.696593],[-73.933999,40.696572],[-73.934052,40.696556],[-73.934106,40.696544],[-73.934162,40.696538],[-73.93422,40.696536],[-73.93428,40.696538],[-73.934342,40.696546],[-73.934405,40.696558],[-73.934471,40.696575],[-73.934538,40.696597],[-73.934607,40.696623],[-73.934679,40.696654],[-73.935657,40.697207],[-73.941126,40.70026],[-73.941937,40.700727],[-73.941977,40.700751],[-73.942018,40.700775],[-73.942058,40.700799],[-73.942099,40.700824],[-73.942139,40.700848],[-73.942179,40.700873],[-73.942219,40.700898],[-73.942259,40.700922],[-73.942299,40.700948],[-73.942339,40.700973],[-73.942379,40.700998],[-73.942418,40.701024],[-73.942458,40.701049],[-73.942497,40.701075],[-73.942537,40.701101],[-73.942575,40.701127],[-73.942614,40.701153],[-73.942652,40.701178],[-73.942691,40.701203],[-73.94273,40.701229],[-73.94277,40.701254],[-73.942809,40.701279],[-73.942849,40.701303],[-73.942889,40.701328],[-73.942929,40.701352],[-73.942969,40.701377],[-73.94301,40.701401],[-73.943051,40.701425],[-73.943092,40.701448],[-73.943133,40.701472],[-73.947408,40.703869],[-73.951411,40.706102],[-73.951455,40.706126],[-73.951499,40.706149],[-73.951543,40.706172],[-73.951587,40.706194],[-73.951632,40.706216],[-73.951676,40.706237],[-73.951721,40.706258],[-73.951765,40.706278],[-73.95181,40.706298],[-73.951855,40.706317],[-73.9519,40.706336],[-73.951945,40.706354],[-73.95199,40.706372],[-73.952036,40.706389],[-73.952081,40.706406],[-73.953431,40.70687],[-73.957757,40.708359],[-73.959184,40.70885],[-73.95921,40.708861],[-73.959236,40.708871],[-73.95926,40.708882],[-73.959285,40.708894],[-73.959308,40.708905],[-73.959331,40.708917],[-73.959353,40.708929],[-73.959375,40.708941],[-73.959396,40.708954],[-73.959416,40.708966],[-73.959435,40.708979],[-73.959454,40.708992],[-73.959472,40.709006],[-73.95949,40.709019],[-73.959507,40.709033],[-73.960708,40.710006],[-73.960736,40.710027],[-73.960764,40.710047],[-73.960793,40.710066],[-73.960823,40.710085],[-73.960853,40.710103],[-73.960884,40.710121],[-73.960915,40.710138],[-73.960947,40.710154],[-73.960979,40.71017],[-73.961012,40.710185],[-73.961046,40.710199],[-73.96108,40.710213],[-73.961115,40.710226],[-73.96115,40.710239],[-73.961186,40.710251],[-73.978898,40.715626],[-73.984387,40.717289],[-73.984437,40.717304],[-73.984487,40.717319],[-73.984537,40.717335],[-73.984587,40.717352],[-73.984638,40.717368],[-73.984689,40.717385],[-73.984739,40.717403],[-73.984791,40.717421],[-73.984842,40.717439],[-73.984893,40.717458],[-73.984945,40.717478],[-73.984997,40.717497],[-73.985049,40.717517],[-73.985101,40.717538],[-73.985153,40.717559],[-73.985293,40.717615],[-73.985332,40.717631],[-73.985373,40.717647],[-73.985414,40.717663],[-73.985456,40.717679],[-73.985499,40.717695],[-73.985543,40.717711],[-73.985588,40.717728],[-73.985634,40.717744],[-73.985681,40.717761],[-73.985729,40.717777],[-73.985778,40.717794],[-73.985827,40.717811],[-73.985878,40.717827],[-73.985929,40.717844],[-73.985982,40.717861],[-73.987437,40.718315]]}},{"type":"Feature","id":"M:m-main:group:1:3fd599c8e454","properties":{"route_id":"M","canonical_route_id":"M","visual_route_id":"M","visual_route_normalization_reason":"identity","display_route":"M","shape_id":"M..N24R","source_shape_ids":["M..N24R","M..S24R"],"raw_route_ids":["M"],"raw_shape_ids":["M..N24R","M..S24R"],"visual_edge_ids":["m:D21-M18"],"edge_count":1,"from_stop_id":"M18","to_stop_id":"D21","from_stop_name":"Delancey St-Essex St","to_stop_name":"Broadway-Lafayette St","edge_sequence":12,"edge_sequence_range":[12,12],"representative_edge_geometry_source":"M..N24R","representative_edge_geometry_sources":["M..N24R"],"edge_geometry_confidence":"high","visual_edge_metadata":[],"geometry_reversal_count":0,"internal_stitch_valid":true,"max_internal_snap_distance_m":0,"branch_representative_geometry_used":null,"branch_representative_warning":null,"canonical_direction_id":"mixed","canonical_direction_count":2,"collapsed_direction_count":2,"direction_collapse_reason":"visual-edge-direction-collapse","representative_shape_id":"M..N24R","canonical_feature_count":2,"color":"#EB6800","visual_family":"B-D-F-M","visual_branch_id":"m-main","raw_group_sequence":12000,"group_sequence":1,"group_id":"group-b-d-f-m-b-d-m","merged_group_ids":["group-b-d-f-m-b-d-m"],"group_member_routes":["B","D","M"],"group_member_visual_routes":["B","D","M"],"group_lane_order":["B","D","M"],"group_lane_order_visual":["B","D","M"],"group_lane_count":3,"visual_lane_slot":1.5,"visual_z_order":111.5,"corridor_id":null,"segment_kind":"group","render_style":"subway-ribbon-v1","source":"group-corridors","debug_id":"M:m-main:group:1:3fd599c8e454","feature_length_m":1253.07,"assignment_reason":"grouped edge: local visual edge matched a derived corridor group","handoff_node_id":"handoff-m-m-main--73.99612,40.72545","handoff_reason":"station-adjacent-membership-change","handoff_kind":"membership-change","handoff_from_group_id":"group-b-d-f-m-b-d-m","handoff_to_group_id":"group-manual-6av-orange-trunk","handoff_from_lane_slot":1.5,"handoff_to_lane_slot":1.5,"start_handoff_node_id":"handoff-m-m-main--73.98744,40.71831","start_handoff_reason":"detected-corridor-entry","start_handoff_kind":"merge","start_handoff_from_group_id":null,"start_handoff_to_group_id":"group-b-d-f-m-b-d-m","start_handoff_from_lane_slot":0,"start_handoff_to_lane_slot":1.5,"end_handoff_node_id":"handoff-m-m-main--73.99612,40.72545","end_handoff_reason":"station-adjacent-membership-change","end_handoff_kind":"membership-change","end_handoff_from_group_id":"group-b-d-f-m-b-d-m","end_handoff_to_group_id":"group-manual-6av-orange-trunk","end_handoff_from_lane_slot":1.5,"end_handoff_to_lane_slot":1.5,"effective_render_key":"M|m-main|lane:1.5|z:111.5|color:#EB6800|kind:group|style:subway-ribbon-v1"},"geometry":{"type":"LineString","coordinates":[[-73.987437,40.718315],[-73.99081272950366,40.719513119846155],[-73.9909682864873,40.7195712611677],[-73.99111006719936,40.719636576594766],[-73.99124047277792,40.71970829318468],[-73.99135378900749,40.71978520720641],[-73.99145604033154,40.719869333947535],[-73.99154497150646,40.71995966859941],[-73.99162167932734,40.72005697204829],[-73.99168679294252,40.72016117442308],[-73.99173971079243,40.72027269875129],[-73.99178081418499,40.720392541169154],[-73.99181108130286,40.7205218713249],[-73.99182762876684,40.72065845187168],[-73.99183274132501,40.720804681438445],[-73.9918247952575,40.72095906225197],[-73.99180272566005,40.721121789521504],[-73.99164926678256,40.72206011786011],[-73.99149763285476,40.722895979335235],[-73.99148076240387,40.72301947078884],[-73.99147382316954,40.72314038151394],[-73.99147773122459,40.72325762243065],[-73.99149395657142,40.723372910329516],[-73.99152152238199,40.72348369290198],[-73.99156227121941,40.723591518048124],[-73.99161276902282,40.72369285799632],[-73.99167711377034,40.723792231495935],[-73.99175486355395,40.723886649940724],[-73.9918417840936,40.723973485977275],[-73.99194165843211,40.72405603106728],[-73.99205308622277,40.724133061690814],[-73.99217517067427,40.724203891736536],[-73.99230590188168,40.724268661530665],[-73.99244919834386,40.72432751190093],[-73.99612449221836,40.725447049903075]]}},{"type":"Feature","id":"M:m-main:group:2:aa90fff36366","properties":{"route_id":"M","canonical_route_id":"M","visual_route_id":"M","visual_route_normalization_reason":"identity","display_route":"M","shape_id":"M..N24R","source_shape_ids":["M..N24R","M..S24R"],"raw_route_ids":["M"],"raw_shape_ids":["M..N24R","M..S24R"],"visual_edge_ids":["m:D20-D21","m:D19-D20","m:D18-D19","m:D17-D18","m:D16-D17","m:D15-D16","m:B10-D15"],"edge_count":7,"from_stop_id":"D21","to_stop_id":"B10","from_stop_name":"Broadway-Lafayette St","to_stop_name":"57 St","edge_sequence":13,"edge_sequence_range":[13,13],"representative_edge_geometry_source":"M..N24R","representative_edge_geometry_sources":["M..N24R"],"edge_geometry_confidence":"high","visual_edge_metadata":[],"geometry_reversal_count":0,"internal_stitch_valid":true,"max_internal_snap_distance_m":0,"branch_representative_geometry_used":null,"branch_representative_warning":null,"canonical_direction_id":"mixed","canonical_direction_count":2,"collapsed_direction_count":2,"direction_collapse_reason":"visual-edge-direction-collapse","representative_shape_id":"M..N24R","canonical_feature_count":2,"color":"#EB6800","visual_family":"B-D-F-M","visual_branch_id":"m-main","raw_group_sequence":13000,"group_sequence":2,"group_id":"group-manual-6av-orange-trunk","merged_group_ids":["group-manual-6av-orange-trunk"],"group_member_routes":["B","D","F","M"],"group_member_visual_routes":["B","D","F","M"],"group_lane_order":["B","D","F","M"],"group_lane_order_visual":["B","D","F","M"],"group_lane_count":4,"visual_lane_slot":1.5,"visual_z_order":223,"corridor_id":"6av-orange-trunk","segment_kind":"group","render_style":"subway-ribbon-v1","source":"group-corridors","debug_id":"M:m-main:group:2:aa90fff36366","feature_length_m":5099.33,"assignment_reason":"merged validated visual edges with compatible render state","handoff_node_id":"handoff-m-m-main--73.97727,40.76389","handoff_reason":"station-adjacent-membership-change","handoff_kind":"membership-change","handoff_from_group_id":"group-manual-6av-orange-trunk","handoff_to_group_id":"group-b-d-f-m-f-m","handoff_from_lane_slot":1.5,"handoff_to_lane_slot":1.5,"start_handoff_node_id":"handoff-m-m-main--73.99612,40.72545","start_handoff_reason":"station-adjacent-membership-change","start_handoff_kind":"membership-change","start_handoff_from_group_id":"group-b-d-f-m-b-d-m","start_handoff_to_group_id":"group-manual-6av-orange-trunk","start_handoff_from_lane_slot":1.5,"start_handoff_to_lane_slot":1.5,"end_handoff_node_id":"handoff-m-m-main--73.97727,40.76389","end_handoff_reason":"station-adjacent-membership-change","end_handoff_kind":"membership-change","end_handoff_from_group_id":"group-manual-6av-orange-trunk","end_handoff_to_group_id":"group-b-d-f-m-f-m","end_handoff_from_lane_slot":1.5,"end_handoff_to_lane_slot":1.5,"effective_render_key":"M|m-main|lane:1.5|z:223|color:#EB6800|kind:group|style:subway-ribbon-v1","merged_debug_ids":["M:m-main:group:0:2372830c4238","M:m-main:group:0:8248959e94f9","M:m-main:group:0:cc2750af56e6","M:m-main:group:0:aa4deb1804be","M:m-main:group:0:6220c40c78ff","M:m-main:group:0:cf8da7ba06f0","M:m-main:group:0:bebfeacb76e9"]},"geometry":{"type":"LineString","coordinates":[[-73.99612449221836,40.725447049903075],[-73.99655792255204,40.7255859350955],[-73.99666083110083,40.7256218981446],[-73.9967681512272,40.725659660045906],[-73.9968708157248,40.72569745976742],[-73.99697509939077,40.72573619497693],[-73.9970746957168,40.72577490210909],[-73.99717613514125,40.725814072295336],[-73.99727147366313,40.72585321708868],[-73.99736982593146,40.72589336121994],[-73.99746406988513,40.725933216405096],[-73.99755548616936,40.7259736670529],[-73.99764677510473,40.72601490250101],[-73.99773790262003,40.7260565063687],[-73.99782421075481,40.726097781994305],[-73.99791230011326,40.7261403445051],[-73.99799744382236,40.72618243740762],[-74.00178468919535,40.72804856010916],[-74.00190431039006,40.728106351106696],[-74.00199639696902,40.72816044993155],[-74.00207381395053,40.728216783576315],[-74.00213958816897,40.72827575157976],[-74.00219528915984,40.72833873386555],[-74.0022397258128,40.728404085760396],[-74.00227465207202,40.72847360234887],[-74.00230025480177,40.728547847226245],[-74.00231523735351,40.728626215733726],[-74.00232211138591,40.72871289410246],[-74.00231771340788,40.72880337795487],[-74.00230291039934,40.72890028416046],[-74.00227635458788,40.72900390191091],[-74.00223912316741,40.72911439932495],[-74.00219114596796,40.72923123719511],[-74.00135488536648,40.73075807955885],[-74.00134047646708,40.730785720401734],[-74.0013274335299,40.73080991177572],[-74.0013134334417,40.730835911796134],[-74.00130057391151,40.73085883505785],[-74.00128648692761,40.730883228749796],[-74.00127033635239,40.73091226068103],[-74.00125761273948,40.730932661983026],[-74.00124161265042,40.73095866200496],[-74.00122434453425,40.73098776157373],[-74.00121080111735,40.73100821267537],[-74.00119241618623,40.73103737079565],[-74.0011765427809,40.73106108912338],[-74.00115854268789,40.731088089146965],[-74.00113916957234,40.731118186282984],[-74.0011237158321,40.73113991681064],[-74.0003281107868,40.732233962604695],[-74.00031064745482,40.73225657154242],[-74.00029264737147,40.73228057156435],[-73.99959264403,40.73324257244311],[-73.99602462699376,40.73814657692317],[-73.9926366108361,40.74279658117183],[-73.98763858705841,40.749637587423535],[-73.98438457140264,40.754140591539375],[-73.98114455595903,40.75858159559912],[-73.97951654820291,40.7608115976379],[-73.97726553749247,40.7638906004531]]}},{"type":"Feature","id":"M:m-main:group:3:0aaae6c722e8","properties":{"route_id":"M","canonical_route_id":"M","visual_route_id":"M","visual_route_normalization_reason":"identity","display_route":"M","shape_id":"M..N24R","source_shape_ids":["M..N24R","M..S24R"],"raw_route_ids":["M"],"raw_shape_ids":["M..N24R","M..S24R"],"visual_edge_ids":["m:B08-B10","m:B06-B08","m:B04-B06","m:B04-G20","m:G19-G20","m:G18-G19","m:G16-G18","m:G15-G16","m:G14-G15","m:G13-G14","m:G12-G13","m:G11-G12","m:G10-G11","m:G09-G10","m:G08-G09"],"edge_count":15,"from_stop_id":"B10","to_stop_id":"G08","from_stop_name":"57 St","to_stop_name":"Forest Hills-71 Av","edge_sequence":20,"edge_sequence_range":[20,20],"representative_edge_geometry_source":"M..N24R","representative_edge_geometry_sources":["M..N24R"],"edge_geometry_confidence":"high","visual_edge_metadata":[],"geometry_reversal_count":0,"internal_stitch_valid":true,"max_internal_snap_distance_m":0,"branch_representative_geometry_used":null,"branch_representative_warning":null,"canonical_direction_id":"mixed","canonical_direction_count":2,"collapsed_direction_count":2,"direction_collapse_reason":"visual-edge-direction-collapse","representative_shape_id":"M..N24R","canonical_feature_count":2,"color":"#EB6800","visual_family":"B-D-F-M","visual_branch_id":"m-main","raw_group_sequence":20000,"group_sequence":3,"group_id":"group-b-d-f-m-f-m","merged_group_ids":["group-b-d-f-m-f-m"],"group_member_routes":["F","M"],"group_member_visual_routes":["F","M"],"group_lane_order":["F","M"],"group_lane_order_visual":["F","M"],"group_lane_count":2,"visual_lane_slot":1.5,"visual_z_order":111.5,"corridor_id":null,"segment_kind":"group","render_style":"subway-ribbon-v1","source":"group-corridors","debug_id":"M:m-main:group:3:0aaae6c722e8","feature_length_m":13677.79,"assignment_reason":"merged validated visual edges with compatible render state","handoff_node_id":"handoff-m-m-main--73.97727,40.76389","handoff_reason":"station-adjacent-membership-change","handoff_kind":"membership-change","handoff_from_group_id":"group-manual-6av-orange-trunk","handoff_to_group_id":"group-b-d-f-m-f-m","handoff_from_lane_slot":1.5,"handoff_to_lane_slot":1.5,"start_handoff_node_id":"handoff-m-m-main--73.97727,40.76389","start_handoff_reason":"station-adjacent-membership-change","start_handoff_kind":"membership-change","start_handoff_from_group_id":"group-manual-6av-orange-trunk","start_handoff_to_group_id":"group-b-d-f-m-f-m","start_handoff_from_lane_slot":1.5,"start_handoff_to_lane_slot":1.5,"end_handoff_node_id":"terminal-m-m-main-end","end_handoff_reason":"terminal","end_handoff_kind":"terminal","end_handoff_from_group_id":"group-b-d-f-m-f-m","end_handoff_to_group_id":null,"end_handoff_from_lane_slot":1.5,"end_handoff_to_lane_slot":0,"effective_render_key":"M|m-main|lane:1.5|z:111.5|color:#EB6800|kind:group|style:subway-ribbon-v1","merged_debug_ids":["M:m-main:group:0:11bf4938ccca","M:m-main:group:0:e9a0d6dfd062","M:m-main:group:0:cb89a40f7f23","M:m-main:group:0:da78193fb4cb","M:m-main:group:0:7d7ec290f349","M:m-main:group:0:b3e157d1ebee","M:m-main:group:0:1c835cff0c06","M:m-main:group:0:95731997752d","M:m-main:group:0:c5db24915666","M:m-main:group:0:0ddd5655b988","M:m-main:group:0:65c7c5436734","M:m-main:group:0:1a1ff2064aea","M:m-main:group:0:2e6d98a959ab","M:m-main:group:0:cc320304d75e","M:m-main:group:0:bd40f00abc94"]},"geometry":{"type":"LineString","coordinates":[[-73.97726553749247,40.7638906004531],[-73.97563255279844,40.766295339073075],[-73.97542955277129,40.76649833907329],[-73.975209552748,40.76667233907347],[-73.97497855272819,40.766820339073625],[-73.97473555271159,40.76694433907376],[-73.97448255269835,40.76704333907386],[-73.97421755268832,40.767118339073946],[-73.97394055268175,40.76716733907399],[-73.97365355267854,40.76719133907402],[-73.97335455267869,40.76719033907402],[-73.97304455268203,40.767165339074],[-73.97272255268886,40.76711433907394],[-73.97238955269889,40.76703933907386],[-73.9720455527124,40.766938339073754],[-73.97169055272913,40.76681333907362],[-73.97132555274892,40.76666533907346],[-73.96610855304304,40.764467339071146],[-73.9645535531308,40.76381133907045],[-73.95770255351674,40.76092633906741],[-73.95766155351902,40.76090933906739],[-73.95762055352141,40.76089133906737],[-73.95758055352368,40.76087433906735],[-73.95754055352596,40.760857339067336],[-73.9575015535281,40.76084133906732],[-73.95746355353039,40.760824339067305],[-73.95742655353253,40.76080833906728],[-73.95738955353465,40.760792339067265],[-73.95735255353681,40.760776339067256],[-73.95731755353894,40.76076033906723],[-73.95728255354095,40.76074533906722],[-73.95724855354295,40.7607303390672],[-73.95721455354496,40.76071533906719],[-73.95718155354696,40.76070033906717],[-73.95714955354897,40.76068533906715],[-73.95325555377663,40.75898333906535],[-73.94777955410052,40.756561339062806],[-73.94773355410321,40.756541339062785],[-73.94768655410601,40.75652033906276],[-73.94764055410882,40.75649933906274],[-73.94759555411162,40.75647833906271],[-73.94754955411456,40.756456339062694],[-73.94750455411737,40.75643533906267],[-73.94745955412031,40.75641333906265],[-73.94741455412326,40.756391339062624],[-73.9473695541262,40.7563693390626],[-73.94732455412928,40.756346339062574],[-73.94728055413235,40.75632333906255],[-73.94723555413542,40.75630033906253],[-73.94719155413851,40.75627733906251],[-73.94714855414158,40.75625433906248],[-73.94710455414479,40.756230339062455],[-73.94283155443749,40.754041339060144],[-73.94181955450728,40.753519339059594],[-73.94176355451101,40.753491339059565],[-73.94170755451489,40.75346233905954],[-73.9416515545189,40.7534323390595],[-73.94159555452278,40.753403339059474],[-73.94153955452678,40.75337333905944],[-73.94148355453068,40.75334433905941],[-73.94142755453468,40.75331433905938],[-73.9413715545387,40.75328433905934],[-73.94131555454271,40.75325433905932],[-73.94126055454672,40.75322433905928],[-73.94120455455086,40.75319333905925],[-73.94114955455487,40.75316333905921],[-73.94109455455902,40.753132339059185],[-73.94103855456302,40.753102339059154],[-73.94098355456704,40.75307233905912],[-73.93668555487291,40.75078433905671],[-73.93654355488293,40.75070933905663],[-73.93640055489121,40.75064733905656],[-73.9362575548979,40.75059733905652],[-73.93611455490286,40.75056033905648],[-73.93597055490619,40.75053533905645],[-73.93582755490793,40.75052233905643],[-73.93568355490792,40.75052233905643],[-73.93553955490631,40.75053433905644],[-73.93539555490312,40.750558339056475],[-73.93525055489816,40.75059533905651],[-73.93510655489163,40.750644339056564],[-73.93496155488347,40.75070533905663],[-73.93481655487358,40.750779339056706],[-73.93467155486208,40.750865339056794],[-73.93452755484898,40.7509633390569],[-73.9343265548312,40.75109633905704],[-73.93411755481489,40.75121833905717],[-73.93390055480005,40.751329339057285],[-73.93367755478668,40.75142933905739],[-73.93344655477479,40.75151833905748],[-73.93320755476435,40.75159633905757],[-73.93296155475554,40.75166233905764],[-73.93270855474806,40.751718339057696],[-73.93244755474217,40.75176233905774],[-73.93217955473776,40.75179533905777],[-73.93190355473483,40.7518173390578],[-73.93162255473335,40.75182833905781],[-73.9287765547268,40.75187733905787],[-73.92655855472212,40.7519123390579],[-73.92644003689763,40.75191648023044],[-73.92632633027077,40.75192158909097],[-73.92621113244084,40.75192887150232],[-73.92609941638644,40.75193705758614],[-73.92598533750724,40.75194747688208],[-73.92587455762722,40.75195874595526],[-73.92576219880299,40.75197234429528],[-73.92565333873848,40.751986706891564],[-73.92554290744505,40.75200347923936],[-73.92543538831731,40.752020875085556],[-73.9253284579046,40.752039365875326],[-73.92522000151169,40.75206036762382],[-73.92511254988979,40.75208348461391],[-73.92500855175547,40.75210714927062],[-73.9249071048934,40.75213002392143],[-73.92479580514103,40.752157030968846],[-73.92468326692881,40.75218825762278],[-73.92457175407486,40.752224758952366],[-73.9244619516414,40.75226737277953],[-73.9243596372808,40.75231224725422],[-73.92425941860813,40.75236204910792],[-73.924164388299,40.75241482199922],[-73.92407042979778,40.75247436755838],[-73.92398315805528,40.75253593351681],[-73.92389901016665,40.75260282233291],[-73.92381954203742,40.752673118951314],[-73.9237437680634,40.75274745715186],[-73.9236718103223,40.75282672265722],[-73.9236046152842,40.75290999495708],[-73.9235427978576,40.752991609807104],[-73.92138106879739,40.75577194253158],[-73.92137056568257,40.755785593043065],[-73.9213604005944,40.755799126847194],[-73.92135156981342,40.75581030138089],[-73.92134056554696,40.755824593078714],[-73.9213272587359,40.75584305256456],[-73.92132056967071,40.75585130141855],[-73.921309569622,40.75586530143138],[-73.92130196644416,40.75587394590726],[-73.92128339696787,40.755898479722575],[-73.92127544349306,40.7559081990752],[-73.92126344344081,40.755923199089025],[-73.92125121066061,40.75593824742864],[-73.92123540003873,40.755959126992494],[-73.92122621054902,40.7559702474583],[-73.92121321049328,40.75598624747306],[-73.92055809358787,40.75679438879789],[-73.91966808977807,40.757887389808126],[-73.9195310893075,40.758022389932904],[-73.919386088938,40.758128390030876],[-73.91923508862428,40.75821839011407],[-73.91908008836285,40.75829339018339],[-73.91891908815718,40.758352390237924],[-73.91875408800381,40.75839639027859],[-73.91858308790272,40.7584253903054],[-73.9184080878574,40.75843839031741],[-73.91822708786786,40.75843539031464],[-73.9180420879306,40.758417390298],[-73.91785108804564,40.758384390267494],[-73.91765608821645,40.75833539022221],[-73.91745608843954,40.75827139016305],[-73.9172500887184,40.75819139008911],[-73.91704008904605,40.75809739000222],[-73.91465209308595,40.75693838893098],[-73.9146160931487,40.75692038891435],[-73.91458009321143,40.75690238889772],[-73.91454409327417,40.756884388881076],[-73.91450909333692,40.756866388864445],[-73.91447309339965,40.7568483888478],[-73.9144370934624,40.75683038883117],[-73.91440109352165,40.75681338881546],[-73.9143650935844,40.75679538879882],[-73.91432909364364,40.75677838878311],[-73.9142930937029,40.7567613887674],[-73.91425709376216,40.756744388751684],[-73.91422209382141,40.75672738873597],[-73.91418609388066,40.75671038872026],[-73.91415009393643,40.756694388705476],[-73.91411309399568,40.75667738868976],[-73.91315109556415,40.75622738827385],[-73.9087531027682,40.754160386363516],[-73.90660410633683,40.75313638541718],[-73.90582410750775,40.75280038510667],[-73.89827111871415,40.749584382134806],[-73.89115612925335,40.746559379339736],[-73.88496713844292,40.74392137690247],[-73.8849221385091,40.74390237688491],[-73.88487713857877,40.74388237686644],[-73.88483313864495,40.743863376848886],[-73.88478913871461,40.743843376830405],[-73.8847461387808,40.74382437681285],[-73.88470313884699,40.7438053767953],[-73.88466113891317,40.74378637677775],[-73.88461913898283,40.74376637675927],[-73.88457813904901,40.743747376741716],[-73.8845371391152,40.743728376724164],[-73.88449713918139,40.74370937670661],[-73.88445713924757,40.74369037668905],[-73.88441813931375,40.7436713766715],[-73.88437913937993,40.743652376653955],[-73.88434113944611,40.743633376636396],[-73.88273514218042,40.74284837591118],[-73.88266414230581,40.74281237587792],[-73.88259314242771,40.742777375845584],[-73.88252414254963,40.74274237581325],[-73.88245714267153,40.74270737578092],[-73.88239214278649,40.74267437575043],[-73.88232814290141,40.74264137571994],[-73.88226614301635,40.74260837568946],[-73.88220614312783,40.742576375659894],[-73.8821481432358,40.74254537563125],[-73.88209114334377,40.74251437560262],[-73.88203614344826,40.742484375574904],[-73.88198314355276,40.74245437554719],[-73.88193214365377,40.7424253755204],[-73.88188214375128,40.742397375494534],[-73.88183514384882,40.74236937546867],[-73.88176314398466,40.74233037543264],[-73.88169214412049,40.742291375396604],[-73.88162114425633,40.74225237536058],[-73.88155014439913,40.742211375322704],[-73.88148014453846,40.74217137528574],[-73.88141014468125,40.742130375247875],[-73.88134114482754,40.74208837520907],[-73.88127114497382,40.742046375170275],[-73.8812021451236,40.74200337513055],[-73.88113414527336,40.74196037509082],[-73.88106514542662,40.74191637505018],[-73.88099714557987,40.74187237500953],[-73.88093014573312,40.741828374968875],[-73.88086214588985,40.74178337492731],[-73.88079514605006,40.74173737488481],[-73.87924015007971,40.740580373816],[-73.87917515025732,40.74052937376889],[-73.87911315044191,40.74047637371993],[-73.87905315063345,40.74042137366912],[-73.87899315083197,40.740364373616465],[-73.87893515104092,40.74030437356104],[-73.87887815126034,40.74024137350285],[-73.8788221514867,40.7401763734428],[-73.87876815172005,40.74010937338091],[-73.87871515196383,40.74003937331625],[-73.87866315221459,40.73996737324973],[-73.87861215247578,40.73989237318046],[-73.87856215274394,40.73981537310932],[-73.87851415301907,40.73973637303635],[-73.87846715330464,40.73965437296061],[-73.87842015359718,40.73957037288301],[-73.87704116279053,40.736930370444455],[-73.87687316385255,40.73662537016274],[-73.87676916453505,40.73642936998171],[-73.87665216518617,40.73624236980899],[-73.87652316580945,40.73606336964366],[-73.87638016640834,40.7358913694848],[-73.87622316697937,40.73572736933332],[-73.87605416752604,40.73557036918831],[-73.87587216804134,40.73542236905161],[-73.87567716853576,40.73528036892046],[-73.87546816899884,40.73514736879763],[-73.87524716943754,40.73502136868125],[-73.87501216984839,40.73490336857227],[-73.87476517023487,40.73479236846975],[-73.87450417059,40.73469036837554],[-73.87423017092425,40.73459436828688],[-73.87394417122367,40.73450836820744],[-73.87074117451378,40.73356336733468],[-73.87062317463216,40.73352936730328],[-73.870506174754,40.73349436727095],[-73.87038917487585,40.73345936723863],[-73.87027217499771,40.733424367206304],[-73.87015717512304,40.73338836717305],[-73.87004217524837,40.73335236713981],[-73.8699291753737,40.73331636710656],[-73.86981617549904,40.73328036707331],[-73.86970317562785,40.733243367039144],[-73.8695921757532,40.73320736700589],[-73.869481175882,40.73317036697172],[-73.86937217601081,40.73313336693755],[-73.86926317613963,40.73309636690338],[-73.86915417626845,40.73305936686921],[-73.86904717640074,40.733021366834116],[-73.86888017662703,40.73295636677408],[-73.86871617685681,40.732890366713136],[-73.86855517708656,40.732824366652174],[-73.86839717731982,40.7327573665903],[-73.86824317755656,40.7326893665275],[-73.86809217779329,40.732621366464706],[-73.86794517803003,40.7325533664019],[-73.86780217827372,40.732483366337256],[-73.86766117851393,40.73241436627353],[-73.86752517875762,40.73234436620889],[-73.86739117900478,40.73227336614332],[-73.86726217925197,40.73220236607774],[-73.86713517950261,40.73213036601125],[-73.86701217975326,40.73205836594476],[-73.8668911800074,40.73198536587734],[-73.86676318028242,40.73190636580439],[-73.86663018055047,40.73182936573328],[-73.86649418081504,40.731753365663096],[-73.86635318107614,40.73167836559383],[-73.86620818133721,40.73160336552456],[-73.86605918159484,40.73152936545623],[-73.86590518184894,40.731456365388816],[-73.86574818209961,40.73138436532232],[-73.86558618235024,40.73131236525583],[-73.86542018259391,40.731242365191186],[-73.86524918283759,40.73117236512655],[-73.86507518308127,40.7311023650619],[-73.86489618331798,40.731034364999104],[-73.8647131835547,40.73096636493631],[-73.86452818378444,40.73090036487535],[-73.86142218774926,40.72976136382354],[-73.85419619690332,40.727131361394996],[-73.8541001970321,40.727094361360834],[-73.85400219716087,40.72705736132667],[-73.8539031972966,40.72701836129066],[-73.8538011974393,40.7269773612528],[-73.85369719758201,40.726936361214946],[-73.85359119773514,40.726892361174315],[-73.85348319788828,40.72684836113369],[-73.85337219804836,40.72680236109121],[-73.85326019821542,40.72675436104689],[-73.85314519838595,40.72670536100165],[-73.85302819855998,40.72665536095548],[-73.85290919874096,40.72660336090747],[-73.85278719892541,40.72655036085853],[-73.85266419911682,40.726495360807746],[-73.8525371993152,40.72643836075512],[-73.85235619959361,40.72635836068125],[-73.85217719988945,40.72627336060276],[-73.85200320019223,40.72618636052243],[-73.85183320050544,40.726096360439335],[-73.85166720082215,40.726005360355316],[-73.85150620115276,40.7259103602676],[-73.85134820148686,40.72581436017896],[-73.8511952018314,40.72571536008755],[-73.8510462021829,40.725614359994296],[-73.85090120254135,40.725511359899194],[-73.85076020291024,40.72540535980132],[-73.85062320328609,40.72529735970161],[-73.8504912036689,40.72518735960004],[-73.85036220406215,40.72507435949571],[-73.85023620445888,40.72496035939046],[-73.85007020500174,40.72480435924642],[-73.84990220553766,40.72465035910424],[-73.84973020606314,40.72449935896482],[-73.84955420657816,40.72435135882817],[-73.8493742070793,40.72420735869522],[-73.84919020756995,40.72406635856504],[-73.84900220805017,40.72392835843763],[-73.84881120851993,40.72379335831299],[-73.8486152089758,40.723662358192044],[-73.84841620942468,40.72353335807294],[-73.84821220985967,40.72340835795753],[-73.84800521028419,40.7232863578449],[-73.8477932106948,40.72316835773596],[-73.84757821109844,40.723052357628866],[-73.8473592114847,40.72294135752638],[-73.844521,40.721691]]}},{"type":"Feature","id":"N:n-main:solo:0:6cf6ff1fbe7f","properties":{"route_id":"N","canonical_route_id":"N","visual_route_id":"N","visual_route_normalization_reason":"identity","display_route":"N","shape_id":"N..N20R","source_shape_ids":["N..N16R","N..N20R","N..N23R","N..N31R","N..S16R","N..S20R","N..S27R","N..S31R"],"raw_route_ids":["N"],"raw_shape_ids":["N..N16R","N..N20R","N..N23R","N..N31R","N..S16R","N..S20R","N..S27R","N..S31R"],"visual_edge_ids":["n:D43-N10"],"edge_count":1,"from_stop_id":"D43","to_stop_id":"N10","from_stop_name":"Coney Island-Stillwell Av","to_stop_name":"86 St","edge_sequence":0,"edge_sequence_range":[0,0],"representative_edge_geometry_source":"N..N20R","representative_edge_geometry_sources":["N..N20R"],"edge_geometry_confidence":"high","visual_edge_metadata":[],"geometry_reversal_count":0,"internal_stitch_valid":true,"max_internal_snap_distance_m":0,"branch_representative_geometry_used":null,"branch_representative_warning":null,"canonical_direction_id":"mixed","canonical_direction_count":2,"collapsed_direction_count":2,"direction_collapse_reason":"visual-edge-direction-collapse","representative_shape_id":"N..N20R","canonical_feature_count":8,"color":"#F6BC26","visual_family":"N-Q-R-W","visual_branch_id":"n-main","raw_group_sequence":0,"group_sequence":0,"group_id":null,"merged_group_ids":[],"group_member_routes":[],"group_member_visual_routes":[],"group_lane_order":[],"group_lane_order_visual":[],"group_lane_count":1,"visual_lane_slot":0,"visual_z_order":140,"corridor_id":null,"segment_kind":"solo","render_style":"subway-ribbon-v1","source":"group-corridors","debug_id":"N:n-main:solo:0:6cf6ff1fbe7f","feature_length_m":1743.67,"assignment_reason":"solo edge: no active corridor group for this local visual edge","handoff_node_id":"handoff-n-n-main--73.97823,40.59272","handoff_reason":"detected-corridor-entry","handoff_kind":"merge","handoff_from_group_id":null,"handoff_to_group_id":"group-n-q-r-w-n-w","handoff_from_lane_slot":0,"handoff_to_lane_slot":-1.5,"start_handoff_node_id":"terminal-n-n-main-start","start_handoff_reason":"terminal","start_handoff_kind":"terminal","start_handoff_from_group_id":null,"start_handoff_to_group_id":null,"start_handoff_from_lane_slot":0,"start_handoff_to_lane_slot":0,"end_handoff_node_id":"handoff-n-n-main--73.97823,40.59272","end_handoff_reason":"detected-corridor-entry","end_handoff_kind":"merge","end_handoff_from_group_id":null,"end_handoff_to_group_id":"group-n-q-r-w-n-w","end_handoff_from_lane_slot":0,"end_handoff_to_lane_slot":-1.5,"effective_render_key":"N|n-main|lane:0|z:140|color:#F6BC26|kind:solo|style:subway-ribbon-v1"},"geometry":{"type":"LineString","coordinates":[[-73.981233,40.577422],[-73.981401,40.578309],[-73.981405,40.578339],[-73.981409,40.57837],[-73.981412,40.5784],[-73.981414,40.578429],[-73.981415,40.578459],[-73.981416,40.578488],[-73.981415,40.578518],[-73.981414,40.578546],[-73.981413,40.578575],[-73.98141,40.578604],[-73.981407,40.578632],[-73.981403,40.57866],[-73.981398,40.578688],[-73.981392,40.578716],[-73.981386,40.578743],[-73.981382,40.578767],[-73.981379,40.578792],[-73.981376,40.578816],[-73.981373,40.578841],[-73.981371,40.578866],[-73.98137,40.578891],[-73.981368,40.578916],[-73.981368,40.578942],[-73.981367,40.578968],[-73.981367,40.578993],[-73.981368,40.57902],[-73.981369,40.579046],[-73.98137,40.579072],[-73.981372,40.579099],[-73.981373,40.579126],[-73.98146,40.580445],[-73.98146,40.580478],[-73.98146,40.580511],[-73.981458,40.580544],[-73.981456,40.580576],[-73.981453,40.580609],[-73.981448,40.580641],[-73.981443,40.580672],[-73.981437,40.580704],[-73.981429,40.580735],[-73.981421,40.580765],[-73.981412,40.580796],[-73.981401,40.580826],[-73.98139,40.580855],[-73.981377,40.580885],[-73.981364,40.580914],[-73.981208,40.581268],[-73.98119,40.581303],[-73.981173,40.581337],[-73.981156,40.58137],[-73.98114,40.581402],[-73.981123,40.581434],[-73.981107,40.581465],[-73.981091,40.581495],[-73.981075,40.581525],[-73.981059,40.581553],[-73.981044,40.581581],[-73.981028,40.581608],[-73.981013,40.581635],[-73.980998,40.58166],[-73.980983,40.581685],[-73.980968,40.581709],[-73.98095,40.581736],[-73.980933,40.581762],[-73.980917,40.581789],[-73.980901,40.581815],[-73.980885,40.581841],[-73.98087,40.581868],[-73.980855,40.581894],[-73.980841,40.58192],[-73.980827,40.581946],[-73.980814,40.581972],[-73.980801,40.581998],[-73.980789,40.582024],[-73.980777,40.58205],[-73.980766,40.582075],[-73.980756,40.582101],[-73.980134,40.583547],[-73.980124,40.583571],[-73.980114,40.583595],[-73.980104,40.583619],[-73.980095,40.583643],[-73.980085,40.583668],[-73.980075,40.583693],[-73.980066,40.583718],[-73.980056,40.583743],[-73.980047,40.583768],[-73.980038,40.583793],[-73.980028,40.583818],[-73.980019,40.583844],[-73.98001,40.58387],[-73.980001,40.583896],[-73.979992,40.583922],[-73.978868,40.587474],[-73.978861,40.587495],[-73.978854,40.587517],[-73.978848,40.587538],[-73.978841,40.587559],[-73.978835,40.58758],[-73.978829,40.587601],[-73.978823,40.587622],[-73.978817,40.587642],[-73.978812,40.587663],[-73.978806,40.587683],[-73.978801,40.587703],[-73.978796,40.587723],[-73.978791,40.587743],[-73.978786,40.587763],[-73.978782,40.587783],[-73.978697,40.588129],[-73.97869,40.588163],[-73.978682,40.588196],[-73.978674,40.588229],[-73.978665,40.588263],[-73.978656,40.588295],[-73.978647,40.588328],[-73.978638,40.588361],[-73.978628,40.588393],[-73.978618,40.588425],[-73.978607,40.588457],[-73.978597,40.588489],[-73.978585,40.588521],[-73.978574,40.588553],[-73.978562,40.588584],[-73.978551,40.588616],[-73.978329,40.589237],[-73.978235,40.589592],[-73.97819,40.589744],[-73.978151,40.589895],[-73.978117,40.590044],[-73.978087,40.59019],[-73.978061,40.590335],[-73.978039,40.590478],[-73.978022,40.590619],[-73.978009,40.590758],[-73.978,40.590896],[-73.977995,40.591031],[-73.977995,40.591164],[-73.977999,40.591296],[-73.978007,40.591425],[-73.978019,40.591553],[-73.978036,40.591679],[-73.97823,40.592721]]}},{"type":"Feature","id":"N:n-main:group:1:3b97f14ea685","properties":{"route_id":"N","canonical_route_id":"N","visual_route_id":"N","visual_route_normalization_reason":"identity","display_route":"N","shape_id":"N..N20R","source_shape_ids":["N..N16R","N..N20R","N..N23R","N..N31R","N..N35R","N..S16R","N..S20R","N..S27R","N..S31R"],"raw_route_ids":["N"],"raw_shape_ids":["N..N16R","N..N20R","N..N23R","N..N31R","N..N35R","N..S16R","N..S20R","N..S27R","N..S31R"],"visual_edge_ids":["n:N09-N10","n:N08-N09","n:N07-N08","n:N06-N07","n:N05-N06","n:N04-N05","n:N03-N04","n:N02-N03","n:N02-R41","n:R40-R41","n:R39-R40","n:R36-R39","n:R35-R36","n:R34-R35","n:R33-R34","n:R32-R33"],"edge_count":16,"from_stop_id":"N10","to_stop_id":"R32","from_stop_name":"86 St","to_stop_name":"Union St","edge_sequence":1,"edge_sequence_range":[1,1],"representative_edge_geometry_source":"N..N20R","representative_edge_geometry_sources":["N..N20R"],"edge_geometry_confidence":"high","visual_edge_metadata":[],"geometry_reversal_count":0,"internal_stitch_valid":true,"max_internal_snap_distance_m":0,"branch_representative_geometry_used":null,"branch_representative_warning":null,"canonical_direction_id":"mixed","canonical_direction_count":2,"collapsed_direction_count":2,"direction_collapse_reason":"visual-edge-direction-collapse","representative_shape_id":"N..N20R","canonical_feature_count":9,"color":"#F6BC26","visual_family":"N-Q-R-W","visual_branch_id":"n-main","raw_group_sequence":1000,"group_sequence":1,"group_id":"group-n-q-r-w-n-w","merged_group_ids":["group-n-q-r-w-n-w","group-n-q-r-w-n-r-w"],"group_member_routes":["N","R","W"],"group_member_visual_routes":["N","R","W"],"group_lane_order":["N","R","W"],"group_lane_order_visual":["N","R","W"],"group_lane_count":3,"visual_lane_slot":-1.5,"visual_z_order":138.5,"corridor_id":null,"segment_kind":"group","render_style":"subway-ribbon-v1","source":"group-corridors","debug_id":"N:n-main:group:1:3b97f14ea685","feature_length_m":12143.91,"assignment_reason":"merged validated visual edges with compatible render state","handoff_node_id":"handoff-n-n-main--73.98311,40.67732","handoff_reason":"station-adjacent-membership-change","handoff_kind":"membership-change","handoff_from_group_id":"group-n-q-r-w-n-w","handoff_to_group_id":"group-manual-dekalb-atlantic","handoff_from_lane_slot":-1.5,"handoff_to_lane_slot":-1.1,"start_handoff_node_id":"handoff-n-n-main--73.97823,40.59272","start_handoff_reason":"detected-corridor-entry","start_handoff_kind":"merge","start_handoff_from_group_id":null,"start_handoff_to_group_id":"group-n-q-r-w-n-w","start_handoff_from_lane_slot":0,"start_handoff_to_lane_slot":-1.5,"end_handoff_node_id":"handoff-n-n-main--73.98311,40.67732","end_handoff_reason":"station-adjacent-membership-change","end_handoff_kind":"membership-change","end_handoff_from_group_id":"group-n-q-r-w-n-w","end_handoff_to_group_id":"group-manual-dekalb-atlantic","end_handoff_from_lane_slot":-1.5,"end_handoff_to_lane_slot":-1.1,"effective_render_key":"N|n-main|lane:-1.5|z:138.5|color:#F6BC26|kind:group|style:subway-ribbon-v1","merged_debug_ids":["N:n-main:group:0:9c8ae3ec8961","N:n-main:group:0:04ef37ee93f0","N:n-main:group:0:ff59c24cdc60","N:n-main:group:0:8d0b788a511f","N:n-main:group:0:c32d6a8ebdc4","N:n-main:group:0:5f2a86f64f60","N:n-main:group:0:5ee773aadabb","N:n-main:group:0:f5ef2f48dbd3","N:n-main:group:0:758d6c126c28","N:n-main:group:0:584fca3efb05","N:n-main:group:0:5e9fb933863e","N:n-main:group:0:4c5a9221cb0c","N:n-main:group:0:0b6987bc3d9b","N:n-main:group:0:5545d8409083","N:n-main:group:0:85f589d08d52","N:n-main:group:0:93aef46ee370"]},"geometry":{"type":"LineString","coordinates":[[-73.97823,40.592721],[-73.97923981311298,40.59733139738648],[-73.98045583064277,40.60378140057145],[-73.98195085210067,40.61167340447],[-73.98229785671329,40.61336940530802],[-73.98233785714302,40.613527405386094],[-73.98237785756461,40.61368240546268],[-73.98241885797259,40.613832405536805],[-73.9824618583697,40.613978405608954],[-73.98250685875594,40.614120405679124],[-73.98255285913129,40.61425840574732],[-73.98260085949578,40.61439240581353],[-73.98264985984665,40.614521405877284],[-73.98269986018937,40.61464740593955],[-73.9827518605185,40.61476840599935],[-73.98280586083675,40.61488540605716],[-73.98286086114413,40.614998406113],[-73.98291686144061,40.61510740616687],[-73.98297486172623,40.61521240621877],[-73.98303586200096,40.615313406268676],[-73.98311786235186,40.61544240633243],[-73.98320386269461,40.615568406394694],[-73.9832938630292,40.61569140645548],[-73.98338786335833,40.61581240651528],[-73.98348586368478,40.615932406574586],[-73.98358786400304,40.61604940663241],[-73.98369486431315,40.61616340668875],[-73.98380586462055,40.616276406744596],[-73.9839208649225,40.616387406799454],[-73.98403986521629,40.61649540685283],[-73.98416386550466,40.61660140690522],[-73.98429186578757,40.61670540695662],[-73.98442286606505,40.61680740700703],[-73.9845598663371,40.61690740705645],[-73.98469986660096,40.617004407104396],[-73.98512886731918,40.617268407234874],[-73.99051687619146,40.62052940884676],[-73.99525288397413,40.62338941026066],[-73.99532088408843,40.62343141028143],[-73.99538688420546,40.623474410302684],[-73.99545288432792,40.62351941032493],[-73.99551688445855,40.62356741034866],[-73.99557988459462,40.623617410373384],[-73.99564288473887,40.62367041039959],[-73.99570388488854,40.62372541042678],[-73.99576388504367,40.623782410454965],[-73.99582288520696,40.62384241048463],[-73.9958808853757,40.62390441051529],[-73.99593788554988,40.62396841054693],[-73.99599288573222,40.624035410580056],[-73.99604788592,40.62410441061417],[-73.99610188611324,40.62417541064927],[-73.99615488631464,40.62424941068586],[-73.99645588754208,40.62470041090886],[-73.99696788965686,40.62547741129305],[-73.9970698900379,40.62561741136228],[-73.99717089040807,40.62575341142952],[-73.99727289076463,40.625884411494305],[-73.9973758911076,40.6260104115566],[-73.99748089143965,40.626132411616936],[-73.99758589175812,40.626249411674785],[-73.99769289206297,40.626361411730166],[-73.99780089235422,40.62646841178308],[-73.99790989263457,40.626571411834014],[-73.99801989290133,40.62666941188247],[-73.99813189315448,40.62676241192847],[-73.998243893394,40.62685041197198],[-73.99835789362265,40.62693441201352],[-73.99847289383769,40.627013412052584],[-73.9985898940364,40.62708641208869],[-74.005453905356,40.631244414145094],[-74.00875591081261,40.63324841513638],[-74.00880191088885,40.63327641515023],[-74.0088489109651,40.633304415164076],[-74.00889591104135,40.63333241517793],[-74.00894191111759,40.63336041519178],[-74.00898891119384,40.63338841520563],[-74.00903591127009,40.633416415219486],[-74.0090829113436,40.63344341523283],[-74.00913091141986,40.63347141524669],[-74.00917791149337,40.63349841526005],[-74.00922491156963,40.6335264152739],[-74.00927291164314,40.63355341528726],[-74.00931991171667,40.633580415300614],[-74.00936791179019,40.63360741531397],[-74.00941591186371,40.63363441532732],[-74.00946391193723,40.63366141534068],[-74.01100991425191,40.634511415761175],[-74.01107191434723,40.63454641577849],[-74.0111329144371,40.63457941579482],[-74.01119291452696,40.63461241581114],[-74.0112519146141,40.63464441582697],[-74.0113089146958,40.634674415841815],[-74.0113659147775,40.63470441585666],[-74.01142091485376,40.634732415870516],[-74.01147491493,40.63476041588436],[-74.01152791500081,40.634786415897224],[-74.01157991506889,40.634811415909596],[-74.01162991513425,40.634835415921465],[-74.01167991519961,40.63485941593334],[-74.01172891525952,40.63488141594422],[-74.0117759153167,40.63490241595461],[-74.01182191537117,40.6349224159645],[-74.01190791546921,40.63495841598232],[-74.01199170239084,40.6349925024635],[-74.01207803642168,40.635026435809706],[-74.01216480839624,40.63505957215533],[-74.01225205468751,40.635090811894955],[-74.01234425212706,40.63512352555326],[-74.01243521114085,40.63515446847279],[-74.01252969078509,40.635185956291586],[-74.01262398077901,40.635215751285806],[-74.01272001774291,40.63524483374664],[-74.012819662787,40.63527442721414],[-74.0129191177083,40.6353024017364],[-74.01302024387452,40.635329610343035],[-74.01312504621879,40.635357290934486],[-74.01323104627438,40.63538529094141],[-74.01625854959295,40.63616590010817],[-74.016304672012,40.63617742336035],[-74.01635294769065,40.63618974566616],[-74.01639479746643,40.63619948572658],[-74.01644694773512,40.63621274567154],[-74.01649427026108,40.63622508700075],[-74.01654536369122,40.63623947082959],[-74.01658664209769,40.636250448835895],[-74.0166316421217,40.636262448838906],[-74.01668180911138,40.63627688383856],[-74.01672206583694,40.636287832797954],[-74.01677130749964,40.636302321609726],[-74.01681054418808,40.63631324065903],[-74.01685886155997,40.63632778608593],[-74.01690247410039,40.63634127938758],[-74.01694447412952,40.636354279391746],[-74.01956309416892,40.63711396608909],[-74.01968406713219,40.63715115349351],[-74.01980297271746,40.6371913865402],[-74.01991587363665,40.63723174598902],[-74.02002533187142,40.63727377159159],[-74.02013028818008,40.63731674031477],[-74.02023315482496,40.63736313127116],[-74.02032961272702,40.637409205720786],[-74.02042301278263,40.637457389847675],[-74.02051167427224,40.63750642162608],[-74.02059646950734,40.63755674985858],[-74.02067909692623,40.63761116624943],[-74.0207549465524,40.63766447800552],[-74.02082803206379,40.63772070493222],[-74.0208961581802,40.63777848802677],[-74.02096017038765,40.6378378432434],[-74.02100026190755,40.637874091580294],[-74.02104951549998,40.63792855748713],[-74.02108918800053,40.63798460103605],[-74.02112022544371,40.638043639439495],[-74.02114229265842,40.63810450323219],[-74.02115454787074,40.63816962010337],[-74.02115705503626,40.63823233295215],[-74.02115013199766,40.63829826906367],[-74.02113372195495,40.63836355111245],[-74.02110889852622,40.63842796442553],[-74.02107822655917,40.638490360311145],[-74.0210358810966,40.6385568674239],[-74.02099075150218,40.63861823032668],[-74.02093678584185,40.638681975239344],[-74.02087596439787,40.638745485123124],[-74.01804822251574,40.641462224083575],[-74.01420123537153,40.64516922065576],[-74.01017324879521,40.64903921707671],[-74.00536126483772,40.65366321279967],[-74.00371627032371,40.65524421133713],[-73.9982582885545,40.660497206477096],[-73.99303930597081,40.665514201834505],[-73.99300530608886,40.665548201803034],[-73.99297130621038,40.66558320177065],[-73.99293930632841,40.66561720173918],[-73.99290630644992,40.66565220170679],[-73.99287430656797,40.66568620167532],[-73.99284230668603,40.66572020164386],[-73.99281130680754,40.66575520161147],[-73.99277930692558,40.665789201580004],[-73.9927493070471,40.66582420154761],[-73.99271830716516,40.66585820151614],[-73.99268830728319,40.66589220148468],[-73.99265830740472,40.665927201452284],[-73.99262930752276,40.66596120142082],[-73.9926003076443,40.665996201388424],[-73.99257030776232,40.66603020135697],[-73.98846932483627,40.670947196805976],[-73.98436034195268,40.675875192243964],[-73.9843143421472,40.67593119219212],[-73.98426934234173,40.67598719214027],[-73.9842263425328,40.67604219208935],[-73.98418334272385,40.676097192038426],[-73.98414234290797,40.67615019198936],[-73.98410134309556,40.67620419193936],[-73.9840623432762,40.67625619189122],[-73.98402434345682,40.67630819184308],[-73.98398734363398,40.67635919179586],[-73.98395234380767,40.67640919174957],[-73.98391734398137,40.67645919170327],[-73.98388434415159,40.67650819165791],[-73.9838513443218,40.676557191612545],[-73.98382034448856,40.6766051915681],[-73.98379034465182,40.67665219152459],[-73.98311,40.677316]]}},{"type":"Feature","id":"N:n-main:group:2:4e638e5fa63a","properties":{"route_id":"N","canonical_route_id":"N","visual_route_id":"N","visual_route_normalization_reason":"identity","display_route":"N","shape_id":"N..N20R","source_shape_ids":["N..N20R","N..N23R","N..N31R","N..S20R","N..S31R"],"raw_route_ids":["N"],"raw_shape_ids":["N..N20R","N..N23R","N..N31R","N..S20R","N..S31R"],"visual_edge_ids":["n:R31-R32","n:R30-R31","n:R29-R30","n:R28-R29"],"edge_count":4,"from_stop_id":"R32","to_stop_id":"R28","from_stop_name":"Union St","to_stop_name":"Court St","edge_sequence":17,"edge_sequence_range":[17,17],"representative_edge_geometry_source":"N..N20R","representative_edge_geometry_sources":["N..N20R"],"edge_geometry_confidence":"high","visual_edge_metadata":[],"geometry_reversal_count":0,"internal_stitch_valid":true,"max_internal_snap_distance_m":0,"branch_representative_geometry_used":null,"branch_representative_warning":null,"canonical_direction_id":"mixed","canonical_direction_count":2,"collapsed_direction_count":2,"direction_collapse_reason":"visual-edge-direction-collapse","representative_shape_id":"N..N20R","canonical_feature_count":5,"color":"#F6BC26","visual_family":"N-Q-R-W","visual_branch_id":"n-main","raw_group_sequence":17000,"group_sequence":2,"group_id":"group-manual-dekalb-atlantic","merged_group_ids":["group-manual-dekalb-atlantic"],"group_member_routes":["N","Q","R","W","2","3","4","5","B","D"],"group_member_visual_routes":["N","Q","R","W","2","3","4","5","B","D"],"group_lane_order":["N","Q","R","W","2","3","4","5","B","D"],"group_lane_order_visual":["N","Q","R","W","2","3","4","5","B","D"],"group_lane_count":10,"visual_lane_slot":-1.1,"visual_z_order":302,"corridor_id":"dekalb-atlantic","segment_kind":"group","render_style":"subway-ribbon-v1","source":"group-corridors","debug_id":"N:n-main:group:2:4e638e5fa63a","feature_length_m":2718.95,"assignment_reason":"merged validated visual edges with compatible render state","handoff_node_id":"handoff-n-n-main--73.99178,40.69410","handoff_reason":"station-adjacent-membership-change","handoff_kind":"membership-change","handoff_from_group_id":"group-manual-dekalb-atlantic","handoff_to_group_id":"group-manual-montague-nrw-tunnel","handoff_from_lane_slot":-1.1,"handoff_to_lane_slot":-1.5,"start_handoff_node_id":"handoff-n-n-main--73.98311,40.67732","start_handoff_reason":"station-adjacent-membership-change","start_handoff_kind":"membership-change","start_handoff_from_group_id":"group-n-q-r-w-n-w","start_handoff_to_group_id":"group-manual-dekalb-atlantic","start_handoff_from_lane_slot":-1.5,"start_handoff_to_lane_slot":-1.1,"end_handoff_node_id":"handoff-n-n-main--73.99178,40.69410","end_handoff_reason":"station-adjacent-membership-change","end_handoff_kind":"membership-change","end_handoff_from_group_id":"group-manual-dekalb-atlantic","end_handoff_to_group_id":"group-manual-montague-nrw-tunnel","end_handoff_from_lane_slot":-1.1,"end_handoff_to_lane_slot":-1.5,"effective_render_key":"N|n-main|lane:-1.1|z:302|color:#F6BC26|kind:group|style:subway-ribbon-v1","merged_debug_ids":["N:n-main:group:0:235840a6519d","N:n-main:group:0:139987926a16","N:n-main:group:0:9ae03651da90","N:n-main:group:0:d8fd8be9851f"]},"geometry":{"type":"LineString","coordinates":[[-73.98311,40.677316],[-73.97894997429977,40.683718855364354],[-73.97833797664603,40.68465085477211],[-73.9783082202932,40.68469499140608],[-73.97828455006902,40.684733387887],[-73.97826108204416,40.68477383525934],[-73.97824178333144,40.68481188969707],[-73.97822121387895,40.6848530386672],[-73.9782060421413,40.68488987590838],[-73.97818978465281,40.68493105155884],[-73.97817760294502,40.684968058624335],[-73.97816698315754,40.68500654960552],[-73.97815637569036,40.68504709869717],[-73.97814983804771,40.685083564800784],[-73.97814319347196,40.68512452745281],[-73.97813996536647,40.68516054131545],[-73.9781371532899,40.6852012645412],[-73.97813634628572,40.685239140538584],[-73.97845941867264,40.687432892843546],[-73.97846723871639,40.687481718449234],[-73.9784771596181,40.68752510142693],[-73.97849032728077,40.68756718814062],[-73.97850622930879,40.68760455921262],[-73.9785262209794,40.68764396291834],[-73.97854870694412,40.68768151380877],[-73.97857422666524,40.68771755066253],[-73.97860334198603,40.68775430853818],[-73.97863402538705,40.687786909191175],[-73.9786692800502,40.687820086288134],[-73.97870695610949,40.687850611760204],[-73.9787499680197,40.687882694803704],[-73.97879593474276,40.68791408354239],[-73.97884474044078,40.687943438218035],[-73.97889700516036,40.68797211777834],[-73.98054648388322,40.688624929921374],[-73.98062112078492,40.68865641921004],[-73.98069546184175,40.688691248756584],[-73.98076854263881,40.6887303200419],[-73.98083507569147,40.68876885522844],[-73.98090175584728,40.688813281746455],[-73.98096263203158,40.68885844237494],[-73.98102025943926,40.68890586037391],[-73.98107458879207,40.688955503669064],[-73.98112554781054,40.689008336704795],[-73.9811721922225,40.68906131117404],[-73.98121628361483,40.689118519713894],[-73.98125656289969,40.6891785052158],[-73.98129207649333,40.68923913836017],[-73.98132458470502,40.689301704749795],[-73.98135356718306,40.68936798519665],[-73.98197010850073,40.69059272579502],[-73.98245011078433,40.69151672630672],[-73.98248311094497,40.69158172634272],[-73.98252211109326,40.69164172637595],[-73.98256511123166,40.691697726406964],[-73.9826131113602,40.69174972643576],[-73.98266711147883,40.69179772646234],[-73.9827251115851,40.69184072648615],[-73.98278811168149,40.69187972650775],[-73.98285711176798,40.69191472652714],[-73.98293011184461,40.691945726544304],[-73.98300811190886,40.691971726558705],[-73.98309211196324,40.691993726570885],[-73.98318011200773,40.69201172658085],[-73.98327311204233,40.692025726588604],[-73.98337211206457,40.69203472659359],[-73.98347511207693,40.69203972659636],[-73.98608811231914,40.692137726650635],[-73.98843611254159,40.69222772670048],[-73.9885851125589,40.69223472670435],[-73.98872911259103,40.69224772671155],[-73.98886611263798,40.692266726722075],[-73.98899411270224,40.692292726736476],[-73.98911611278133,40.692324726754194],[-73.98922911287525,40.692362726775244],[-73.98933611298399,40.69240672679961],[-73.98943411311005,40.692457726827854],[-73.98952611325093,40.69251472685942],[-73.98960911340912,40.692578726894865],[-73.98968611357967,40.692647726933075],[-73.9897541137675,40.69272372697517],[-73.98981511397265,40.692806727021136],[-73.98986911419016,40.69289472706987],[-73.98991511442496,40.69298972712249],[-73.98995511462022,40.693068727166235],[-73.9900001148056,40.69314372720777],[-73.9900481149811,40.693214727247096],[-73.99010011514916,40.69328272728475],[-73.99015611530736,40.6933467273202],[-73.99021611545567,40.69340672735343],[-73.99028011559655,40.693463727384994],[-73.99034811572754,40.69351672741435],[-73.99042011584866,40.69356572744148],[-73.99049611596237,40.69361172746696],[-73.99057611606618,40.69365372749022],[-73.99066011616011,40.693691727511265],[-73.99074811624415,40.693725727530094],[-73.99083911632077,40.69375672754726],[-73.99093411638503,40.69378272756166],[-73.991777,40.6941]]}},{"type":"Feature","id":"N:n-main:group:3:84d19ed59710","properties":{"route_id":"N","canonical_route_id":"N","visual_route_id":"N","visual_route_normalization_reason":"identity","display_route":"N","shape_id":"N..N20R","source_shape_ids":["N..N20R","N..S20R"],"raw_route_ids":["N"],"raw_shape_ids":["N..N20R","N..S20R"],"visual_edge_ids":["n:R27-R28","n:R26-R27","n:R25-R26","n:R24-R25","n:R23-R24"],"edge_count":5,"from_stop_id":"R28","to_stop_id":"R23","from_stop_name":"Court St","to_stop_name":"Canal St","edge_sequence":21,"edge_sequence_range":[21,21],"representative_edge_geometry_source":"N..N20R","representative_edge_geometry_sources":["N..N20R"],"edge_geometry_confidence":"high","visual_edge_metadata":[],"geometry_reversal_count":0,"internal_stitch_valid":true,"max_internal_snap_distance_m":0,"branch_representative_geometry_used":null,"branch_representative_warning":null,"canonical_direction_id":"mixed","canonical_direction_count":2,"collapsed_direction_count":2,"direction_collapse_reason":"visual-edge-direction-collapse","representative_shape_id":"N..N20R","canonical_feature_count":2,"color":"#F6BC26","visual_family":"N-Q-R-W","visual_branch_id":"n-main","raw_group_sequence":21000,"group_sequence":3,"group_id":"group-manual-montague-nrw-tunnel","merged_group_ids":["group-manual-montague-nrw-tunnel","group-manual-broadway-yellow-trunk"],"group_member_routes":["N","Q","R","W"],"group_member_visual_routes":["N","Q","R","W"],"group_lane_order":["N","Q","R","W"],"group_lane_order_visual":["N","Q","R","W"],"group_lane_count":4,"visual_lane_slot":-1.5,"visual_z_order":240,"corridor_id":"montague-nrw-tunnel","segment_kind":"group","render_style":"subway-ribbon-v1","source":"group-corridors","debug_id":"N:n-main:group:3:84d19ed59710","feature_length_m":4431.73,"assignment_reason":"merged validated visual edges with compatible render state","handoff_node_id":"handoff-n-n-main--74.00177,40.71953","handoff_reason":"station-adjacent-membership-change","handoff_kind":"membership-change","handoff_from_group_id":"group-manual-montague-nrw-tunnel","handoff_to_group_id":"group-manual-manhattan-bridge-approach","handoff_from_lane_slot":-1.5,"handoff_to_lane_slot":-0.5,"start_handoff_node_id":"handoff-n-n-main--73.99178,40.69410","start_handoff_reason":"station-adjacent-membership-change","start_handoff_kind":"membership-change","start_handoff_from_group_id":"group-manual-dekalb-atlantic","start_handoff_to_group_id":"group-manual-montague-nrw-tunnel","start_handoff_from_lane_slot":-1.1,"start_handoff_to_lane_slot":-1.5,"end_handoff_node_id":"handoff-n-n-main--74.00177,40.71953","end_handoff_reason":"station-adjacent-membership-change","end_handoff_kind":"membership-change","end_handoff_from_group_id":"group-manual-montague-nrw-tunnel","end_handoff_to_group_id":"group-manual-manhattan-bridge-approach","end_handoff_from_lane_slot":-1.5,"end_handoff_to_lane_slot":-0.5,"effective_render_key":"N|n-main|lane:-1.5|z:240|color:#F6BC26|kind:group|style:subway-ribbon-v1","merged_debug_ids":["N:n-main:group:0:b32ae09b28a4","N:n-main:group:0:b40674f8ae92","N:n-main:group:0:256fdd9ca301","N:n-main:group:0:9d5f8e60f0df","N:n-main:group:0:47e56816daae"]},"geometry":{"type":"LineString","coordinates":[[-73.991777,40.6941],[-73.99740366158699,40.695473978300356],[-73.99751104389605,40.69550227365204],[-73.99762404178915,40.695532538828616],[-73.99773899972568,40.6955637973588],[-73.99785749143504,40.69559777299859],[-73.9979733591249,40.69563045084434],[-73.99809320548945,40.6956646911006],[-73.99821646735751,40.695701646276035],[-73.99833735152437,40.69573731426044],[-73.99846392017227,40.695776086773414],[-73.99859015928563,40.69581546992027],[-73.99871781662475,40.69585567596713],[-73.9988469979019,40.69589705116387],[-73.99897806354761,40.695939072184025],[-73.99911073224209,40.6959826135252],[-73.9992459123104,40.69602834008488],[-74.01019810537444,40.699794745371726],[-74.01151450914732,40.70034120452398],[-74.01165762867552,40.70040916205625],[-74.0117908930185,40.70047931272899],[-74.01191812865721,40.700555068830056],[-74.0120364815555,40.70063333333035],[-74.01214901878639,40.700716318177975],[-74.0122549130667,40.700804311095666],[-74.01235255147688,40.70089505272655],[-74.01244415416572,40.700992653051664],[-74.01252620189199,40.701090501508915],[-74.01260228619357,40.701195632359166],[-74.01266967264762,40.70130264927548],[-74.01272996788681,40.701415827620814],[-74.01278228402724,40.70152852248332],[-74.01282738630347,40.701649398381264],[-74.0128655232529,40.70177066293433],[-74.01320318324619,40.703055417412415],[-74.01332318489274,40.70356041764274],[-74.01333718509815,40.70362341767147],[-74.01335118531661,40.703690417702035],[-74.01336518554484,40.70376041773396],[-74.01338018578288,40.70383341776726],[-74.01339418603393,40.70391041780237],[-74.01340818629805,40.70399141783932],[-74.01342218657193,40.70407541787763],[-74.01343618685561,40.70416241791731],[-74.01345018715233,40.70425341795882],[-74.01346418745884,40.70434741800169],[-74.01347818777838,40.70444541804638],[-74.01349318810772,40.70454641809245],[-74.01350718845009,40.704651418140344],[-74.01352118880224,40.7047594181896],[-74.01353518916746,40.704871418240685],[-74.01354018930766,40.704914418260294],[-74.01354718944788,40.70495741827991],[-74.01355618958156,40.704998418298615],[-74.01356718971851,40.70504041831777],[-74.01358018985547,40.70508241833693],[-74.01359518998916,40.70512341835562],[-74.01361319012285,40.70516441837432],[-74.01363219025329,40.70520441839257],[-74.01365319038699,40.70524541841127],[-74.01367619051742,40.70528541842951],[-74.01370219064785,40.70532541844776],[-74.01372919077502,40.70536441846555],[-74.01375819090545,40.70540441848379],[-74.01379019103263,40.70544341850158],[-74.0138231911598,40.70548241851937],[-74.01402519194568,40.70572341862929],[-74.01407919215762,40.70578841865894],[-74.01412719236633,40.705852418688124],[-74.01416719256851,40.705914418716404],[-74.01420119276743,40.70597541874423],[-74.01422719296308,40.7060354187716],[-74.01424619315547,40.70609441879851],[-74.01425919334461,40.70615241882496],[-74.01426419353048,40.70620941885096],[-74.01426219371311,40.706265418876505],[-74.01425319389246,40.70632041890159],[-74.01423719406854,40.706374418926224],[-74.01421419424138,40.7064274189504],[-74.01418419441096,40.70647941897411],[-74.01414719457726,40.706530418997374],[-74.01410319473705,40.706579419019725],[-74.01377819587191,40.706927419178456],[-74.01376319592408,40.706943419185755],[-74.01374819597952,40.70696041919351],[-74.01373219603171,40.70697641920081],[-74.01371719608714,40.706993419208565],[-74.01370219614257,40.70701041921632],[-74.01368719619802,40.70702741922407],[-74.01367219625345,40.70704441923183],[-74.01365619631216,40.70706241924003],[-74.01364119636759,40.70707941924778],[-74.0136261964263,40.707097419256],[-74.01361119648499,40.707115419264206],[-74.01359619654369,40.707133419272424],[-74.0135811966024,40.70715141928063],[-74.01356619666109,40.70716941928884],[-74.01355119672304,40.70718841929751],[-74.01352319683393,40.70722241931301],[-74.01349519695133,40.707258419329435],[-74.01346719706874,40.70729441934586],[-74.01344119718614,40.70733041936228],[-74.01341419731006,40.707368419379605],[-74.01338819743398,40.707406419396946],[-74.01336219756118,40.707445419414725],[-74.01123820796839,40.710636420870294],[-74.01067421080286,40.7115054212667],[-74.01062921096596,40.71155542128951],[-74.01058221110948,40.71159942130958],[-74.01053221123344,40.71163742132692],[-74.01047921133782,40.71166942134151],[-74.01042421142589,40.71169642135383],[-74.01036621149113,40.71171642136295],[-74.01030521153679,40.71173042136934],[-74.01024121156287,40.71173842137299],[-74.01017421157266,40.711741421374356],[-74.01010521155962,40.71173742137253],[-74.01003321153026,40.71172842136843],[-74.00995821147806,40.711712421361135],[-74.00988121140956,40.711691421351546],[-74.00980121131823,40.71166342133878],[-74.0097182112106,40.71163042132372],[-74.00962021108339,40.71159142130593],[-74.00953621097248,40.71155742129042],[-74.00945421088116,40.71152942127765],[-74.00937421080286,40.7115054212667],[-74.00929621074415,40.7114874212585],[-74.00922021070501,40.71147542125301],[-74.00914621068219,40.711468421249826],[-74.00907421067566,40.71146642124891],[-74.00900321068544,40.71146942125028],[-74.0089342107148,40.711478421254384],[-74.00886821076372,40.71149342126123],[-74.0088032108257,40.7115124212699],[-74.00874021090725,40.7115374212813],[-74.0086792110051,40.71156742129499],[-74.00861921112252,40.71160342131141],[-74.00856221125626,40.71164442133011],[-74.00792021387232,40.71244642169596],[-74.00791221390496,40.71245642170052],[-74.0079032139343,40.71246542170463],[-74.00789521396693,40.71247542170919],[-74.00788621399629,40.7124844217133],[-74.00787821402565,40.712493421717404],[-74.00786921405174,40.71250142172105],[-74.00786021408109,40.712510421725156],[-74.0078502141072,40.71251842172881],[-74.00784121413328,40.712526421732456],[-74.00783221415938,40.71253442173611],[-74.00782221418548,40.712542421739755],[-74.00781221421158,40.7125504217434],[-74.0078022142344,40.7125574217466],[-74.00779221425724,40.71256442174979],[-74.00778221428007,40.71257142175298],[-74.00777221430292,40.71257842175618],[-74.007762214329,40.71258642175982],[-74.00775321435184,40.712593421763025],[-74.00774421437794,40.71260142176667],[-74.00773521440077,40.712608421769865],[-74.00772621442687,40.71261642177352],[-74.00771721445297,40.712624421777164],[-74.00770921447905,40.71263242178081],[-74.00770121450515,40.71264042178446],[-74.00769321453126,40.71264842178811],[-74.00768521455734,40.71265642179176],[-74.0076772145867,40.71266542179586],[-74.0076702146128,40.712673421799515],[-74.0076632146389,40.71268142180317],[-74.00765621466826,40.71269042180727],[-74.00718721649501,40.713250422062735],[-74.00658321887313,40.7139794223953],[-74.00657721889597,40.71398642239849],[-74.0065722189188,40.713993422401686],[-74.00656621894164,40.71400042240488],[-74.00656121896449,40.71400742240807],[-74.00655621898733,40.71401442241127],[-74.00655121901342,40.714022422414914],[-74.00654621903625,40.71402942241811],[-74.00654221906235,40.71403742242176],[-74.00653821908519,40.71404442242495],[-74.00653321911129,40.7140524224286],[-74.00653021913737,40.714060422432254],[-74.00652621916348,40.7140684224359],[-74.00652221918958,40.714076422439554],[-74.00651921921568,40.71408442244319],[-74.00651621924177,40.714092422446846],[-74.00651221927113,40.71410142245095],[-74.00650821929723,40.714109422454605],[-74.0065052193266,40.714118422458704],[-74.00650121935269,40.71412642246236],[-74.00649721937879,40.71413442246601],[-74.00649221940488,40.714142422469656],[-74.00648821942772,40.71414942247286],[-74.00648421945382,40.7141574224765],[-74.00647921947666,40.7141644224797],[-74.00647521949949,40.714171422482885],[-74.00647021952233,40.714178422486086],[-74.00646621954517,40.71418542248927],[-74.00646121956474,40.71419142249201],[-74.00645621958758,40.71419842249521],[-74.00645121960714,40.71420442249794],[-74.001775,40.719527]]}},{"type":"Feature","id":"N:n-main:group:4:bc0372ef2a78","properties":{"route_id":"N","canonical_route_id":"N","visual_route_id":"N","visual_route_normalization_reason":"identity","display_route":"N","shape_id":"N..N20R","source_shape_ids":["N..N20R","N..S20R"],"raw_route_ids":["N"],"raw_shape_ids":["N..N20R","N..S20R"],"visual_edge_ids":["n:R22-R23"],"edge_count":1,"from_stop_id":"R23","to_stop_id":"R22","from_stop_name":"Canal St","to_stop_name":"Prince St","edge_sequence":26,"edge_sequence_range":[26,26],"representative_edge_geometry_source":"N..N20R","representative_edge_geometry_sources":["N..N20R"],"edge_geometry_confidence":"high","visual_edge_metadata":[],"geometry_reversal_count":0,"internal_stitch_valid":true,"max_internal_snap_distance_m":0,"branch_representative_geometry_used":null,"branch_representative_warning":null,"canonical_direction_id":"mixed","canonical_direction_count":2,"collapsed_direction_count":2,"direction_collapse_reason":"visual-edge-direction-collapse","representative_shape_id":"N..N20R","canonical_feature_count":2,"color":"#F6BC26","visual_family":"N-Q-R-W","visual_branch_id":"n-main","raw_group_sequence":26000,"group_sequence":4,"group_id":"group-manual-manhattan-bridge-approach","merged_group_ids":["group-manual-manhattan-bridge-approach"],"group_member_routes":["N","Q"],"group_member_visual_routes":["N","Q"],"group_lane_order":["N","Q"],"group_lane_order_visual":["N","Q"],"group_lane_count":2,"visual_lane_slot":-0.5,"visual_z_order":250,"corridor_id":"manhattan-bridge-approach","segment_kind":"group","render_style":"subway-ribbon-v1","source":"group-corridors","debug_id":"N:n-main:group:4:bc0372ef2a78","feature_length_m":1059.67,"assignment_reason":"grouped edge: local visual edge matched a derived corridor group","handoff_node_id":"handoff-n-n-main--73.99770,40.72433","handoff_reason":"station-adjacent-membership-change","handoff_kind":"membership-change","handoff_from_group_id":"group-manual-manhattan-bridge-approach","handoff_to_group_id":"group-manual-broadway-yellow-trunk","handoff_from_lane_slot":-0.5,"handoff_to_lane_slot":-1.5,"start_handoff_node_id":"handoff-n-n-main--74.00177,40.71953","start_handoff_reason":"station-adjacent-membership-change","start_handoff_kind":"membership-change","start_handoff_from_group_id":"group-manual-montague-nrw-tunnel","start_handoff_to_group_id":"group-manual-manhattan-bridge-approach","start_handoff_from_lane_slot":-1.5,"start_handoff_to_lane_slot":-0.5,"end_handoff_node_id":"handoff-n-n-main--73.99770,40.72433","end_handoff_reason":"station-adjacent-membership-change","end_handoff_kind":"membership-change","end_handoff_from_group_id":"group-manual-manhattan-bridge-approach","end_handoff_to_group_id":"group-manual-broadway-yellow-trunk","end_handoff_from_lane_slot":-0.5,"end_handoff_to_lane_slot":-1.5,"effective_render_key":"N|n-main|lane:-0.5|z:250|color:#F6BC26|kind:group|style:subway-ribbon-v1"},"geometry":{"type":"LineString","coordinates":[[-74.001775,40.719527],[-74.00148860667225,40.71995939668067],[-74.00142117519418,40.71983136471615],[-74.00146389735718,40.7197636619626],[-74.00149786781756,40.71969818010282],[-74.00152411424361,40.71963394302249],[-74.00154151984981,40.7195725103369],[-74.00155146317104,40.71951214301833],[-74.00155189054468,40.71945535162636],[-74.00154514440779,40.7193985953632],[-74.00153112873285,40.71934403410799],[-74.00150904204413,40.71929087963258],[-74.00147887903321,40.71923965716372],[-74.00144017599847,40.719188635494326],[-74.00139378953146,40.719138961388644],[-74.00133864722373,40.719089756949835],[-74.00127560639987,40.71904202983669],[-74.0004111260276,40.71842215222812],[-74.00127560639987,40.71904202983669],[-74.00133864722373,40.719089756949835],[-74.00139378953146,40.719138961388644],[-74.00144017599847,40.719188635494326],[-74.00147887903321,40.71923965716372],[-74.00150904204413,40.71929087963258],[-74.00153112873285,40.71934403410799],[-74.00154514440779,40.7193985953632],[-74.00155189054468,40.71945535162636],[-74.00155146317104,40.71951214301833],[-74.00154151984981,40.7195725103369],[-74.00152411424361,40.71963394302249],[-74.00149786781756,40.71969818010282],[-74.00146389735718,40.7197636619626],[-74.00142117519418,40.71983136471615],[-74.00148860667225,40.71995939668067],[-73.997702,40.724329]]}},{"type":"Feature","id":"N:n-main:group:5:c330139d5109","properties":{"route_id":"N","canonical_route_id":"N","visual_route_id":"N","visual_route_normalization_reason":"identity","display_route":"N","shape_id":"N..N20R","source_shape_ids":["N..N20R","N..N23R","N..S20R","N..S27R","N..N16R","N..N31R","N..N35R","N..S16R","N..S31R"],"raw_route_ids":["N"],"raw_shape_ids":["N..N20R","N..N23R","N..S20R","N..S27R","N..N16R","N..N31R","N..N35R","N..S16R","N..S31R"],"visual_edge_ids":["n:R21-R22","n:R20-R21","n:R19-R20","n:R18-R19","n:R17-R18","n:R16-R17","n:R15-R16","n:R14-R15","n:R13-R14","n:R11-R13"],"edge_count":10,"from_stop_id":"R22","to_stop_id":"R11","from_stop_name":"Prince St","to_stop_name":"Lexington Av/59 St","edge_sequence":27,"edge_sequence_range":[27,27],"representative_edge_geometry_source":"N..N20R","representative_edge_geometry_sources":["N..N20R"],"edge_geometry_confidence":"high","visual_edge_metadata":[],"geometry_reversal_count":0,"internal_stitch_valid":true,"max_internal_snap_distance_m":0,"branch_representative_geometry_used":null,"branch_representative_warning":null,"canonical_direction_id":"mixed","canonical_direction_count":2,"collapsed_direction_count":2,"direction_collapse_reason":"visual-edge-direction-collapse","representative_shape_id":"N..N20R","canonical_feature_count":4,"color":"#F6BC26","visual_family":"N-Q-R-W","visual_branch_id":"n-main","raw_group_sequence":27000,"group_sequence":5,"group_id":"group-manual-broadway-yellow-trunk","merged_group_ids":["group-manual-broadway-yellow-trunk","group-manual-63st-yellow-nq"],"group_member_routes":["N","Q","R","W"],"group_member_visual_routes":["N","Q","R","W"],"group_lane_order":["N","Q","R","W"],"group_lane_order_visual":["N","Q","R","W"],"group_lane_count":4,"visual_lane_slot":-1.5,"visual_z_order":240,"corridor_id":"broadway-yellow-trunk","segment_kind":"group","render_style":"subway-ribbon-v1","source":"group-corridors","debug_id":"N:n-main:group:5:c330139d5109","feature_length_m":6158.14,"assignment_reason":"merged validated visual edges with compatible render state","handoff_node_id":"handoff-n-n-main--73.96744,40.76275","handoff_reason":"station-adjacent-membership-change","handoff_kind":"membership-change","handoff_from_group_id":"group-manual-broadway-yellow-trunk","handoff_to_group_id":"group-n-q-r-w-n-r-w","handoff_from_lane_slot":-1.5,"handoff_to_lane_slot":-1.5,"start_handoff_node_id":"handoff-n-n-main--73.99770,40.72433","start_handoff_reason":"station-adjacent-membership-change","start_handoff_kind":"membership-change","start_handoff_from_group_id":"group-manual-manhattan-bridge-approach","start_handoff_to_group_id":"group-manual-broadway-yellow-trunk","start_handoff_from_lane_slot":-0.5,"start_handoff_to_lane_slot":-1.5,"end_handoff_node_id":"handoff-n-n-main--73.96744,40.76275","end_handoff_reason":"station-adjacent-membership-change","end_handoff_kind":"membership-change","end_handoff_from_group_id":"group-manual-broadway-yellow-trunk","end_handoff_to_group_id":"group-n-q-r-w-n-r-w","end_handoff_from_lane_slot":-1.5,"end_handoff_to_lane_slot":-1.5,"effective_render_key":"N|n-main|lane:-1.5|z:240|color:#F6BC26|kind:group|style:subway-ribbon-v1","merged_debug_ids":["N:n-main:group:0:8196fa588cc6","N:n-main:group:0:2c846f9d7e29","N:n-main:group:0:ff0dd89dfe59","N:n-main:group:0:b2c48a96b15f","N:n-main:group:0:44e19885d2f3","N:n-main:group:0:13cd1c6bbfd2","N:n-main:group:0:e96909a9a582","N:n-main:group:0:709eb97650ad","N:n-main:group:0:7a7a0b1e6800","N:n-main:group:0:1ac807ae1264"]},"geometry":{"type":"LineString","coordinates":[[-73.997702,40.724329],[-73.99280915919164,40.73041464388186],[-73.99186316308436,40.731531642845],[-73.99182916322377,40.73157164280787],[-73.99179716336666,40.73161264276981],[-73.99176616350954,40.73165364273175],[-73.99173816365592,40.73169564269276],[-73.9917111638023,40.731737642653776],[-73.99168516394867,40.73177964261479],[-73.99166216409853,40.73182264257487],[-73.9916401642484,40.73186564253496],[-73.99162016439824,40.73190864249504],[-73.9916021645516,40.731952642454196],[-73.99158616470494,40.73199664241335],[-73.99157116485829,40.73204064237251],[-73.99155816501512,40.73208564233074],[-73.99154716517195,40.732130642288965],[-73.99153816533229,40.73217664224626],[-73.99074817804042,40.735822638861514],[-73.9903861839561,40.73751963728597],[-73.99037518410601,40.73756263724604],[-73.9903661842559,40.73760563720612],[-73.99035618440931,40.73764963716527],[-73.99034618456618,40.73769463712349],[-73.99033518472305,40.73773963708171],[-73.99032418487994,40.73778463703993],[-73.99031418504377,40.73783163699628],[-73.99030218520763,40.73787863695265],[-73.99029118537148,40.73792563690901],[-73.99027918553882,40.737973636864446],[-73.99026818570964,40.73802263681895],[-73.99025618588047,40.73807163677346],[-73.99024318605478,40.73812163672704],[-73.99023118622908,40.738171636680605],[-73.99021718640688,40.73822263663325],[-73.98978419218034,40.73987863509566],[-73.98977019236165,40.73993063504737],[-73.98975819253596,40.73998063500095],[-73.98974619271377,40.740031634953596],[-73.9897341928881,40.74008163490717],[-73.98972319306243,40.740131634860745],[-73.98971219323676,40.74018163481431],[-73.98970219341108,40.74023163476789],[-73.98969219358543,40.74028163472146],[-73.98968319375626,40.740330634675956],[-73.98967419393058,40.74038063462953],[-73.98966519410143,40.74042963458404],[-73.98965719427227,40.74047863453854],[-73.98964919444312,40.740527634493034],[-73.98964219461048,40.74057563444846],[-73.98963519478134,40.74062463440297],[-73.98952419744867,40.74138963369262],[-73.98937220212113,40.7427296324483],[-73.98936620231989,40.74278663239537],[-73.98936020251865,40.742843632342435],[-73.98935320271042,40.742898632291364],[-73.98934620290221,40.74295363224029],[-73.98934020308702,40.743006632191076],[-73.98933320327185,40.74305963214186],[-73.98932620345319,40.74311163209357],[-73.98931820362753,40.74316163204713],[-73.98931120380189,40.74321163200071],[-73.98930320396927,40.74325963195613],[-73.98929620413665,40.743307631911556],[-73.98928820430055,40.74335463186791],[-73.98928020446094,40.743400631825196],[-73.98927120461438,40.743444631784335],[-73.98926320476781,40.74348863174348],[-73.98887121206333,40.7455806298007],[-73.98813022626942,40.74965362601783],[-73.98775023411139,40.75190162392975],[-73.9877362343835,40.751979623857295],[-73.98772123465561,40.752057623784836],[-73.98770623492773,40.752135623712384],[-73.98769023519985,40.75221362363993],[-73.98767323546848,40.752290623568406],[-73.98765523574059,40.75236862349595],[-73.98763723601272,40.752446623423495],[-73.98761723628483,40.752524623351036],[-73.98759723655695,40.752602623278584],[-73.98757623682559,40.75267962320705],[-73.98755523709771,40.7527576231346],[-73.98753323736983,40.75283562306215],[-73.98750923764196,40.75291362298969],[-73.9874862379106,40.75299062291816],[-73.98746123818272,40.7530686228457],[-73.98693424407908,40.75475862127576],[-73.9863812502132,40.75651661964256],[-73.98633425069823,40.75665561951342],[-73.98628625117281,40.756791619387066],[-73.98623625164039,40.756925619262574],[-73.986183252101,40.75705761913994],[-73.98612925255465,40.75718761901916],[-73.98607325300131,40.75731561890024],[-73.9860152534375,40.75744061878411],[-73.98595525386672,40.757563618669835],[-73.98589225429247,40.757685618556486],[-73.98582825470771,40.757804618445924],[-73.985762255116,40.75792161833722],[-73.98569425551382,40.75803561823131],[-73.98562425590816,40.75814861812632],[-73.98555125629552,40.75825961802319],[-73.98547825666893,40.75836661792378],[-73.98431926232603,40.75998761641767],[-73.98083827895098,40.76475061199179],[-73.97967928450166,40.76634061051418],[-73.97961828476349,40.766415610444476],[-73.9795552849974,40.76648261038221],[-73.97948828520337,40.76654161032738],[-73.97941928538492,40.766593610279045],[-73.97934628553504,40.76663661023909],[-73.97927128565722,40.76667161020656],[-73.97919228575148,40.76669861018147],[-73.97911128582132,40.76671861016288],[-73.97902628585972,40.76672961015266],[-73.97893928587018,40.76673261014987],[-73.97884828585273,40.76672761015452],[-73.97875528580735,40.766714610166595],[-73.97865828573053,40.76669261018705],[-73.9785592856293,40.766663610213996],[-73.97845628550012,40.76662661024838],[-73.974397279513,40.76491161184218],[-73.97437327948158,40.764902611850545],[-73.97435027945366,40.764894611857976],[-73.97432627942574,40.76488661186541],[-73.9743012794013,40.76487961187191],[-73.97427727938036,40.76487361187749],[-73.9742532793629,40.764868611882136],[-73.97422827934544,40.76486361188678],[-73.97420427933149,40.7648596118905],[-73.97417927932102,40.764856611893286],[-73.97415427931402,40.764854611895146],[-73.97412927930705,40.764852611897005],[-73.97410427930355,40.76485161189793],[-73.97407827930355,40.76485161189793],[-73.97405327930704,40.764852611897005],[-73.97402727931055,40.76485361189607],[-73.97352727946414,40.76489761185519],[-73.97289827968056,40.76495961179757],[-73.97287427968057,40.76495961179757],[-73.97285027968056,40.76495961179757],[-73.97282727967708,40.7649586117985],[-73.9728032796701,40.76495661180036],[-73.97277927965963,40.76495361180315],[-73.97275527964916,40.764950611805936],[-73.97273027963169,40.76494561181058],[-73.97270627961424,40.76494061181523],[-73.97268127959678,40.76493561181987],[-73.97265627957235,40.76492861182638],[-73.97263027954791,40.76492161183288],[-73.97260527952,40.76491361184031],[-73.97257927949205,40.76490561184775],[-73.97255327945716,40.76489561185704],[-73.97252727942224,40.76488561186633],[-73.96743827195566,40.762746613854034]]}},{"type":"Feature","id":"N:n-main:group:6:d4b0272e93c1","properties":{"route_id":"N","canonical_route_id":"N","visual_route_id":"N","visual_route_normalization_reason":"identity","display_route":"N","shape_id":"N..N20R","source_shape_ids":["N..N20R","N..N23R","N..N31R","N..N35R","N..S20R","N..S27R","N..S31R"],"raw_route_ids":["N"],"raw_shape_ids":["N..N20R","N..N23R","N..N31R","N..N35R","N..S20R","N..S27R","N..S31R"],"visual_edge_ids":["n:R09-R11","n:R08-R09","n:R06-R08","n:R05-R06","n:R04-R05","n:R03-R04","n:R01-R03"],"edge_count":7,"from_stop_id":"R11","to_stop_id":"R01","from_stop_name":"Lexington Av/59 St","to_stop_name":"Astoria-Ditmars Blvd","edge_sequence":37,"edge_sequence_range":[37,37],"representative_edge_geometry_source":"N..N20R","representative_edge_geometry_sources":["N..N20R"],"edge_geometry_confidence":"high","visual_edge_metadata":[],"geometry_reversal_count":0,"internal_stitch_valid":true,"max_internal_snap_distance_m":0,"branch_representative_geometry_used":null,"branch_representative_warning":null,"canonical_direction_id":"mixed","canonical_direction_count":2,"collapsed_direction_count":2,"direction_collapse_reason":"visual-edge-direction-collapse","representative_shape_id":"N..N20R","canonical_feature_count":7,"color":"#F6BC26","visual_family":"N-Q-R-W","visual_branch_id":"n-main","raw_group_sequence":37000,"group_sequence":6,"group_id":"group-n-q-r-w-n-r-w","merged_group_ids":["group-n-q-r-w-n-r-w","group-n-q-r-w-n-w"],"group_member_routes":["N","R","W"],"group_member_visual_routes":["N","R","W"],"group_lane_order":["N","R","W"],"group_lane_order_visual":["N","R","W"],"group_lane_count":3,"visual_lane_slot":-1.5,"visual_z_order":138.5,"corridor_id":null,"segment_kind":"group","render_style":"subway-ribbon-v1","source":"group-corridors","debug_id":"N:n-main:group:6:d4b0272e93c1","feature_length_m":6523.69,"assignment_reason":"merged validated visual edges with compatible render state","handoff_node_id":"handoff-n-n-main--73.96744,40.76275","handoff_reason":"station-adjacent-membership-change","handoff_kind":"membership-change","handoff_from_group_id":"group-manual-broadway-yellow-trunk","handoff_to_group_id":"group-n-q-r-w-n-r-w","handoff_from_lane_slot":-1.5,"handoff_to_lane_slot":-1.5,"start_handoff_node_id":"handoff-n-n-main--73.96744,40.76275","start_handoff_reason":"station-adjacent-membership-change","start_handoff_kind":"membership-change","start_handoff_from_group_id":"group-manual-broadway-yellow-trunk","start_handoff_to_group_id":"group-n-q-r-w-n-r-w","start_handoff_from_lane_slot":-1.5,"start_handoff_to_lane_slot":-1.5,"end_handoff_node_id":"terminal-n-n-main-end","end_handoff_reason":"terminal","end_handoff_kind":"terminal","end_handoff_from_group_id":"group-n-q-r-w-n-r-w","end_handoff_to_group_id":null,"end_handoff_from_lane_slot":-1.5,"end_handoff_to_lane_slot":0,"effective_render_key":"N|n-main|lane:-1.5|z:138.5|color:#F6BC26|kind:group|style:subway-ribbon-v1","merged_debug_ids":["N:n-main:group:0:5bb63c9704d0","N:n-main:group:0:b26a1f2c5ed4","N:n-main:group:0:51ced0d3b1ac","N:n-main:group:0:d9c729acd42e","N:n-main:group:0:6994bb7bbe9c","N:n-main:group:0:016568356b77","N:n-main:group:0:6bfe4d53da02"]},"geometry":{"type":"LineString","coordinates":[[-73.96743827195566,40.762746613854034],[-73.95902454325854,40.75937015463633],[-73.94683155858381,40.753905157501514],[-73.94404556198191,40.75269315813682],[-73.94197656451068,40.75179115860961],[-73.94193456456397,40.751772158619566],[-73.94189256462002,40.751752158630055],[-73.94185356467328,40.75173315864001],[-73.94181456472936,40.75171315865049],[-73.94177756478824,40.7516921586615],[-73.94174156484429,40.75167215867198],[-73.94170756490317,40.75165115868299],[-73.94167456495924,40.75163115869347],[-73.94164256502093,40.751609158705],[-73.94161156507978,40.75158815871601],[-73.94158256513866,40.75156715872701],[-73.94155456520033,40.751545158738544],[-73.941527565262,40.751523158750075],[-73.94150256532649,40.751500158762134],[-73.94147856538817,40.75147815877366],[-73.94145656545545,40.751454158786245],[-73.94143256552273,40.75143015879882],[-73.94140756559001,40.7514061588114],[-73.9413805656601,40.75138115882451],[-73.94135256572737,40.75135715883708],[-73.94132256579746,40.75133215885019],[-73.94129056586755,40.75130715886329],[-73.94125756593482,40.751283158875864],[-73.94122256600771,40.751257158889494],[-73.9411865660778,40.751232158902596],[-73.94114856614789,40.751207158915705],[-73.94110856622078,40.75118115892933],[-73.94106756629087,40.751156158942436],[-73.94102456636375,40.75113015895606],[-73.94098056643944,40.75110315897021],[-73.9400955675075,40.750722159169904],[-73.93906756876335,40.750274159404704],[-73.93897240764709,40.75023520528364],[-73.93886680065617,40.7501888229936],[-73.93876321961129,40.75014121169703],[-73.93866147563705,40.75009340073797],[-73.93855807929833,40.75004277065766],[-73.9384548034316,40.74999013287801],[-73.93835338466134,40.74993688089676],[-73.93825111014569,40.74988166945371],[-73.93814829988598,40.749823563369894],[-73.93804784994387,40.74976573583833],[-73.93794603250907,40.74970508533571],[-73.93784548217458,40.749644756176906],[-73.93774318760703,40.74958010998323],[-73.93764245169339,40.749514999733414],[-73.93754240230808,40.74944865766785],[-73.93747576619451,40.749414021844636],[-73.93740771620648,40.7493847852448],[-73.93733998521881,40.74936125812453],[-73.93727467857518,40.74934385583779],[-73.93721236592155,40.74933270241224],[-73.93715175808269,40.74932706470227],[-73.9370965645905,40.74932767506524],[-73.93703851964196,40.74933294703559],[-73.93698123578245,40.7493431851868],[-73.93692214115178,40.7493587364848],[-73.93686551740267,40.749379787553764],[-73.93680042915042,40.7494080204756],[-73.93673960756907,40.74944135607947],[-73.93667484497931,40.749483089236875],[-73.93660483105306,40.749533069168095],[-73.93530009377103,40.75074148697946],[-73.9352618478134,40.750776714019466],[-73.93522384793519,40.750811713987204],[-73.93518389800415,40.75084748417619],[-73.93514869375437,40.75087985598627],[-73.93510684535146,40.7509162936635],[-73.93506668381951,40.7509501421627],[-73.9350315599489,40.75098054113908],[-73.93499168404057,40.75101414210518],[-73.93495196338029,40.75104639023745],[-73.9349149634834,40.75107639021089],[-73.93487500973245,40.75110795339896],[-73.93483747472796,40.751137374298764],[-73.93479784913362,40.75116739644898],[-73.93476084922897,40.7511953964249],[-73.93472107930346,40.75122445486465],[-73.93423765330003,40.75153021306487],[-73.93419683651652,40.75155572617709],[-73.93416599219836,40.751577360476844],[-73.93413002041004,40.75160293800673],[-73.93409482405592,40.75162890941741],[-73.93405948543094,40.751655913739334],[-73.93402994055891,40.75168076625306],[-73.93399394066243,40.751710766226175],[-73.93396245399144,40.751738882093996],[-73.93393227661522,40.751767386034516],[-73.9338993178029,40.75179943442342],[-73.93386996649478,40.75182978466758],[-73.93383869172912,40.75186298135701],[-73.93381004921339,40.751895314542516],[-73.93377804933915,40.75193131450886],[-73.93375157262396,40.75196400485038],[-73.93293677456134,40.75296676018944],[-73.92975678823149,40.756888756563235],[-73.92568980571868,40.76190475192487],[-73.92166082301144,40.766863747338455],[-73.92097682593408,40.76770174656335],[-73.9209278261259,40.767756746512475],[-73.92087782631425,40.76781074646253],[-73.92082782650259,40.76786474641258],[-73.92077582669441,40.767919746361706],[-73.92072382688275,40.76797374631175],[-73.92067082706761,40.76802674626273],[-73.92061782725594,40.76808074621278],[-73.92056382744428,40.768134746162836],[-73.92050882762913,40.76818774611382],[-73.92045282781748,40.768241746063865],[-73.92039682800234,40.76829474601484],[-73.9203398281872,40.76834774596581],[-73.92028182837205,40.768400745916786],[-73.9202228285534,40.76845274586869],[-73.92016382873827,40.76850574581966],[-73.91802483514577,40.770342744120406],[-73.912034,40.775036]]}},{"type":"Feature","id":"Q:q-main:solo:0:cef3dcf1af8c","properties":{"route_id":"Q","canonical_route_id":"Q","visual_route_id":"Q","visual_route_normalization_reason":"identity","display_route":"Q","shape_id":"Q..N19R","source_shape_ids":["Q..N19R","Q..N39R","Q..S19R","Q..S39R"],"raw_route_ids":["Q"],"raw_shape_ids":["Q..N19R","Q..N39R","Q..S19R","Q..S39R"],"visual_edge_ids":["q:D42-D43"],"edge_count":1,"from_stop_id":"D43","to_stop_id":"D42","from_stop_name":"Coney Island-Stillwell Av","to_stop_name":"W 8 St-NY Aquarium","edge_sequence":0,"edge_sequence_range":[0,0],"representative_edge_geometry_source":"Q..N19R","representative_edge_geometry_sources":["Q..N19R"],"edge_geometry_confidence":"high","visual_edge_metadata":[],"geometry_reversal_count":0,"internal_stitch_valid":true,"max_internal_snap_distance_m":0,"branch_representative_geometry_used":null,"branch_representative_warning":null,"canonical_direction_id":"mixed","canonical_direction_count":2,"collapsed_direction_count":2,"direction_collapse_reason":"visual-edge-direction-collapse","representative_shape_id":"Q..N19R","canonical_feature_count":4,"color":"#F6BC26","visual_family":"N-Q-R-W","visual_branch_id":"q-main","raw_group_sequence":0,"group_sequence":0,"group_id":null,"merged_group_ids":[],"group_member_routes":[],"group_member_visual_routes":[],"group_lane_order":[],"group_lane_order_visual":[],"group_lane_count":1,"visual_lane_slot":0,"visual_z_order":150,"corridor_id":null,"segment_kind":"solo","render_style":"subway-ribbon-v1","source":"group-corridors","debug_id":"Q:q-main:solo:0:cef3dcf1af8c","feature_length_m":563.59,"assignment_reason":"solo edge: no active corridor group for this local visual edge","handoff_node_id":"handoff-q-q-main--73.97594,40.57613","handoff_reason":"detected-corridor-entry","handoff_kind":"merge","handoff_from_group_id":null,"handoff_to_group_id":"group-manual-brighton-bq-brooklyn","handoff_from_lane_slot":0,"handoff_to_lane_slot":0.5,"start_handoff_node_id":"terminal-q-q-main-start","start_handoff_reason":"terminal","start_handoff_kind":"terminal","start_handoff_from_group_id":null,"start_handoff_to_group_id":null,"start_handoff_from_lane_slot":0,"start_handoff_to_lane_slot":0,"end_handoff_node_id":"handoff-q-q-main--73.97594,40.57613","end_handoff_reason":"detected-corridor-entry","end_handoff_kind":"merge","end_handoff_from_group_id":null,"end_handoff_to_group_id":"group-manual-brighton-bq-brooklyn","end_handoff_from_lane_slot":0,"end_handoff_to_lane_slot":0.5,"effective_render_key":"Q|q-main|lane:0|z:150|color:#F6BC26|kind:solo|style:subway-ribbon-v1"},"geometry":{"type":"LineString","coordinates":[[-73.981233,40.577422],[-73.981083,40.576635],[-73.981069,40.576575],[-73.981047,40.576518],[-73.981018,40.576463],[-73.980982,40.576412],[-73.980938,40.576363],[-73.980887,40.576318],[-73.980828,40.576275],[-73.980762,40.576235],[-73.980689,40.576199],[-73.980608,40.576165],[-73.98052,40.576134],[-73.980425,40.576106],[-73.980322,40.576081],[-73.980212,40.576058],[-73.980094,40.576039],[-73.978088,40.575771],[-73.977991,40.575762],[-73.977895,40.575756],[-73.977798,40.575753],[-73.9777,40.575752],[-73.977603,40.575754],[-73.977506,40.575758],[-73.977408,40.575765],[-73.97731,40.575774],[-73.977212,40.575786],[-73.977114,40.575801],[-73.977015,40.575818],[-73.976917,40.575837],[-73.976818,40.57586],[-73.976719,40.575885],[-73.97662,40.575912],[-73.975939,40.576127]]}},{"type":"Feature","id":"Q:q-main:group:1:b733b1ef639a","properties":{"route_id":"Q","canonical_route_id":"Q","visual_route_id":"Q","visual_route_normalization_reason":"identity","display_route":"Q","shape_id":"Q..N19R","source_shape_ids":["Q..N19R","Q..N39R","Q..S19R","Q..S39R","Q..S37R"],"raw_route_ids":["Q"],"raw_shape_ids":["Q..N19R","Q..N39R","Q..S19R","Q..S39R","Q..S37R"],"visual_edge_ids":["q:D41-D42","q:D40-D41","q:D39-D40","q:D38-D39","q:D37-D38","q:D35-D37","q:D34-D35","q:D33-D34","q:D32-D33","q:D31-D32","q:D30-D31","q:D29-D30","q:D28-D29","q:D27-D28","q:D26-D27","q:D25-D26"],"edge_count":16,"from_stop_id":"D42","to_stop_id":"D25","from_stop_name":"W 8 St-NY Aquarium","to_stop_name":"7 Av","edge_sequence":1,"edge_sequence_range":[1,1],"representative_edge_geometry_source":"Q..N19R","representative_edge_geometry_sources":["Q..N19R"],"edge_geometry_confidence":"high","visual_edge_metadata":[],"geometry_reversal_count":0,"internal_stitch_valid":true,"max_internal_snap_distance_m":0,"branch_representative_geometry_used":null,"branch_representative_warning":null,"canonical_direction_id":"mixed","canonical_direction_count":2,"collapsed_direction_count":2,"direction_collapse_reason":"visual-edge-direction-collapse","representative_shape_id":"Q..N19R","canonical_feature_count":4,"color":"#F6BC26","visual_family":"N-Q-R-W","visual_branch_id":"q-main","raw_group_sequence":1000,"group_sequence":1,"group_id":"group-manual-brighton-bq-brooklyn","merged_group_ids":["group-manual-brighton-bq-brooklyn"],"group_member_routes":["Q","B"],"group_member_visual_routes":["Q","B"],"group_lane_order":["Q","B"],"group_lane_order_visual":["Q","B"],"group_lane_count":2,"visual_lane_slot":0.5,"visual_z_order":296,"corridor_id":"brighton-bq-brooklyn","segment_kind":"group","render_style":"subway-ribbon-v1","source":"group-corridors","debug_id":"Q:q-main:group:1:b733b1ef639a","feature_length_m":12850.54,"assignment_reason":"merged validated visual edges with compatible render state","handoff_node_id":"handoff-q-q-main--73.97237,40.67705","handoff_reason":"station-adjacent-membership-change","handoff_kind":"membership-change","handoff_from_group_id":"group-manual-brighton-bq-brooklyn","handoff_to_group_id":"group-manual-dekalb-atlantic","handoff_from_lane_slot":0.5,"handoff_to_lane_slot":-0.65,"start_handoff_node_id":"handoff-q-q-main--73.97594,40.57613","start_handoff_reason":"detected-corridor-entry","start_handoff_kind":"merge","start_handoff_from_group_id":null,"start_handoff_to_group_id":"group-manual-brighton-bq-brooklyn","start_handoff_from_lane_slot":0,"start_handoff_to_lane_slot":0.5,"end_handoff_node_id":"handoff-q-q-main--73.97237,40.67705","end_handoff_reason":"station-adjacent-membership-change","end_handoff_kind":"membership-change","end_handoff_from_group_id":"group-manual-brighton-bq-brooklyn","end_handoff_to_group_id":"group-manual-dekalb-atlantic","end_handoff_from_lane_slot":0.5,"end_handoff_to_lane_slot":-0.65,"effective_render_key":"Q|q-main|lane:0.5|z:296|color:#F6BC26|kind:group|style:subway-ribbon-v1","merged_debug_ids":["Q:q-main:group:0:43b909d0ed90","Q:q-main:group:0:ffb4abdd2ef1","Q:q-main:group:0:25426e06269d","Q:q-main:group:0:84f46454cd68","Q:q-main:group:0:425b672d6070","Q:q-main:group:0:d2fa338cce0b","Q:q-main:group:0:6425adc19aa2","Q:q-main:group:0:8a0cc57f2124","Q:q-main:group:0:37cf86968961","Q:q-main:group:0:56621ed5d58b","Q:q-main:group:0:758d1416d36d","Q:q-main:group:0:91b3e892e7b9","Q:q-main:group:0:89c2292766cd","Q:q-main:group:0:c965eae7e53d","Q:q-main:group:0:ed1304c996f9","Q:q-main:group:0:f53aabb91741"]},"geometry":{"type":"LineString","coordinates":[[-73.975939,40.576127],[-73.97491304249354,40.57642837022545],[-73.97431804229305,40.57661737022723],[-73.97424204227077,40.57663837022743],[-73.97416504225063,40.57665737022761],[-73.97408804223153,40.576675370227775],[-73.97400904221561,40.576690370227915],[-73.97392904220077,40.57670437022804],[-73.97384804218909,40.57671537022815],[-73.9737660421785,40.576725370228246],[-73.97368304217001,40.576733370228325],[-73.9735990421647,40.57673837022837],[-73.97351404216046,40.57674237022841],[-73.9734270421594,40.576743370228414],[-73.97334004215939,40.576743370228414],[-73.97325104216152,40.5767413702284],[-73.97316104216682,40.57673637022835],[-73.97307004217319,40.5767303702283],[-73.96862304260704,40.57632137022444],[-73.9686090426081,40.57632037022444],[-73.96859604260915,40.576319370224425],[-73.96858204261022,40.57631837022441],[-73.96856904261126,40.57631737022441],[-73.96855604261233,40.5763163702244],[-73.9685420426134,40.576315370224386],[-73.96852904261445,40.57631437022438],[-73.96851704261445,40.57631437022438],[-73.96850404261552,40.57631337022437],[-73.96849104261658,40.57631237022436],[-73.96847904261656,40.57631237022436],[-73.96846604261764,40.57631137022435],[-73.96845404261764,40.57631137022435],[-73.96844204261764,40.57631137022435],[-73.96843004261764,40.57631137022435],[-73.96833304261976,40.57630937022433],[-73.96823604262188,40.576307370224306],[-73.96813904262189,40.576307370224306],[-73.96804204262082,40.576308370224325],[-73.96794604261764,40.57631137022435],[-73.9678490426134,40.576315370224386],[-73.96775304260703,40.57632137022444],[-73.9676570425996,40.57632837022451],[-73.96756104259111,40.57633637022459],[-73.96746504258051,40.57634637022468],[-73.96736904256883,40.576357370224784],[-73.96727404255505,40.57637037022491],[-73.9671780425402,40.576384370225036],[-73.96708304252323,40.57640037022519],[-73.9669880425052,40.57641737022534],[-73.9613050412291,40.57762037023667],[-73.96028304099784,40.577838370238716],[-73.96021204098088,40.577854370238875],[-73.96014304096177,40.577872370239035],[-73.9600770409395,40.57789337023924],[-73.96001404091511,40.57791637023946],[-73.95995404088858,40.57794137023969],[-73.95989604085995,40.57796837023995],[-73.95984104082918,40.57799737024022],[-73.95978904079523,40.578029370240515],[-73.95974004075916,40.578063370240834],[-73.95969404071991,40.57810037024118],[-73.9596500406796,40.57813837024155],[-73.95961004063611,40.578179370241934],[-73.95957204059049,40.57822237024234],[-73.95953604054276,40.57826737024276],[-73.95950404049184,40.57831537024321],[-73.9545990331899,40.58519737030799],[-73.95453003307104,40.58530937030905],[-73.95446503295113,40.585422370310106],[-73.9544060328312,40.58553537031117],[-73.95435103271022,40.58564937031225],[-73.95430203259032,40.58576237031331],[-73.9542570324704,40.58587537031437],[-73.95421803235047,40.585988370315434],[-73.9541830322295,40.58610237031651],[-73.95415403210956,40.586215370317575],[-73.95413003198965,40.58632837031864],[-73.95411003186867,40.586442370319716],[-73.95409603174873,40.586555370320774],[-73.95408703162776,40.58666937032184],[-73.95408203150784,40.58678237032291],[-73.95408403138791,40.58689537032398],[-73.95408303131892,40.58696037032459],[-73.95408104638523,40.587023721245785],[-73.95407904695732,40.58708670096103],[-73.95407704756163,40.58714868002248],[-73.95407407565905,40.58720898837585],[-73.95407107725556,40.58726895489849],[-73.95406808077536,40.5873268844864],[-73.95406412316345,40.58738418100601],[-73.95406013015089,40.58744008062039],[-73.95405519444121,40.58749428780266],[-73.95405020066036,40.587548219396474],[-73.95404520723737,40.58760114842827],[-73.9540392966492,40.58765229518855],[-73.95403330725928,40.58770320366453],[-73.95402554381832,40.58775149882145],[-73.95399516461484,40.588117623916474],[-73.95398912934101,40.58820208065355],[-73.9539850725513,40.58828602874702],[-73.95398303745489,40.588367989539755],[-73.95398103736892,40.58844898954098],[-73.9539800280078,40.588529488388865],[-73.9539810279229,40.588610511610526],[-73.95398303775461,40.58869003602723],[-73.95398605481353,40.5887685735824],[-73.95398905552217,40.58884559399894],[-73.95399411053127,40.588923654598865],[-73.95400119729449,40.58900076072188],[-73.95400820184082,40.58907581061159],[-73.9540162558641,40.5891513516518],[-73.95402532487081,40.58922595691427],[-73.9540353947964,40.58930050222106],[-73.95424843696392,40.59079081680206],[-73.95509073565302,40.59525364663966],[-73.95585873652709,40.59930767379441],[-73.95743172975013,40.60759868402263],[-73.95743492577859,40.60761365459296],[-73.95743806964556,40.60762730119205],[-73.95744092574954,40.60764065458955],[-73.95744248386376,40.60765125273153],[-73.9574459257205,40.607667654586145],[-73.95744906958737,40.60768130118476],[-73.95745206957335,40.60769430118297],[-73.95745661790342,40.60771042544967],[-73.95745906954424,40.60772130117932],[-73.95746206953025,40.60773430117761],[-73.95746506951623,40.607747301175806],[-73.95746806950224,40.607760301174096],[-73.95747106948824,40.607773301172344],[-73.95747617398258,40.60778922282682],[-73.9574780694613,40.60779830116896],[-73.95750277695224,40.607880969160426],[-73.95750771055988,40.60789774571966],[-73.95751253212258,40.60791512174134],[-73.95751917382319,40.607935222799696],[-73.95752199347415,40.60794896637311],[-73.95752737998652,40.60796955944406],[-73.95753253204346,40.60798812172968],[-73.95753737994647,40.60800655943844],[-73.95754080861188,40.608024091026685],[-73.9575463799043,40.60804555943251],[-73.95754980857001,40.60806309102207],[-73.95755380854851,40.60808309101967],[-73.95755773488273,40.60810371381535],[-73.9575617348602,40.608124713812984],[-73.95756573483766,40.60814571381058],[-73.95756973481514,40.60816671380823],[-73.95766368577327,40.608677454722205],[-73.95781668490683,40.6094854546338],[-73.9578196848886,40.60950245463194],[-73.95782268487037,40.60951945463008],[-73.95782568485215,40.60953645462822],[-73.95782768483284,40.60955445462625],[-73.95783068481462,40.60957145462439],[-73.9578326847953,40.60958945462242],[-73.957835684776,40.60960745462045],[-73.95783768475671,40.609625454618474],[-73.9578396847374,40.60964345461651],[-73.9578426847181,40.60966145461454],[-73.95784468469772,40.60968045461246],[-73.95784668467842,40.60969845461049],[-73.95784768465805,40.609717454608415],[-73.95784968463768,40.609736454606335],[-73.9578516846173,40.609755454604255],[-73.9578686844811,40.60988245459036],[-73.95787068446288,40.6098994545885],[-73.95787268444357,40.60991745458653],[-73.95787568442428,40.60993545458455],[-73.95787768440498,40.60995345458259],[-73.95788068438459,40.609972454580515],[-73.95788268436422,40.60999145457843],[-73.95788568434384,40.610010454576354],[-73.9578896843224,40.610030454574165],[-73.95789268430096,40.610050454571976],[-73.9578956842795,40.61007045456979],[-73.95789968425699,40.61009145456749],[-73.95790368423445,40.61011245456519],[-73.95790768421087,40.61013445456278],[-73.95791168418728,40.610156454560375],[-73.9579156841637,40.61017845455797],[-73.95932867617618,40.617625453743045],[-73.9607326682136,40.625046452930846],[-73.9613376647899,40.62823645258167],[-73.96134966472763,40.62829445257532],[-73.96136066466431,40.62835345256886],[-73.96137266459883,40.62841445256218],[-73.96138466453228,40.6284764525554],[-73.96139866446357,40.628540452548386],[-73.96141266439274,40.62860645254116],[-73.96142666431975,40.62867445253372],[-73.9614426642457,40.62874345252617],[-73.96145866416948,40.6288144525184],[-73.96147466409113,40.628887452510405],[-73.96149266401062,40.62896245250219],[-73.96151066392903,40.62903845249387],[-73.96152966384533,40.62911645248534],[-73.96154866375944,40.62919645247658],[-73.96156866367251,40.62927745246771],[-73.96176366282985,40.63006245238178],[-73.96177366278907,40.630100452377626],[-73.96178366274721,40.630139452373356],[-73.96179266270319,40.63018045236887],[-73.96180266265918,40.63022145236438],[-73.9618126626141,40.630263452359785],[-73.96182166256688,40.63030745235496],[-73.96183066251963,40.63035145235015],[-73.96184066247025,40.63039745234511],[-73.96184966241981,40.630444452339965],[-73.96185866236934,40.63049145233482],[-73.96186766231675,40.630540452329456],[-73.96187666226307,40.630590452323986],[-73.96188566220833,40.6306414523184],[-73.9618936621525,40.630693452312705],[-73.96190266209561,40.63074645230691],[-73.96272265743296,40.63508945183146],[-73.96382065115617,40.64093445119152],[-73.96442164782212,40.644038450851646],[-73.96444164768675,40.64416445083785],[-73.96445964755247,40.644289450824154],[-73.9644736474182,40.64441445081047],[-73.96448364728501,40.644538450796894],[-73.96449064715287,40.64466145078343],[-73.96449364702073,40.644784450769954],[-73.9644926468886,40.644907450756484],[-73.96448764675755,40.645029450743124],[-73.9644796466265,40.64515145072977],[-73.96446764649652,40.64527245071652],[-73.96445164636653,40.645393450703274],[-73.9644316462376,40.645513450690125],[-73.9644086461087,40.64563345067699],[-73.96438164597977,40.645753450663854],[-73.96435064585087,40.645873450650704],[-73.96291164084298,40.650534450140285],[-73.96283964058401,40.65077545011389],[-73.9627686403272,40.65101445008772],[-73.96269664007251,40.651251450061764],[-73.96262563982106,40.651485450036134],[-73.96255563957283,40.65171645001084],[-73.96248563932674,40.65194544998576],[-73.96241563908279,40.652172449960894],[-73.96234563884208,40.65239644993637],[-73.96227663860458,40.652617449912164],[-73.96220763836922,40.65283644988818],[-73.96213963813602,40.653053449864416],[-73.96207163790604,40.653267449840975],[-73.96200363767821,40.65347944981776],[-73.96193563745359,40.65368844979486],[-73.96186763723112,40.65389544977219],[-73.96142463572215,40.655299449618425],[-73.96139763559961,40.65541344960594],[-73.96137463547817,40.65552644959356],[-73.96135463535887,40.655637449581405],[-73.96133763523956,40.655748449569245],[-73.96132263512132,40.65585844955719],[-73.96131163500525,40.655966449545375],[-73.96130263488915,40.65607444953354],[-73.96129763477414,40.65618144952182],[-73.96129463465914,40.6562884495101],[-73.96129463454628,40.656393449498594],[-73.96129763443449,40.656497449487205],[-73.96130363432272,40.656601449475815],[-73.96131263421307,40.65670344946464],[-73.96132363410344,40.65680544945348],[-73.96133963399379,40.6569074494423],[-73.9618666305098,40.66014844908731],[-73.96187063048507,40.660171449084785],[-73.96187563045926,40.66019544908215],[-73.96188063043346,40.66021944907953],[-73.96188563040658,40.66024444907679],[-73.96189063037971,40.66026944907406],[-73.96189563035176,40.66029544907121],[-73.96190163032381,40.660321449068356],[-73.96190763029585,40.660347449065505],[-73.96191363026682,40.66037444906255],[-73.96192063023672,40.66040244905948],[-73.96192663020662,40.66043044905642],[-73.96193363017544,40.660459449053235],[-73.96194063014427,40.66048844905006],[-73.96194763011309,40.660517449046885],[-73.96195563008084,40.6605474490436],[-73.96203662977443,40.66083244901238],[-73.96204062976153,40.660844449011066],[-73.96204362974863,40.66085644900975],[-73.96204762973574,40.66086844900843],[-73.96205062972282,40.660880449007124],[-73.96205362970993,40.66089244900581],[-73.96205762969596,40.66090544900439],[-73.96206062968305,40.66091744900307],[-73.96206262967014,40.660929449001756],[-73.96206562965618,40.66094244900033],[-73.96206862964327,40.660954448999014],[-73.96207062963038,40.6609664489977],[-73.96207362961638,40.66097944899628],[-73.96207562960242,40.660992448994854],[-73.96207762958952,40.661004448993545],[-73.96207962957553,40.66101744899211],[-73.96217562892616,40.661621448925956],[-73.96232162791873,40.66255844882331],[-73.96233762782089,40.66264944881335],[-73.96235662772305,40.66274044880338],[-73.96237962762628,40.66283044879352],[-73.96240462752951,40.662920448783666],[-73.96243162743274,40.663010448773804],[-73.96246262733703,40.66309944876405],[-73.96249562724134,40.663188448754305],[-73.96253062714673,40.66327644874466],[-73.96256962705209,40.66336444873502],[-73.96261062695748,40.66345244872539],[-73.96265362686393,40.663539448715845],[-73.9627006267704,40.66362644870632],[-73.9627496266779,40.6637124486969],[-73.96280162658545,40.66379844868748],[-73.96285662649404,40.66388344867817],[-73.972367,40.67705]]}},{"type":"Feature","id":"Q:q-main:group:2:75c9fd410edb","properties":{"route_id":"Q","canonical_route_id":"Q","visual_route_id":"Q","visual_route_normalization_reason":"identity","display_route":"Q","shape_id":"Q..N19R","source_shape_ids":["Q..N19R","Q..N39R","Q..S19R","Q..S37R","Q..S39R"],"raw_route_ids":["Q"],"raw_shape_ids":["Q..N19R","Q..N39R","Q..S19R","Q..S37R","Q..S39R"],"visual_edge_ids":["q:D24-D25","q:D24-R30"],"edge_count":2,"from_stop_id":"D25","to_stop_id":"R30","from_stop_name":"7 Av","to_stop_name":"DeKalb Av","edge_sequence":17,"edge_sequence_range":[17,17],"representative_edge_geometry_source":"Q..N19R","representative_edge_geometry_sources":["Q..N19R"],"edge_geometry_confidence":"high","visual_edge_metadata":[],"geometry_reversal_count":0,"internal_stitch_valid":true,"max_internal_snap_distance_m":0,"branch_representative_geometry_used":null,"branch_representative_warning":null,"canonical_direction_id":"mixed","canonical_direction_count":2,"collapsed_direction_count":2,"direction_collapse_reason":"visual-edge-direction-collapse","representative_shape_id":"Q..N19R","canonical_feature_count":5,"color":"#F6BC26","visual_family":"N-Q-R-W","visual_branch_id":"q-main","raw_group_sequence":17000,"group_sequence":2,"group_id":"group-manual-dekalb-atlantic","merged_group_ids":["group-manual-dekalb-atlantic"],"group_member_routes":["N","Q","R","W","2","3","4","5","B","D"],"group_member_visual_routes":["N","Q","R","W","2","3","4","5","B","D"],"group_lane_order":["N","Q","R","W","2","3","4","5","B","D"],"group_lane_order_visual":["N","Q","R","W","2","3","4","5","B","D"],"group_lane_count":10,"visual_lane_slot":-0.65,"visual_z_order":303,"corridor_id":"dekalb-atlantic","segment_kind":"group","render_style":"subway-ribbon-v1","source":"group-corridors","debug_id":"Q:q-main:group:2:75c9fd410edb","feature_length_m":1789.05,"assignment_reason":"merged validated visual edges with compatible render state","handoff_node_id":"handoff-q-q-main--73.98182,40.69064","handoff_reason":"station-adjacent-membership-change","handoff_kind":"membership-change","handoff_from_group_id":"group-manual-dekalb-atlantic","handoff_to_group_id":"group-manual-broadway-yellow-trunk","handoff_from_lane_slot":-0.65,"handoff_to_lane_slot":-0.5,"start_handoff_node_id":"handoff-q-q-main--73.97237,40.67705","start_handoff_reason":"station-adjacent-membership-change","start_handoff_kind":"membership-change","start_handoff_from_group_id":"group-manual-brighton-bq-brooklyn","start_handoff_to_group_id":"group-manual-dekalb-atlantic","start_handoff_from_lane_slot":0.5,"start_handoff_to_lane_slot":-0.65,"end_handoff_node_id":"handoff-q-q-main--73.98182,40.69064","end_handoff_reason":"station-adjacent-membership-change","end_handoff_kind":"membership-change","end_handoff_from_group_id":"group-manual-dekalb-atlantic","end_handoff_to_group_id":"group-manual-broadway-yellow-trunk","end_handoff_from_lane_slot":-0.65,"end_handoff_to_lane_slot":-0.5,"effective_render_key":"Q|q-main|lane:-0.65|z:303|color:#F6BC26|kind:group|style:subway-ribbon-v1","merged_debug_ids":["Q:q-main:group:0:756f14124a8f","Q:q-main:group:0:70f22e745301"]},"geometry":{"type":"LineString","coordinates":[[-73.972367,40.67705],[-73.97648071051245,40.68263923311257],[-73.97651371059278,40.682693233092294],[-73.9765437106731,40.682747233072014],[-73.97657271075192,40.68280023305211],[-73.97659971083226,40.68285423303184],[-73.97662571091259,40.68290823301156],[-73.9766487109944,40.682963232990915],[-73.97667171107621,40.683018232970255],[-73.97669171115652,40.68307223294998],[-73.97671071123983,40.68312823292895],[-73.97672771132164,40.683183232908306],[-73.97674371140494,40.683239232887274],[-73.97675771148825,40.68329523286625],[-73.97676971157154,40.683351232845226],[-73.97678071165484,40.683407232824194],[-73.97679071173964,40.68346423280279],[-73.97697639859808,40.684484841145],[-73.97750783793691,40.68717325483168],[-73.97751583800247,40.687220254837065],[-73.97752883806524,40.68726525484223],[-73.97754383812662,40.687309254847285],[-73.97756383818522,40.6873512548521],[-73.97758683824101,40.6873912548567],[-73.977613838294,40.687429254861065],[-73.97764383834424,40.68746525486519],[-73.97767873198553,40.68749956090332],[-73.97771573203163,40.687532560907435],[-73.97775709435913,40.68756124175708],[-73.97780209439989,40.687590241762045],[-73.97785001162612,40.68761415663667],[-73.97790201166302,40.68764015664254],[-73.97795618101284,40.687659057728],[-73.978016181046,40.68768205773458],[-73.97885936668567,40.68801134232356],[-73.98051683138553,40.688667913135355],[-73.98058998046382,40.68869879316957],[-73.98066172745195,40.68873246517435],[-73.98073150246839,40.68876987093385],[-73.98079618109041,40.688807368998624],[-73.9808593102734,40.68884957557745],[-73.98091778256412,40.68889303413065],[-73.98097310785047,40.6889386447664],[-73.98102525701348,40.68898638853172],[-73.98107377825168,40.68903683532556],[-73.98111893176784,40.68908818387557],[-73.98116094031785,40.689142852558206],[-73.98119946898618,40.6892003894457],[-73.98123354520061,40.68925871812192],[-73.98126502732569,40.68931941644306],[-73.98129278969908,40.6893831276162],[-73.981824,40.690635]]}},{"type":"Feature","id":"Q:q-main:group:3:6afd18a8307f","properties":{"route_id":"Q","canonical_route_id":"Q","visual_route_id":"Q","visual_route_normalization_reason":"identity","display_route":"Q","shape_id":"Q..N19R","source_shape_ids":["Q..N19R","Q..N39R","Q..S19R","Q..S37R","Q..S39R"],"raw_route_ids":["Q"],"raw_shape_ids":["Q..N19R","Q..N39R","Q..S19R","Q..S37R","Q..S39R"],"visual_edge_ids":["q:Q01-R30"],"edge_count":1,"from_stop_id":"R30","to_stop_id":"Q01","from_stop_name":"DeKalb Av","to_stop_name":"Canal St","edge_sequence":19,"edge_sequence_range":[19,19],"representative_edge_geometry_source":"Q..N19R","representative_edge_geometry_sources":["Q..N19R"],"edge_geometry_confidence":"high","visual_edge_metadata":[],"geometry_reversal_count":0,"internal_stitch_valid":true,"max_internal_snap_distance_m":0,"branch_representative_geometry_used":null,"branch_representative_warning":null,"canonical_direction_id":"mixed","canonical_direction_count":2,"collapsed_direction_count":2,"direction_collapse_reason":"visual-edge-direction-collapse","representative_shape_id":"Q..N19R","canonical_feature_count":5,"color":"#F6BC26","visual_family":"N-Q-R-W","visual_branch_id":"q-main","raw_group_sequence":19000,"group_sequence":3,"group_id":"group-manual-broadway-yellow-trunk","merged_group_ids":["group-manual-broadway-yellow-trunk"],"group_member_routes":["N","Q","R","W"],"group_member_visual_routes":["N","Q","R","W"],"group_lane_order":["N","Q","R","W"],"group_lane_order_visual":["N","Q","R","W"],"group_lane_count":4,"visual_lane_slot":-0.5,"visual_z_order":241,"corridor_id":"broadway-yellow-trunk","segment_kind":"group","render_style":"subway-ribbon-v1","source":"group-corridors","debug_id":"Q:q-main:group:3:6afd18a8307f","feature_length_m":3532.82,"assignment_reason":"grouped edge: local visual edge matched a derived corridor group","handoff_node_id":"handoff-q-q-main--74.00046,40.71838","handoff_reason":"station-adjacent-membership-change","handoff_kind":"membership-change","handoff_from_group_id":"group-manual-broadway-yellow-trunk","handoff_to_group_id":"group-manual-manhattan-bridge-approach","handoff_from_lane_slot":-0.5,"handoff_to_lane_slot":0.5,"start_handoff_node_id":"handoff-q-q-main--73.98182,40.69064","start_handoff_reason":"station-adjacent-membership-change","start_handoff_kind":"membership-change","start_handoff_from_group_id":"group-manual-dekalb-atlantic","start_handoff_to_group_id":"group-manual-broadway-yellow-trunk","start_handoff_from_lane_slot":-0.65,"start_handoff_to_lane_slot":-0.5,"end_handoff_node_id":"handoff-q-q-main--74.00046,40.71838","end_handoff_reason":"station-adjacent-membership-change","end_handoff_kind":"membership-change","end_handoff_from_group_id":"group-manual-broadway-yellow-trunk","end_handoff_to_group_id":"group-manual-manhattan-bridge-approach","end_handoff_from_lane_slot":-0.5,"end_handoff_to_lane_slot":0.5,"effective_render_key":"Q|q-main|lane:-0.5|z:241|color:#F6BC26|kind:group|style:subway-ribbon-v1"},"geometry":{"type":"LineString","coordinates":[[-73.981824,40.690635],[-73.9823647672775,40.691586966158944],[-73.9834887699052,40.69385696546268],[-73.98418677135227,40.695106965079255],[-73.98554477446787,40.69779796425375],[-73.99507003512366,40.71490688607314],[-73.99509403517823,40.7149538860586],[-73.99511903523161,40.714999886044374],[-73.995145035285,40.715045886030154],[-73.99517203533725,40.71509088601624],[-73.99520103539064,40.71513688600201],[-73.9952310354417,40.7151808859884],[-73.99526203549394,40.71522588597449],[-73.995294035545,40.71526988596088],[-73.99532803559607,40.715313885947275],[-73.99536303564601,40.71535688593397],[-73.99539903569591,40.715399885920675],[-73.99543603574581,40.71544288590738],[-73.99547403579457,40.71548488589439],[-73.99551403584333,40.715526885881395],[-73.99555503589208,40.71556888586841],[-73.99602203643882,40.71603988572275],[-73.9960560364806,40.71607588571162],[-73.99609103652007,40.7161098857011],[-73.99612903655954,40.716143885690585],[-73.99616903659785,40.716176885680376],[-73.99621003663383,40.71620788567079],[-73.99625403666981,40.7162388856612],[-73.99629903670464,40.71626888565193],[-73.99634703673713,40.71629688564327],[-73.99639703676964,40.716324885634606],[-73.99644803679982,40.71635088562657],[-73.99650203683001,40.71637688561853],[-73.99655703685787,40.7164008856111],[-73.99661503688571,40.716424885603686],[-73.99667403691124,40.71644688559687],[-73.9967360369368,40.71646888559007],[-73.99823703753579,40.71698488543049],[-73.99830903756481,40.717009885422755],[-73.998380037595,40.71703588541472],[-73.99845103762634,40.717062885406364],[-73.99852003765884,40.7170908853977],[-73.9985880376925,40.71711988538874],[-73.99865503772617,40.71714888537977],[-73.99872003776215,40.71717988537018],[-73.9987850377993,40.71721188536028],[-73.99884903783762,40.71724488535008],[-73.99891203787708,40.71727888533956],[-73.99897303791656,40.717312885329044],[-73.99903403795834,40.71734888531791],[-73.99909303800129,40.71738588530647],[-73.99915203804426,40.71742288529502],[-73.99920903808952,40.717461885282965],[-74.00046,40.718383]]}},{"type":"Feature","id":"Q:q-main:group:4:014f92cd785d","properties":{"route_id":"Q","canonical_route_id":"Q","visual_route_id":"Q","visual_route_normalization_reason":"identity","display_route":"Q","shape_id":"Q..N19R","source_shape_ids":["Q..N19R","Q..N39R","Q..S19R","Q..S39R"],"raw_route_ids":["Q"],"raw_shape_ids":["Q..N19R","Q..N39R","Q..S19R","Q..S39R"],"visual_edge_ids":["q:Q01-R22"],"edge_count":1,"from_stop_id":"Q01","to_stop_id":"R22","from_stop_name":"Canal St","to_stop_name":"Prince St","edge_sequence":20,"edge_sequence_range":[20,20],"representative_edge_geometry_source":"Q..N19R","representative_edge_geometry_sources":["Q..N19R"],"edge_geometry_confidence":"high","visual_edge_metadata":[],"geometry_reversal_count":0,"internal_stitch_valid":true,"max_internal_snap_distance_m":0,"branch_representative_geometry_used":null,"branch_representative_warning":null,"canonical_direction_id":"mixed","canonical_direction_count":2,"collapsed_direction_count":2,"direction_collapse_reason":"visual-edge-direction-collapse","representative_shape_id":"Q..N19R","canonical_feature_count":4,"color":"#F6BC26","visual_family":"N-Q-R-W","visual_branch_id":"q-main","raw_group_sequence":20000,"group_sequence":4,"group_id":"group-manual-manhattan-bridge-approach","merged_group_ids":["group-manual-manhattan-bridge-approach"],"group_member_routes":["N","Q"],"group_member_visual_routes":["N","Q"],"group_lane_order":["N","Q"],"group_lane_order_visual":["N","Q"],"group_lane_count":2,"visual_lane_slot":0.5,"visual_z_order":251,"corridor_id":"manhattan-bridge-approach","segment_kind":"group","render_style":"subway-ribbon-v1","source":"group-corridors","debug_id":"Q:q-main:group:4:014f92cd785d","feature_length_m":809.31,"assignment_reason":"grouped edge: local visual edge matched a derived corridor group","handoff_node_id":"handoff-q-q-main--73.99770,40.72433","handoff_reason":"station-adjacent-membership-change","handoff_kind":"membership-change","handoff_from_group_id":"group-manual-manhattan-bridge-approach","handoff_to_group_id":"group-manual-broadway-yellow-trunk","handoff_from_lane_slot":0.5,"handoff_to_lane_slot":-0.5,"start_handoff_node_id":"handoff-q-q-main--74.00046,40.71838","start_handoff_reason":"station-adjacent-membership-change","start_handoff_kind":"membership-change","start_handoff_from_group_id":"group-manual-broadway-yellow-trunk","start_handoff_to_group_id":"group-manual-manhattan-bridge-approach","start_handoff_from_lane_slot":-0.5,"start_handoff_to_lane_slot":0.5,"end_handoff_node_id":"handoff-q-q-main--73.99770,40.72433","end_handoff_reason":"station-adjacent-membership-change","end_handoff_kind":"membership-change","end_handoff_from_group_id":"group-manual-manhattan-bridge-approach","end_handoff_to_group_id":"group-manual-broadway-yellow-trunk","end_handoff_from_lane_slot":0.5,"end_handoff_to_lane_slot":-0.5,"effective_render_key":"Q|q-main|lane:0.5|z:251|color:#F6BC26|kind:group|style:subway-ribbon-v1"},"geometry":{"type":"LineString","coordinates":[[-74.00046,40.718383],[-74.00137639360014,40.7189659701633],[-74.00144735277625,40.71902024305016],[-74.00151021046854,40.71907703861135],[-74.00156382400154,40.71913536450567],[-74.00160912096678,40.71919634283628],[-74.00164495795586,40.719259120367425],[-74.00167087126714,40.719323965892016],[-74.00168685559221,40.7193894046368],[-74.00169410945531,40.719456648373644],[-74.00169253682895,40.71952585698167],[-74.00168048015018,40.71959548966309],[-74.0016598857564,40.719666056977516],[-74.00163013218244,40.71973781989718],[-74.0015921026428,40.71981033803739],[-74.0015448248058,40.719884635283854],[-74.00136939332775,40.719900603319324],[-73.997702,40.724329]]}},{"type":"Feature","id":"Q:q-main:group:5:2c705339810c","properties":{"route_id":"Q","canonical_route_id":"Q","visual_route_id":"Q","visual_route_normalization_reason":"identity","display_route":"Q","shape_id":"Q..N19R","source_shape_ids":["Q..N19R","Q..N39R","Q..S19R","Q..S39R","Q..S37R"],"raw_route_ids":["Q"],"raw_shape_ids":["Q..N19R","Q..N39R","Q..S19R","Q..S39R","Q..S37R"],"visual_edge_ids":["q:R21-R22","q:R20-R21","q:R19-R20","q:R18-R19","q:R17-R18","q:R16-R17","q:R15-R16","q:R14-R15","q:B08-R14","q:B08-Q03","q:Q03-Q04","q:Q04-Q05"],"edge_count":12,"from_stop_id":"R22","to_stop_id":"Q05","from_stop_name":"Prince St","to_stop_name":"96 St","edge_sequence":21,"edge_sequence_range":[21,21],"representative_edge_geometry_source":"Q..N19R","representative_edge_geometry_sources":["Q..N19R"],"edge_geometry_confidence":"medium","visual_edge_metadata":[],"geometry_reversal_count":0,"internal_stitch_valid":true,"max_internal_snap_distance_m":0,"branch_representative_geometry_used":null,"branch_representative_warning":null,"canonical_direction_id":"mixed","canonical_direction_count":2,"collapsed_direction_count":2,"direction_collapse_reason":"visual-edge-direction-collapse","representative_shape_id":"Q..N19R","canonical_feature_count":4,"color":"#F6BC26","visual_family":"N-Q-R-W","visual_branch_id":"q-main","raw_group_sequence":21000,"group_sequence":5,"group_id":"group-manual-broadway-yellow-trunk","merged_group_ids":["group-manual-broadway-yellow-trunk","group-manual-63st-yellow-nq"],"group_member_routes":["N","Q","R","W"],"group_member_visual_routes":["N","Q","R","W"],"group_lane_order":["N","Q","R","W"],"group_lane_order_visual":["N","Q","R","W"],"group_lane_count":4,"visual_lane_slot":-0.5,"visual_z_order":241,"corridor_id":"broadway-yellow-trunk","segment_kind":"group","render_style":"subway-ribbon-v1","source":"group-corridors","debug_id":"Q:q-main:group:5:2c705339810c","feature_length_m":9277.12,"assignment_reason":"merged validated visual edges with compatible render state","handoff_node_id":"handoff-q-q-main--73.99770,40.72433","handoff_reason":"station-adjacent-membership-change","handoff_kind":"membership-change","handoff_from_group_id":"group-manual-manhattan-bridge-approach","handoff_to_group_id":"group-manual-broadway-yellow-trunk","handoff_from_lane_slot":0.5,"handoff_to_lane_slot":-0.5,"start_handoff_node_id":"handoff-q-q-main--73.99770,40.72433","start_handoff_reason":"station-adjacent-membership-change","start_handoff_kind":"membership-change","start_handoff_from_group_id":"group-manual-manhattan-bridge-approach","start_handoff_to_group_id":"group-manual-broadway-yellow-trunk","start_handoff_from_lane_slot":0.5,"start_handoff_to_lane_slot":-0.5,"end_handoff_node_id":"terminal-q-q-main-end","end_handoff_reason":"terminal","end_handoff_kind":"terminal","end_handoff_from_group_id":"group-manual-broadway-yellow-trunk","end_handoff_to_group_id":null,"end_handoff_from_lane_slot":-0.5,"end_handoff_to_lane_slot":0,"effective_render_key":"Q|q-main|lane:-0.5|z:241|color:#F6BC26|kind:group|style:subway-ribbon-v1","merged_debug_ids":["Q:q-main:group:0:7adc2a1de040","Q:q-main:group:0:8b78fafd62d4","Q:q-main:group:0:b9424476b1c0","Q:q-main:group:0:4cd00bb3c30e","Q:q-main:group:0:7f3f32c81f0d","Q:q-main:group:0:c62e6df1dc60","Q:q-main:group:0:0c2819909c4e","Q:q-main:group:0:419794de688d","Q:q-main:group:0:c440d9354630","Q:q-main:group:0:ad558a8491d8","Q:q-main:group:0:ff1dcd7bfe03","Q:q-main:group:0:3ffda3ed5207"]},"geometry":{"type":"LineString","coordinates":[[-73.997702,40.724329],[-73.99268905306387,40.73035688129395],[-73.99174305436145,40.731473880948336],[-73.99170905440792,40.73151388093596],[-73.99167705445555,40.73155488092327],[-73.99164605450318,40.73159588091058],[-73.99161805455198,40.73163788089759],[-73.99159105460076,40.73167988088459],[-73.99156505464956,40.731721880871596],[-73.99154205469951,40.731764880858286],[-73.99152005474947,40.73180788084499],[-73.99150005479942,40.73185088083168],[-73.99148205485054,40.73189488081806],[-73.99146605490165,40.73193888080445],[-73.99145105495276,40.73198288079084],[-73.99143805500503,40.73202788077691],[-73.99142705505731,40.73207288076299],[-73.99141805511077,40.73211888074875],[-73.9906280593468,40.735764879620504],[-73.9902660613187,40.73746187909533],[-73.99025506136867,40.73750487908202],[-73.99024606141863,40.73754787906871],[-73.99023606146977,40.73759187905509],[-73.99022606152207,40.73763687904116],[-73.99021506157435,40.737681879027235],[-73.99020406162664,40.73772687901331],[-73.99019406168125,40.73777387899876],[-73.99018206173588,40.737820878984216],[-73.99017106179049,40.73786787896967],[-73.99015906184627,40.737915878954816],[-73.99014806190321,40.73796487893965],[-73.99013606196016,40.73801387892449],[-73.99012306201827,40.73806387890902],[-73.99011106207635,40.738113878893536],[-73.99009706213563,40.73816487887775],[-73.98966406406011,40.73982087836522],[-73.98965006412055,40.739872878349125],[-73.98963806417865,40.73992287833365],[-73.98962606423792,40.73997387831786],[-73.98961406429603,40.74002387830239],[-73.98960306435414,40.740073878286914],[-73.98959206441225,40.74012387827143],[-73.98958206447035,40.74017387825596],[-73.98957206452847,40.740223878240485],[-73.98956306458543,40.74027287822532],[-73.98955406464353,40.740322878209845],[-73.98954506470048,40.74037187819468],[-73.98953706475741,40.74042087817951],[-73.98952906481438,40.74046987816434],[-73.98952206487016,40.74051787814948],[-73.98951506492712,40.740566878134324],[-73.98940406581623,40.741331877897544],[-73.98925206737371,40.74267187748277],[-73.98924606743996,40.742728877465126],[-73.98924006750622,40.742785877447474],[-73.98923306757014,40.74284087743045],[-73.98922606763406,40.742895877413424],[-73.98922006769567,40.742948877397026],[-73.98921306775729,40.74300187738062],[-73.98920606781773,40.743053877364524],[-73.98919806787585,40.74310387734904],[-73.98919106793396,40.74315387733357],[-73.98918306798976,40.74320187731871],[-73.98917606804555,40.74324987730385],[-73.98916806810018,40.7432968772893],[-73.98916006815364,40.74334287727506],[-73.98915106820479,40.74338687726144],[-73.98914306825593,40.74343087724783],[-73.98875107068778,40.74552287660023],[-73.98801007542313,40.749595875339274],[-73.98763007803713,40.75184387464325],[-73.98761607812783,40.7519218746191],[-73.98760107821853,40.751999874594944],[-73.98758607830925,40.752077874570794],[-73.98757007839995,40.752155874546645],[-73.9875530784895,40.752232874522804],[-73.9875350785802,40.75231087449865],[-73.9875170786709,40.7523888744745],[-73.9874970787616,40.75246687445034],[-73.98747707885231,40.75254487442619],[-73.98745607894186,40.75262187440235],[-73.98743507903256,40.7526998743782],[-73.98741307912327,40.75277787435405],[-73.98738907921398,40.752855874329896],[-73.98736607930354,40.752932874306055],[-73.98734107939424,40.753010874281905],[-73.9868140813597,40.75470087375859],[-73.9862610834044,40.756458873214186],[-73.98621408356608,40.75659787317114],[-73.98616608372427,40.75673387312902],[-73.98611608388013,40.75686787308752],[-73.98606308403366,40.756999873046645],[-73.98600908418489,40.757129873006384],[-73.98595308433377,40.75725787296675],[-73.98589508447917,40.757382872928034],[-73.98583508462224,40.75750587288994],[-73.98577208476416,40.75762787285216],[-73.98570808490257,40.757746872815304],[-73.98564208503866,40.757863872779076],[-73.98557408517127,40.75797787274377],[-73.98550408530272,40.75809087270878],[-73.98543108543184,40.7582018726744],[-73.98535808555631,40.75830887264126],[-73.98419908744201,40.759929872139224],[-73.98071809298366,40.764692870663936],[-73.97955909483389,40.766282870171395],[-73.97823709691818,40.76807386961656],[-73.9780530971847,40.768302869545614],[-73.97785809741863,40.76850386948335],[-73.97765209762113,40.76867786942944],[-73.9774350977899,40.768822869384515],[-73.97720809792607,40.76893986934827],[-73.97696909802966,40.76902886932069],[-73.97672009810181,40.769090869301486],[-73.97645909814023,40.76912386929126],[-73.9761880981472,40.7691298692894],[-73.97590609812043,40.76910686929653],[-73.97561309806224,40.76905686931202],[-73.9753090979703,40.768977869336496],[-73.97499409784693,40.768871869369335],[-73.9746690976898,40.76873686941116],[-73.97433209750126,40.76857486946135],[-73.97220809601508,40.76729786985696],[-73.97216209598017,40.76726786986625],[-73.97211509594642,40.767238869875236],[-73.97206709591151,40.767208869884534],[-73.9720170958766,40.767178869893826],[-73.97196609584284,40.76714986990281],[-73.97191409580792,40.7671198699121],[-73.97186109577417,40.76709086992109],[-73.97180709573927,40.76706086993038],[-73.97175109570553,40.767031869939366],[-73.9716940956706,40.76700186994866],[-73.97163609563685,40.76697286995764],[-73.9715760956031,40.766943869966624],[-73.9715160955682,40.76691386997592],[-73.97145409553445,40.7668848699849],[-73.9713900955007,40.76685586999388],[-73.96617309294294,40.764657870674775],[-73.9646180921796,40.764001870877976],[-73.96436109208072,40.7639168709043],[-73.96411209200392,40.76385087092475],[-73.96387009194805,40.763802870939614],[-73.96363409191315,40.76377287094891],[-73.96340509190036,40.76376187095232],[-73.9631830919085,40.763768870950145],[-73.96296709193759,40.76379387094241],[-73.96275809198762,40.76383687092908],[-73.9625560920586,40.76389787091019],[-73.96236109215168,40.763977870885405],[-73.96217209226457,40.76407487085537],[-73.96199009239953,40.764190870819434],[-73.96181509255545,40.764324870777926],[-73.96164709273347,40.76447787073053],[-73.96148409293245,40.76464887067756],[-73.95894309697056,40.76811886960262],[-73.9584394216586,40.768809173466956],[-73.95228510759279,40.777243866775265],[-73.95180444706432,40.77790200118725],[-73.947656,40.783471]]}},{"type":"Feature","id":"R:r-main:solo:0:b56825db1945","properties":{"route_id":"R","canonical_route_id":"R","visual_route_id":"R","visual_route_normalization_reason":"identity","display_route":"R","shape_id":"R..S96R","source_shape_ids":["R..N93R","R..N96R","R..S71R","R..S96R"],"raw_route_ids":["R"],"raw_shape_ids":["R..N93R","R..N96R","R..S71R","R..S96R"],"visual_edge_ids":["r:G08-G09","r:G09-G10","r:G10-G11","r:G11-G12","r:G12-G13","r:G13-G14","r:G14-G15","r:G15-G16","r:G16-G18","r:G18-G19","r:G19-G20"],"edge_count":11,"from_stop_id":"G08","to_stop_id":"G20","from_stop_name":"Forest Hills-71 Av","to_stop_name":"36 St","edge_sequence":0,"edge_sequence_range":[0,0],"representative_edge_geometry_source":"R..S96R","representative_edge_geometry_sources":["R..S96R"],"edge_geometry_confidence":"high","visual_edge_metadata":[],"geometry_reversal_count":0,"internal_stitch_valid":true,"max_internal_snap_distance_m":0,"branch_representative_geometry_used":null,"branch_representative_warning":null,"canonical_direction_id":"mixed","canonical_direction_count":2,"collapsed_direction_count":2,"direction_collapse_reason":"visual-edge-direction-collapse","representative_shape_id":"R..S96R","canonical_feature_count":4,"color":"#F6BC26","visual_family":"N-Q-R-W","visual_branch_id":"r-main","raw_group_sequence":0,"group_sequence":0,"group_id":null,"merged_group_ids":[],"group_member_routes":[],"group_member_visual_routes":[],"group_lane_order":[],"group_lane_order_visual":[],"group_lane_count":1,"visual_lane_slot":0,"visual_z_order":160,"corridor_id":null,"segment_kind":"solo","render_style":"subway-ribbon-v1","source":"group-corridors","debug_id":"R:r-main:solo:0:b56825db1945","feature_length_m":8828.73,"assignment_reason":"merged validated solo visual edges with compatible render state","handoff_node_id":"handoff-r-r-main--73.92878,40.75204","handoff_reason":"detected-corridor-entry","handoff_kind":"merge","handoff_from_group_id":null,"handoff_to_group_id":"group-n-q-r-w-n-r-w","handoff_from_lane_slot":0,"handoff_to_lane_slot":0.5,"start_handoff_node_id":"terminal-r-r-main-start","start_handoff_reason":"terminal","start_handoff_kind":"terminal","start_handoff_from_group_id":null,"start_handoff_to_group_id":null,"start_handoff_from_lane_slot":0,"start_handoff_to_lane_slot":0,"end_handoff_node_id":"handoff-r-r-main--73.92878,40.75204","end_handoff_reason":"detected-corridor-entry","end_handoff_kind":"merge","end_handoff_from_group_id":null,"end_handoff_to_group_id":"group-n-q-r-w-n-r-w","end_handoff_from_lane_slot":0,"end_handoff_to_lane_slot":0.5,"effective_render_key":"R|r-main|lane:0|z:160|color:#F6BC26|kind:solo|style:subway-ribbon-v1","merged_debug_ids":["R:r-main:solo:0:4c470a426601","R:r-main:solo:0:5cfb31b6874d","R:r-main:solo:0:08842904f516","R:r-main:solo:0:f1b13ab24876","R:r-main:solo:0:8167d95cc6d3","R:r-main:solo:0:49eb6aef24d0","R:r-main:solo:0:c94aa122e471","R:r-main:solo:0:6dce7ac84568","R:r-main:solo:0:f65e5ff34a28","R:r-main:solo:0:c7f48705904d","R:r-main:solo:0:02a27997ce33"]},"geometry":{"type":"LineString","coordinates":[[-73.844521,40.721691],[-73.847541,40.723026],[-73.84776,40.723137],[-73.847975,40.723253],[-73.848187,40.723371],[-73.848394,40.723493],[-73.848598,40.723618],[-73.848797,40.723747],[-73.848993,40.723878],[-73.849184,40.724013],[-73.849372,40.724151],[-73.849556,40.724292],[-73.849736,40.724436],[-73.849912,40.724584],[-73.850084,40.724735],[-73.850252,40.724889],[-73.850418,40.725045],[-73.850544,40.725159],[-73.850673,40.725272],[-73.850805,40.725382],[-73.850942,40.72549],[-73.851083,40.725596],[-73.851228,40.725699],[-73.851377,40.7258],[-73.85153,40.725899],[-73.851688,40.725995],[-73.851849,40.72609],[-73.852015,40.726181],[-73.852185,40.726271],[-73.852359,40.726358],[-73.852538,40.726443],[-73.852719,40.726523],[-73.852846,40.72658],[-73.852969,40.726635],[-73.853091,40.726688],[-73.85321,40.72674],[-73.853327,40.72679],[-73.853442,40.726839],[-73.853554,40.726887],[-73.853665,40.726933],[-73.853773,40.726977],[-73.853879,40.727021],[-73.853983,40.727062],[-73.854085,40.727103],[-73.854184,40.727142],[-73.854282,40.727179],[-73.854378,40.727216],[-73.861604,40.729846],[-73.86471,40.730985],[-73.864895,40.731051],[-73.865078,40.731119],[-73.865257,40.731187],[-73.865431,40.731257],[-73.865602,40.731327],[-73.865768,40.731397],[-73.86593,40.731469],[-73.866087,40.731541],[-73.866241,40.731614],[-73.86639,40.731688],[-73.866535,40.731763],[-73.866676,40.731838],[-73.866812,40.731914],[-73.866945,40.731991],[-73.867073,40.73207],[-73.867194,40.732143],[-73.867317,40.732215],[-73.867444,40.732287],[-73.867573,40.732358],[-73.867707,40.732429],[-73.867843,40.732499],[-73.867984,40.732568],[-73.868127,40.732638],[-73.868274,40.732706],[-73.868425,40.732774],[-73.868579,40.732842],[-73.868737,40.732909],[-73.868898,40.732975],[-73.869062,40.733041],[-73.869229,40.733106],[-73.869336,40.733144],[-73.869445,40.733181],[-73.869554,40.733218],[-73.869663,40.733255],[-73.869774,40.733292],[-73.869885,40.733328],[-73.869998,40.733365],[-73.870111,40.733401],[-73.870224,40.733437],[-73.870339,40.733473],[-73.870454,40.733509],[-73.870571,40.733544],[-73.870688,40.733579],[-73.870805,40.733614],[-73.870923,40.733648],[-73.874126,40.734593],[-73.874412,40.734679],[-73.874686,40.734775],[-73.874947,40.734877],[-73.875194,40.734988],[-73.875429,40.735106],[-73.87565,40.735232],[-73.875859,40.735365],[-73.876054,40.735507],[-73.876236,40.735655],[-73.876405,40.735812],[-73.876562,40.735976],[-73.876705,40.736148],[-73.876834,40.736327],[-73.876951,40.736514],[-73.877055,40.73671],[-73.877223,40.737015],[-73.878602,40.739655],[-73.878649,40.739739],[-73.878696,40.739821],[-73.878744,40.7399],[-73.878794,40.739977],[-73.878845,40.740052],[-73.878897,40.740124],[-73.87895,40.740194],[-73.879004,40.740261],[-73.87906,40.740326],[-73.879117,40.740389],[-73.879175,40.740449],[-73.879235,40.740506],[-73.879295,40.740561],[-73.879357,40.740614],[-73.879422,40.740665],[-73.880977,40.741822],[-73.881044,40.741868],[-73.881112,40.741913],[-73.881179,40.741957],[-73.881247,40.742001],[-73.881316,40.742045],[-73.881384,40.742088],[-73.881453,40.742131],[-73.881523,40.742173],[-73.881592,40.742215],[-73.881662,40.742256],[-73.881732,40.742296],[-73.881803,40.742337],[-73.881874,40.742376],[-73.881945,40.742415],[-73.882017,40.742454],[-73.882064,40.742482],[-73.882114,40.74251],[-73.882165,40.742539],[-73.882218,40.742569],[-73.882273,40.742599],[-73.88233,40.74263],[-73.882388,40.742661],[-73.882448,40.742693],[-73.88251,40.742726],[-73.882574,40.742759],[-73.882639,40.742792],[-73.882706,40.742827],[-73.882775,40.742862],[-73.882846,40.742897],[-73.882917,40.742933],[-73.884523,40.743718],[-73.884561,40.743737],[-73.8846,40.743756],[-73.884639,40.743775],[-73.884679,40.743794],[-73.884719,40.743813],[-73.88476,40.743832],[-73.884801,40.743851],[-73.884843,40.743871],[-73.884885,40.74389],[-73.884928,40.743909],[-73.884971,40.743928],[-73.885015,40.743948],[-73.885059,40.743967],[-73.885104,40.743987],[-73.885149,40.744006],[-73.891338,40.746644],[-73.898453,40.749669],[-73.906006,40.752885],[-73.906786,40.753221],[-73.908935,40.754245],[-73.913333,40.756312],[-73.914295,40.756762],[-73.914332,40.756779],[-73.914368,40.756795],[-73.914404,40.756812],[-73.914439,40.756829],[-73.914475,40.756846],[-73.914511,40.756863],[-73.914547,40.75688],[-73.914583,40.756898],[-73.914619,40.756915],[-73.914655,40.756933],[-73.914691,40.756951],[-73.914726,40.756969],[-73.914762,40.756987],[-73.914798,40.757005],[-73.914834,40.757023],[-73.917222,40.758182],[-73.917432,40.758276],[-73.917638,40.758356],[-73.917838,40.75842],[-73.918033,40.758469],[-73.918224,40.758502],[-73.918409,40.75852],[-73.91859,40.758523],[-73.918765,40.75851],[-73.918936,40.758481],[-73.919101,40.758437],[-73.919262,40.758378],[-73.919417,40.758303],[-73.919568,40.758213],[-73.919713,40.758107],[-73.91985,40.757972],[-73.92074,40.756879],[-73.921395,40.756071],[-73.921408,40.756055],[-73.921421,40.756039],[-73.921433,40.756023],[-73.921446,40.756007],[-73.921458,40.755992],[-73.92147,40.755977],[-73.921481,40.755962],[-73.921493,40.755948],[-73.921504,40.755934],[-73.921515,40.75592],[-73.921525,40.755906],[-73.921535,40.755893],[-73.921546,40.755879],[-73.921555,40.755867],[-73.921565,40.755854],[-73.923728,40.753072],[-73.923787,40.752994],[-73.923848,40.752918],[-73.923913,40.752846],[-73.923982,40.752778],[-73.924054,40.752714],[-73.924129,40.752654],[-73.924208,40.752598],[-73.924291,40.752545],[-73.924377,40.752497],[-73.924467,40.752452],[-73.92456,40.752411],[-73.924657,40.752373],[-73.924757,40.75234],[-73.924861,40.752311],[-73.924968,40.752285],[-73.92507,40.752262],[-73.925171,40.752239],[-73.925273,40.752217],[-73.925376,40.752197],[-73.92548,40.752179],[-73.925585,40.752162],[-73.92569,40.752146],[-73.925796,40.752132],[-73.925903,40.752119],[-73.926011,40.752108],[-73.92612,40.752098],[-73.926229,40.75209],[-73.926339,40.752083],[-73.92645,40.752078],[-73.926563,40.752074],[-73.928781,40.752039]]}},{"type":"Feature","id":"R:r-main:group:1:1ad5c9950368","properties":{"route_id":"R","canonical_route_id":"R","visual_route_id":"R","visual_route_normalization_reason":"identity","display_route":"R","shape_id":"R..S96R","source_shape_ids":["R..N93R","R..N96R","R..S71R","R..S96R","R..N78R"],"raw_route_ids":["R"],"raw_shape_ids":["R..N93R","R..N96R","R..S71R","R..S96R","R..N78R"],"visual_edge_ids":["r:G20-G21","r:G21-R11","r:R11-R13"],"edge_count":3,"from_stop_id":"G20","to_stop_id":"R13","from_stop_name":"36 St","to_stop_name":"5 Av/59 St","edge_sequence":11,"edge_sequence_range":[11,11],"representative_edge_geometry_source":"R..S96R","representative_edge_geometry_sources":["R..S96R"],"edge_geometry_confidence":"high","visual_edge_metadata":[],"geometry_reversal_count":0,"internal_stitch_valid":true,"max_internal_snap_distance_m":0,"branch_representative_geometry_used":null,"branch_representative_warning":null,"canonical_direction_id":"mixed","canonical_direction_count":2,"collapsed_direction_count":2,"direction_collapse_reason":"visual-edge-direction-collapse","representative_shape_id":"R..S96R","canonical_feature_count":4,"color":"#F6BC26","visual_family":"N-Q-R-W","visual_branch_id":"r-main","raw_group_sequence":11000,"group_sequence":1,"group_id":"group-n-q-r-w-n-r-w","merged_group_ids":["group-n-q-r-w-n-r-w"],"group_member_routes":["N","R","W"],"group_member_visual_routes":["N","R","W"],"group_lane_order":["N","R","W"],"group_lane_order_visual":["N","R","W"],"group_lane_count":3,"visual_lane_slot":0.5,"visual_z_order":160.5,"corridor_id":null,"segment_kind":"group","render_style":"subway-ribbon-v1","source":"group-corridors","debug_id":"R:r-main:group:1:1ad5c9950368","feature_length_m":4617.05,"assignment_reason":"merged validated visual edges with compatible render state","handoff_node_id":"handoff-r-r-main--73.97338,40.76476","handoff_reason":"station-adjacent-membership-change","handoff_kind":"membership-change","handoff_from_group_id":"group-n-q-r-w-n-r-w","handoff_to_group_id":"group-manual-broadway-yellow-trunk","handoff_from_lane_slot":0.5,"handoff_to_lane_slot":0.5,"start_handoff_node_id":"handoff-r-r-main--73.92878,40.75204","start_handoff_reason":"detected-corridor-entry","start_handoff_kind":"merge","start_handoff_from_group_id":null,"start_handoff_to_group_id":"group-n-q-r-w-n-r-w","start_handoff_from_lane_slot":0,"start_handoff_to_lane_slot":0.5,"end_handoff_node_id":"handoff-r-r-main--73.97338,40.76476","end_handoff_reason":"station-adjacent-membership-change","end_handoff_kind":"membership-change","end_handoff_from_group_id":"group-n-q-r-w-n-r-w","end_handoff_to_group_id":"group-manual-broadway-yellow-trunk","end_handoff_from_lane_slot":0.5,"end_handoff_to_lane_slot":0.5,"effective_render_key":"R|r-main|lane:0.5|z:160.5|color:#F6BC26|kind:group|style:subway-ribbon-v1","merged_debug_ids":["R:r-main:group:0:74cae940f1cf","R:r-main:group:0:011274cfa873","R:r-main:group:0:1d2c2bf5cb75"]},"geometry":{"type":"LineString","coordinates":[[-73.928781,40.752039],[-73.9315664095158,40.75196174632863],[-73.93184740952857,40.75195074632524],[-73.93212340955412,40.75192874631846],[-73.93239140959246,40.7518957463083],[-73.93265240964358,40.75185174629473],[-73.93290540970861,40.75179574627748],[-73.9331514097853,40.75172974625714],[-73.9333919837411,40.75164989511355],[-73.9336265745487,40.75155720463203],[-73.93385450491431,40.75145302873889],[-73.93407644892831,40.75133859563841],[-73.9342854490612,40.75121659560727],[-73.93448644920609,40.75108359557333],[-73.93467466343965,40.75094368219597],[-73.93486010541191,40.75078995260764],[-73.93503905074512,40.75062576198921],[-73.9362919700701,40.74946083732189],[-73.93633897012116,40.74941683730837],[-73.93638697017103,40.74937383729515],[-73.93644338970277,40.74932764359737],[-73.93649838504177,40.74928563691286],[-73.93655813083187,40.74924388130224],[-73.93661413086984,40.74920688129414],[-73.93667719033111,40.749167993166004],[-73.93674216090916,40.74913107080855],[-73.93681195298666,40.7490947545007],[-73.93687495300685,40.74906275449833],[-73.93694825478345,40.74903027160092],[-73.9370231601435,40.74900035098726],[-73.93709216014945,40.74897135098704],[-73.93717114513075,40.74894510831155],[-73.93725308058087,40.748919645096116],[-73.93982398754027,40.748018637852],[-73.9399955649462,40.7479778118211],[-73.94016229480142,40.74794710979096],[-73.9403247302892,40.74792728864561],[-73.94048250618515,40.7479171993725],[-73.94063692483674,40.74791792905379],[-73.94078547506349,40.74793027982163],[-73.94093247508499,40.747953279825644],[-73.94107347511583,40.74798627983141],[-73.94121147515692,40.7480302798391],[-73.94134447520831,40.7480852798487],[-73.94147247526904,40.748150279860056],[-73.94159647534003,40.74822627987333],[-73.94171647542133,40.74831327988853],[-73.94183147551196,40.74841027990548],[-73.9419444756138,40.748519279924516],[-73.94293247657525,40.74954828010427],[-73.94297347661822,40.749594280112305],[-73.94301047666215,40.74964128012052],[-73.943044476707,40.749689280128905],[-73.94307547675277,40.749738280137464],[-73.94310347679856,40.74978728014602],[-73.94312747684528,40.74983728015476],[-73.94314947689293,40.74988828016367],[-73.94316747694153,40.74994028017275],[-73.9431814769901,40.749992280181836],[-73.94319347703963,40.750045280191095],[-73.9432024770901,40.75009928020053],[-73.94320747714056,40.750153280209965],[-73.94320947719194,40.750208280219574],[-73.94320747724427,40.75026428022936],[-73.94320447729659,40.75032028023914],[-73.94317047805536,40.751132280381],[-73.94317047815629,40.75124028039987],[-73.9431774782516,40.751342280417695],[-73.94319147834506,40.75144228043516],[-73.94321447843569,40.75153928045211],[-73.94324447852354,40.75163328046853],[-73.9432834786095,40.75172528048461],[-73.94332947869174,40.75181328049998],[-73.94338347877118,40.75189828051483],[-73.94344547884874,40.751981280529336],[-73.94351547892256,40.752060280543134],[-73.94359247899452,40.75213728055659],[-73.94367847906368,40.75221128056951],[-73.94377147913004,40.75228228058192],[-73.94387347919358,40.7523502805938],[-73.94418747933936,40.752506280621056],[-73.94697348047207,40.75371828083283],[-73.95916648558048,40.75918328178789],[-73.96729348878752,40.762613282387456],[-73.97238249078781,40.764752282761414],[-73.97240849079716,40.764762282763165],[-73.9724344908065,40.764772282764916],[-73.97246049081399,40.76478028276631],[-73.97248549082147,40.76478828276771],[-73.97251149082801,40.76479528276894],[-73.97253649083456,40.764802282770155],[-73.97256149083924,40.76480728277104],[-73.97258549084391,40.76481228277191],[-73.9726104908486,40.76481728277279],[-73.9726344908514,40.76482028277331],[-73.9726584908542,40.76482328277383],[-73.97268249085607,40.764825282774176],[-73.97270549085701,40.76482628277436],[-73.97272949085702,40.76482628277436],[-73.97275349085702,40.76482628277436],[-73.97338249079903,40.764764282763515]]}},{"type":"Feature","id":"R:r-main:group:2:4963229d58a8","properties":{"route_id":"R","canonical_route_id":"R","visual_route_id":"R","visual_route_normalization_reason":"identity","display_route":"R","shape_id":"R..S96R","source_shape_ids":["R..N78R","R..N93R","R..N96R","R..S71R","R..S96R","R..N76R"],"raw_route_ids":["R"],"raw_shape_ids":["R..N78R","R..N93R","R..N96R","R..S71R","R..S96R","R..N76R"],"visual_edge_ids":["r:R13-R14","r:R14-R15","r:R15-R16","r:R16-R17","r:R17-R18","r:R18-R19","r:R19-R20","r:R20-R21","r:R21-R22"],"edge_count":9,"from_stop_id":"R13","to_stop_id":"R22","from_stop_name":"5 Av/59 St","to_stop_name":"Prince St","edge_sequence":14,"edge_sequence_range":[14,14],"representative_edge_geometry_source":"R..S96R","representative_edge_geometry_sources":["R..S96R"],"edge_geometry_confidence":"high","visual_edge_metadata":[],"geometry_reversal_count":0,"internal_stitch_valid":true,"max_internal_snap_distance_m":0,"branch_representative_geometry_used":null,"branch_representative_warning":null,"canonical_direction_id":"mixed","canonical_direction_count":2,"collapsed_direction_count":2,"direction_collapse_reason":"visual-edge-direction-collapse","representative_shape_id":"R..S96R","canonical_feature_count":5,"color":"#F6BC26","visual_family":"N-Q-R-W","visual_branch_id":"r-main","raw_group_sequence":14000,"group_sequence":2,"group_id":"group-manual-broadway-yellow-trunk","merged_group_ids":["group-manual-broadway-yellow-trunk"],"group_member_routes":["N","Q","R","W"],"group_member_visual_routes":["N","Q","R","W"],"group_lane_order":["N","Q","R","W"],"group_lane_order_visual":["N","Q","R","W"],"group_lane_count":4,"visual_lane_slot":0.5,"visual_z_order":242,"corridor_id":"broadway-yellow-trunk","segment_kind":"group","render_style":"subway-ribbon-v1","source":"group-corridors","debug_id":"R:r-main:group:2:4963229d58a8","feature_length_m":5581.8,"assignment_reason":"merged validated visual edges with compatible render state","handoff_node_id":"handoff-r-r-main--73.99770,40.72433","handoff_reason":"station-adjacent-membership-change","handoff_kind":"membership-change","handoff_from_group_id":"group-manual-broadway-yellow-trunk","handoff_to_group_id":"group-manual-broadway-south-rw","handoff_from_lane_slot":0.5,"handoff_to_lane_slot":-0.5,"start_handoff_node_id":"handoff-r-r-main--73.97338,40.76476","start_handoff_reason":"station-adjacent-membership-change","start_handoff_kind":"membership-change","start_handoff_from_group_id":"group-n-q-r-w-n-r-w","start_handoff_to_group_id":"group-manual-broadway-yellow-trunk","start_handoff_from_lane_slot":0.5,"start_handoff_to_lane_slot":0.5,"end_handoff_node_id":"handoff-r-r-main--73.99770,40.72433","end_handoff_reason":"station-adjacent-membership-change","end_handoff_kind":"membership-change","end_handoff_from_group_id":"group-manual-broadway-yellow-trunk","end_handoff_to_group_id":"group-manual-broadway-south-rw","end_handoff_from_lane_slot":0.5,"end_handoff_to_lane_slot":-0.5,"effective_render_key":"R|r-main|lane:0.5|z:242|color:#F6BC26|kind:group|style:subway-ribbon-v1","merged_debug_ids":["R:r-main:group:0:246a558fd138","R:r-main:group:0:887685388157","R:r-main:group:0:d7b5f3062e4f","R:r-main:group:0:f54ae66b6fe2","R:r-main:group:0:85edce8ea439","R:r-main:group:0:79d7f8d2249f","R:r-main:group:0:c64a44d2a3cf","R:r-main:group:0:e2db03d65612","R:r-main:group:0:a2f1badb7da9"]},"geometry":{"type":"LineString","coordinates":[[-73.97338249079903,40.764764282763515],[-73.97378690689649,40.76473812936798],[-73.97381290689765,40.76473712936767],[-73.97383790689882,40.76473612936735],[-73.97386390689881,40.76473612936735],[-73.97388890689766,40.76473712936767],[-73.97391390689532,40.76473912936828],[-73.973938906893,40.7647411293689],[-73.97396390688951,40.76474412936983],[-73.97398790688484,40.76474812937108],[-73.97401290687904,40.764753129372615],[-73.97403690687321,40.764758129374165],[-73.97406090686623,40.764764129376026],[-73.9740859068581,40.7647711293782],[-73.97410990684878,40.76477912938068],[-73.97413290683947,40.76478712938316],[-73.974156906829,40.76479612938594],[-73.97821590483329,40.766511129917205],[-73.97831890479024,40.766548129928665],[-73.97841790475648,40.76657712993765],[-73.97851490473089,40.76659912994447],[-73.97860790471576,40.76661212994849],[-73.97869890470993,40.76661712995004],[-73.97878590471343,40.76661412994912],[-73.97887090472624,40.76660312994571],[-73.97895190474951,40.76658312993951],[-73.97903090478093,40.766556129931146],[-73.97910590482167,40.76652112992031],[-73.9791789048717,40.76647812990698],[-73.97924790493221,40.766426129890874],[-73.97931490500088,40.7663671298726],[-73.97937790507883,40.76630012985184],[-73.97943890516612,40.76622512982861],[-73.98059790701635,40.76463512933607],[-73.98407891255799,40.759872127860774],[-73.98523791444369,40.75825112735874],[-73.98531091456816,40.7581441273256],[-73.98538391469728,40.75803312729123],[-73.98545391482872,40.757920127256234],[-73.98552191496132,40.757806127220924],[-73.98558791509743,40.75768912718469],[-73.98565191523585,40.75757012714784],[-73.98571491537777,40.75744812711006],[-73.98577491552082,40.757325127071965],[-73.98583291566624,40.75720012703326],[-73.98588891581512,40.75707212699361],[-73.98594291596633,40.756942126953355],[-73.98599591611988,40.75681012691248],[-73.98604591627574,40.75667612687097],[-73.98609391643392,40.75654012682886],[-73.98614091659559,40.75640112678582],[-73.98669391864031,40.75464312624141],[-73.98722092060575,40.7529531257181],[-73.98724592069647,40.75287512569395],[-73.98726892078602,40.75279812567011],[-73.98729292087673,40.75272012564595],[-73.98731492096744,40.7526421256218],[-73.98733592105815,40.752564125597644],[-73.98735692114768,40.75248712557381],[-73.9873769212384,40.752409125549654],[-73.98739692132911,40.75233112552551],[-73.98741492141981,40.752253125501355],[-73.9874329215105,40.752175125477194],[-73.98744992160005,40.75209812545336],[-73.98746592169076,40.752020125429205],[-73.98748092178145,40.75194212540505],[-73.98749592187217,40.751864125380905],[-73.98750992196288,40.75178612535675],[-73.98788992457686,40.749538124660724],[-73.98863092931222,40.74546512339977],[-73.98902293174406,40.743373122752175],[-73.98903093179521,40.74332912273856],[-73.98903993184635,40.743285122724934],[-73.98904793189982,40.7432391227107],[-73.98905593195444,40.74319212269614],[-73.98906293201026,40.74314412268129],[-73.98907093206604,40.74309612266643],[-73.98907793212415,40.74304612265095],[-73.98908593218228,40.74299612263548],[-73.98909293224271,40.74294412261938],[-73.98909993230433,40.74289112260297],[-73.98910593236593,40.74283812258657],[-73.98911293242985,40.74278312256955],[-73.9891199324938,40.74272812255252],[-73.98912593256004,40.74267112253487],[-73.9891319326263,40.74261412251723],[-73.98928393418377,40.74127412210246],[-73.9893949350729,40.74050912186568],[-73.98940193512985,40.74046012185051],[-73.98940893518562,40.740412121835654],[-73.98941693524257,40.74036312182049],[-73.98942493529952,40.740314121805326],[-73.98943393535646,40.74026512179015],[-73.98944293541457,40.740215121774675],[-73.98945193547154,40.740166121759515],[-73.98946193552963,40.74011612174404],[-73.98947193558774,40.74006612172856],[-73.98948293564585,40.74001612171309],[-73.98949393570396,40.73996612169761],[-73.98950593576207,40.739916121682135],[-73.98951793582134,40.73986512166635],[-73.98952993587946,40.73981512165087],[-73.98954393593989,40.73976312163478],[-73.98997693786437,40.73810712112225],[-73.98999093792364,40.73805612110646],[-73.99000293798174,40.73800612109099],[-73.99001593803985,40.73795612107551],[-73.99002793809679,40.737907121060346],[-73.99003893815373,40.737858121045186],[-73.9900509382095,40.73781012103033],[-73.99006193826412,40.73776312101578],[-73.99007393831874,40.737716121001235],[-73.99008393837336,40.737669120986695],[-73.99009493842566,40.73762412097277],[-73.99010593847794,40.73757912095884],[-73.99011593853024,40.737534120944915],[-73.99012593858136,40.73749012093129],[-73.99013493863133,40.737447120917984],[-73.9901459386813,40.73740412090468],[-73.99050794065319,40.7357071203795],[-73.99129794488924,40.73206111925125],[-73.99130694494268,40.73201511923701],[-73.99131794499496,40.73197011922309],[-73.99133094504722,40.731925119209166],[-73.99134594509835,40.73188111919555],[-73.99136194514946,40.73183711918193],[-73.99137994520058,40.73179311916832],[-73.99139994525054,40.731750119155016],[-73.9914219453005,40.73170711914171],[-73.99144494535045,40.7316641191284],[-73.99147094539923,40.73162211911541],[-73.99149794544802,40.73158011910241],[-73.99152594549682,40.731538119089414],[-73.99155694554446,40.731497119076735],[-73.99158894559207,40.73145611906404],[-73.99162294563854,40.731416119051666],[-73.99256894693612,40.73029911870605],[-73.997702,40.724329]]}},{"type":"Feature","id":"R:r-main:group:3:edc3a3d578b7","properties":{"route_id":"R","canonical_route_id":"R","visual_route_id":"R","visual_route_normalization_reason":"identity","display_route":"R","shape_id":"R..S96R","source_shape_ids":["R..N76R","R..N78R","R..N93R","R..N96R","R..S71R","R..S96R"],"raw_route_ids":["R"],"raw_shape_ids":["R..N76R","R..N78R","R..N93R","R..N96R","R..S71R","R..S96R"],"visual_edge_ids":["r:R22-R23","r:R23-R24","r:R24-R25","r:R25-R26","r:R26-R27"],"edge_count":5,"from_stop_id":"R22","to_stop_id":"R27","from_stop_name":"Prince St","to_stop_name":"Whitehall St-South Ferry","edge_sequence":23,"edge_sequence_range":[23,23],"representative_edge_geometry_source":"R..S96R","representative_edge_geometry_sources":["R..S96R"],"edge_geometry_confidence":"high","visual_edge_metadata":[],"geometry_reversal_count":0,"internal_stitch_valid":true,"max_internal_snap_distance_m":0,"branch_representative_geometry_used":null,"branch_representative_warning":null,"canonical_direction_id":"mixed","canonical_direction_count":2,"collapsed_direction_count":2,"direction_collapse_reason":"visual-edge-direction-collapse","representative_shape_id":"R..S96R","canonical_feature_count":6,"color":"#F6BC26","visual_family":"N-Q-R-W","visual_branch_id":"r-main","raw_group_sequence":23000,"group_sequence":3,"group_id":"group-manual-broadway-south-rw","merged_group_ids":["group-manual-broadway-south-rw"],"group_member_routes":["R","W"],"group_member_visual_routes":["R","W"],"group_lane_order":["R","W"],"group_lane_order_visual":["R","W"],"group_lane_count":2,"visual_lane_slot":-0.5,"visual_z_order":245,"corridor_id":"broadway-south-rw","segment_kind":"group","render_style":"subway-ribbon-v1","source":"group-corridors","debug_id":"R:r-main:group:3:edc3a3d578b7","feature_length_m":3226.04,"assignment_reason":"merged validated visual edges with compatible render state","handoff_node_id":"handoff-r-r-main--74.01299,40.70309","handoff_reason":"station-adjacent-membership-change","handoff_kind":"membership-change","handoff_from_group_id":"group-manual-broadway-south-rw","handoff_to_group_id":"group-manual-montague-nrw-tunnel","handoff_from_lane_slot":-0.5,"handoff_to_lane_slot":0.5,"start_handoff_node_id":"handoff-r-r-main--73.99770,40.72433","start_handoff_reason":"station-adjacent-membership-change","start_handoff_kind":"membership-change","start_handoff_from_group_id":"group-manual-broadway-yellow-trunk","start_handoff_to_group_id":"group-manual-broadway-south-rw","start_handoff_from_lane_slot":0.5,"start_handoff_to_lane_slot":-0.5,"end_handoff_node_id":"handoff-r-r-main--74.01299,40.70309","end_handoff_reason":"station-adjacent-membership-change","end_handoff_kind":"membership-change","end_handoff_from_group_id":"group-manual-broadway-south-rw","end_handoff_to_group_id":"group-manual-montague-nrw-tunnel","end_handoff_from_lane_slot":-0.5,"end_handoff_to_lane_slot":0.5,"effective_render_key":"R|r-main|lane:-0.5|z:245|color:#F6BC26|kind:group|style:subway-ribbon-v1","merged_debug_ids":["R:r-main:group:0:98fc49cef591","R:r-main:group:0:1a54f9c49828","R:r-main:group:0:8f80a202661b","R:r-main:group:0:116b6db7a765","R:r-main:group:0:3d00a1697061"]},"geometry":{"type":"LineString","coordinates":[[-73.997702,40.724329],[-74.00136895901159,40.719901115489336],[-74.00142295909517,40.71982911546707],[-74.0014679591776,40.7197581154451],[-74.00150395925772,40.71968911542377],[-74.00153195933667,40.71962111540274],[-74.0015509594133,40.71955511538232],[-74.00156195948875,40.71949011536221],[-74.0015629595619,40.71942711534273],[-74.00155595963388,40.719365115323555],[-74.00154095970353,40.719305115305],[-74.00151695977203,40.71924611528675],[-74.00148395983821,40.71918911526912],[-74.00144195990323,40.71913311525179],[-74.00139195996593,40.71907911523509],[-74.00133296002745,40.719026115218696],[-74.00126596008667,40.71897511520292],[-74.00039996080763,40.71835411501086],[-74.00171495947946,40.719498115364686],[-74.00618196562152,40.71420711372832],[-74.00618696562849,40.71420111372647],[-74.0061919656366,40.7141941137243],[-74.00619696564358,40.71418811372244],[-74.00620096565169,40.71418111372029],[-74.00620596565982,40.714174113718116],[-74.00620996566795,40.71416711371595],[-74.00621496567607,40.71416011371379],[-74.00621896568536,40.71415211371132],[-74.00622296569348,40.71414511370915],[-74.00622796570276,40.71413711370668],[-74.00623196571205,40.7141291137042],[-74.00623596572134,40.71412111370172],[-74.00623896573178,40.714112113698945],[-74.00624296574107,40.714104113696465],[-74.00624696575152,40.71409511369369],[-74.0062499657608,40.714087113691214],[-74.00625296577009,40.71407911368874],[-74.00625696577937,40.714071113686266],[-74.00626096578866,40.71406311368379],[-74.00626396579794,40.71405511368132],[-74.00626896580722,40.714047113678845],[-74.00627296581536,40.71404011367668],[-74.00627696582464,40.71403211367421],[-74.00628196583277,40.71402511367204],[-74.00628696584205,40.71401711366957],[-74.00629196585018,40.7140101136674],[-74.0062969658583,40.71400311366524],[-74.00630296586641,40.71399611366307],[-74.00630796587454,40.71398911366091],[-74.00631396588267,40.713982113658744],[-74.00691796672879,40.713253113433304],[-74.00738696737874,40.71269311326014],[-74.00739274525604,40.712685627038624],[-74.00740174155014,40.71267520900765],[-74.0074087415594,40.712667209005204],[-74.0074170291023,40.712657882975115],[-74.00742733218,40.71264744156944],[-74.00743533218925,40.71263944156699],[-74.00744333219853,40.712631441564504],[-74.00745133220789,40.71262344156197],[-74.00746289373352,40.71261302743684],[-74.00747189374272,40.71260502743444],[-74.00748407593677,40.71259538205326],[-74.00748989376005,40.71259002742986],[-74.00750207595384,40.71258038204892],[-74.00751138256774,40.71257292900194],[-74.00752475758446,40.71256340330255],[-74.00753475759228,40.71255640330063],[-74.00754475760013,40.712549403298695],[-74.0075547576079,40.712542403296794],[-74.00756138260886,40.712536928991376],[-74.00757138261797,40.712528928989045],[-74.00757789383745,40.71252302740947],[-74.00758689384669,40.712515027407036],[-74.00759938264535,40.71250492898202],[-74.00760333235075,40.71250044152379],[-74.00761489387556,40.71249002739943],[-74.00761802930221,40.712485882921605],[-74.00762933238096,40.71247444151572],[-74.00763319828225,40.71246905300104],[-74.00764633240303,40.71245544150982],[-74.00765019830426,40.71245005299521],[-74.00829220942536,40.71164804001323],[-74.00836105435882,40.71159590280422],[-74.00842586801754,40.71155673866186],[-74.00849229767869,40.711523784530634],[-74.00856102084221,40.71149624906538],[-74.00863341583873,40.71147471100433],[-74.0087045783828,40.71145837203274],[-74.0087819415171,40.71144788201535],[-74.00886104246388,40.711444184874566],[-74.00893960400484,40.7114461374841],[-74.00901980534555,40.711453516189565],[-74.00910150040714,40.71146623394282],[-74.00918570934714,40.711485437926704],[-74.00927116729117,40.71151088369249],[-74.0093562052406,40.711539857437614],[-74.00944449358828,40.71157545522563],[-74.00954205315108,40.71161427844647],[-74.00962502915908,40.71164726889654],[-74.00970180846593,40.71167406596574],[-74.0097730731565,40.711693284158535],[-74.00984326392994,40.71170811699421],[-74.00990756972088,40.711715819586644],[-74.00997042230281,40.71171925826855],[-74.01002780695737,40.711716195121845],[-74.01008443028152,40.7117088195865],[-74.01013639416635,40.7116964140892],[-74.01018555604745,40.71167893932921],[-74.01023134710942,40.71165576020486],[-74.01027869791908,40.71162684101351],[-74.01032265415684,40.711592938082255],[-74.01036473741503,40.71155308298753],[-74.01040626067581,40.71150662520739],[-74.01096519787407,40.710644207083554],[-74.01308920152712,40.707453206165574],[-74.01311520157176,40.70741420615437],[-74.01314120161527,40.70737620614343],[-74.01316820165877,40.707338206132505],[-74.01319420169996,40.707302206122144],[-74.01322220174117,40.70726620611179],[-74.01325020178238,40.70723020610143],[-74.01327820182131,40.70719620609165],[-74.01329320184306,40.707177206086186],[-74.01330820186367,40.70715920608101],[-74.01332320188426,40.70714120607583],[-74.01333820190487,40.70712320607065],[-74.01335320192548,40.70710520606548],[-74.01336820194608,40.707087206060294],[-74.01338320196554,40.707070206055405],[-74.01339920198615,40.70705220605023],[-74.0134142020056,40.70703520604534],[-74.01342920202507,40.70701820604045],[-74.01344420204452,40.70700120603556],[-74.01345920206398,40.70698420603067],[-74.01347520208229,40.70696820602606],[-74.01349020210176,40.706951206021174],[-74.01350520212007,40.70693520601657],[-74.0138302025184,40.70658720591647],[-74.0138742025745,40.70653820590237],[-74.01391120263288,40.706487205887704],[-74.01394120269241,40.706435205872744],[-74.01396420275307,40.7063822058575],[-74.01398020281488,40.70632820584197],[-74.01398920287784,40.70627320582614],[-74.01399120294194,40.706217205810034],[-74.01398620300718,40.70616020579364],[-74.01397320307358,40.70610220577695],[-74.0139542031411,40.70604320575998],[-74.01392820320979,40.705983205742726],[-74.0138942032796,40.70592220572517],[-74.01385420335058,40.705860205707346],[-74.01380620342383,40.70579620568894],[-74.01375220349823,40.70573120567024],[-74.01355020377407,40.70549020560092],[-74.01351720381871,40.705451205589696],[-74.01348520386335,40.705412205578476],[-74.01345620390913,40.705372205566974],[-74.01342920395378,40.70533320555575],[-74.01340320399956,40.70529320554425],[-74.01338020404535,40.70525320553275],[-74.01335920409227,40.70521220552095],[-74.01334020413805,40.70517220550945],[-74.01332220418497,40.70513120549765],[-74.01330720423192,40.70509020548586],[-74.01329420427997,40.70504820547378],[-74.01328320432805,40.7050062054617],[-74.01327420437498,40.7049652054499],[-74.0132672044242,40.70492220543753],[-74.01326220447342,40.704879205425165],[-74.0132482046016,40.70476720539295],[-74.01323420472522,40.704659205361885],[-74.0132202048454,40.70455420533168],[-74.01320520496098,40.70445320530263],[-74.01319120507316,40.704355205274446],[-74.01317720518074,40.704261205247406],[-74.0131632052849,40.70417020522123],[-74.01314920538447,40.704083205196206],[-74.01313520548061,40.703999205172046],[-74.0131212055733,40.703918205148746],[-74.01310720566144,40.7038412051266],[-74.01309220574498,40.703768205105604],[-74.0130782058251,40.703698205085466],[-74.01306420590177,40.703631205066195],[-74.01305020597388,40.70356820504808],[-74.012994,40.703087]]}},{"type":"Feature","id":"R:r-main:group:4:7bd671bc09a0","properties":{"route_id":"R","canonical_route_id":"R","visual_route_id":"R","visual_route_normalization_reason":"identity","display_route":"R","shape_id":"R..S96R","source_shape_ids":["R..N27R","R..N76R","R..N78R","R..N93R","R..N96R","R..S27R","R..S71R","R..S96R"],"raw_route_ids":["R"],"raw_shape_ids":["R..N27R","R..N76R","R..N78R","R..N93R","R..N96R","R..S27R","R..S71R","R..S96R"],"visual_edge_ids":["r:R27-R28"],"edge_count":1,"from_stop_id":"R27","to_stop_id":"R28","from_stop_name":"Whitehall St-South Ferry","to_stop_name":"Court St","edge_sequence":28,"edge_sequence_range":[28,28],"representative_edge_geometry_source":"R..S96R","representative_edge_geometry_sources":["R..S96R"],"edge_geometry_confidence":"high","visual_edge_metadata":[],"geometry_reversal_count":0,"internal_stitch_valid":true,"max_internal_snap_distance_m":0,"branch_representative_geometry_used":null,"branch_representative_warning":null,"canonical_direction_id":"mixed","canonical_direction_count":2,"collapsed_direction_count":2,"direction_collapse_reason":"visual-edge-direction-collapse","representative_shape_id":"R..S96R","canonical_feature_count":8,"color":"#F6BC26","visual_family":"N-Q-R-W","visual_branch_id":"r-main","raw_group_sequence":28000,"group_sequence":4,"group_id":"group-manual-montague-nrw-tunnel","merged_group_ids":["group-manual-montague-nrw-tunnel"],"group_member_routes":["N","R","W"],"group_member_visual_routes":["N","R","W"],"group_lane_order":["N","R","W"],"group_lane_order_visual":["N","R","W"],"group_lane_count":3,"visual_lane_slot":0.5,"visual_z_order":241,"corridor_id":"montague-nrw-tunnel","segment_kind":"group","render_style":"subway-ribbon-v1","source":"group-corridors","debug_id":"R:r-main:group:4:7bd671bc09a0","feature_length_m":2128.5,"assignment_reason":"grouped edge: local visual edge matched a derived corridor group","handoff_node_id":"handoff-r-r-main--73.99178,40.69410","handoff_reason":"station-adjacent-membership-change","handoff_kind":"membership-change","handoff_from_group_id":"group-manual-montague-nrw-tunnel","handoff_to_group_id":"group-manual-dekalb-atlantic","handoff_from_lane_slot":0.5,"handoff_to_lane_slot":-1.55,"start_handoff_node_id":"handoff-r-r-main--74.01299,40.70309","start_handoff_reason":"station-adjacent-membership-change","start_handoff_kind":"membership-change","start_handoff_from_group_id":"group-manual-broadway-south-rw","start_handoff_to_group_id":"group-manual-montague-nrw-tunnel","start_handoff_from_lane_slot":-0.5,"start_handoff_to_lane_slot":0.5,"end_handoff_node_id":"handoff-r-r-main--73.99178,40.69410","end_handoff_reason":"station-adjacent-membership-change","end_handoff_kind":"membership-change","end_handoff_from_group_id":"group-manual-montague-nrw-tunnel","end_handoff_to_group_id":"group-manual-dekalb-atlantic","end_handoff_from_lane_slot":0.5,"end_handoff_to_lane_slot":-1.55,"effective_render_key":"R|r-main|lane:0.5|z:241|color:#F6BC26|kind:group|style:subway-ribbon-v1"},"geometry":{"type":"LineString","coordinates":[[-74.012994,40.703087],[-74.01258882558237,40.701820445688554],[-74.01255353789884,40.70170753387291],[-74.01251390532425,40.7015998258389],[-74.01246601070439,40.70149605745973],[-74.01241277578413,40.701395116908174],[-74.01235257126882,40.70129878921361],[-74.01228593270267,40.70120583283036],[-74.01221194861142,40.70111711564944],[-74.01213181617437,40.701030982424484],[-74.0120443623111,40.70094922963478],[-74.0119503270712,40.70087056060734],[-74.01184917281482,40.70079555555655],[-74.01174195711427,40.70072431038998],[-74.01162836899383,40.700656229090335],[-74.01150612377482,40.70059161264792],[-74.01137783028423,40.70053026515867],[-74.01008063154185,40.69999108487609],[-73.99913002922987,40.69622521997171],[-73.9989977559193,40.69618046215827],[-73.99886731215081,40.69613764260533],[-73.9987363340327,40.69609564961205],[-73.99860872779176,40.69605477467762],[-73.99848194690479,40.69601484335991],[-73.99835735994257,40.695975971075526],[-73.99823421615855,40.69593822857985],[-73.99811184421416,40.69590211790799],[-73.99799293150352,40.6958664362998],[-73.99787421362504,40.695832516385224],[-73.99775683618832,40.69579940900047],[-73.99764300009144,40.69576673421373],[-73.99752931940361,40.69573582039046],[-73.99741765203464,40.69570590878266],[-73.997306779471,40.695676673899875],[-73.991777,40.6941]]}},{"type":"Feature","id":"R:r-main:group:5:6d9e6a0de990","properties":{"route_id":"R","canonical_route_id":"R","visual_route_id":"R","visual_route_normalization_reason":"identity","display_route":"R","shape_id":"R..S96R","source_shape_ids":["R..N27R","R..N76R","R..N78R","R..N93R","R..N96R","R..S27R","R..S71R","R..S96R"],"raw_route_ids":["R"],"raw_shape_ids":["R..N27R","R..N76R","R..N78R","R..N93R","R..N96R","R..S27R","R..S71R","R..S96R"],"visual_edge_ids":["r:R28-R29","r:R29-R30","r:R30-R31","r:R31-R32"],"edge_count":4,"from_stop_id":"R28","to_stop_id":"R32","from_stop_name":"Court St","to_stop_name":"Union St","edge_sequence":29,"edge_sequence_range":[29,29],"representative_edge_geometry_source":"R..S96R","representative_edge_geometry_sources":["R..S96R"],"edge_geometry_confidence":"high","visual_edge_metadata":[],"geometry_reversal_count":0,"internal_stitch_valid":true,"max_internal_snap_distance_m":0,"branch_representative_geometry_used":null,"branch_representative_warning":null,"canonical_direction_id":"mixed","canonical_direction_count":2,"collapsed_direction_count":2,"direction_collapse_reason":"visual-edge-direction-collapse","representative_shape_id":"R..S96R","canonical_feature_count":8,"color":"#F6BC26","visual_family":"N-Q-R-W","visual_branch_id":"r-main","raw_group_sequence":29000,"group_sequence":5,"group_id":"group-manual-dekalb-atlantic","merged_group_ids":["group-manual-dekalb-atlantic"],"group_member_routes":["N","Q","R","W","2","3","4","5","B","D"],"group_member_visual_routes":["N","Q","R","W","2","3","4","5","B","D"],"group_lane_order":["N","Q","R","W","2","3","4","5","B","D"],"group_lane_order_visual":["N","Q","R","W","2","3","4","5","B","D"],"group_lane_count":10,"visual_lane_slot":-1.55,"visual_z_order":301,"corridor_id":"dekalb-atlantic","segment_kind":"group","render_style":"subway-ribbon-v1","source":"group-corridors","debug_id":"R:r-main:group:5:6d9e6a0de990","feature_length_m":2710.99,"assignment_reason":"merged validated visual edges with compatible render state","handoff_node_id":"handoff-r-r-main--73.98311,40.67732","handoff_reason":"station-adjacent-membership-change","handoff_kind":"membership-change","handoff_from_group_id":"group-manual-dekalb-atlantic","handoff_to_group_id":"group-n-q-r-w-n-r-w","handoff_from_lane_slot":-1.55,"handoff_to_lane_slot":0.5,"start_handoff_node_id":"handoff-r-r-main--73.99178,40.69410","start_handoff_reason":"station-adjacent-membership-change","start_handoff_kind":"membership-change","start_handoff_from_group_id":"group-manual-montague-nrw-tunnel","start_handoff_to_group_id":"group-manual-dekalb-atlantic","start_handoff_from_lane_slot":0.5,"start_handoff_to_lane_slot":-1.55,"end_handoff_node_id":"handoff-r-r-main--73.98311,40.67732","end_handoff_reason":"station-adjacent-membership-change","end_handoff_kind":"membership-change","end_handoff_from_group_id":"group-manual-dekalb-atlantic","end_handoff_to_group_id":"group-n-q-r-w-n-r-w","end_handoff_from_lane_slot":-1.55,"end_handoff_to_lane_slot":0.5,"effective_render_key":"R|r-main|lane:-1.55|z:301|color:#F6BC26|kind:group|style:subway-ribbon-v1","merged_debug_ids":["R:r-main:group:0:9daa6c5cfaf4","R:r-main:group:0:7358f87851e0","R:r-main:group:0:fd4bf86a0e23","R:r-main:group:0:283ab65e2a01"]},"geometry":{"type":"LineString","coordinates":[[-73.991777,40.6941],[-73.99099389126982,40.693765434291436],[-73.99089889117926,40.693739434271144],[-73.9908078910713,40.69370843424695],[-73.99071989095289,40.69367443422042],[-73.99063589082053,40.693636434190765],[-73.99055589067424,40.693594434157994],[-73.99047989051402,40.693548434122086],[-73.99040789034336,40.693499434083854],[-73.99033989015878,40.69344643404249],[-73.99027588996026,40.69338943399801],[-73.99021588975127,40.69332943395119],[-73.99015988952837,40.69326543390124],[-73.99010788929154,40.69319743384818],[-73.99005988904425,40.69312643379276],[-73.99001488878304,40.69305143373424],[-73.9899748885079,40.69297243367259],[-73.98992888817703,40.692877433598454],[-73.98987488787056,40.69278943352978],[-73.98981388758149,40.692706433465005],[-73.9897458873168,40.6926304334057],[-73.98966888707649,40.692561433351855],[-73.98958588685359,40.69249743330191],[-73.98949388665508,40.69244043325743],[-73.98939588647745,40.692389433217635],[-73.98928888632422,40.69234543318329],[-73.98917588619187,40.69230743315364],[-73.98905388608044,40.69227543312867],[-73.98892588598989,40.69224943310838],[-73.98878888592371,40.69223043309355],[-73.98864488587843,40.69221743308341],[-73.98849588585406,40.692210433077946],[-73.9861478855406,40.69212043300771],[-73.98353488519932,40.69202243293123],[-73.9834318851819,40.69201743292733],[-73.98333288515056,40.69200843292031],[-73.98323988510181,40.69199443290938],[-73.9831518850391,40.69197643289534],[-73.9830678849625,40.69195443287817],[-73.98298988487194,40.691928432857885],[-73.98291688476398,40.69189743283369],[-73.9828478846421,40.691862432806374],[-73.98278488450627,40.69182343277594],[-73.98272688435652,40.69178043274239],[-73.98267288418936,40.69173243270493],[-73.98262488400826,40.691680432664356],[-73.98258188381324,40.69162443262066],[-73.98254288360428,40.69156443257383],[-73.98250988337792,40.69149943252311],[-73.98202988016011,40.690575431802074],[-73.98141434466706,40.6893528427771],[-73.98138414208435,40.68928399305653],[-73.98135060778607,40.689219558598424],[-73.9813136568132,40.6891566209859],[-73.98127162691179,40.689094186869575],[-73.98122545267717,40.689034438472504],[-73.9811773173694,40.68897983808402],[-73.98112392057064,40.68892461880641],[-73.98106741102804,40.68887307598142],[-73.98100748149905,40.68882385061924],[-73.98094420142118,40.68877698791546],[-73.98087397029252,40.68873034145826],[-73.98080558280924,40.68869076914994],[-73.98072919623155,40.68865003233882],[-73.98065226110602,40.68861404525051],[-73.98057613638089,40.688581946707394],[-73.97893464363506,40.68793289323311],[-73.97888472516654,40.6879055720345],[-73.97883886259207,40.68787811771882],[-73.97879495493684,40.687848206314314],[-73.97875398360883,40.68781772566211],[-73.9787193037071,40.68778984886055],[-73.97868639940903,40.6877590538603],[-73.97865830007123,40.687729480212894],[-73.9786307739374,40.687694866842655],[-73.97860708705763,40.68766167854872],[-73.9785860386528,40.68762676593038],[-73.97856727766238,40.6875900607087],[-73.97855264298654,40.6875562196527],[-73.9785402249164,40.68751696110158],[-73.978530745464,40.68747587599665],[-73.97852299903873,40.68742753082499],[-73.97820030612988,40.68524001621346],[-73.97820103418121,40.68520382730806],[-73.97820376938002,40.68516403548995],[-73.9782066817105,40.68513047050168],[-73.9782131808854,40.6850903413102],[-73.97821912029096,40.68505654816419],[-73.97822956717654,40.68501659262596],[-73.97823962233161,40.68497994624339],[-73.9782510601926,40.68494498174201],[-73.97826701392637,40.684904552416356],[-73.9782810286476,40.68487023630378],[-73.97830142196703,40.684829435482236],[-73.97831961560769,40.684793404229076],[-73.97834245691543,40.6847540011135],[-73.97836517404951,40.68471707879948],[-73.9783952398194,40.68467247717888],[-73.97900723651331,40.68374047801341],[-73.98311,40.677316]]}},{"type":"Feature","id":"R:r-main:group:6:a32b4faea2da","properties":{"route_id":"R","canonical_route_id":"R","visual_route_id":"R","visual_route_normalization_reason":"identity","display_route":"R","shape_id":"R..S96R","source_shape_ids":["R..N27R","R..N76R","R..N78R","R..N93R","R..N96R","R..S27R","R..S71R","R..S96R"],"raw_route_ids":["R"],"raw_shape_ids":["R..N27R","R..N76R","R..N78R","R..N93R","R..N96R","R..S27R","R..S71R","R..S96R"],"visual_edge_ids":["r:R32-R33","r:R33-R34","r:R34-R35","r:R35-R36"],"edge_count":4,"from_stop_id":"R32","to_stop_id":"R36","from_stop_name":"Union St","to_stop_name":"36 St","edge_sequence":33,"edge_sequence_range":[33,33],"representative_edge_geometry_source":"R..S96R","representative_edge_geometry_sources":["R..S96R"],"edge_geometry_confidence":"high","visual_edge_metadata":[],"geometry_reversal_count":0,"internal_stitch_valid":true,"max_internal_snap_distance_m":0,"branch_representative_geometry_used":null,"branch_representative_warning":null,"canonical_direction_id":"mixed","canonical_direction_count":2,"collapsed_direction_count":2,"direction_collapse_reason":"visual-edge-direction-collapse","representative_shape_id":"R..S96R","canonical_feature_count":8,"color":"#F6BC26","visual_family":"N-Q-R-W","visual_branch_id":"r-main","raw_group_sequence":33000,"group_sequence":6,"group_id":"group-n-q-r-w-n-r-w","merged_group_ids":["group-n-q-r-w-n-r-w"],"group_member_routes":["N","R","W"],"group_member_visual_routes":["N","R","W"],"group_lane_order":["N","R","W"],"group_lane_order_visual":["N","R","W"],"group_lane_count":3,"visual_lane_slot":0.5,"visual_z_order":160.5,"corridor_id":null,"segment_kind":"group","render_style":"subway-ribbon-v1","source":"group-corridors","debug_id":"R:r-main:group:6:a32b4faea2da","feature_length_m":3013.71,"assignment_reason":"merged validated visual edges with compatible render state","handoff_node_id":"handoff-r-r-main--74.00355,40.65514","handoff_reason":"detected-corridor-exit","handoff_kind":"divergence","handoff_from_group_id":"group-n-q-r-w-n-r-w","handoff_to_group_id":null,"handoff_from_lane_slot":0.5,"handoff_to_lane_slot":0,"start_handoff_node_id":"handoff-r-r-main--73.98311,40.67732","start_handoff_reason":"station-adjacent-membership-change","start_handoff_kind":"membership-change","start_handoff_from_group_id":"group-manual-dekalb-atlantic","start_handoff_to_group_id":"group-n-q-r-w-n-r-w","start_handoff_from_lane_slot":-1.55,"start_handoff_to_lane_slot":0.5,"end_handoff_node_id":"handoff-r-r-main--74.00355,40.65514","end_handoff_reason":"detected-corridor-exit","end_handoff_kind":"divergence","end_handoff_from_group_id":"group-n-q-r-w-n-r-w","end_handoff_to_group_id":null,"end_handoff_from_lane_slot":0.5,"end_handoff_to_lane_slot":0,"effective_render_key":"R|r-main|lane:0.5|z:160.5|color:#F6BC26|kind:group|style:subway-ribbon-v1","merged_debug_ids":["R:r-main:group:0:cf3e35f9cc24","R:r-main:group:0:b3788b383749","R:r-main:group:0:a941e6cdd8df","R:r-main:group:0:924b2bddc0bd"]},"geometry":{"type":"LineString","coordinates":[[-73.98311,40.677316],[-73.98365869309902,40.676505392074425],[-73.98368869305504,40.67645839206613],[-73.98371969301013,40.67641039205767],[-73.98375269296427,40.67636139204903],[-73.98378569291843,40.67631239204039],[-73.98382069287165,40.676262392031575],[-73.98385569282485,40.676212392022755],[-73.98389269277713,40.67616139201376],[-73.98393069272848,40.67610939200459],[-73.98396969267982,40.67605739199542],[-73.9840106926293,40.676003391985894],[-73.9840516925797,40.675950391976556],[-73.98409469252825,40.675895391966854],[-73.98413769247676,40.67584039195716],[-73.98418269242437,40.67578439194728],[-73.98422869237199,40.675728391937405],[-73.98833768776157,40.670800391068546],[-73.99243868316275,40.66588339020186],[-73.99246868313097,40.66584939019586],[-73.99249768309824,40.665814390189695],[-73.99252668306644,40.665780390183706],[-73.9925566830337,40.66574539017754],[-73.99258668300192,40.66571139017154],[-73.99261768297012,40.66567739016555],[-73.99264768293737,40.665642390159384],[-73.99267968290559,40.665608390153395],[-73.99271068287287,40.665573390147216],[-73.99274268284107,40.66553939014123],[-73.99277468280927,40.66550539013524],[-73.99280768277654,40.66547039012907],[-73.99283968274476,40.66543639012308],[-73.99287368271203,40.665401390116905],[-73.99290768268023,40.665367390110916],[-73.99812667798939,40.66035038922686],[-74.003549,40.655144]]}},{"type":"Feature","id":"R:r-main:solo:7:cb68e25514d3","properties":{"route_id":"R","canonical_route_id":"R","visual_route_id":"R","visual_route_normalization_reason":"identity","display_route":"R","shape_id":"R..S96R","source_shape_ids":["R..S96R"],"raw_route_ids":["R"],"raw_shape_ids":["R..S96R"],"visual_edge_ids":["r:B12-R36","r:B12-B16","r:B16-B21"],"edge_count":3,"from_stop_id":"R36","to_stop_id":"B21","from_stop_name":"36 St","to_stop_name":"Bay Pkwy","edge_sequence":37,"edge_sequence_range":[37,37],"representative_edge_geometry_source":"R..S96R","representative_edge_geometry_sources":["R..S96R"],"edge_geometry_confidence":"medium","visual_edge_metadata":[],"geometry_reversal_count":0,"internal_stitch_valid":true,"max_internal_snap_distance_m":0,"branch_representative_geometry_used":null,"branch_representative_warning":null,"canonical_direction_id":"S","canonical_direction_count":1,"collapsed_direction_count":1,"direction_collapse_reason":"single-edge-direction","representative_shape_id":"R..S96R","canonical_feature_count":1,"color":"#F6BC26","visual_family":"N-Q-R-W","visual_branch_id":"r-main","raw_group_sequence":37000,"group_sequence":7,"group_id":null,"merged_group_ids":[],"group_member_routes":[],"group_member_visual_routes":[],"group_lane_order":[],"group_lane_order_visual":[],"group_lane_count":1,"visual_lane_slot":0,"visual_z_order":160,"corridor_id":null,"segment_kind":"solo","render_style":"subway-ribbon-v1","source":"group-corridors","debug_id":"R:r-main:solo:7:cb68e25514d3","feature_length_m":6896.43,"assignment_reason":"merged validated solo visual edges with compatible render state","handoff_node_id":"handoff-r-r-main--74.00355,40.65514","handoff_reason":"detected-corridor-exit","handoff_kind":"divergence","handoff_from_group_id":"group-n-q-r-w-n-r-w","handoff_to_group_id":null,"handoff_from_lane_slot":0.5,"handoff_to_lane_slot":0,"start_handoff_node_id":"handoff-r-r-main--74.00355,40.65514","start_handoff_reason":"detected-corridor-exit","start_handoff_kind":"divergence","start_handoff_from_group_id":"group-n-q-r-w-n-r-w","start_handoff_to_group_id":null,"start_handoff_from_lane_slot":0.5,"start_handoff_to_lane_slot":0,"end_handoff_node_id":"terminal-r-r-main-end","end_handoff_reason":"terminal","end_handoff_kind":"terminal","end_handoff_from_group_id":null,"end_handoff_to_group_id":null,"end_handoff_from_lane_slot":0,"end_handoff_to_lane_slot":0,"effective_render_key":"R|r-main|lane:0|z:160|color:#F6BC26|kind:solo|style:subway-ribbon-v1","merged_debug_ids":["R:r-main:solo:0:9f0ce5a04aa1","R:r-main:solo:0:dcabb870e08b","R:r-main:solo:0:c65d998b7c48"]},"geometry":{"type":"LineString","coordinates":[[-74.003549,40.655144],[-74.005194,40.653563],[-74.005246,40.653494],[-74.005291,40.653427],[-74.005328,40.653363],[-74.005356,40.6533],[-74.005377,40.65324],[-74.00539,40.653181],[-74.005395,40.653125],[-74.005393,40.65307],[-74.005382,40.653017],[-74.005364,40.652966],[-74.005337,40.652917],[-74.005303,40.65287],[-74.005261,40.652825],[-74.005211,40.652782],[-74.005152,40.652741],[-73.999495,40.649349],[-73.999478,40.649339],[-73.999461,40.649329],[-73.999444,40.64932],[-73.999428,40.64931],[-73.999411,40.649301],[-73.999395,40.649292],[-73.999378,40.649283],[-73.999362,40.649275],[-73.999346,40.649266],[-73.99933,40.649258],[-73.999314,40.64925],[-73.999298,40.649243],[-73.999282,40.649235],[-73.999267,40.649228],[-73.999251,40.649221],[-73.998985,40.649102],[-73.998968,40.649095],[-73.998952,40.649087],[-73.998936,40.64908],[-73.99892,40.649072],[-73.998904,40.649064],[-73.998888,40.649057],[-73.998873,40.649049],[-73.998857,40.649041],[-73.998842,40.649033],[-73.998827,40.649025],[-73.998813,40.649017],[-73.998798,40.649009],[-73.998784,40.649001],[-73.99877,40.648992],[-73.998756,40.648984],[-73.994324,40.646292],[-73.993237,40.645636],[-73.993142,40.645561],[-73.993058,40.645485],[-73.992987,40.64541],[-73.992927,40.645334],[-73.992878,40.645258],[-73.992841,40.645182],[-73.992816,40.645105],[-73.992803,40.645029],[-73.992801,40.644952],[-73.992811,40.644875],[-73.992832,40.644798],[-73.992865,40.64472],[-73.99291,40.644643],[-73.992967,40.644565],[-73.993035,40.644487],[-73.993928,40.64367],[-73.99397,40.643633],[-73.994009,40.643594],[-73.994046,40.643555],[-73.994079,40.643515],[-73.99411,40.643474],[-73.994138,40.643433],[-73.994163,40.64339],[-73.994186,40.643347],[-73.994206,40.643303],[-73.994223,40.643258],[-73.994237,40.643213],[-73.994248,40.643166],[-73.994257,40.643119],[-73.994263,40.643071],[-73.994266,40.643022],[-73.994304,40.640914],[-73.99432,40.640167],[-73.994321,40.64013],[-73.994323,40.640093],[-73.994325,40.640054],[-73.994327,40.640014],[-73.99433,40.639974],[-73.994333,40.639933],[-73.994336,40.63989],[-73.99434,40.639847],[-73.994344,40.639803],[-73.994348,40.639758],[-73.994352,40.639712],[-73.994357,40.639666],[-73.994362,40.639618],[-73.994367,40.639569],[-73.994373,40.63952],[-73.994791,40.63626],[-73.995292,40.632328],[-73.9953,40.632265],[-73.99531,40.632203],[-73.99532,40.632141],[-73.99533,40.632079],[-73.995341,40.632018],[-73.995353,40.631958],[-73.995365,40.631898],[-73.995377,40.631838],[-73.99539,40.631779],[-73.995403,40.631721],[-73.995417,40.631663],[-73.995431,40.631605],[-73.995446,40.631548],[-73.995461,40.631491],[-73.995476,40.631435],[-73.996895,40.626472],[-73.998864,40.619589],[-74.00061,40.613501],[-74.001762,40.609472],[-74.001774,40.609431],[-74.001785,40.609389],[-74.001796,40.609348],[-74.001805,40.609307],[-74.001813,40.609266],[-74.00182,40.609225],[-74.001826,40.609184],[-74.001831,40.609144],[-74.001836,40.609103],[-74.001839,40.609062],[-74.001841,40.609022],[-74.001842,40.608981],[-74.001843,40.608941],[-74.001842,40.6089],[-74.00184,40.60886],[-74.001736,40.607954],[-74.001634,40.60709],[-74.001618,40.607025],[-74.001599,40.606961],[-74.001576,40.606899],[-74.001549,40.606839],[-74.001518,40.60678],[-74.001484,40.606722],[-74.001446,40.606666],[-74.001405,40.606612],[-74.001359,40.606559],[-74.00131,40.606508],[-74.001258,40.606458],[-74.001201,40.606409],[-74.001141,40.606362],[-74.001077,40.606317],[-74.00101,40.606273],[-73.998168,40.604556],[-73.993728,40.601875]]}},{"type":"Feature","id":"S:s-main:solo:0:d3e08395f51f","properties":{"route_id":"S","canonical_route_id":"S","visual_route_id":"S","visual_route_normalization_reason":"identity","display_route":"S","shape_id":"H..N21R","source_shape_ids":["H..N21R","H..S21R"],"raw_route_ids":["S"],"raw_shape_ids":["H..N21R","H..S21R"],"visual_edge_ids":["s:H14-H15","s:H13-H14","s:H12-H13","s:H04-H12"],"edge_count":4,"from_stop_id":"H15","to_stop_id":"H04","from_stop_name":"Rockaway Park-Beach 116 St","to_stop_name":"Broad Channel","edge_sequence":0,"edge_sequence_range":[0,0],"representative_edge_geometry_source":"H..N21R","representative_edge_geometry_sources":["H..N21R"],"edge_geometry_confidence":"high","visual_edge_metadata":[],"geometry_reversal_count":0,"internal_stitch_valid":true,"max_internal_snap_distance_m":0,"branch_representative_geometry_used":null,"branch_representative_warning":null,"canonical_direction_id":"mixed","canonical_direction_count":2,"collapsed_direction_count":2,"direction_collapse_reason":"visual-edge-direction-collapse","representative_shape_id":"H..N21R","canonical_feature_count":2,"color":"#7C858C","visual_family":"S","visual_branch_id":"s-main","raw_group_sequence":0,"group_sequence":0,"group_id":null,"merged_group_ids":[],"group_member_routes":[],"group_member_visual_routes":[],"group_lane_order":[],"group_lane_order_visual":[],"group_lane_count":1,"visual_lane_slot":0,"visual_z_order":10,"corridor_id":null,"segment_kind":"solo","render_style":"subway-ribbon-v1","source":"group-corridors","debug_id":"S:s-main:solo:0:d3e08395f51f","feature_length_m":4539.6,"assignment_reason":"merged validated solo visual edges with compatible render state","handoff_node_id":null,"handoff_reason":null,"handoff_kind":null,"handoff_from_group_id":null,"handoff_to_group_id":null,"handoff_from_lane_slot":null,"handoff_to_lane_slot":null,"start_handoff_node_id":"terminal-s-s-main-start","start_handoff_reason":"terminal","start_handoff_kind":"terminal","start_handoff_from_group_id":null,"start_handoff_to_group_id":null,"start_handoff_from_lane_slot":0,"start_handoff_to_lane_slot":0,"end_handoff_node_id":"terminal-s-s-main-end","end_handoff_reason":"terminal","end_handoff_kind":"terminal","end_handoff_from_group_id":null,"end_handoff_to_group_id":null,"end_handoff_from_lane_slot":0,"end_handoff_to_lane_slot":0,"effective_render_key":"S|s-main|lane:0|z:10|color:#7C858C|kind:solo|style:subway-ribbon-v1","merged_debug_ids":["S:s-main:solo:0:c62483f93758","S:s-main:solo:0:e04dc15062c4","S:s-main:solo:0:732d14bf4452","S:s-main:solo:0:d731d4fd4fee"]},"geometry":{"type":"LineString","coordinates":[[-73.835592,40.580903],[-73.83399,40.581351],[-73.83397,40.581356],[-73.833951,40.581362],[-73.833931,40.581367],[-73.833911,40.581372],[-73.833891,40.581377],[-73.83387,40.581382],[-73.83385,40.581387],[-73.83383,40.581392],[-73.833809,40.581397],[-73.833789,40.581402],[-73.833768,40.581407],[-73.833747,40.581412],[-73.833726,40.581417],[-73.833705,40.581421],[-73.833684,40.581426],[-73.833511,40.581463],[-73.833494,40.581467],[-73.833476,40.58147],[-73.833458,40.581474],[-73.833441,40.581478],[-73.833423,40.581482],[-73.833406,40.581487],[-73.833388,40.581491],[-73.83337,40.581495],[-73.833352,40.5815],[-73.833335,40.581504],[-73.833317,40.581509],[-73.833299,40.581514],[-73.833281,40.581519],[-73.833263,40.581524],[-73.833245,40.581529],[-73.83058,40.582272],[-73.830528,40.582287],[-73.830477,40.582302],[-73.830425,40.582317],[-73.830374,40.582332],[-73.830323,40.582347],[-73.830271,40.582362],[-73.83022,40.582378],[-73.83017,40.582394],[-73.830119,40.58241],[-73.830068,40.582426],[-73.830018,40.582442],[-73.829967,40.582459],[-73.829917,40.582475],[-73.829867,40.582492],[-73.829817,40.582509],[-73.829499,40.582622],[-73.829444,40.582642],[-73.82939,40.582662],[-73.829336,40.582681],[-73.829283,40.582699],[-73.82923,40.582718],[-73.829178,40.582735],[-73.829126,40.582753],[-73.829074,40.582769],[-73.829024,40.582786],[-73.828973,40.582802],[-73.828923,40.582817],[-73.828874,40.582832],[-73.828825,40.582846],[-73.828777,40.58286],[-73.82873,40.582874],[-73.827559,40.583209],[-73.822788,40.58454],[-73.82268,40.584572],[-73.822574,40.584604],[-73.822469,40.584635],[-73.822366,40.584667],[-73.822265,40.584699],[-73.822164,40.584731],[-73.822066,40.584762],[-73.821969,40.584794],[-73.821873,40.584825],[-73.821779,40.584857],[-73.821686,40.584888],[-73.821595,40.58492],[-73.821506,40.584951],[-73.821418,40.584983],[-73.82133,40.585014],[-73.820558,40.585307],[-73.813641,40.588034],[-73.812143,40.588627],[-73.812007,40.588685],[-73.811874,40.588745],[-73.811744,40.588807],[-73.811617,40.588871],[-73.811492,40.588938],[-73.811371,40.589008],[-73.811252,40.589079],[-73.811135,40.589153],[-73.811021,40.58923],[-73.81091,40.589309],[-73.810802,40.58939],[-73.810697,40.589474],[-73.810594,40.58956],[-73.810493,40.589649],[-73.810395,40.589741],[-73.810192,40.589962],[-73.810006,40.590184],[-73.809841,40.590407],[-73.809695,40.59063],[-73.80957,40.590854],[-73.809464,40.591079],[-73.809379,40.591304],[-73.809314,40.59153],[-73.809269,40.591756],[-73.809244,40.591984],[-73.809239,40.592211],[-73.809254,40.59244],[-73.80929,40.592668],[-73.809345,40.592898],[-73.809421,40.593127],[-73.815653,40.607677],[-73.815661,40.607698],[-73.81567,40.607719],[-73.815678,40.60774],[-73.815687,40.60776],[-73.815696,40.607781],[-73.815704,40.607801],[-73.815713,40.607822],[-73.815721,40.607842],[-73.81573,40.607862],[-73.815738,40.607883],[-73.815746,40.607903],[-73.815754,40.607923],[-73.815762,40.607942],[-73.81577,40.607962],[-73.815778,40.607982],[-73.815808,40.60806],[-73.815838,40.60814],[-73.815867,40.60822],[-73.815896,40.6083],[-73.815925,40.608382]]}},{"type":"Feature","id":"SI:si-main:solo:0:495d70581c63","properties":{"route_id":"SI","canonical_route_id":"SI","visual_route_id":"SI","visual_route_normalization_reason":"identity","display_route":"SI","shape_id":"SI..N03R","source_shape_ids":["SI..N03R","SI..S03R","SI..N16R","SI..S02R"],"raw_route_ids":["SI"],"raw_shape_ids":["SI..N03R","SI..S03R","SI..N16R","SI..S02R"],"visual_edge_ids":["si:S09-S11","si:S11-S13","si:S13-S14","si:S14-S15","si:S15-S16","si:S16-S17","si:S17-S18","si:S18-S19","si:S19-S20","si:S20-S21","si:S21-S22","si:S22-S23","si:S23-S24","si:S24-S25","si:S25-S26","si:S26-S27","si:S27-S28","si:S28-S29","si:S29-S30","si:S30-S31"],"edge_count":20,"from_stop_id":"S09","to_stop_id":"S31","from_stop_name":"Tottenville","to_stop_name":"St George","edge_sequence":0,"edge_sequence_range":[0,0],"representative_edge_geometry_source":"SI..N03R","representative_edge_geometry_sources":["SI..N03R"],"edge_geometry_confidence":"high","visual_edge_metadata":[],"geometry_reversal_count":0,"internal_stitch_valid":true,"max_internal_snap_distance_m":0,"branch_representative_geometry_used":null,"branch_representative_warning":null,"canonical_direction_id":"mixed","canonical_direction_count":2,"collapsed_direction_count":2,"direction_collapse_reason":"visual-edge-direction-collapse","representative_shape_id":"SI..N03R","canonical_feature_count":2,"color":"#08179C","visual_family":"SI","visual_branch_id":"si-main","raw_group_sequence":0,"group_sequence":0,"group_id":null,"merged_group_ids":[],"group_member_routes":[],"group_member_visual_routes":[],"group_lane_order":[],"group_lane_order_visual":[],"group_lane_count":1,"visual_lane_slot":0,"visual_z_order":20,"corridor_id":null,"segment_kind":"solo","render_style":"subway-ribbon-v1","source":"group-corridors","debug_id":"SI:si-main:solo:0:495d70581c63","feature_length_m":23056.23,"assignment_reason":"merged validated solo visual edges with compatible render state","handoff_node_id":null,"handoff_reason":null,"handoff_kind":null,"handoff_from_group_id":null,"handoff_to_group_id":null,"handoff_from_lane_slot":null,"handoff_to_lane_slot":null,"start_handoff_node_id":"terminal-si-si-main-start","start_handoff_reason":"terminal","start_handoff_kind":"terminal","start_handoff_from_group_id":null,"start_handoff_to_group_id":null,"start_handoff_from_lane_slot":0,"start_handoff_to_lane_slot":0,"end_handoff_node_id":"terminal-si-si-main-end","end_handoff_reason":"terminal","end_handoff_kind":"terminal","end_handoff_from_group_id":null,"end_handoff_to_group_id":null,"end_handoff_from_lane_slot":0,"end_handoff_to_lane_slot":0,"effective_render_key":"SI|si-main|lane:0|z:20|color:#08179C|kind:solo|style:subway-ribbon-v1","merged_debug_ids":["SI:si-main:solo:0:61a43c0f57fe","SI:si-main:solo:0:1046d646556a","SI:si-main:solo:0:8fff222bff13","SI:si-main:solo:0:68b11383bd6e","SI:si-main:solo:0:48fd65085981","SI:si-main:solo:0:82c96cb60d60","SI:si-main:solo:0:5c545e616138","SI:si-main:solo:0:d15459005f28","SI:si-main:solo:0:eabbae7ff266","SI:si-main:solo:0:b33cbfa65764","SI:si-main:solo:0:0b685ff75baa","SI:si-main:solo:0:d443d1c756c4","SI:si-main:solo:0:a45a57bfe19e","SI:si-main:solo:0:36d0f8622761","SI:si-main:solo:0:0cfb1a13bcec","SI:si-main:solo:0:ce21a83671e1","SI:si-main:solo:0:da5f2c33b96f","SI:si-main:solo:0:336a3635ac42","SI:si-main:solo:0:1fda26fe49c0","SI:si-main:solo:0:43405b09b3e2"]},"geometry":{"type":"LineString","coordinates":[[-74.251961,40.512764],[-74.251124,40.513334],[-74.250917,40.513458],[-74.250706,40.513579],[-74.250493,40.513696],[-74.250277,40.51381],[-74.250059,40.51392],[-74.249838,40.514027],[-74.249614,40.51413],[-74.249388,40.514229],[-74.249159,40.514325],[-74.248927,40.514418],[-74.248693,40.514507],[-74.248456,40.514593],[-74.248217,40.514675],[-74.247975,40.514753],[-74.24773,40.514828],[-74.246451,40.515198],[-74.245689,40.515401],[-74.245353,40.515486],[-74.245319,40.515494],[-74.245285,40.515502],[-74.24525,40.51551],[-74.245214,40.515517],[-74.245178,40.515525],[-74.245141,40.515533],[-74.245104,40.515541],[-74.245066,40.515549],[-74.245028,40.515557],[-74.244989,40.515565],[-74.244949,40.515573],[-74.244909,40.51558],[-74.244869,40.515588],[-74.244828,40.515596],[-74.244786,40.515604],[-74.244342,40.515695],[-74.244235,40.51572],[-74.24413,40.515746],[-74.244025,40.515773],[-74.243922,40.515802],[-74.243821,40.515832],[-74.24372,40.515862],[-74.243621,40.515895],[-74.243523,40.515928],[-74.243427,40.515962],[-74.243331,40.515998],[-74.243237,40.516035],[-74.243144,40.516073],[-74.243052,40.516112],[-74.242962,40.516152],[-74.242872,40.516194],[-74.2420865864081,40.51656652986484],[-74.241023,40.517071],[-74.240928,40.517115],[-74.240832,40.517157],[-74.240735,40.517198],[-74.240638,40.517238],[-74.24054,40.517276],[-74.240442,40.517313],[-74.240344,40.517349],[-74.240244,40.517383],[-74.240145,40.517416],[-74.240044,40.517447],[-74.239944,40.517478],[-74.239843,40.517507],[-74.239741,40.517534],[-74.239639,40.51756],[-74.239535,40.517585],[-74.238373,40.517812],[-74.229141,40.519631],[-74.225688,40.520312],[-74.225581,40.520334],[-74.225474,40.520357],[-74.225368,40.52038],[-74.225262,40.520403],[-74.225156,40.520427],[-74.22505,40.520451],[-74.224944,40.520476],[-74.224838,40.5205],[-74.224732,40.520526],[-74.224626,40.520551],[-74.224521,40.520577],[-74.224415,40.520604],[-74.224309,40.52063],[-74.224204,40.520658],[-74.224099,40.520685],[-74.219083,40.522102],[-74.218988,40.522128],[-74.218895,40.522153],[-74.218803,40.522177],[-74.218714,40.522201],[-74.218626,40.522223],[-74.21854,40.522245],[-74.218455,40.522267],[-74.218373,40.522287],[-74.218292,40.522307],[-74.218214,40.522326],[-74.218137,40.522344],[-74.218062,40.522361],[-74.217988,40.522378],[-74.217917,40.522394],[-74.217847,40.52241],[-74.217658,40.522452],[-74.217466,40.522494],[-74.217271,40.522534],[-74.217073,40.522573],[-74.216872,40.522611],[-74.216667,40.522647],[-74.21646,40.522683],[-74.216249,40.522717],[-74.216035,40.52275],[-74.215819,40.522782],[-74.215599,40.522813],[-74.215375,40.522843],[-74.215149,40.522871],[-74.21492,40.522899],[-74.214686,40.522924],[-74.210498,40.523427],[-74.210437,40.523434],[-74.210376,40.523441],[-74.210317,40.523448],[-74.210257,40.523455],[-74.210199,40.523462],[-74.210141,40.523469],[-74.210084,40.523476],[-74.210028,40.523484],[-74.209972,40.523491],[-74.209917,40.523499],[-74.209863,40.523506],[-74.20981,40.523514],[-74.209757,40.523521],[-74.209704,40.523529],[-74.209653,40.523537],[-74.203552,40.524408],[-74.20329,40.524451],[-74.20303,40.524499],[-74.202776,40.524552],[-74.202525,40.524609],[-74.20228,40.52467],[-74.202038,40.524735],[-74.201801,40.524804],[-74.201568,40.524877],[-74.20134,40.524955],[-74.201116,40.525037],[-74.200896,40.525122],[-74.200681,40.525213],[-74.20047,40.525307],[-74.200264,40.525405],[-74.200064,40.525507],[-74.199922,40.525584],[-74.199781,40.525664],[-74.199643,40.525746],[-74.199506,40.525831],[-74.199371,40.52592],[-74.199239,40.526011],[-74.199108,40.526105],[-74.19898,40.526202],[-74.198854,40.526302],[-74.19873,40.526404],[-74.198608,40.52651],[-74.198488,40.526618],[-74.19837,40.526729],[-74.198254,40.526843],[-74.198141,40.526961],[-74.191794,40.533674],[-74.191268,40.534239],[-74.191077,40.534433],[-74.190881,40.534625],[-74.190682,40.534814],[-74.190482,40.534999],[-74.190278,40.535182],[-74.190073,40.535361],[-74.189865,40.535538],[-74.189654,40.535711],[-74.189442,40.535882],[-74.189226,40.536049],[-74.189009,40.536213],[-74.188789,40.536374],[-74.188566,40.536532],[-74.188341,40.536687],[-74.188114,40.536839],[-74.187878,40.536988],[-74.187637,40.537135],[-74.187391,40.53728],[-74.18714,40.537423],[-74.186883,40.537565],[-74.186622,40.537706],[-74.186355,40.537844],[-74.186082,40.537981],[-74.185804,40.538117],[-74.185521,40.538251],[-74.185233,40.538383],[-74.18494,40.538514],[-74.184641,40.538643],[-74.184336,40.53877],[-74.184028,40.538895],[-74.183852,40.538963],[-74.183678,40.53903],[-74.183508,40.539094],[-74.18334,40.539155],[-74.183174,40.539215],[-74.183012,40.539272],[-74.182852,40.539327],[-74.182695,40.53938],[-74.18254,40.539431],[-74.182389,40.539479],[-74.18224,40.539525],[-74.182093,40.539569],[-74.18195,40.539611],[-74.181809,40.539651],[-74.181672,40.539687],[-74.181583,40.539711],[-74.181486,40.539738],[-74.181379,40.539766],[-74.181264,40.539795],[-74.18114,40.539826],[-74.181007,40.539859],[-74.180865,40.539892],[-74.180715,40.539928],[-74.180555,40.539965],[-74.180387,40.540003],[-74.180209,40.540043],[-74.180023,40.540084],[-74.179828,40.540127],[-74.179625,40.540171],[-74.179413,40.540217],[-74.178217,40.54046],[-74.171897,40.541685],[-74.171539,40.541762],[-74.171177,40.541846],[-74.170812,40.54194],[-74.170442,40.542043],[-74.17007,40.542155],[-74.169693,40.542276],[-74.169313,40.542407],[-74.168929,40.542547],[-74.168541,40.542697],[-74.168149,40.542855],[-74.167754,40.543023],[-74.167355,40.5432],[-74.166952,40.543387],[-74.166546,40.543583],[-74.166135,40.543787],[-74.16457,40.544601],[-74.162046,40.545924],[-74.157749,40.5481],[-74.157326,40.548317],[-74.156917,40.548524],[-74.156522,40.548724],[-74.156143,40.548916],[-74.155779,40.5491],[-74.155429,40.549276],[-74.155095,40.549444],[-74.154775,40.549604],[-74.154471,40.549756],[-74.154181,40.549901],[-74.153906,40.550037],[-74.153646,40.550165],[-74.153402,40.550286],[-74.153172,40.550398],[-74.152956,40.550502],[-74.151399,40.551231],[-74.150411,40.551688],[-74.150248,40.55176],[-74.150082,40.55183],[-74.149913,40.551897],[-74.149742,40.551959],[-74.149568,40.552019],[-74.149392,40.552074],[-74.149214,40.552126],[-74.149033,40.552175],[-74.14885,40.55222],[-74.148665,40.552261],[-74.148477,40.552299],[-74.148287,40.552333],[-74.148094,40.552364],[-74.147899,40.552391],[-74.147702,40.552415],[-74.145709,40.552643],[-74.145547,40.552663],[-74.145386,40.552686],[-74.145226,40.55271],[-74.145068,40.552735],[-74.144912,40.552762],[-74.144757,40.552791],[-74.144603,40.552821],[-74.144451,40.552853],[-74.144301,40.552886],[-74.144152,40.552921],[-74.144004,40.552957],[-74.143858,40.552995],[-74.143714,40.553035],[-74.143571,40.553076],[-74.143429,40.553118],[-74.143281,40.553166],[-74.143133,40.553215],[-74.142986,40.553266],[-74.142838,40.553318],[-74.14269,40.553372],[-74.142542,40.553427],[-74.142394,40.553484],[-74.142246,40.553542],[-74.142098,40.553602],[-74.14195,40.553663],[-74.141802,40.553726],[-74.141654,40.55379],[-74.141506,40.553855],[-74.141358,40.553922],[-74.14121,40.553992],[-74.139893,40.554617],[-74.139724,40.554697],[-74.139559,40.554779],[-74.139396,40.554862],[-74.139235,40.554945],[-74.139078,40.555028],[-74.138922,40.555112],[-74.138769,40.555196],[-74.138619,40.55528],[-74.138471,40.555365],[-74.138326,40.555451],[-74.138184,40.555537],[-74.138043,40.555623],[-74.137906,40.55571],[-74.137771,40.555797],[-74.137638,40.555885],[-74.136907,40.5564],[-74.13629,40.556858],[-74.136186,40.556939],[-74.136084,40.557019],[-74.135985,40.557098],[-74.135887,40.557175],[-74.135792,40.557251],[-74.135699,40.557325],[-74.135608,40.557398],[-74.135519,40.55747],[-74.135432,40.55754],[-74.135348,40.557608],[-74.135265,40.557676],[-74.135185,40.557742],[-74.135107,40.557806],[-74.135031,40.557869],[-74.134957,40.557931],[-74.12632,40.56511],[-74.125816,40.565536],[-74.12575,40.565594],[-74.125684,40.565652],[-74.125619,40.565711],[-74.125555,40.565769],[-74.125491,40.565827],[-74.125428,40.565885],[-74.125365,40.565944],[-74.125303,40.566002],[-74.125241,40.566061],[-74.12518,40.566119],[-74.12512,40.566178],[-74.12506,40.566236],[-74.125,40.566295],[-74.124941,40.566353],[-74.124882,40.566412],[-74.121358,40.570115],[-74.12118,40.570294],[-74.121003,40.57047],[-74.120825,40.570642],[-74.120646,40.57081],[-74.120468,40.570975],[-74.120289,40.571137],[-74.12011,40.571294],[-74.11993,40.571449],[-74.119751,40.571599],[-74.119571,40.571747],[-74.11939,40.57189],[-74.11921,40.57203],[-74.119029,40.572167],[-74.118848,40.5723],[-74.118668,40.572428],[-74.11721,40.57348],[-74.112691,40.576732],[-74.112651,40.57676],[-74.112611,40.576788],[-74.112572,40.576815],[-74.112534,40.576843],[-74.112496,40.57687],[-74.112459,40.576896],[-74.112423,40.576923],[-74.112387,40.576949],[-74.112352,40.576975],[-74.112318,40.577001],[-74.112285,40.577026],[-74.112252,40.577051],[-74.112219,40.577076],[-74.112188,40.577101],[-74.112157,40.577125],[-74.110335,40.578505],[-74.109704,40.578965],[-74.103338,40.583591],[-74.09609,40.588849],[-74.091101,40.592478],[-74.09082,40.592688],[-74.090549,40.592901],[-74.090285,40.593119],[-74.090029,40.593341],[-74.08978,40.593568],[-74.089538,40.593799],[-74.089303,40.594035],[-74.089075,40.594276],[-74.088855,40.594521],[-74.088642,40.594771],[-74.088436,40.595025],[-74.088237,40.595284],[-74.088045,40.595547],[-74.087861,40.595815],[-74.087682,40.596087],[-74.087368,40.596612],[-74.087312,40.596716],[-74.087257,40.596818],[-74.087204,40.596919],[-74.087151,40.59702],[-74.087101,40.597121],[-74.087051,40.597221],[-74.087003,40.59732],[-74.086957,40.597419],[-74.086912,40.597518],[-74.086869,40.597616],[-74.086827,40.597713],[-74.086786,40.59781],[-74.086747,40.597907],[-74.086709,40.598003],[-74.086673,40.598098],[-74.085801,40.600437],[-74.085736,40.600583],[-74.085671,40.600729],[-74.085602,40.600874],[-74.08553,40.601018],[-74.085456,40.601161],[-74.085379,40.601302],[-74.085298,40.601443],[-74.085215,40.601583],[-74.085129,40.601721],[-74.08504,40.601859],[-74.084948,40.601995],[-74.084853,40.60213],[-74.084755,40.602265],[-74.084654,40.602398],[-74.084551,40.602529],[-74.084087,40.603117],[-74.080023,40.60823],[-74.079939,40.608338],[-74.079855,40.608447],[-74.079773,40.608555],[-74.079693,40.608662],[-74.079614,40.60877],[-74.079537,40.608877],[-74.079462,40.608985],[-74.079388,40.609091],[-74.079316,40.609198],[-74.079246,40.609305],[-74.079178,40.609411],[-74.079111,40.609517],[-74.079045,40.609623],[-74.078982,40.609729],[-74.078919,40.609835],[-74.075264,40.616007],[-74.07516,40.616172],[-74.075051,40.616334],[-74.074937,40.61649],[-74.074818,40.616642],[-74.074694,40.616788],[-74.074566,40.616929],[-74.074433,40.617066],[-74.074296,40.617197],[-74.074153,40.617323],[-74.074006,40.617445],[-74.073855,40.617561],[-74.073698,40.617672],[-74.073537,40.617779],[-74.073371,40.61788],[-74.0732,40.617977],[-74.072724,40.618224],[-74.072642,40.618268],[-74.072561,40.618312],[-74.072484,40.618358],[-74.072408,40.618404],[-74.072335,40.618452],[-74.072263,40.618502],[-74.072195,40.618552],[-74.072128,40.618604],[-74.072064,40.618657],[-74.072002,40.618712],[-74.071942,40.618767],[-74.071884,40.618824],[-74.071829,40.618883],[-74.071776,40.618942],[-74.071724,40.619004],[-74.071675,40.619065],[-74.071628,40.619125],[-74.071583,40.619185],[-74.071541,40.619243],[-74.071501,40.619301],[-74.071464,40.619358],[-74.071429,40.619413],[-74.071396,40.619468],[-74.071365,40.619523],[-74.071337,40.619576],[-74.071311,40.619628],[-74.071288,40.61968],[-74.071266,40.61973],[-74.071248,40.61978],[-74.071232,40.619828],[-74.071172,40.620036],[-74.07114,40.620246],[-74.071136,40.620457],[-74.07116,40.62067],[-74.071212,40.620885],[-74.071292,40.621101],[-74.071402,40.621319],[-74.071805,40.622046],[-74.071835,40.622095],[-74.071866,40.622144],[-74.071899,40.622193],[-74.071933,40.622244],[-74.071968,40.622295],[-74.072005,40.622346],[-74.072043,40.622399],[-74.072083,40.622452],[-74.072124,40.622505],[-74.072166,40.622559],[-74.07221,40.622614],[-74.072255,40.622669],[-74.072301,40.622725],[-74.072349,40.622782],[-74.072398,40.622839],[-74.072856,40.623372],[-74.072874,40.623393],[-74.072893,40.623415],[-74.072911,40.623436],[-74.072929,40.623458],[-74.072947,40.62348],[-74.072965,40.623502],[-74.072983,40.623525],[-74.073001,40.623547],[-74.073019,40.62357],[-74.073037,40.623593],[-74.073054,40.623616],[-74.073072,40.62364],[-74.07309,40.623663],[-74.073107,40.623687],[-74.073125,40.623711],[-74.073516,40.624241],[-74.074613,40.625771],[-74.074656,40.62584],[-74.074699,40.625912],[-74.074739,40.625986],[-74.074777,40.626063],[-74.074813,40.626142],[-74.074846,40.626224],[-74.074878,40.626308],[-74.074907,40.626395],[-74.074935,40.626484],[-74.07496,40.626575],[-74.074983,40.626669],[-74.075004,40.626766],[-74.075022,40.626865],[-74.075039,40.626966],[-74.075052,40.62707],[-74.075162,40.627915],[-74.075282,40.62899],[-74.075291,40.62909],[-74.0753,40.629189],[-74.075308,40.629286],[-74.075315,40.629382],[-74.075321,40.629476],[-74.075326,40.629569],[-74.07533,40.62966],[-74.075333,40.62975],[-74.075335,40.629838],[-74.075336,40.629924],[-74.075336,40.63001],[-74.075335,40.630093],[-74.075333,40.630175],[-74.075329,40.630256],[-74.075325,40.630334],[-74.07532,40.630432],[-74.075312,40.630529],[-74.0753,40.630626],[-74.075286,40.630722],[-74.075269,40.630819],[-74.075249,40.630915],[-74.075226,40.63101],[-74.0752,40.631106],[-74.075171,40.631201],[-74.075139,40.631296],[-74.075105,40.63139],[-74.075067,40.631484],[-74.075027,40.631578],[-74.074984,40.631672],[-74.074938,40.631765],[-74.074671,40.632261],[-74.074606,40.63238],[-74.074547,40.632501],[-74.074494,40.632623],[-74.074448,40.632746],[-74.074408,40.63287],[-74.074375,40.632994],[-74.074348,40.63312],[-74.074328,40.633246],[-74.074314,40.633373],[-74.074306,40.633502],[-74.074305,40.633631],[-74.07431,40.63376],[-74.074322,40.633891],[-74.07434,40.634023],[-74.074363,40.634155],[-74.074485,40.634811],[-74.074492,40.634843],[-74.074498,40.634876],[-74.074504,40.634909],[-74.074511,40.634943],[-74.074517,40.634978],[-74.074524,40.635013],[-74.07453,40.63505],[-74.074536,40.635087],[-74.074542,40.635124],[-74.074549,40.635162],[-74.074555,40.635201],[-74.074561,40.635241],[-74.074567,40.635281],[-74.074573,40.635322],[-74.074579,40.635364],[-74.074756,40.636516],[-74.07476,40.636543],[-74.074764,40.636571],[-74.074768,40.636598],[-74.074773,40.636626],[-74.074777,40.636655],[-74.074782,40.636683],[-74.074787,40.636712],[-74.074793,40.63674],[-74.074798,40.63677],[-74.074804,40.636799],[-74.07481,40.636828],[-74.074816,40.636858],[-74.074822,40.636888],[-74.074828,40.636919],[-74.074835,40.636949],[-74.074845,40.636995],[-74.074856,40.637042],[-74.074867,40.63709],[-74.074879,40.63714],[-74.074892,40.63719],[-74.074905,40.637241],[-74.07492,40.637293],[-74.074935,40.637347],[-74.07495,40.637401],[-74.074966,40.637457],[-74.074983,40.637513],[-74.075001,40.63757],[-74.075019,40.637629],[-74.075038,40.637688],[-74.075058,40.63775],[-74.075291,40.63847],[-74.075307,40.638534],[-74.075321,40.638597],[-74.075333,40.638662],[-74.075342,40.638726],[-74.075349,40.638791],[-74.075355,40.638856],[-74.075357,40.638922],[-74.075358,40.638988],[-74.075357,40.639054],[-74.075353,40.639121],[-74.075347,40.639188],[-74.075339,40.639255],[-74.075328,40.639323],[-74.075316,40.639391],[-74.075301,40.639459],[-74.074647,40.64214],[-74.074612,40.642252],[-74.074572,40.642363],[-74.074527,40.642473],[-74.074478,40.642582],[-74.074424,40.642691],[-74.074366,40.6428],[-74.074304,40.642907],[-74.074237,40.643014],[-74.074166,40.643121],[-74.07409,40.643227],[-74.07401,40.643332],[-74.073925,40.643437],[-74.073836,40.643541],[-74.073742,40.643645],[-74.073643,40.643748]]}},{"type":"Feature","id":"W:w-main:group:0:2e117e28f308","properties":{"route_id":"W","canonical_route_id":"W","visual_route_id":"W","visual_route_normalization_reason":"identity","display_route":"W","shape_id":"N..N70R","source_shape_ids":["N..N70R","N..S70R","N..S74R"],"raw_route_ids":["W"],"raw_shape_ids":["N..N70R","N..S70R","N..S74R"],"visual_edge_ids":["w:N09-N10","w:N08-N09","w:N07-N08","w:N06-N07","w:N05-N06","w:N04-N05","w:N03-N04","w:N02-N03","w:N02-R41","w:R40-R41","w:R39-R40","w:R36-R39","w:R35-R36","w:R34-R35","w:R33-R34","w:R32-R33"],"edge_count":16,"from_stop_id":"N10","to_stop_id":"R32","from_stop_name":"86 St","to_stop_name":"Union St","edge_sequence":0,"edge_sequence_range":[0,0],"representative_edge_geometry_source":"N..N70R","representative_edge_geometry_sources":["N..N70R"],"edge_geometry_confidence":"high","visual_edge_metadata":[],"geometry_reversal_count":0,"internal_stitch_valid":true,"max_internal_snap_distance_m":0,"branch_representative_geometry_used":null,"branch_representative_warning":null,"canonical_direction_id":"mixed","canonical_direction_count":2,"collapsed_direction_count":2,"direction_collapse_reason":"visual-edge-direction-collapse","representative_shape_id":"N..N70R","canonical_feature_count":2,"color":"#F6BC26","visual_family":"N-Q-R-W","visual_branch_id":"w-main","raw_group_sequence":0,"group_sequence":0,"group_id":"group-n-q-r-w-n-w","merged_group_ids":["group-n-q-r-w-n-w","group-n-q-r-w-n-r-w"],"group_member_routes":["N","R","W"],"group_member_visual_routes":["N","R","W"],"group_lane_order":["N","R","W"],"group_lane_order_visual":["N","R","W"],"group_lane_count":3,"visual_lane_slot":1.5,"visual_z_order":171.5,"corridor_id":null,"segment_kind":"group","render_style":"subway-ribbon-v1","source":"group-corridors","debug_id":"W:w-main:group:0:2e117e28f308","feature_length_m":12117.21,"assignment_reason":"merged validated visual edges with compatible render state","handoff_node_id":"handoff-w-w-main--73.98311,40.67732","handoff_reason":"station-adjacent-membership-change","handoff_kind":"membership-change","handoff_from_group_id":"group-n-q-r-w-n-w","handoff_to_group_id":"group-manual-dekalb-atlantic","handoff_from_lane_slot":1.5,"handoff_to_lane_slot":-2,"start_handoff_node_id":"terminal-w-w-main-start","start_handoff_reason":"terminal","start_handoff_kind":"terminal","start_handoff_from_group_id":null,"start_handoff_to_group_id":"group-n-q-r-w-n-w","start_handoff_from_lane_slot":0,"start_handoff_to_lane_slot":1.5,"end_handoff_node_id":"handoff-w-w-main--73.98311,40.67732","end_handoff_reason":"station-adjacent-membership-change","end_handoff_kind":"membership-change","end_handoff_from_group_id":"group-n-q-r-w-n-w","end_handoff_to_group_id":"group-manual-dekalb-atlantic","end_handoff_from_lane_slot":1.5,"end_handoff_to_lane_slot":-2,"effective_render_key":"W|w-main|lane:1.5|z:171.5|color:#F6BC26|kind:group|style:subway-ribbon-v1","merged_debug_ids":["W:w-main:group:0:9be8d73d77fa","W:w-main:group:0:cd138684bdbf","W:w-main:group:0:fb26670430ff","W:w-main:group:0:a903df1c819a","W:w-main:group:0:456386183c84","W:w-main:group:0:8659c654b7e9","W:w-main:group:0:49f5daf0029c","W:w-main:group:0:6213cd620b78","W:w-main:group:0:e126217ecb6f","W:w-main:group:0:f3e446fa333b","W:w-main:group:0:76c58e3bac25","W:w-main:group:0:860ecee7580f","W:w-main:group:0:ea93b24da90c","W:w-main:group:0:d18b19bc011d","W:w-main:group:0:a2c72356c122","W:w-main:group:0:c82cfe0c383d"]},"geometry":{"type":"LineString","coordinates":[[-73.97823,40.592721],[-73.979034186887,40.59761460261352],[-73.98025016935722,40.604064599428554],[-73.98174514789933,40.61195659553],[-73.98209214328672,40.613652594691985],[-73.98213214285698,40.61381059461391],[-73.98217214243539,40.61396559453732],[-73.9822131420274,40.61411559446319],[-73.9822561416303,40.614261594391046],[-73.98230114124406,40.61440359432087],[-73.98234714086871,40.614541594252685],[-73.98239514050424,40.614675594186465],[-73.98244414015335,40.61480459412272],[-73.98249413981063,40.61493059406045],[-73.98254613948149,40.615051594000654],[-73.98260013916325,40.61516859394283],[-73.98265513885588,40.61528159388699],[-73.9827111385594,40.615390593833126],[-73.98276913827377,40.61549559378124],[-73.98283013799904,40.61559659373132],[-73.98291213764813,40.61572559366757],[-73.9829981373054,40.615851593605306],[-73.9830881369708,40.61597459354452],[-73.98318213664166,40.61609559348472],[-73.98328013631523,40.61621559342541],[-73.98338213599696,40.61633259336759],[-73.98348913568685,40.616446593311245],[-73.98360013537946,40.61655959325541],[-73.9837151350775,40.616670593200546],[-73.9838341347837,40.61677859314717],[-73.98395813449534,40.61688459309478],[-73.98408613421243,40.61698859304338],[-73.98421713393495,40.617090592992966],[-73.98435413366292,40.61719059294355],[-73.98449413339902,40.6172875928956],[-73.98492313268083,40.617551592765125],[-73.99031112380854,40.620812591153246],[-73.99504711602586,40.62367258973934],[-73.99511511591156,40.623714589718574],[-73.99518111579454,40.62375758969731],[-73.99524711567209,40.623802589675066],[-73.99531111554144,40.62385058965133],[-73.99537411540537,40.623900589626615],[-73.99543711526114,40.62395358960041],[-73.99549811511145,40.624008589573215],[-73.99555811495632,40.62406558954504],[-73.99561711479305,40.62412558951537],[-73.9956751146243,40.62418758948471],[-73.99573211445012,40.624251589453074],[-73.99578711426778,40.62431858941995],[-73.99584211408,40.624387589385826],[-73.99589611388676,40.62445858935072],[-73.99594911368537,40.62453258931414],[-73.99625011245791,40.624983589091144],[-73.99676211034314,40.62576058870695],[-73.99686410996209,40.62590058863773],[-73.99696510959193,40.62603658857048],[-73.99706710923536,40.6261675885057],[-73.99717010889242,40.626293588443396],[-73.99727510856034,40.62641558838307],[-73.99738010824188,40.62653258832521],[-73.99748710793703,40.62664458826983],[-73.99759510764578,40.62675158821692],[-73.99770410736542,40.62685458816599],[-73.99781410709868,40.626952588117526],[-73.99792610684553,40.62704558807154],[-73.998038106606,40.62713358802802],[-73.99815210637735,40.627217587986486],[-73.9982671061623,40.62729658794742],[-73.9983841059636,40.62736958791132],[-74.005248094644,40.631527585854904],[-74.00855008918738,40.63353158486362],[-74.00859608911114,40.63355958484977],[-74.0086430890349,40.63358758483592],[-74.00869008895864,40.63361558482207],[-74.0087360888824,40.63364358480822],[-74.00878308880617,40.63367158479437],[-74.00883008872991,40.633699584780516],[-74.00887708865639,40.63372658476716],[-74.00892508858014,40.633754584753305],[-74.00897208850662,40.63378158473995],[-74.00901908843038,40.6338095847261],[-74.00906708835686,40.633836584712746],[-74.00911408828334,40.633863584699384],[-74.0091620882098,40.633890584686036],[-74.0092100881363,40.63391758467267],[-74.00925808806277,40.63394458465932],[-74.01080408574809,40.634794584238826],[-74.01086608565278,40.63482958422151],[-74.01092708556291,40.63486258420518],[-74.01098708547303,40.63489558418886],[-74.0110460853859,40.63492758417303],[-74.0111030853042,40.63495758415819],[-74.0111600852225,40.634987584143346],[-74.01121508514625,40.63501558412949],[-74.01126908506998,40.635043584115635],[-74.0113220849992,40.63506958410278],[-74.0113740849311,40.63509458409041],[-74.01142408486575,40.63511858407853],[-74.0114740848004,40.635142584066664],[-74.01152308474049,40.63516458405577],[-74.0115700846833,40.63518558404539],[-74.01161608462883,40.635205584035496],[-74.01170208453078,40.635241584017685],[-74.01179029760917,40.6352774975365],[-74.0118819635783,40.6353135641903],[-74.01197319160376,40.635348427844676],[-74.0120699453125,40.63538318810504],[-74.01216374787293,40.635416474446735],[-74.01226078885915,40.635449531527215],[-74.01235830921492,40.635482043708414],[-74.01246001922098,40.635514248714195],[-74.0125619822571,40.635545166253365],[-74.01266433721301,40.635575572785854],[-74.0127708822917,40.6356055982636],[-74.01287775612549,40.63563438965697],[-74.0129849537812,40.63566270906551],[-74.01309095372561,40.635690709058586],[-74.01612145040704,40.63647209989183],[-74.016171327988,40.636484576639646],[-74.01621705230934,40.636496254333835],[-74.01626920253358,40.636508514273416],[-74.01631105226488,40.63651925432846],[-74.01635572973892,40.63653091299925],[-74.01639663630877,40.63654252917042],[-74.0164453579023,40.63655555116411],[-74.0164903578783,40.63656755116109],[-74.01653019088862,40.63657911616144],[-74.01657793416305,40.636592167202046],[-74.01661669250036,40.63660367839028],[-74.01666345581194,40.636616759340974],[-74.01670113844003,40.636628213914065],[-74.01674152589962,40.63664072061242],[-74.01678352587048,40.63665372060826],[-74.01941090583108,40.63741603391091],[-74.01952393286781,40.63745084650649],[-74.01962902728255,40.63748661345979],[-74.01973412636335,40.63752425401098],[-74.01983266812859,40.637562228408406],[-74.0199277118199,40.637601259685226],[-74.02001484517503,40.63764086872884],[-74.02010238727298,40.637682794279215],[-74.02018298721737,40.637724610152326],[-74.02026032572776,40.63776757837392],[-74.02033353049266,40.63781125014142],[-74.02039890307377,40.637854833750566],[-74.02046505344761,40.63790152199448],[-74.0205239679362,40.637947295067775],[-74.0205778418198,40.637993511973235],[-74.02062982961236,40.6380421567566],[-74.02067373809246,40.6380819084197],[-74.02069448450001,40.638107442512876],[-74.02071081199946,40.638133398963944],[-74.02072177455629,40.6381583605605],[-74.02072970734159,40.63818549676781],[-74.02073145212927,40.638208379896625],[-74.02073094496374,40.638237667047854],[-74.02072586800234,40.638267730936334],[-74.02071627804506,40.638298448887554],[-74.02070110147378,40.63833403557447],[-74.02067977344082,40.63837563968885],[-74.0206541189034,40.638413132576105],[-74.02061924849781,40.638459769673325],[-74.02057921415815,40.63850602476065],[-74.02053203560212,40.63855451487687],[-74.01771377748426,40.641261775916426],[-74.01386676462846,40.64496877934424],[-74.0098387512048,40.648838782923285],[-74.00502673516229,40.653462787200326],[-74.0033817296763,40.65504378866287],[-73.99792371144551,40.66029679352291],[-73.9927046940292,40.66531379816549],[-73.99267069391115,40.66534779819696],[-73.99263669378963,40.66538279822935],[-73.9926046936716,40.66541679826082],[-73.99257169355008,40.665451798293205],[-73.99253969343202,40.665485798324674],[-73.99250769331398,40.66551979835614],[-73.99247669319246,40.665554798388534],[-73.9924446930744,40.665588798419996],[-73.99241469295289,40.66562379845239],[-73.99238369283485,40.665657798483856],[-73.9923536927168,40.665691798515326],[-73.99232369259528,40.665726798547716],[-73.99229469247724,40.66576079857918],[-73.99226569235572,40.66579579861157],[-73.99223569223767,40.66582979864304],[-73.98813467516374,40.67074680319403],[-73.98402565804733,40.67567480775604],[-73.98397965785279,40.67573080780789],[-73.98393465765825,40.67578680785974],[-73.9838916574672,40.67584180791065],[-73.98384865727614,40.67589680796158],[-73.98380765709203,40.675949808010635],[-73.98376665690445,40.67600380806064],[-73.98372765672381,40.67605580810878],[-73.98368965654318,40.67610780815693],[-73.983652656366,40.67615880820414],[-73.98361765619232,40.676208808250436],[-73.98358265601863,40.67625880829672],[-73.9835496558484,40.676307808342095],[-73.98351665567819,40.67635680838745],[-73.98348565551144,40.6764048084319],[-73.98345565534817,40.67645180847541],[-73.98311,40.677316]]}},{"type":"Feature","id":"W:w-main:group:1:cd8e6f7e15b8","properties":{"route_id":"W","canonical_route_id":"W","visual_route_id":"W","visual_route_normalization_reason":"identity","display_route":"W","shape_id":"N..N70R","source_shape_ids":["N..N70R","N..S70R","N..S74R"],"raw_route_ids":["W"],"raw_shape_ids":["N..N70R","N..S70R","N..S74R"],"visual_edge_ids":["w:R31-R32","w:R30-R31","w:R29-R30","w:R28-R29"],"edge_count":4,"from_stop_id":"R32","to_stop_id":"R28","from_stop_name":"Union St","to_stop_name":"Court St","edge_sequence":16,"edge_sequence_range":[16,16],"representative_edge_geometry_source":"N..N70R","representative_edge_geometry_sources":["N..N70R"],"edge_geometry_confidence":"high","visual_edge_metadata":[],"geometry_reversal_count":0,"internal_stitch_valid":true,"max_internal_snap_distance_m":0,"branch_representative_geometry_used":null,"branch_representative_warning":null,"canonical_direction_id":"mixed","canonical_direction_count":2,"collapsed_direction_count":2,"direction_collapse_reason":"visual-edge-direction-collapse","representative_shape_id":"N..N70R","canonical_feature_count":3,"color":"#F6BC26","visual_family":"N-Q-R-W","visual_branch_id":"w-main","raw_group_sequence":16000,"group_sequence":1,"group_id":"group-manual-dekalb-atlantic","merged_group_ids":["group-manual-dekalb-atlantic"],"group_member_routes":["N","Q","R","W","2","3","4","5","B","D"],"group_member_visual_routes":["N","Q","R","W","2","3","4","5","B","D"],"group_lane_order":["N","Q","R","W","2","3","4","5","B","D"],"group_lane_order_visual":["N","Q","R","W","2","3","4","5","B","D"],"group_lane_count":10,"visual_lane_slot":-2,"visual_z_order":300,"corridor_id":"dekalb-atlantic","segment_kind":"group","render_style":"subway-ribbon-v1","source":"group-corridors","debug_id":"W:w-main:group:1:cd8e6f7e15b8","feature_length_m":2703.29,"assignment_reason":"merged validated visual edges with compatible render state","handoff_node_id":"handoff-w-w-main--73.99178,40.69410","handoff_reason":"station-adjacent-membership-change","handoff_kind":"membership-change","handoff_from_group_id":"group-manual-dekalb-atlantic","handoff_to_group_id":"group-manual-montague-nrw-tunnel","handoff_from_lane_slot":-2,"handoff_to_lane_slot":1.5,"start_handoff_node_id":"handoff-w-w-main--73.98311,40.67732","start_handoff_reason":"station-adjacent-membership-change","start_handoff_kind":"membership-change","start_handoff_from_group_id":"group-n-q-r-w-n-w","start_handoff_to_group_id":"group-manual-dekalb-atlantic","start_handoff_from_lane_slot":1.5,"start_handoff_to_lane_slot":-2,"end_handoff_node_id":"handoff-w-w-main--73.99178,40.69410","end_handoff_reason":"station-adjacent-membership-change","end_handoff_kind":"membership-change","end_handoff_from_group_id":"group-manual-dekalb-atlantic","end_handoff_to_group_id":"group-manual-montague-nrw-tunnel","end_handoff_from_lane_slot":-2,"end_handoff_to_lane_slot":1.5,"effective_render_key":"W|w-main|lane:-2|z:300|color:#F6BC26|kind:group|style:subway-ribbon-v1","merged_debug_ids":["W:w-main:group:0:5145f577f742","W:w-main:group:0:1c42abf4cc9c","W:w-main:group:0:0296eaba8a4e","W:w-main:group:0:95159de4ca2f"]},"geometry":{"type":"LineString","coordinates":[[-73.98311,40.677316],[-73.97906449872686,40.68376210066246],[-73.97845250299278,40.68469409958565],[-73.97842212780583,40.68473916619288],[-73.97840036376184,40.68477461434],[-73.9783781491712,40.6848129731988],[-73.97836106060262,40.684846981267405],[-73.97834084341626,40.68488743394036],[-73.97832798571143,40.68491922892433],[-73.9783123357324,40.68495891192517],[-73.97830164171822,40.68499183386243],[-73.97829215119553,40.6850266356464],[-73.97828186489156,40.68506599763121],[-73.97827652372311,40.68509711781961],[-73.97827016994903,40.68513641355056],[-73.97826757339358,40.68516752966445],[-73.97826491507253,40.68520639007491],[-73.97826426597403,40.685240891888334],[-73.97858657940482,40.68742216880644],[-73.97859425221162,40.68747003354406],[-73.9786032902147,40.68750882077623],[-73.9786149586923,40.68754525116477],[-73.97862832601596,40.68757556220477],[-73.97864585632618,40.68760956894243],[-73.97866546717113,40.687641843288674],[-73.97868732120953,40.687672183022784],[-73.97871325815642,40.68770465188761],[-73.978738773431,40.68773119852941],[-73.97876932736399,40.687759611432966],[-73.97880101110815,40.68778483956401],[-73.97883994185399,40.687813717824916],[-73.97888179044139,40.68784215189525],[-73.97892470989231,40.68786770585098],[-73.97897228210975,40.687893668687884],[-73.98060578887856,40.68853896349341],[-73.98068340142711,40.68857167129099],[-73.98076293062135,40.688608815921064],[-73.98084262297967,40.68865121825799],[-73.98091286489358,40.688691827688075],[-73.98098664699508,40.688740694084466],[-73.98105233096652,40.68878925886353],[-73.98111456261682,40.688840291588924],[-73.98117325234921,40.68889373394376],[-73.98122908692827,40.68895133946326],[-73.98127871313181,40.68900756577098],[-73.98132697020877,40.68906985402526],[-73.98137075072671,40.689134736756],[-73.98140913907879,40.689199978836676],[-73.98144369946368,40.68926628136326],[-73.98147512215104,40.68933770035754],[-73.98208965181949,40.69055813780913],[-73.9825696559715,40.691482138739495],[-73.9826026562636,40.69154713880494],[-73.98264165653322,40.691607138865365],[-73.98268465678484,40.69166313892175],[-73.98273265701853,40.691715138974104],[-73.98278665723423,40.691763139022434],[-73.98284465742745,40.69180613906573],[-73.9829076576027,40.691845139105006],[-73.98297665775998,40.691880139140245],[-73.98304965789929,40.69191113917146],[-73.98312765801612,40.69193713919764],[-73.98321165811498,40.6919591392198],[-73.98329965819588,40.69197713923791],[-73.98339265825878,40.69199113925201],[-73.98349165829923,40.692000139261076],[-73.98359465832169,40.69200513926611],[-73.98620765876208,40.69210313936479],[-73.98855565916654,40.69219313945541],[-73.98870465919798,40.69220013946246],[-73.9888486592564,40.69221313947555],[-73.98898565934178,40.692232139494685],[-73.98911365945862,40.69225813952086],[-73.98923565960241,40.69229013955308],[-73.98934865977319,40.692328139591346],[-73.9894556599709,40.69237213963565],[-73.9895536602001,40.69242313968701],[-73.98964566045625,40.6924801397444],[-73.98972866074385,40.692544139808845],[-73.98980566105394,40.69261313987832],[-73.98987366139546,40.692689139954844],[-73.98993466176846,40.69277214003843],[-73.98998866216392,40.69286014012704],[-73.99003466259084,40.69295514022269],[-73.99007466294586,40.693034140302245],[-73.99011966328291,40.69310914037776],[-73.990167663602,40.69318014044926],[-73.99021966390758,40.69324814051773],[-73.9902756641952,40.69331214058218],[-73.99033566446484,40.693372140642595],[-73.990399664721,40.69342914069999],[-73.99046766495918,40.69348214075335],[-73.9905396651794,40.6935311408027],[-73.99061566538613,40.69357714084902],[-73.99069566557488,40.693619140891315],[-73.99077966574565,40.693657140929574],[-73.99086766589845,40.69369114096381],[-73.99095866603776,40.69372214099503],[-73.99105366615461,40.6937481410212],[-73.991777,40.6941]]}},{"type":"Feature","id":"W:w-main:group:2:70154ab814a8","properties":{"route_id":"W","canonical_route_id":"W","visual_route_id":"W","visual_route_normalization_reason":"identity","display_route":"W","shape_id":"N..N70R","source_shape_ids":["N..N70R","N..S70R","N..S74R"],"raw_route_ids":["W"],"raw_shape_ids":["N..N70R","N..S70R","N..S74R"],"visual_edge_ids":["w:R27-R28"],"edge_count":1,"from_stop_id":"R28","to_stop_id":"R27","from_stop_name":"Court St","to_stop_name":"Whitehall St-South Ferry","edge_sequence":20,"edge_sequence_range":[20,20],"representative_edge_geometry_source":"N..N70R","representative_edge_geometry_sources":["N..N70R"],"edge_geometry_confidence":"high","visual_edge_metadata":[],"geometry_reversal_count":0,"internal_stitch_valid":true,"max_internal_snap_distance_m":0,"branch_representative_geometry_used":null,"branch_representative_warning":null,"canonical_direction_id":"mixed","canonical_direction_count":2,"collapsed_direction_count":2,"direction_collapse_reason":"visual-edge-direction-collapse","representative_shape_id":"N..N70R","canonical_feature_count":3,"color":"#F6BC26","visual_family":"N-Q-R-W","visual_branch_id":"w-main","raw_group_sequence":20000,"group_sequence":2,"group_id":"group-manual-montague-nrw-tunnel","merged_group_ids":["group-manual-montague-nrw-tunnel"],"group_member_routes":["N","R","W"],"group_member_visual_routes":["N","R","W"],"group_lane_order":["N","R","W"],"group_lane_order_visual":["N","R","W"],"group_lane_count":3,"visual_lane_slot":1.5,"visual_z_order":242,"corridor_id":"montague-nrw-tunnel","segment_kind":"group","render_style":"subway-ribbon-v1","source":"group-corridors","debug_id":"W:w-main:group:2:70154ab814a8","feature_length_m":2117.47,"assignment_reason":"grouped edge: local visual edge matched a derived corridor group","handoff_node_id":"handoff-w-w-main--74.01299,40.70309","handoff_reason":"station-adjacent-membership-change","handoff_kind":"membership-change","handoff_from_group_id":"group-manual-montague-nrw-tunnel","handoff_to_group_id":"group-manual-broadway-south-rw","handoff_from_lane_slot":1.5,"handoff_to_lane_slot":0.5,"start_handoff_node_id":"handoff-w-w-main--73.99178,40.69410","start_handoff_reason":"station-adjacent-membership-change","start_handoff_kind":"membership-change","start_handoff_from_group_id":"group-manual-dekalb-atlantic","start_handoff_to_group_id":"group-manual-montague-nrw-tunnel","start_handoff_from_lane_slot":-2,"start_handoff_to_lane_slot":1.5,"end_handoff_node_id":"handoff-w-w-main--74.01299,40.70309","end_handoff_reason":"station-adjacent-membership-change","end_handoff_kind":"membership-change","end_handoff_from_group_id":"group-manual-montague-nrw-tunnel","end_handoff_to_group_id":"group-manual-broadway-south-rw","end_handoff_from_lane_slot":1.5,"end_handoff_to_lane_slot":0.5,"effective_render_key":"W|w-main|lane:1.5|z:242|color:#F6BC26|kind:group|style:subway-ribbon-v1"},"geometry":{"type":"LineString","coordinates":[[-73.991777,40.6941],[-73.99725833841302,40.69577802169964],[-73.99737095610394,40.695807726347965],[-73.99748195821084,40.69583746117138],[-73.99759500027433,40.69586820264119],[-73.99770650856496,40.69590022700141],[-73.99782464087511,40.69593354915566],[-73.99794279451055,40.6959673088994],[-73.99805953264249,40.69600235372397],[-73.99818264847563,40.69603868573955],[-73.99830407982773,40.696075913226586],[-73.99842784071437,40.69611453007973],[-73.99855418337526,40.69615432403287],[-73.9986810020981,40.69619494883614],[-73.9988119364524,40.69623692781598],[-73.99894126775791,40.6962793864748],[-73.99907208768961,40.69632365991512],[-74.01002189462555,40.700089254628274],[-74.0113094908527,40.70062479547602],[-74.01143037132448,40.70068283794375],[-74.0115471069815,40.70074468727101],[-74.01165387134279,40.700808931169945],[-74.01175551844449,40.70087666666965],[-74.01185098121361,40.70094768182202],[-74.0119390869333,40.70102168890433],[-74.01202144852311,40.70109894727345],[-74.01209584583428,40.70117934694833],[-74.012165798108,40.70126349849109],[-74.01222771380644,40.701350367640835],[-74.01228432735239,40.701441350724515],[-74.01233403211317,40.701536172379186],[-74.01237971597276,40.70163547751668],[-74.01241661369652,40.701736601618734],[-74.0124504767471,40.70184533706567],[-74.012994,40.703087]]}},{"type":"Feature","id":"W:w-main:group:3:7b672c7e2bab","properties":{"route_id":"W","canonical_route_id":"W","visual_route_id":"W","visual_route_normalization_reason":"identity","display_route":"W","shape_id":"N..N70R","source_shape_ids":["N..N70R","N..N72R","N..S70R","N..S72R","N..S74R"],"raw_route_ids":["W"],"raw_shape_ids":["N..N70R","N..N72R","N..S70R","N..S72R","N..S74R"],"visual_edge_ids":["w:R26-R27","w:R25-R26","w:R24-R25","w:R23-R24"],"edge_count":4,"from_stop_id":"R27","to_stop_id":"R23","from_stop_name":"Whitehall St-South Ferry","to_stop_name":"Canal St","edge_sequence":21,"edge_sequence_range":[21,21],"representative_edge_geometry_source":"N..N70R","representative_edge_geometry_sources":["N..N70R"],"edge_geometry_confidence":"high","visual_edge_metadata":[],"geometry_reversal_count":0,"internal_stitch_valid":true,"max_internal_snap_distance_m":0,"branch_representative_geometry_used":null,"branch_representative_warning":null,"canonical_direction_id":"mixed","canonical_direction_count":2,"collapsed_direction_count":2,"direction_collapse_reason":"visual-edge-direction-collapse","representative_shape_id":"N..N70R","canonical_feature_count":5,"color":"#F6BC26","visual_family":"N-Q-R-W","visual_branch_id":"w-main","raw_group_sequence":21000,"group_sequence":3,"group_id":"group-manual-broadway-south-rw","merged_group_ids":["group-manual-broadway-south-rw"],"group_member_routes":["R","W"],"group_member_visual_routes":["R","W"],"group_lane_order":["R","W"],"group_lane_order_visual":["R","W"],"group_lane_count":2,"visual_lane_slot":0.5,"visual_z_order":246,"corridor_id":"broadway-south-rw","segment_kind":"group","render_style":"subway-ribbon-v1","source":"group-corridors","debug_id":"W:w-main:group:3:7b672c7e2bab","feature_length_m":2270.34,"assignment_reason":"merged validated visual edges with compatible render state","handoff_node_id":"handoff-w-w-main--74.00177,40.71953","handoff_reason":"station-adjacent-membership-change","handoff_kind":"membership-change","handoff_from_group_id":"group-manual-broadway-south-rw","handoff_to_group_id":"group-manual-broadway-yellow-trunk","handoff_from_lane_slot":0.5,"handoff_to_lane_slot":1.5,"start_handoff_node_id":"handoff-w-w-main--74.01299,40.70309","start_handoff_reason":"station-adjacent-membership-change","start_handoff_kind":"membership-change","start_handoff_from_group_id":"group-manual-montague-nrw-tunnel","start_handoff_to_group_id":"group-manual-broadway-south-rw","start_handoff_from_lane_slot":1.5,"start_handoff_to_lane_slot":0.5,"end_handoff_node_id":"handoff-w-w-main--74.00177,40.71953","end_handoff_reason":"station-adjacent-membership-change","end_handoff_kind":"membership-change","end_handoff_from_group_id":"group-manual-broadway-south-rw","end_handoff_to_group_id":"group-manual-broadway-yellow-trunk","end_handoff_from_lane_slot":0.5,"end_handoff_to_lane_slot":1.5,"effective_render_key":"W|w-main|lane:0.5|z:246|color:#F6BC26|kind:group|style:subway-ribbon-v1","merged_debug_ids":["W:w-main:group:0:2c62a8dc1d10","W:w-main:group:0:2921085709ed","W:w-main:group:0:76a6fa3bd475","W:w-main:group:0:3c83031130b3"]},"geometry":{"type":"LineString","coordinates":[[-74.012994,40.703087],[-74.01317779402612,40.70361579495192],[-74.01319179409822,40.7036787949338],[-74.01320579417491,40.70374579491453],[-74.01321979425501,40.703815794894396],[-74.01323479433856,40.7038887948734],[-74.01324879442669,40.70396579485125],[-74.01326279451939,40.70404679482795],[-74.01327679461552,40.704130794803795],[-74.0132907947151,40.70421779477877],[-74.01330479481925,40.70430879475259],[-74.01331879492685,40.70440279472556],[-74.013332795039,40.70450079469737],[-74.0133477951546,40.704601794668314],[-74.01336179527479,40.70470679463812],[-74.0133757953984,40.70481479460705],[-74.01338979552659,40.70492679457484],[-74.01339479557579,40.704969794562466],[-74.01340179562503,40.70501279455009],[-74.01341079567194,40.7050537945383],[-74.01342179572002,40.70509579452622],[-74.01343479576809,40.705137794514144],[-74.01344979581502,40.705178794502345],[-74.01346779586194,40.70521979449055],[-74.01348679590774,40.70525979447905],[-74.01350779595467,40.705300794467256],[-74.01353079600045,40.70534079445575],[-74.01355679604622,40.705380794444245],[-74.01358379609087,40.70541979443303],[-74.01361279613664,40.70545979442152],[-74.0136447961813,40.7054987944103],[-74.01367779622593,40.705537794399085],[-74.01387979650178,40.70577879432977],[-74.01393379657617,40.705843794311065],[-74.01398179664943,40.70590779429265],[-74.0140217967204,40.70596979427482],[-74.01405579679022,40.70603079425727],[-74.01408179685889,40.70609079424001],[-74.01410079692643,40.706149794223045],[-74.01411379699282,40.706207794206364],[-74.01411879705806,40.70626479418996],[-74.01411679712217,40.706320794173855],[-74.01410779718512,40.706375794158035],[-74.01409179724692,40.7064297941425],[-74.01406879730759,40.70648279412726],[-74.01403879736712,40.706534794112294],[-74.0140017974255,40.70658579409763],[-74.01395779748158,40.706634794083534],[-74.01363279787994,40.70698279398343],[-74.01361779789823,40.706998793978826],[-74.0136027979177,40.70701579397394],[-74.01358679793603,40.707031793969335],[-74.01357179795548,40.70704879396445],[-74.01355679797493,40.70706579395955],[-74.0135417979944,40.70708279395466],[-74.01352679801386,40.70709979394977],[-74.01351079803446,40.70711779394459],[-74.01349579805391,40.7071347939397],[-74.01348079807453,40.707152793934526],[-74.01346579809513,40.70717079392935],[-74.01345079811573,40.707188793924175],[-74.01343579813634,40.70720679391899],[-74.01342079815694,40.70722479391381],[-74.01340579817868,40.70724379390835],[-74.0133777982176,40.70727779389857],[-74.01334979825882,40.70731379388821],[-74.01332179830003,40.70734979387786],[-74.01329579834123,40.7073857938675],[-74.01326879838473,40.70742379385657],[-74.01324279842822,40.70746179384564],[-74.01321679847288,40.70750079383442],[-74.01109280212592,40.71069179291644],[-74.01052373932419,40.71156737479261],[-74.01047526258496,40.711620917012475],[-74.01042334584317,40.71166906191774],[-74.01036730208092,40.71171115898649],[-74.01030865289059,40.71174623979513],[-74.01024444395256,40.71177706067079],[-74.01017760583366,40.7117995859108],[-74.01010756971849,40.7118151804135],[-74.01003619304262,40.71182380487816],[-74.00995957769717,40.71182674173145],[-74.00988443027912,40.71182218041335],[-74.00980473607005,40.71181188300579],[-74.0097249268435,40.71179471584147],[-74.00964219153406,40.71177193403426],[-74.00955897084091,40.711742731103456],[-74.00947594684891,40.711709721553525],[-74.00937750641172,40.71167054477438],[-74.00929779475939,40.71163814256238],[-74.00921883270884,40.711611116307516],[-74.00914429065286,40.711588562073295],[-74.00907249959285,40.71157176605718],[-74.00900219465446,40.71156048381043],[-74.00893439599517,40.7115538625159],[-74.00886895753612,40.71155181512543],[-74.00880605848289,40.71155411798465],[-74.00874542161719,40.71156162796726],[-74.00868458416126,40.711575288995675],[-74.0086269791578,40.71159175093463],[-74.00856970232132,40.71161421546936],[-74.00851413198247,40.71164126133814],[-74.00845894564118,40.71167409719578],[-74.00841379057464,40.711703959986764],[-74.00777180169574,40.712505947004786],[-74.00775966759699,40.71252055849018],[-74.00775480171775,40.71252494699896],[-74.00774266761906,40.71253955848429],[-74.0077359706978,40.712546117078396],[-74.00772310612446,40.712559972600566],[-74.00771666764925,40.712565558476214],[-74.00770261735464,40.71257907101798],[-74.00769510615332,40.712584972592964],[-74.00768610616255,40.712592972590535],[-74.00767461738202,40.71260307101096],[-74.00766461739116,40.71261107100862],[-74.0076512423921,40.7126215967032],[-74.00764124239987,40.71262859670131],[-74.00763124240771,40.712635596699364],[-74.00762124241552,40.71264259669745],[-74.00761461743227,40.71264707099806],[-74.00760392404617,40.71265561795108],[-74.00759810623994,40.712659972570144],[-74.00758592406324,40.712670617946735],[-74.00758010625728,40.71267497256556],[-74.0075711062665,40.712682972563165],[-74.00756466779211,40.71268855843803],[-74.00755666780145,40.71269655843549],[-74.00754866781075,40.712704558433],[-74.00754066782001,40.71271255843056],[-74.0075349708977,40.712718117024885],[-74.0075272584406,40.71272679099479],[-74.00752025844987,40.71273479099235],[-74.00751525474395,40.71274037296138],[-74.00750703262126,40.71275088673986],[-74.00703803327121,40.713310886566696],[-74.00643403411732,40.714039886341254],[-74.00642803412545,40.7140468863391],[-74.00642303413358,40.71405388633693],[-74.00641703414169,40.714060886334764],[-74.00641203414983,40.7140678863326],[-74.00640703415796,40.71407488633044],[-74.00640203416724,40.71408288632796],[-74.00639703417536,40.714089886325795],[-74.00639303418464,40.71409788632332],[-74.00638903419276,40.71410488632115],[-74.00638403420207,40.71411288631868],[-74.00638103421134,40.71412088631621],[-74.00637703422062,40.71412888631374],[-74.00637303422992,40.714136886311266],[-74.0063700342392,40.71414488630878],[-74.0063670342485,40.71415288630631],[-74.00636303425894,40.71416188630353],[-74.00635903426821,40.71416988630105],[-74.00635603427867,40.71417888629827],[-74.00635203428796,40.71418688629579],[-74.00634803429723,40.71419488629332],[-74.00634303430651,40.71420288629085],[-74.00633903431465,40.714209886288685],[-74.00633503432394,40.71421788628621],[-74.00633003433205,40.71422488628405],[-74.00632603434018,40.71423188628188],[-74.0063210343483,40.714238886279716],[-74.00631703435643,40.71424588627755],[-74.0063120343634,40.7142518862757],[-74.00630703437152,40.714258886273534],[-74.00630203437848,40.71426488627168],[-74.001775,40.719527]]}},{"type":"Feature","id":"W:w-main:group:4:5196dc04fd76","properties":{"route_id":"W","canonical_route_id":"W","visual_route_id":"W","visual_route_normalization_reason":"identity","display_route":"W","shape_id":"N..N70R","source_shape_ids":["N..N70R","N..N72R","N..S70R","N..S72R","N..S74R"],"raw_route_ids":["W"],"raw_shape_ids":["N..N70R","N..N72R","N..S70R","N..S72R","N..S74R"],"visual_edge_ids":["w:R22-R23","w:R21-R22","w:R20-R21","w:R19-R20","w:R18-R19","w:R17-R18","w:R16-R17","w:R15-R16","w:R14-R15","w:R13-R14"],"edge_count":10,"from_stop_id":"R23","to_stop_id":"R13","from_stop_name":"Canal St","to_stop_name":"5 Av/59 St","edge_sequence":25,"edge_sequence_range":[25,25],"representative_edge_geometry_source":"N..N70R","representative_edge_geometry_sources":["N..N70R"],"edge_geometry_confidence":"high","visual_edge_metadata":[],"geometry_reversal_count":0,"internal_stitch_valid":true,"max_internal_snap_distance_m":0,"branch_representative_geometry_used":null,"branch_representative_warning":null,"canonical_direction_id":"mixed","canonical_direction_count":2,"collapsed_direction_count":2,"direction_collapse_reason":"visual-edge-direction-collapse","representative_shape_id":"N..N70R","canonical_feature_count":5,"color":"#F6BC26","visual_family":"N-Q-R-W","visual_branch_id":"w-main","raw_group_sequence":25000,"group_sequence":4,"group_id":"group-manual-broadway-yellow-trunk","merged_group_ids":["group-manual-broadway-yellow-trunk"],"group_member_routes":["N","Q","R","W"],"group_member_visual_routes":["N","Q","R","W"],"group_lane_order":["N","Q","R","W"],"group_lane_order_visual":["N","Q","R","W"],"group_lane_count":4,"visual_lane_slot":1.5,"visual_z_order":243,"corridor_id":"broadway-yellow-trunk","segment_kind":"group","render_style":"subway-ribbon-v1","source":"group-corridors","debug_id":"W:w-main:group:4:5196dc04fd76","feature_length_m":6219.66,"assignment_reason":"merged validated visual edges with compatible render state","handoff_node_id":"handoff-w-w-main--73.97317,40.76472","handoff_reason":"station-adjacent-membership-change","handoff_kind":"membership-change","handoff_from_group_id":"group-manual-broadway-yellow-trunk","handoff_to_group_id":"group-n-q-r-w-n-r-w","handoff_from_lane_slot":1.5,"handoff_to_lane_slot":1.5,"start_handoff_node_id":"handoff-w-w-main--74.00177,40.71953","start_handoff_reason":"station-adjacent-membership-change","start_handoff_kind":"membership-change","start_handoff_from_group_id":"group-manual-broadway-south-rw","start_handoff_to_group_id":"group-manual-broadway-yellow-trunk","start_handoff_from_lane_slot":0.5,"start_handoff_to_lane_slot":1.5,"end_handoff_node_id":"handoff-w-w-main--73.97317,40.76472","end_handoff_reason":"station-adjacent-membership-change","end_handoff_kind":"membership-change","end_handoff_from_group_id":"group-manual-broadway-yellow-trunk","end_handoff_to_group_id":"group-n-q-r-w-n-r-w","end_handoff_from_lane_slot":1.5,"end_handoff_to_lane_slot":1.5,"effective_render_key":"W|w-main|lane:1.5|z:243|color:#F6BC26|kind:group|style:subway-ribbon-v1","merged_debug_ids":["W:w-main:group:0:198fe302b013","W:w-main:group:0:e3c456446463","W:w-main:group:0:f0600e244827","W:w-main:group:0:eb33e4bd551d","W:w-main:group:0:9cdc551233a6","W:w-main:group:0:fb48bb945843","W:w-main:group:0:c087a7036402","W:w-main:group:0:45ff848629be","W:w-main:group:0:f363ca3f457b","W:w-main:group:0:5f6162cf745a"]},"geometry":{"type":"LineString","coordinates":[[-74.001775,40.719527],[-74.00124887703474,40.71984334646802],[-73.99752186171102,40.72424235055021],[-73.99244884080835,40.73024135611814],[-73.99150283691563,40.731358357155],[-73.99146883677622,40.73139835719213],[-73.99143683663335,40.731439357230194],[-73.99140583649046,40.73148035726825],[-73.99137783634407,40.731522357307234],[-73.9913508361977,40.73156435734622],[-73.99132483605133,40.73160635738521],[-73.99130183590148,40.73164935742513],[-73.99127983575161,40.73169235746504],[-73.99125983560175,40.73173535750496],[-73.9912418354484,40.7317793575458],[-73.99122583529505,40.73182335758665],[-73.9912108351417,40.73186735762749],[-73.99119783498487,40.731912357669266],[-73.99118683482804,40.73195735771104],[-73.99117783466772,40.73200335775374],[-73.99038782195957,40.73564936113849],[-73.9900258160439,40.737346362714035],[-73.99001481589399,40.73738936275396],[-73.99000581574408,40.737432362793875],[-73.9899958155907,40.737476362834734],[-73.98998581543383,40.737521362876514],[-73.98997481527695,40.737566362918294],[-73.98996381512006,40.737611362960074],[-73.98995381495622,40.73765836300371],[-73.98994181479237,40.73770536304735],[-73.98993081462852,40.73775236309099],[-73.98991881446118,40.737800363135555],[-73.98990781429036,40.73784936318105],[-73.98989581411954,40.73789836322654],[-73.98988281394523,40.73794836327297],[-73.9898708137709,40.73799836331939],[-73.98985681359312,40.73804936336674],[-73.98942380781966,40.739705364904346],[-73.98940980763837,40.739757364952624],[-73.98939780746403,40.73980736499905],[-73.98938580728623,40.7398583650464],[-73.9893738071119,40.73990836509283],[-73.98936280693756,40.73995836513926],[-73.98935180676324,40.74000836518568],[-73.98934180658891,40.74005836523211],[-73.98933180641458,40.74010836527854],[-73.98932280624373,40.74015736532404],[-73.9893138060694,40.740207365370466],[-73.98930480589857,40.740256365415966],[-73.98929680572772,40.74030536546146],[-73.98928880555688,40.74035436550696],[-73.98928180538952,40.74040236555153],[-73.98927480521867,40.74045136559703],[-73.98916380255133,40.741216366307384],[-73.98901179787887,40.7425563675517],[-73.98900579768012,40.742613367604626],[-73.98899979748136,40.74267036765756],[-73.98899279728957,40.74272536770864],[-73.98898579709778,40.74278036775971],[-73.98897979691297,40.74283336780892],[-73.98897279672815,40.74288636785814],[-73.98896579654682,40.74293836790643],[-73.98895779637246,40.74298836795286],[-73.98895079619811,40.74303836799929],[-73.98894279603074,40.74308636804387],[-73.98893579586334,40.74313436808844],[-73.98892779569945,40.74318136813209],[-73.98891979553905,40.7432273681748],[-73.98891079538562,40.743271368215666],[-73.98890279523218,40.743315368256525],[-73.98851078793668,40.7454073701993],[-73.98776977373058,40.749480373982166],[-73.98738976588862,40.751728376070254],[-73.98737576561649,40.75180637614271],[-73.98736076534438,40.75188437621516],[-73.98734576507228,40.751962376287615],[-73.98732976480015,40.75204037636007],[-73.98731276453152,40.75211737643159],[-73.98729476425942,40.752195376504055],[-73.9872767639873,40.75227337657651],[-73.98725676371517,40.75235137664896],[-73.98723676344304,40.752429376721416],[-73.98721576317442,40.752506376792944],[-73.98719476290229,40.7525843768654],[-73.98717276263017,40.752662376937856],[-73.98714876235805,40.75274037701032],[-73.9871257620894,40.75281737708184],[-73.98710076181727,40.7528953771543],[-73.98657375592093,40.75458537872424],[-73.98602074978679,40.75634338035744],[-73.98597374930176,40.75648238048658],[-73.9859257488272,40.75661838061293],[-73.98587574835962,40.756752380737424],[-73.985822747899,40.75688438086006],[-73.98576874744536,40.757014380980834],[-73.9857127469987,40.75714238109976],[-73.98565474656249,40.75726738121589],[-73.98559474613329,40.75739038133017],[-73.98553174570755,40.75751238144351],[-73.98546774529228,40.75763138155407],[-73.98540174488399,40.75774838166278],[-73.98533374448617,40.757862381768696],[-73.98526374409184,40.757975381873685],[-73.98519074370448,40.75808638197681],[-73.98511774333107,40.75819338207622],[-73.98395873767397,40.75981438358233],[-73.98047772104903,40.76457738800821],[-73.97931871549835,40.76616738948583],[-73.97925771523651,40.76624238955552],[-73.9791947150026,40.76630938961779],[-73.97912771479663,40.76636838967262],[-73.97905871461509,40.76642038972095],[-73.97898571446497,40.766463389760915],[-73.97891071434277,40.76649838979344],[-73.97883171424851,40.76652538981853],[-73.97875071417869,40.76654538983712],[-73.97866571414029,40.766556389847345],[-73.97857871412981,40.76655938985013],[-73.97848771414726,40.76655438984548],[-73.97839471419266,40.7665413898334],[-73.97829771426946,40.766519389812956],[-73.9781987143707,40.766490389786],[-73.97809571449987,40.76645338975162],[-73.97403672048699,40.764738388157824],[-73.97401272051842,40.76472938814946],[-73.97398972054634,40.76472138814203],[-73.97396572057427,40.764713388134595],[-73.97394072059869,40.76470638812808],[-73.97391672061964,40.764700388122506],[-73.97389272063711,40.76469538811786],[-73.97386772065455,40.76469038811322],[-73.97384372066851,40.764686388109496],[-73.97381872067899,40.76468338810671],[-73.97379372068598,40.76468138810485],[-73.97376872069296,40.764679388103],[-73.97374372069645,40.76467838810206],[-73.97371772069646,40.76467838810206],[-73.97369272069295,40.764679388103],[-73.97366672068947,40.764680388103926],[-73.97316672053587,40.76472438814481]]}},{"type":"Feature","id":"W:w-main:group:5:aacf323f9e29","properties":{"route_id":"W","canonical_route_id":"W","visual_route_id":"W","visual_route_normalization_reason":"identity","display_route":"W","shape_id":"N..N70R","source_shape_ids":["N..N70R","N..N72R","N..S70R","N..S72R","N..S74R"],"raw_route_ids":["W"],"raw_shape_ids":["N..N70R","N..N72R","N..S70R","N..S72R","N..S74R"],"visual_edge_ids":["w:R11-R13","w:R09-R11","w:R08-R09","w:R06-R08","w:R05-R06","w:R04-R05","w:R03-R04","w:R01-R03"],"edge_count":8,"from_stop_id":"R13","to_stop_id":"R01","from_stop_name":"5 Av/59 St","to_stop_name":"Astoria-Ditmars Blvd","edge_sequence":35,"edge_sequence_range":[35,35],"representative_edge_geometry_source":"N..N70R","representative_edge_geometry_sources":["N..N70R"],"edge_geometry_confidence":"high","visual_edge_metadata":[],"geometry_reversal_count":0,"internal_stitch_valid":true,"max_internal_snap_distance_m":0,"branch_representative_geometry_used":null,"branch_representative_warning":null,"canonical_direction_id":"mixed","canonical_direction_count":2,"collapsed_direction_count":2,"direction_collapse_reason":"visual-edge-direction-collapse","representative_shape_id":"N..N70R","canonical_feature_count":5,"color":"#F6BC26","visual_family":"N-Q-R-W","visual_branch_id":"w-main","raw_group_sequence":35000,"group_sequence":5,"group_id":"group-n-q-r-w-n-r-w","merged_group_ids":["group-n-q-r-w-n-r-w","group-n-q-r-w-n-w"],"group_member_routes":["N","R","W"],"group_member_visual_routes":["N","R","W"],"group_lane_order":["N","R","W"],"group_lane_order_visual":["N","R","W"],"group_lane_count":3,"visual_lane_slot":1.5,"visual_z_order":171.5,"corridor_id":null,"segment_kind":"group","render_style":"subway-ribbon-v1","source":"group-corridors","debug_id":"W:w-main:group:5:aacf323f9e29","feature_length_m":7148.44,"assignment_reason":"merged validated visual edges with compatible render state","handoff_node_id":"handoff-w-w-main--73.97317,40.76472","handoff_reason":"station-adjacent-membership-change","handoff_kind":"membership-change","handoff_from_group_id":"group-manual-broadway-yellow-trunk","handoff_to_group_id":"group-n-q-r-w-n-r-w","handoff_from_lane_slot":1.5,"handoff_to_lane_slot":1.5,"start_handoff_node_id":"handoff-w-w-main--73.97317,40.76472","start_handoff_reason":"station-adjacent-membership-change","start_handoff_kind":"membership-change","start_handoff_from_group_id":"group-manual-broadway-yellow-trunk","start_handoff_to_group_id":"group-n-q-r-w-n-r-w","start_handoff_from_lane_slot":1.5,"start_handoff_to_lane_slot":1.5,"end_handoff_node_id":"terminal-w-w-main-end","end_handoff_reason":"terminal","end_handoff_kind":"terminal","end_handoff_from_group_id":"group-n-q-r-w-n-r-w","end_handoff_to_group_id":null,"end_handoff_from_lane_slot":1.5,"end_handoff_to_lane_slot":0,"effective_render_key":"W|w-main|lane:1.5|z:171.5|color:#F6BC26|kind:group|style:subway-ribbon-v1","merged_debug_ids":["W:w-main:group:0:707f8032eab0","W:w-main:group:0:299e6ba34a72","W:w-main:group:0:4f4b2747a12c","W:w-main:group:0:6b5b289930e5","W:w-main:group:0:4af023154522","W:w-main:group:0:2a9c344d9dde","W:w-main:group:0:4dc66f51b671","W:w-main:group:0:3e8fdb57b24b"]},"geometry":{"type":"LineString","coordinates":[[-73.97316672053587,40.76472438814481],[-73.97282447257103,40.76473284832307],[-73.97280047257104,40.76473284832307],[-73.97277647257103,40.76473284832307],[-73.97275347256821,40.76473184832254],[-73.9727294725626,40.7647298483215],[-73.9727054725542,40.764726848319924],[-73.97268147254579,40.764723848318354],[-73.97265647253175,40.76471884831573],[-73.97263247251773,40.76471384831311],[-73.97260747250368,40.76470884831048],[-73.97258247248405,40.764701848306814],[-73.9725564724644,40.76469484830314],[-73.97253147244197,40.764686848298936],[-73.97250547241953,40.76467884829475],[-73.97247947239147,40.7646688482895],[-73.97245347236341,40.764658848284256],[-73.96736446636257,40.76251984716238],[-73.95923745674146,40.759089845363675],[-73.9470444414162,40.75362484249849],[-73.9442584380181,40.752412841863176],[-73.94218943548931,40.75151084139039],[-73.94214743543604,40.751491841380435],[-73.94210543537997,40.75147184136995],[-73.94206643532671,40.75145284135999],[-73.94202743527063,40.75143284134951],[-73.94199043521176,40.751411841338495],[-73.9419544351557,40.751391841328015],[-73.94192043509682,40.75137084131701],[-73.94188743504077,40.75135084130653],[-73.94185543497908,40.751328841295],[-73.9418244349202,40.751307841283996],[-73.94179543486133,40.751286841272986],[-73.94176743479966,40.75126484126145],[-73.94174043473798,40.75124284124992],[-73.94171543467351,40.75121984123786],[-73.94169143461184,40.751197841226336],[-73.94166943454455,40.751173841213756],[-73.94164543447728,40.751149841201176],[-73.94162043440998,40.7511258411886],[-73.9415934343399,40.75110084117549],[-73.94156543427262,40.75107684116291],[-73.94153543420254,40.75105184114982],[-73.94150343413244,40.751026841136714],[-73.94147043406517,40.751002841124134],[-73.94143543399228,40.75097684111051],[-73.9413994339222,40.750951841097404],[-73.94136143385211,40.75092684108429],[-73.94132143377922,40.750900841070674],[-73.94128043370914,40.750875841057564],[-73.94123743363625,40.750849841043944],[-73.94119343356056,40.75082284102979],[-73.9403084324925,40.7504418408301],[-73.93928043123664,40.7499938405953],[-73.93917559235292,40.74995079471636],[-73.93908119934383,40.749909177006394],[-73.93898478038871,40.74986478830297],[-73.93888652436294,40.74981859926203],[-73.93878992070168,40.74977122934234],[-73.93869319656841,40.74972186712199],[-73.93859661533865,40.74967111910323],[-73.9384988898543,40.74961833054629],[-73.93840370011402,40.7495644366301],[-73.93830615005612,40.74950826416167],[-73.93820996749093,40.74945091466429],[-73.93811051782542,40.7493912438231],[-73.93801681239299,40.74933189001678],[-73.93791954830661,40.74926900026659],[-73.93782359769193,40.749205342332154],[-73.9377222338055,40.749149978155366],[-73.93762228379353,40.749105214755204],[-73.9375220147812,40.74906874187547],[-73.93742132142482,40.74904014416221],[-73.93731763407844,40.74901929758776],[-73.93721224191732,40.74900693529773],[-73.9371034354095,40.749004324934766],[-73.93699748035803,40.74901105296441],[-73.93689276421755,40.74902681481319],[-73.93678985884823,40.749051263515206],[-73.93668648259732,40.74908621244623],[-73.93659157084957,40.74912597952441],[-73.93649439243093,40.74917664392052],[-73.93640115502069,40.74923491076312],[-73.93631316894694,40.7492969308319],[-73.93496990622897,40.75053651302054],[-73.9349321521866,40.75057128598053],[-73.9348941520648,40.7506062860128],[-73.93485810199586,40.75063851582381],[-73.93481930624563,40.75067414401373],[-73.93478515464854,40.7507037063365],[-73.93474931618047,40.7507338578373],[-73.9347104400511,40.75076745886093],[-73.93467431595943,40.750797857894824],[-73.93464003661973,40.75082560976256],[-73.9346030365166,40.750855609789106],[-73.93456699026754,40.750884046601044],[-73.93453052527205,40.75091262570123],[-73.93449615086638,40.75093860355102],[-73.93445915077105,40.7509666035751],[-73.93442492069654,40.750991545135356],[-73.93396434669997,40.75128178693514],[-73.93392516348348,40.751306273822905],[-73.93387800780164,40.751338639523155],[-73.93383797958995,40.75136706199328],[-73.9337971759441,40.75139709058259],[-73.93375651456907,40.75142808626067],[-73.93371405944107,40.75146323374695],[-73.93367805933757,40.75149323377382],[-73.93363754600857,40.75152911790601],[-73.93359972338479,40.751564613965485],[-73.93356268219709,40.75160056557658],[-73.93352603350523,40.75163821533242],[-73.93349130827089,40.751675018643],[-73.93345595078661,40.75171468545748],[-73.93342395066084,40.75175068549114],[-73.93338842737604,40.751793995149626],[-73.93257322543866,40.75279723981056],[-73.92939321176851,40.75671924343677],[-73.92532619428131,40.761735248075134],[-73.92129717698857,40.766694252661544],[-73.92061317406592,40.767532253436656],[-73.92056417387408,40.76758725348752],[-73.92051417368576,40.76764125353748],[-73.92046417349742,40.767695253587426],[-73.92041217330558,40.76775025363829],[-73.92036017311725,40.76780425368824],[-73.9203071729324,40.76785725373727],[-73.92025417274405,40.76791125378721],[-73.92020017255572,40.76796525383717],[-73.92014517237087,40.76801825388619],[-73.92008917218251,40.76807225393614],[-73.92003317199766,40.76812525398517],[-73.9199761718128,40.76817825403418],[-73.91991817162796,40.76823125408321],[-73.91985917144659,40.76828325413131],[-73.91980017126174,40.76833625418033],[-73.91766116485424,40.77017325587959],[-73.912034,40.775036]]}},{"type":"Feature","id":"Z:z-main:group:0:3017d03e5caa","properties":{"route_id":"Z","canonical_route_id":"Z","visual_route_id":"Z","visual_route_normalization_reason":"identity","display_route":"Z","shape_id":"J..N47R","source_shape_ids":["J..N47R","J..S16R"],"raw_route_ids":["Z"],"raw_shape_ids":["J..N47R","J..S16R"],"visual_edge_ids":["z:M22-M23","z:M21-M22","z:M20-M21","z:M19-M20","z:M18-M19"],"edge_count":5,"from_stop_id":"M23","to_stop_id":"M18","from_stop_name":"Broad St","to_stop_name":"Delancey St-Essex St","edge_sequence":0,"edge_sequence_range":[0,0],"representative_edge_geometry_source":"J..N47R","representative_edge_geometry_sources":["J..N47R"],"edge_geometry_confidence":"high","visual_edge_metadata":[],"geometry_reversal_count":0,"internal_stitch_valid":true,"max_internal_snap_distance_m":0,"branch_representative_geometry_used":null,"branch_representative_warning":null,"canonical_direction_id":"mixed","canonical_direction_count":2,"collapsed_direction_count":2,"direction_collapse_reason":"visual-edge-direction-collapse","representative_shape_id":"J..N47R","canonical_feature_count":2,"color":"#8E5C33","visual_family":"J-Z","visual_branch_id":"z-main","raw_group_sequence":0,"group_sequence":0,"group_id":"group-manual-nassau-jz-les","merged_group_ids":["group-manual-nassau-jz-les"],"group_member_routes":["J","Z"],"group_member_visual_routes":["J","Z"],"group_lane_order":["J","Z"],"group_lane_order_visual":["J","Z"],"group_lane_count":2,"visual_lane_slot":0.5,"visual_z_order":191,"corridor_id":"nassau-jz-les","segment_kind":"group","render_style":"subway-ribbon-v1","source":"group-corridors","debug_id":"Z:z-main:group:0:3017d03e5caa","feature_length_m":2932.57,"assignment_reason":"merged validated visual edges with compatible render state","handoff_node_id":"handoff-z-z-main--73.98738,40.71828","handoff_reason":"station-adjacent-membership-change","handoff_kind":"membership-change","handoff_from_group_id":"group-manual-nassau-jz-les","handoff_to_group_id":"group-j-z-j-z","handoff_from_lane_slot":0.5,"handoff_to_lane_slot":0.5,"start_handoff_node_id":"terminal-z-z-main-start","start_handoff_reason":"terminal","start_handoff_kind":"terminal","start_handoff_from_group_id":null,"start_handoff_to_group_id":"group-manual-nassau-jz-les","start_handoff_from_lane_slot":0,"start_handoff_to_lane_slot":0.5,"end_handoff_node_id":"handoff-z-z-main--73.98738,40.71828","end_handoff_reason":"station-adjacent-membership-change","end_handoff_kind":"membership-change","end_handoff_from_group_id":"group-manual-nassau-jz-les","end_handoff_to_group_id":"group-j-z-j-z","end_handoff_from_lane_slot":0.5,"end_handoff_to_lane_slot":0.5,"effective_render_key":"Z|z-main|lane:0.5|z:191|color:#8E5C33|kind:group|style:subway-ribbon-v1","merged_debug_ids":["Z:z-main:group:0:93d02a9021b0","Z:z-main:group:0:53973d12b14b","Z:z-main:group:0:19ac3b476660","Z:z-main:group:0:0ae5398d5b3e","Z:z-main:group:0:952e05a07a9a"]},"geometry":{"type":"LineString","coordinates":[[-74.011056,40.706476],[-74.01062753577692,40.707046261302246],[-74.01060816338641,40.707078878036334],[-74.01058874539955,40.70710992277653],[-74.01056874536302,40.70714192278558],[-74.01054834063295,40.707172993430255],[-74.01052775055835,40.707203378621266],[-74.01050675052277,40.707234378630325],[-74.01048538429656,40.70726446466768],[-74.01046385518131,40.70729381194627],[-74.01044152613356,40.70732291719822],[-74.01041852609887,40.707352917207345],[-74.0103955260642,40.707382917216464],[-74.01037276956166,40.70741035659871],[-74.01034820410737,40.70744105145812],[-74.0103253784869,40.707467633596124],[-74.01030048020277,40.707496515237175],[-74.00951234268373,40.70836853734536],[-74.00948619281996,40.70839770380241],[-74.00946019278626,40.70842670381144],[-74.00943485676402,40.70845397611427],[-74.00940980185142,40.70848103530987],[-74.0093855404998,40.70850625250305],[-74.00936074268985,40.708533099253685],[-74.00933654043938,40.708558252519246],[-74.00931333690276,40.70858144030681],[-74.00928933687489,40.70860544031426],[-74.00926633684817,40.708628440321405],[-74.00924323365149,40.70865056243102],[-74.00922027426915,40.70867252352493],[-74.0091983187449,40.708693481010116],[-74.00917629359448,40.70871357095565],[-74.00915439057565,40.708733482584584],[-74.00898929856592,40.70887767338189],[-74.00897368504464,40.70889049749607],[-74.00895540211911,40.70890573186618],[-74.00893615356246,40.70892194007315],[-74.00891574896343,40.708940159209064],[-74.00889561627933,40.70895827826181],[-74.00887561625852,40.708976278267315],[-74.0088533673255,40.70899743444807],[-74.00883239024839,40.70901648267112],[-74.00880931834486,40.7090384811166],[-74.00878533634412,40.70906244045617],[-74.0087623363174,40.70908544046331],[-74.00873923312147,40.70910756257218],[-74.00871350787227,40.7091342858987],[-74.00868853973971,40.709160252706674],[-74.00866333620125,40.70918544049436],[-74.00788074377598,40.709991040852096],[-74.00785004016669,40.710023778080306],[-74.00782133519425,40.7100524407636],[-74.00779195365745,40.71008387050664],[-74.00776533512689,40.710110440781605],[-74.00773833509554,40.71013744078998],[-74.00771253857278,40.710164253019265],[-74.00768919460323,40.71018659865055],[-74.00766433500958,40.71021144081298],[-74.00764227246005,40.710232524006635],[-74.00762033495964,40.71025444082632],[-74.00760036584602,40.71027343484181],[-74.00758161474,40.71029027866813],[-74.00756147991086,40.71030932646642],[-74.00754489637656,40.710324026740764],[-74.00752806492945,40.7103388774572],[-74.00748806488444,40.710377877469035],[-74.0074500648429,40.71041387747996],[-74.00741206480136,40.71044987749088],[-74.00737606476213,40.710483877501204],[-74.00734106472521,40.710515877510915],[-74.0073070646906,40.71054587752002],[-74.00727406465712,40.71057487752882],[-74.00724206462596,40.710601877537016],[-74.00721206459596,40.7106278775449],[-74.00718306456827,40.71065187755219],[-74.00715506454173,40.71067487755917],[-74.00712806451749,40.71069587756555],[-74.00710206449556,40.710714877571306],[-74.0070770644748,40.710732877576774],[-74.00705406445634,40.71074887758162],[-74.00535606304615,40.7119708779525],[-74.00531406301963,40.71199387795948],[-74.00527006299308,40.712016877966455],[-74.00522606296884,40.712037877972826],[-74.00518106294575,40.71205787797891],[-74.00513606292382,40.712076877984664],[-74.00508906290307,40.71209487799013],[-74.00504106288344,40.71211187799529],[-74.00499306286498,40.712127878000146],[-74.00494306284882,40.712141878004395],[-74.00489306283266,40.712155878008645],[-74.00484206281882,40.71216787801229],[-74.00479006280497,40.71217987801593],[-74.00473706279342,40.71218987801896],[-74.00468306278304,40.712198878021695],[-74.0046280627738,40.712206878024126],[-74.00439606273689,40.71223887803384],[-74.0043340627242,40.71224987803718],[-74.00427606270918,40.712262878041116],[-74.00421906269187,40.712277878045676],[-74.0041660626734,40.712293878050524],[-74.00411406265265,40.71231187805599],[-74.00406606262955,40.71233187806206],[-74.00402006260417,40.71235387806874],[-74.00397706257762,40.71237687807572],[-74.00393606254877,40.712401878083305],[-74.0038980625176,40.7124288780915],[-74.0038620624853,40.7124568781],[-74.00382906245068,40.712486878109104],[-74.00379906241375,40.712518878118814],[-74.00377106237451,40.71255287812913],[-74.00374806233526,40.71258687813946],[-74.00334706161858,40.713207878327935],[-74.00277806058219,40.7141058786005],[-74.00275706054178,40.714140878611126],[-74.00273606050139,40.714175878621745],[-74.002714060461,40.71421087863237],[-74.0026920604206,40.71424587864299],[-74.00266906038021,40.71428087865361],[-74.00264606033981,40.714315878664245],[-74.00262306029941,40.714350878674864],[-74.00259906025902,40.71438587868549],[-74.00257506021862,40.71442087869611],[-74.00255006017824,40.71445587870674],[-74.00252506013783,40.714490878717356],[-74.00250006009743,40.71452587872798],[-74.00247406005704,40.71456087873861],[-74.00244806001665,40.71459587874923],[-74.00242105997624,40.714630878759856],[-74.0006320571668,40.71706487949869],[-74.00061105713446,40.71709287950719],[-74.000589057101,40.71712187951599],[-74.00056705706751,40.717150879524795],[-74.00054505703403,40.7171798795336],[-74.0005220569994,40.7172098795427],[-74.00049805696362,40.717240879552115],[-74.000474056929,40.71727087956123],[-74.00045005689206,40.71730287957094],[-74.00042505685512,40.717334879580655],[-74.00040005681818,40.717366879590365],[-74.00037405678124,40.717398879600076],[-74.00034805674198,40.7174328796104],[-74.00032105670391,40.71746587962042],[-74.00029405666466,40.717499879630736],[-74.00026605662426,40.71753487964136],[-73.99983805602167,40.718056879799825],[-73.99915405503234,40.71891388006],[-73.99913605500694,40.71893588006668],[-73.99911905498155,40.718957880073354],[-73.99910105495731,40.71897888007973],[-73.9990830549319,40.71900088008641],[-73.9990660549065,40.719022880093085],[-73.9990480548811,40.719044880099766],[-73.99903005485686,40.71906588010614],[-73.99901205483147,40.71908788011282],[-73.99899405480723,40.719108880119194],[-73.99897605478183,40.719130880125874],[-73.99895805475758,40.719151880132245],[-73.99894005473217,40.719173880138925],[-73.99892205470793,40.71919488014531],[-73.99890405468254,40.71921688015198],[-73.9988860546583,40.71923788015836],[-73.99748005273258,40.720905880664766],[-73.99743605267254,40.720957880680544],[-73.99739005261712,40.72100588069512],[-73.99734205256863,40.72104788070787],[-73.9972920525259,40.721084880719104],[-73.99724005248781,40.721117880729125],[-73.99718605245664,40.72114488073732],[-73.99712905243125,40.721166880744],[-73.99707005241162,40.72118388074916],[-73.99701005239775,40.72119588075281],[-73.99694705238967,40.72120288075493],[-73.99688205238853,40.72120388075523],[-73.996815052392,40.721200880754324],[-73.99674605240122,40.7211928807519],[-73.99667405241739,40.72117888074765],[-73.99660105243817,40.72116088074218],[-73.99386105349573,40.72024488046408],[-73.9908380545544,40.71932788018568],[-73.98738305576424,40.718279879867524]]}},{"type":"Feature","id":"Z:z-main:group:1:99ec67ba1219","properties":{"route_id":"Z","canonical_route_id":"Z","visual_route_id":"Z","visual_route_normalization_reason":"identity","display_route":"Z","shape_id":"J..N47R","source_shape_ids":["J..N47R","J..S16R"],"raw_route_ids":["Z"],"raw_shape_ids":["J..N47R","J..S16R"],"visual_edge_ids":["z:M16-M18","z:M11-M16","z:J30-M11","z:J28-J30","z:J27-J28","z:J24-J27","z:J23-J24","z:J21-J23","z:J20-J21","z:J17-J20","z:J15-J17","z:J14-J15","z:J12-J14","z:G06-J12","z:G05-G06"],"edge_count":15,"from_stop_id":"M18","to_stop_id":"G05","from_stop_name":"Delancey St-Essex St","to_stop_name":"Jamaica Center-Parsons/Archer","edge_sequence":5,"edge_sequence_range":[5,5],"representative_edge_geometry_source":"J..N47R","representative_edge_geometry_sources":["J..N47R"],"edge_geometry_confidence":"high","visual_edge_metadata":[],"geometry_reversal_count":0,"internal_stitch_valid":true,"max_internal_snap_distance_m":0,"branch_representative_geometry_used":null,"branch_representative_warning":null,"canonical_direction_id":"mixed","canonical_direction_count":2,"collapsed_direction_count":2,"direction_collapse_reason":"visual-edge-direction-collapse","representative_shape_id":"J..N47R","canonical_feature_count":2,"color":"#8E5C33","visual_family":"J-Z","visual_branch_id":"z-main","raw_group_sequence":5000,"group_sequence":1,"group_id":"group-j-z-j-z","merged_group_ids":["group-j-z-j-z"],"group_member_routes":["J","Z"],"group_member_visual_routes":["J","Z"],"group_lane_order":["J","Z"],"group_lane_order_visual":["J","Z"],"group_lane_count":2,"visual_lane_slot":0.5,"visual_z_order":60.5,"corridor_id":null,"segment_kind":"group","render_style":"subway-ribbon-v1","source":"group-corridors","debug_id":"Z:z-main:group:1:99ec67ba1219","feature_length_m":18467.31,"assignment_reason":"merged validated visual edges with compatible render state","handoff_node_id":"handoff-z-z-main--73.98738,40.71828","handoff_reason":"station-adjacent-membership-change","handoff_kind":"membership-change","handoff_from_group_id":"group-manual-nassau-jz-les","handoff_to_group_id":"group-j-z-j-z","handoff_from_lane_slot":0.5,"handoff_to_lane_slot":0.5,"start_handoff_node_id":"handoff-z-z-main--73.98738,40.71828","start_handoff_reason":"station-adjacent-membership-change","start_handoff_kind":"membership-change","start_handoff_from_group_id":"group-manual-nassau-jz-les","start_handoff_to_group_id":"group-j-z-j-z","start_handoff_from_lane_slot":0.5,"start_handoff_to_lane_slot":0.5,"end_handoff_node_id":"terminal-z-z-main-end","end_handoff_reason":"terminal","end_handoff_kind":"terminal","end_handoff_from_group_id":"group-j-z-j-z","end_handoff_to_group_id":null,"end_handoff_from_lane_slot":0.5,"end_handoff_to_lane_slot":0,"effective_render_key":"Z|z-main|lane:0.5|z:60.5|color:#8E5C33|kind:group|style:subway-ribbon-v1","merged_debug_ids":["Z:z-main:group:0:a43e923e5d1d","Z:z-main:group:0:f488b8890f6d","Z:z-main:group:0:28013f63f626","Z:z-main:group:0:ff27c281aedb","Z:z-main:group:0:12350a18aae5","Z:z-main:group:0:f970fda3a508","Z:z-main:group:0:1da75dc64e95","Z:z-main:group:0:f0422da98bad","Z:z-main:group:0:b3b04b989d3c","Z:z-main:group:0:2b58691b2e94","Z:z-main:group:0:79685ccea3d7","Z:z-main:group:0:8e0514fb17a5","Z:z-main:group:0:9f4f605c0446","Z:z-main:group:0:28a85cc19808","Z:z-main:group:0:f51c2481b321"]},"geometry":{"type":"LineString","coordinates":[[-73.98738305576424,40.718279879867524],[-73.98591685934547,40.717839379172375],[-73.98586385936477,40.71782237916774],[-73.98581285938408,40.71780537916311],[-73.98576185940226,40.717789379158745],[-73.98571285942157,40.71777237915411],[-73.98566385944089,40.71775537914948],[-73.98561585945906,40.71773937914513],[-73.98556885947838,40.7177223791405],[-73.98552285949656,40.71770637913613],[-73.98547785951587,40.7176893791315],[-73.98543385953404,40.717673379127135],[-73.98539085955221,40.71765737912278],[-73.9853488595704,40.71764137911842],[-73.98530785958856,40.717625379114054],[-73.98526685960674,40.717609379109696],[-73.98522785962491,40.71759337910534],[-73.98508785968852,40.717537379090075],[-73.98503585971238,40.71751637908435],[-73.98498385973625,40.71749537907863],[-73.98493185975896,40.71747537907318],[-73.98487985978053,40.717456379068004],[-73.98482785980326,40.717436379062555],[-73.98477685982485,40.71741737905737],[-73.98472585984528,40.71739937905247],[-73.98467385986574,40.71738137904756],[-73.98462385988618,40.71736337904266],[-73.9845728599055,40.71734637903803],[-73.98452185992367,40.71733037903366],[-73.98447185994299,40.71731337902903],[-73.98442185996116,40.71729737902468],[-73.9843718599782,40.71728237902058],[-73.98432185999523,40.7172673790165],[-73.97883286188423,40.71560437856331],[-73.96112086798863,40.71022937709872],[-73.96108486800226,40.710217377095454],[-73.96104986801703,40.710204377091905],[-73.96101486803178,40.71019137708837],[-73.96098086804767,40.710177377084555],[-73.96094686806357,40.71016337708074],[-73.96091386808061,40.71014837707665],[-73.96088186809878,40.71013237707229],[-73.96084986811695,40.71011637706793],[-73.96081886813624,40.7100993770633],[-73.96078786815669,40.710081377058394],[-73.96075786817714,40.71006337705349],[-73.9607278681987,40.71004437704831],[-73.96069886822028,40.71002537704314],[-73.96067086824299,40.71000537703768],[-73.96064286826683,40.709984377031965],[-73.95944186937169,40.70901137676686],[-73.95942486938759,40.70899737676305],[-73.95940686940236,40.70898437675951],[-73.95938886941823,40.708970376755694],[-73.959369869433,40.70895737675215],[-73.95935086944777,40.708944376748605],[-73.9593308694614,40.70893237674534],[-73.95930986947614,40.708919376741804],[-73.95928786948977,40.70890737673853],[-73.95926586950341,40.708895376735256],[-73.95924286951703,40.70888337673199],[-73.95921986952952,40.708872376729],[-73.95919486954315,40.708860376725724],[-73.95917086955565,40.70884937672273],[-73.959144869567,40.70883937672],[-73.95911886957947,40.708828376717],[-73.957691870137,40.70833737658323],[-73.9533628986383,40.70685450930509],[-73.95201289915198,40.706390509206074],[-73.95196789917081,40.70637350920244],[-73.95192189918961,40.70635650919882],[-73.95187689920954,40.70633850919497],[-73.95183189922948,40.70632050919114],[-73.95178689925051,40.70630150918708],[-73.95174189927154,40.706282509183026],[-73.95169689929368,40.70626250917876],[-73.95165289931583,40.70624250917449],[-73.95160789933908,40.706221509170014],[-73.95156389936233,40.70620050916553],[-73.95151889938667,40.706178509160836],[-73.95147489941102,40.706156509156145],[-73.95143089943649,40.706133509151236],[-73.95138689946195,40.70611050914632],[-73.95134289948851,40.7060865091412],[-73.94733990196036,40.703853508664714],[-73.94306490461346,40.70145650815327],[-73.94302390464001,40.701432508148145],[-73.94298290466547,40.70140950814324],[-73.94294190469203,40.70138550813812],[-73.94290090471861,40.701361508133],[-73.94286090474628,40.70133650812767],[-73.94282090477283,40.70131250812254],[-73.9427809048005,40.70128750811721],[-73.94274090482706,40.70126350811209],[-73.94270190485473,40.701238508106755],[-73.9426619048824,40.70121350810142],[-73.94262290491118,40.70118750809587],[-73.94258390493884,40.70116250809054],[-73.94254590496652,40.7011375080852],[-73.9425069049953,40.701111508079656],[-73.94246890502407,40.701085508074115],[-73.94242890505285,40.70105950806857],[-73.94238990508163,40.70103350806301],[-73.9423499051093,40.701008508057676],[-73.94231090513806,40.700982508052135],[-73.94227090516573,40.7009575080468],[-73.9422309051934,40.70093250804146],[-73.94219090522218,40.70090650803592],[-73.94215090524872,40.7008825080308],[-73.9421109052764,40.700857508025464],[-73.94207090530406,40.700832508020135],[-73.94203090533064,40.70080850801501],[-73.94198990535831,40.70078350800968],[-73.94194990538487,40.70075950800455],[-73.94190890541142,40.70073550799943],[-73.94186890543799,40.70071150799431],[-73.94105790595482,40.70024450789467],[-73.93558725137078,40.69719657591906],[-73.93460925197141,40.69664357583577],[-73.9287442555683,40.69333157533694],[-73.92219928466808,40.68962452686945],[-73.91648808306788,40.686373640842845],[-73.91043101284991,40.68284254188108],[-73.90448701523783,40.67944754156346],[-73.90025701699172,40.67695354133018],[-73.90021101701,40.67692754132774],[-73.90016401702687,40.6769035413255],[-73.90011701704164,40.676882541323536],[-73.90007001705499,40.67686354132176],[-73.90002201706695,40.67684654132017],[-73.89997401707679,40.67683254131886],[-73.89992601708524,40.67682054131774],[-73.89987801709225,40.676810541316804],[-73.89982901709719,40.67680354131615],[-73.8997810171007,40.67679854131568],[-73.8997320171021,40.6767965413155],[-73.8996830171021,40.6767965413155],[-73.8996330171007,40.67679854131568],[-73.89958401709788,40.67680254131606],[-73.89953401709296,40.67680954131671],[-73.89862901700013,40.67694154132906],[-73.89166301627444,40.67797354142559],[-73.88995201609372,40.67823054144962],[-73.8899280160916,40.6782335414499],[-73.88990501608879,40.67823754145028],[-73.88988001608668,40.678240541450556],[-73.88985501608316,40.67824554145103],[-73.88983001607964,40.67825054145149],[-73.88980401607613,40.67825554145196],[-73.8897770160719,40.67826154145252],[-73.88975101606769,40.67826754145308],[-73.88972301606276,40.67827454145374],[-73.88969501605784,40.67828154145439],[-73.88966701605221,40.678289541455136],[-73.88963801604659,40.67829754145589],[-73.88960901604096,40.67830554145664],[-73.88957901603465,40.67831454145748],[-73.8895490160276,40.678324541458416],[-73.88461401492206,40.67989654160546],[-73.88001401389306,40.68135954174233],[-73.8799460138783,40.681380541744296],[-73.87987901386423,40.681400541746164],[-73.87981101385016,40.68142054174804],[-73.87974301383609,40.68144054174991],[-73.87967501382202,40.681460541751775],[-73.87960801380795,40.68148054175365],[-73.87954001379389,40.68150054175552],[-73.87947201377982,40.681520541757386],[-73.87940401376646,40.68153954175917],[-73.8793360137524,40.68155954176104],[-73.87926901373902,40.68157854176282],[-73.87920101372566,40.681597541764596],[-73.8791330137123,40.68161654176637],[-73.87906501369893,40.68163554176815],[-73.87899701368558,40.68165454176993],[-73.87376001263817,40.68314354190924],[-73.87269601242502,40.68344654193759],[-73.87262656147735,40.683471293954725],[-73.87256228812939,40.683499398694366],[-73.87250388189912,40.68352950793622],[-73.87244991532451,40.68356396616292],[-73.87240285779353,40.683600569947686],[-73.87236093936016,40.68364086687288],[-73.87232509588415,40.68368299133769],[-73.87229494504345,40.68372964142442],[-73.87227134744154,40.6837772814921],[-73.87225337411108,40.68382696868325],[-73.87224175952272,40.68388175684032],[-73.87223612679186,40.68393592447297],[-73.87223693052522,40.683993771095615],[-73.87224315663443,40.68405336478318],[-73.87225578209488,40.684115354118504],[-73.87301489420874,40.68650761298025],[-73.87303287474343,40.68656455168557],[-73.8730509421227,40.68662076334823],[-73.87306901300136,40.686675982049636],[-73.87308593389325,40.68672873806719],[-73.87310293383526,40.686781738057626],[-73.87312000855437,40.68683396895438],[-73.8731371708949,40.68688445595505],[-73.87315292460117,40.68693370972681],[-73.87316908734537,40.68698220808746],[-73.8731851761076,40.68702947171708],[-73.8732012703487,40.68707574571357],[-73.8732160871941,40.687120208061735],[-73.87323118207038,40.68716448962957],[-73.87324628321352,40.687207783037046],[-73.87326139117684,40.68725008901622],[-73.87379724828055,40.68879768724218],[-73.87382049449567,40.68886137972192],[-73.87383650376756,40.688918321289165],[-73.87384661778374,40.6889735446621],[-73.87385108023278,40.689025640698624],[-73.87384992483652,40.689075243238804],[-73.87384328520629,40.68912252682864],[-73.87383126008964,40.689167574709835],[-73.87381391816287,40.689210505540785],[-73.8737908918002,40.6892493713841],[-73.8737623034612,40.689289602894895],[-73.87372884284724,40.68932500911526],[-73.87368946515693,40.68936042927349],[-73.87364435313111,40.68939342639295],[-73.87359330423996,40.68942571424777],[-73.87353589930092,40.68945757203954],[-73.87251505769265,40.6898940629824],[-73.8719957179177,40.69011920929499],[-73.87194830726918,40.690138540563595],[-73.87189883323816,40.69015832802993],[-73.87184914211255,40.690176444804756],[-73.87179480170046,40.69019657003018],[-73.87174207929056,40.69021510873113],[-73.87168514752236,40.69023508475375],[-73.87162880817229,40.69025352151655],[-73.87157146632845,40.69027099707895],[-73.87150999004984,40.690290143901564],[-73.8714483640814,40.690309028338184],[-73.87138693534153,40.69032656318826],[-73.87132194138627,40.69034428229595],[-73.87125594137403,40.690362282297514],[-73.8711885710638,40.69038011309192],[-73.87111917049648,40.69039795668718],[-73.86889736289261,40.69096390739712],[-73.86885082007919,40.69097431884835],[-73.8688007412978,40.690986811900636],[-73.868755524945,40.69099595357986],[-73.86870543450424,40.69100740630458],[-73.86865682005362,40.6910183188511],[-73.86861016679138,40.69102802743142],[-73.8685615249225,40.691037953582075],[-73.86851316678047,40.691048027432515],[-73.86846452491179,40.691057953583126],[-73.86841793592009,40.69106667735115],[-73.8683692646703,40.69107561633941],[-73.86832093591113,40.69108467735196],[-73.86827293590665,40.69109367735238],[-73.86822426465712,40.691102616340594],[-73.868177739345,40.69111035804992],[-73.8671249615519,40.69127116286251],[-73.86646296150936,40.6913741628657],[-73.86640696150604,40.69138216286594],[-73.86635096150233,40.691391162866225],[-73.86629596149902,40.69139916286647],[-73.8662409614953,40.69140816286675],[-73.86618796149159,40.69141716286703],[-73.86613396148827,40.691425162867276],[-73.86608196148455,40.69143416286756],[-73.86602996148126,40.69144216286781],[-73.86597896147754,40.691451162868084],[-73.86592896147381,40.69146016286836],[-73.86587896147051,40.69146816286861],[-73.86582996146679,40.691477162868885],[-73.86578096146309,40.69148616286916],[-73.86573296145977,40.69149416286941],[-73.86568596145605,40.69150316286969],[-73.86280496125525,40.69198916288472],[-73.86274896125113,40.691999162885025],[-73.8626919612474,40.69200816288531],[-73.86263596124327,40.69201816288562],[-73.86257996123956,40.69202716288589],[-73.86252296123543,40.6920371628862],[-73.8624669612317,40.692046162886484],[-73.862409961228,40.69205516288676],[-73.86235396122468,40.69206316288701],[-73.86229696122096,40.692072162887285],[-73.86223996121724,40.69208116288757],[-73.86218396121394,40.69208916288781],[-73.86212696121062,40.69209716288806],[-73.86206996120733,40.6921051628883],[-73.86201296120402,40.69211316288855],[-73.86195596120072,40.6921211628888],[-73.85999596109288,40.69238216289688],[-73.85991896108916,40.69239116289715],[-73.85984296108545,40.69240016289743],[-73.85976596108213,40.69240816289768],[-73.85968996107842,40.692417162897954],[-73.85961296107511,40.6924251628982],[-73.85953696107221,40.69243216289842],[-73.85945996106892,40.69244016289867],[-73.85938396106643,40.692446162898854],[-73.85930696106354,40.69245316289907],[-73.85923096106106,40.692459162899254],[-73.859153961059,40.69246416289941],[-73.85907796105653,40.692470162899596],[-73.85900196105486,40.69247416289972],[-73.85892496105281,40.69247916289987],[-73.85884796105074,40.69248416290003],[-73.85559296097472,40.69266816290572],[-73.85546196097181,40.69267516290594],[-73.85533096096768,40.692685162906244],[-73.85520096096273,40.69269716290661],[-73.85507296095693,40.692711162907045],[-73.85494696095033,40.692727162907545],[-73.85482196094249,40.692746162908136],[-73.8546979609338,40.69276716290878],[-73.8545759609243,40.692790162909496],[-73.85445596091398,40.692815162910264],[-73.85433696090239,40.69284316291113],[-73.85421896089,40.69287316291206],[-73.85410296087679,40.69290516291305],[-73.85398896086274,40.6929391629141],[-73.85387596084745,40.69297616291525],[-73.85376296083173,40.69301416291642],[-73.85156196049621,40.69382616294154],[-73.8514569604797,40.693866162942776],[-73.8513529604644,40.69390316294392],[-73.85124996044952,40.693939162945036],[-73.85114796043548,40.69397316294609],[-73.85104796042184,40.69400616294711],[-73.85094896040903,40.69403716294807],[-73.85085096039663,40.69406716294899],[-73.85075396038465,40.69409616294989],[-73.8506579603735,40.694123162950724],[-73.85056396036275,40.694149162951526],[-73.85047096035242,40.6941741629523],[-73.85037896034291,40.69419716295301],[-73.85028796033424,40.69421816295367],[-73.85019896032597,40.694238162954285],[-73.85010996031811,40.69425716295487],[-73.8462119600053,40.69501416297829],[-73.84614596000075,40.69502516297863],[-73.8460799599962,40.69503616297897],[-73.84601195999207,40.695046162979274],[-73.84594295998794,40.69505616297959],[-73.84587295998423,40.695065162979866],[-73.84580095998092,40.695073162980115],[-73.84572695997802,40.695080162980325],[-73.84565195997513,40.69508716298055],[-73.84557595997224,40.69509416298076],[-73.84549795997017,40.69509916298092],[-73.8454189599681,40.695104162981075],[-73.84533895996645,40.69510816298119],[-73.8452559599648,40.695112162981324],[-73.84517295996356,40.695115162981416],[-73.84508795996273,40.69511716298147],[-73.84431595995943,40.69512516298172],[-73.8423139599491,40.69515016298249],[-73.84220795994786,40.695153162982585],[-73.8420979599462,40.69515716298272],[-73.84198595994373,40.6951631629829],[-73.84187095994125,40.695169162983085],[-73.84175295993795,40.695177162983335],[-73.84163295993463,40.69518516298358],[-73.8415099599305,40.695195162983886],[-73.84138395992636,40.695205162984195],[-73.8412549599214,40.69521716298457],[-73.84112395991603,40.69523016298497],[-73.84098995991025,40.6952441629854],[-73.84085395990405,40.69525916298587],[-73.84071395989744,40.69527516298636],[-73.84057295989041,40.69529216298689],[-73.84042795988297,40.69531016298745],[-73.84026095987265,40.695335162988215],[-73.84009595986024,40.69536516298914],[-73.83993395984662,40.695398162990166],[-73.83977395983091,40.69543616299134],[-73.83961695981395,40.69547716299261],[-73.83946295979537,40.695522162994],[-73.8393109597747,40.695572162995546],[-73.83916195975279,40.69562516299719],[-73.83901495972883,40.69568316299898],[-73.83887095970363,40.69574416300087],[-73.83872895967676,40.69580916300288],[-73.83858995964783,40.695879163005046],[-73.83845395961767,40.695952163007306],[-73.83831995958543,40.696030163009716],[-73.83818895955235,40.69611016301219],[-73.83633095903367,40.69736516305102],[-73.83627995902044,40.69739716305201],[-73.83622895900763,40.69742816305297],[-73.83617695899441,40.69746016305396],[-73.83612395898119,40.697492163054946],[-73.83606995896795,40.69752416305594],[-73.83601495895473,40.69755616305693],[-73.83595995894109,40.69758916305795],[-73.83590395892787,40.69762116305894],[-73.83584695891422,40.69765416305996],[-73.8357889589006,40.69768716306098],[-73.83573095888696,40.697720163062],[-73.83567095887331,40.69775316306303],[-73.83561095885966,40.697786163064045],[-73.83555095884603,40.69781916306506],[-73.83548895883197,40.69785316306612],[-73.83273295821279,40.69935116311247],[-73.83266695819955,40.69938316311346],[-73.83260095818716,40.699413163114386],[-73.83253495817476,40.69944316311532],[-73.83246995816317,40.69947116311618],[-73.83240495815161,40.699499163117046],[-73.83234095814088,40.699525163117855],[-73.83227695813011,40.699551163118656],[-73.8322129581202,40.6995751631194],[-73.83214995811069,40.699598163120115],[-73.83208795810118,40.699621163120824],[-73.83202495809249,40.69964216312147],[-73.83196395808423,40.69966216312209],[-73.83190195807597,40.69968216312271],[-73.83184095806853,40.69970016312327],[-73.83177995806108,40.69971816312382],[-73.83056795793418,40.70002516313332],[-73.8305119579288,40.700038163133726],[-73.83045395792301,40.70005216313416],[-73.83039595791764,40.70006516313457],[-73.83033595791225,40.70007816313496],[-73.83027595790648,40.700092163135395],[-73.83021395790111,40.7001051631358],[-73.83015195789574,40.700118163136196],[-73.83008795788994,40.70013216313663],[-73.83002295788457,40.70014516313704],[-73.82995795787919,40.700158163137445],[-73.8298909578734,40.70017216313788],[-73.82982295786803,40.70018516313827],[-73.82975395786266,40.70019816313868],[-73.82968395785686,40.70021216313911],[-73.8296129578515,40.70022516313951],[-73.82827995776303,40.70043916314613],[-73.82621295762206,40.70078016315669],[-73.8261329576167,40.70079316315709],[-73.82605295761131,40.700806163157495],[-73.82597395760553,40.70082016315793],[-73.82589495759973,40.70083416315836],[-73.82581695759353,40.70084916315882],[-73.82573995758693,40.70086516315932],[-73.8256629575803,40.700881163159806],[-73.8255869575737,40.700897163160306],[-73.82551195756666,40.70091416316083],[-73.82543695755923,40.7009321631614],[-73.82536295755179,40.70095016316195],[-73.82528895754393,40.70096916316254],[-73.82521595753607,40.70098816316312],[-73.82514395752781,40.70100816316375],[-73.82507195751954,40.701028163164366],[-73.8240919574104,40.70129216317253],[-73.82388695739304,40.701334163173826],[-73.82368495738022,40.701365163174785],[-73.82348695737153,40.70138616317544],[-73.8232909573674,40.701396163175744],[-73.82309895736782,40.70139516317572],[-73.82290995737318,40.70138216317531],[-73.8227249573827,40.7013591631746],[-73.82254195739718,40.701324163173524],[-73.82236295741578,40.70127916317213],[-73.82218695743893,40.7012231631704],[-73.82201395746704,40.701155163168295],[-73.82184395749928,40.70107716316588],[-73.8216769575365,40.70098716316309],[-73.82151395757784,40.700887163160004],[-73.82135395762414,40.700775163156536],[-73.82065295785357,40.70022016313936],[-73.82020395798997,40.69989016312915],[-73.81974595811276,40.69959316311996],[-73.81928395822189,40.699329163111784],[-73.81881795831737,40.69909816310464],[-73.8183479583992,40.698900163098514],[-73.81787395846742,40.69873516309341],[-73.81739495852197,40.698603163089324],[-73.81691195856249,40.69850516308629],[-73.81642495858976,40.69843916308425],[-73.81593295860299,40.69840716308325],[-73.81543695860258,40.69840816308329],[-73.81493695858893,40.698441163084304],[-73.81443295856124,40.69850816308638],[-73.81392495851992,40.69860816308948],[-73.81341295846494,40.698741163093594],[-73.81109095819046,40.699405163114136],[-73.8097209580305,40.69979216312612],[-73.80965895802305,40.69981016312667],[-73.80959795801562,40.69982816312723],[-73.80953695800817,40.69984616312779],[-73.8094759579999,40.699866163128405],[-73.80941495799163,40.69988616312902],[-73.80935495798337,40.69990616312964],[-73.80929495797469,40.69992716313029],[-73.80923495796559,40.69994916313097],[-73.8091749579565,40.69997116313165],[-73.80911595794699,40.69999416313236],[-73.80905695793707,40.70001816313311],[-73.80899795792715,40.700042163133844],[-73.80893895791681,40.70006716313462],[-73.80888095790648,40.700092163135395],[-73.80882395789573,40.700118163136196],[-73.80876795788498,40.70014416313701],[-73.80871195787464,40.70016916313778],[-73.80865595786473,40.70019316313852],[-73.80859895785521,40.70021616313923],[-73.8085419578457,40.70023916313994],[-73.8084849578362,40.700262163140664],[-73.80842795782752,40.70028316314131],[-73.80836995781884,40.70030416314195],[-73.80831195781015,40.70032516314261],[-73.80825295780231,40.7003441631432],[-73.80819495779446,40.70036316314378],[-73.80813495778659,40.70038216314437],[-73.80807595777917,40.700400163144934],[-73.80801595777213,40.70041716314546],[-73.80795495776552,40.700433163145945],[-73.80663995762619,40.70077016315638],[-73.8040249573517,40.70143416317693],[-73.80397495734674,40.701446163177295],[-73.80392495734176,40.70145816317767],[-73.8038769573368,40.701470163178044],[-73.80382995733225,40.701481163178386],[-73.80378395732771,40.70149216317873],[-73.80373795732358,40.70150216317903],[-73.80369395731945,40.701512163179345],[-73.80364995731532,40.701522163179646],[-73.8036079573116,40.70153116317992],[-73.80356695730786,40.70154016318021],[-73.80352595730415,40.70154916318049],[-73.80348695730083,40.70155716318074],[-73.80344795729754,40.70156516318098],[-73.80341095729423,40.70157316318122],[-73.80337395729133,40.70158016318145],[-73.801109,40.702147]]}}]}
